segment,pixels,row_range,col_range,east_m,north_m,stratum,stratum_counts,cover_depth,view_a_prob,view_b_prob,claim,verified
285,680,"[2700, 2862]","[2717, 2919]",526106.2,4231186.0,a_only,"{""silent"": 0, ""concordant"": 0, ""a_only"": 680, ""b_only"": 0}",0.4206,0.9526,0.0814,"A-only weak candidate (680 px): View A prob 0.953 vs View B 0.081, but shallow cover 0.421 does not explain missing scarp. Weaker buried-fault support; retained only because field step is strong. May be magnetic lithology edge, not fault. Not verified; low priority for Phase 2.",False
278,580,"[2630, 2731]","[3139, 3189]",559939.0,4239510.3,a_only,"{""silent"": 0, ""concordant"": 0, ""a_only"": 580, ""b_only"": 0}",0.2528,0.9526,0.0831,"A-only weak candidate (580 px): View A prob 0.953 vs View B 0.083, but shallow cover 0.253 does not explain missing scarp. Weaker buried-fault support; retained only because field step is strong. May be magnetic lithology edge, not fault. Not verified; low priority for Phase 2.",False
347,560,"[3301, 3362]","[2795, 2894]",527857.3,4175352.5,a_only,"{""silent"": 0, ""concordant"": 0, ""a_only"": 560, ""b_only"": 0}",0.5199,0.9526,0.0849,"A-only weak candidate (560 px): View A prob 0.953 vs View B 0.085, but shallow cover 0.520 does not explain missing scarp. Weaker buried-fault support; retained only because field step is strong. May be magnetic lithology edge, not fault. Not verified; low priority for Phase 2.",False
55,533,"[564, 758]","[1319, 1375]",377924.0,4440920.1,a_only,"{""silent"": 0, ""concordant"": 0, ""a_only"": 533, ""b_only"": 0}",0.4834,0.9526,0.0865,"A-only weak candidate (533 px): View A prob 0.953 vs View B 0.087, but shallow cover 0.483 does not explain missing scarp. Weaker buried-fault support; retained only because field step is strong. May be magnetic lithology edge, not fault. Not verified; low priority for Phase 2.",False
60,533,"[601, 658]","[503, 608]",298358.7,4445819.3,a_only,"{""silent"": 0, ""concordant"": 0, ""a_only"": 533, ""b_only"": 0}",0.514,0.9526,0.0802,"A-only weak candidate (533 px): View A prob 0.953 vs View B 0.080, but shallow cover 0.514 does not explain missing scarp. Weaker buried-fault support; retained only because field step is strong. May be magnetic lithology edge, not fault. Not verified; low priority for Phase 2.",False
283,478,"[2684, 2760]","[2334, 2400]",479957.1,4236078.9,a_only,"{""silent"": 0, ""concordant"": 0, ""a_only"": 478, ""b_only"": 0}",0.4546,0.9526,0.0859,"A-only weak candidate (478 px): View A prob 0.953 vs View B 0.086, but shallow cover 0.455 does not explain missing scarp. Weaker buried-fault support; retained only because field step is strong. May be magnetic lithology edge, not fault. Not verified; low priority for Phase 2.",False
275,475,"[2612, 2658]","[1877, 2082]",440797.7,4245714.9,a_only,"{""silent"": 0, ""concordant"": 0, ""a_only"": 475, ""b_only"": 0}",0.494,0.9526,0.0889,"A-only weak candidate (475 px): View A prob 0.953 vs View B 0.089, but shallow cover 0.494 does not explain missing scarp. Weaker buried-fault support; retained only because field step is strong. May be magnetic lithology edge, not fault. Not verified; low priority for Phase 2.",False
23,470,"[249, 324]","[2353, 2405]",481632.8,4480527.4,a_only,"{""silent"": 0, ""concordant"": 0, ""a_only"": 470, ""b_only"": 0}",0.413,0.9526,0.0786,"A-only weak candidate (470 px): View A prob 0.953 vs View B 0.079, but shallow cover 0.413 does not explain missing scarp. Weaker buried-fault support; retained only because field step is strong. May be magnetic lithology edge, not fault. Not verified; low priority for Phase 2.",False
326,460,"[3039, 3125]","[448, 491]",290224.1,4199975.7,a_only,"{""silent"": 0, ""concordant"": 0, ""a_only"": 460, ""b_only"": 0}",0.4376,0.9526,0.0832,"A-only weak candidate (460 px): View A prob 0.953 vs View B 0.083, but shallow cover 0.438 does not explain missing scarp. Weaker buried-fault support; retained only because field step is strong. May be magnetic lithology edge, not fault. Not verified; low priority for Phase 2.",False
317,442,"[2988, 3050]","[2642, 2713]",510986.0,4206628.3,a_only,"{""silent"": 0, ""concordant"": 0, ""a_only"": 442, ""b_only"": 0}",0.3385,0.9526,0.0754,"A-only weak candidate (442 px): View A prob 0.953 vs View B 0.075, but shallow cover 0.338 does not explain missing scarp. Weaker buried-fault support; retained only because field step is strong. May be magnetic lithology edge, not fault. Not verified; low priority for Phase 2.",False
42,412,"[402, 457]","[2020, 2081]",448460.4,4465420.4,a_only,"{""silent"": 0, ""concordant"": 0, ""a_only"": 412, ""b_only"": 0}",0.3522,0.9526,0.0856,"A-only weak candidate (412 px): View A prob 0.953 vs View B 0.086, but shallow cover 0.352 does not explain missing scarp. Weaker buried-fault support; retained only because field step is strong. May be magnetic lithology edge, not fault. Not verified; low priority for Phase 2.",False
202,412,"[1934, 1991]","[898, 946]",335640.5,4312153.9,a_only,"{""silent"": 0, ""concordant"": 0, ""a_only"": 412, ""b_only"": 0}",0.4805,0.9526,0.0849,"A-only weak candidate (412 px): View A prob 0.953 vs View B 0.085, but shallow cover 0.480 does not explain missing scarp. Weaker buried-fault support; retained only because field step is strong. May be magnetic lithology edge, not fault. Not verified; low priority for Phase 2.",False
33,402,"[347, 399]","[392, 447]",285355.2,4471407.5,a_only,"{""silent"": 0, ""concordant"": 0, ""a_only"": 402, ""b_only"": 0}",0.5757,0.9526,0.089,"A-only buried fault candidate (402 px, 300m neighborhood): View A prob 0.953 >= conf 0.953 while View B prob 0.089 <= abstain 0.119. Gravity/mag step present, no DEM scarp or radiometric TC step. Synthetic cover depth 0.576 suggests basin fill burial; fault may be range-front under alluvial fan, missing from USGS/INGENIOUS catalogue which relies on surface expression. Alternative: lithologic contact or processing seam; requires field check. Not verified; Phase 2 review needed.",False
360,394,"[3421, 3476]","[2137, 2195]",459808.6,4163493.9,a_only,"{""silent"": 0, ""concordant"": 0, ""a_only"": 394, ""b_only"": 0}",0.4089,0.9526,0.0892,"A-only weak candidate (394 px): View A prob 0.953 vs View B 0.089, but shallow cover 0.409 does not explain missing scarp. Weaker buried-fault support; retained only because field step is strong. May be magnetic lithology edge, not fault. Not verified; low priority for Phase 2.",False
188,391,"[1758, 1832]","[3131, 3175]",559030.2,4329426.9,a_only,"{""silent"": 0, ""concordant"": 0, ""a_only"": 391, ""b_only"": 0}",0.5024,0.9526,0.0881,"A-only weak candidate (391 px): View A prob 0.953 vs View B 0.088, but shallow cover 0.502 does not explain missing scarp. Weaker buried-fault support; retained only because field step is strong. May be magnetic lithology edge, not fault. Not verified; low priority for Phase 2.",False
323,365,"[3009, 3067]","[2895, 2941]",535229.0,4204501.1,a_only,"{""silent"": 0, ""concordant"": 0, ""a_only"": 365, ""b_only"": 0}",0.4682,0.9526,0.0896,"A-only weak candidate (365 px): View A prob 0.953 vs View B 0.090, but shallow cover 0.468 does not explain missing scarp. Weaker buried-fault support; retained only because field step is strong. May be magnetic lithology edge, not fault. Not verified; low priority for Phase 2.",False
79,363,"[806, 845]","[600, 664]",306804.7,4426036.9,a_only,"{""silent"": 0, ""concordant"": 0, ""a_only"": 363, ""b_only"": 0}",0.5812,0.9526,0.0919,"A-only buried fault candidate (363 px, 300m neighborhood): View A prob 0.953 >= conf 0.953 while View B prob 0.092 <= abstain 0.119. Gravity/mag step present, no DEM scarp or radiometric TC step. Synthetic cover depth 0.581 suggests basin fill burial; fault may be range-front under alluvial fan, missing from USGS/INGENIOUS catalogue which relies on surface expression. Alternative: lithologic contact or processing seam; requires field check. Not verified; Phase 2 review needed.",False
105,343,"[998, 1090]","[472, 557]",293805.0,4405226.2,a_only,"{""silent"": 0, ""concordant"": 0, ""a_only"": 343, ""b_only"": 0}",0.6054,0.9526,0.0814,"A-only buried fault candidate (343 px, 300m neighborhood): View A prob 0.953 >= conf 0.953 while View B prob 0.081 <= abstain 0.119. Gravity/mag step present, no DEM scarp or radiometric TC step. Synthetic cover depth 0.605 suggests basin fill burial; fault may be range-front under alluvial fan, missing from USGS/INGENIOUS catalogue which relies on surface expression. Alternative: lithologic contact or processing seam; requires field check. Not verified; Phase 2 review needed.",False
87,341,"[855, 900]","[756, 827]",322252.5,4420780.4,a_only,"{""silent"": 0, ""concordant"": 0, ""a_only"": 341, ""b_only"": 0}",0.6053,0.9526,0.0822,"A-only buried fault candidate (341 px, 300m neighborhood): View A prob 0.953 >= conf 0.953 while View B prob 0.082 <= abstain 0.119. Gravity/mag step present, no DEM scarp or radiometric TC step. Synthetic cover depth 0.605 suggests basin fill burial; fault may be range-front under alluvial fan, missing from USGS/INGENIOUS catalogue which relies on surface expression. Alternative: lithologic contact or processing seam; requires field check. Not verified; Phase 2 review needed.",False
253,331,"[2388, 2418]","[2381, 2467]",486076.7,4268216.6,a_only,"{""silent"": 0, ""concordant"": 0, ""a_only"": 331, ""b_only"": 0}",0.5524,0.9526,0.0887,"A-only buried fault candidate (331 px, 300m neighborhood): View A prob 0.953 >= conf 0.953 while View B prob 0.089 <= abstain 0.119. Gravity/mag step present, no DEM scarp or radiometric TC step. Synthetic cover depth 0.552 suggests basin fill burial; fault may be range-front under alluvial fan, missing from USGS/INGENIOUS catalogue which relies on surface expression. Alternative: lithologic contact or processing seam; requires field check. Not verified; Phase 2 review needed.",False
238,328,"[2243, 2293]","[1471, 1513]",392459.5,4281941.8,a_only,"{""silent"": 0, ""concordant"": 0, ""a_only"": 328, ""b_only"": 0}",0.4618,0.9526,0.0861,"A-only weak candidate (328 px): View A prob 0.953 vs View B 0.086, but shallow cover 0.462 does not explain missing scarp. Weaker buried-fault support; retained only because field step is strong. May be magnetic lithology edge, not fault. Not verified; low priority for Phase 2.",False
260,323,"[2437, 2481]","[2809, 2858]",526790.1,4262365.0,a_only,"{""silent"": 0, ""concordant"": 0, ""a_only"": 323, ""b_only"": 0}",0.5914,0.9526,0.0866,"A-only buried fault candidate (323 px, 300m neighborhood): View A prob 0.953 >= conf 0.953 while View B prob 0.087 <= abstain 0.119. Gravity/mag step present, no DEM scarp or radiometric TC step. Synthetic cover depth 0.591 suggests basin fill burial; fault may be range-front under alluvial fan, missing from USGS/INGENIOUS catalogue which relies on surface expression. Alternative: lithologic contact or processing seam; requires field check. Not verified; Phase 2 review needed.",False
176,322,"[1661, 1700]","[365, 419]",282455.0,4340225.5,a_only,"{""silent"": 0, ""concordant"": 0, ""a_only"": 322, ""b_only"": 0}",0.5478,0.9526,0.0743,"A-only weak candidate (322 px): View A prob 0.953 vs View B 0.074, but shallow cover 0.548 does not explain missing scarp. Weaker buried-fault support; retained only because field step is strong. May be magnetic lithology edge, not fault. Not verified; low priority for Phase 2.",False
265,296,"[2497, 2546]","[2348, 2396]",479931.4,4255956.4,a_only,"{""silent"": 0, ""concordant"": 0, ""a_only"": 296, ""b_only"": 0}",0.5098,0.9526,0.08,"A-only weak candidate (296 px): View A prob 0.953 vs View B 0.080, but shallow cover 0.510 does not explain missing scarp. Weaker buried-fault support; retained only because field step is strong. May be magnetic lithology edge, not fault. Not verified; low priority for Phase 2.",False
349,288,"[3311, 3373]","[2572, 2616]",502935.1,4174218.1,a_only,"{""silent"": 0, ""concordant"": 0, ""a_only"": 288, ""b_only"": 0}",0.6981,0.9526,0.0833,"A-only buried fault candidate (288 px, 300m neighborhood): View A prob 0.953 >= conf 0.953 while View B prob 0.083 <= abstain 0.119. Gravity/mag step present, no DEM scarp or radiometric TC step. Synthetic cover depth 0.698 suggests basin fill burial; fault may be range-front under alluvial fan, missing from USGS/INGENIOUS catalogue which relies on surface expression. Alternative: lithologic contact or processing seam; requires field check. Not verified; Phase 2 review needed.",False
125,278,"[1159, 1232]","[385, 535]",288960.4,4388888.5,a_only,"{""silent"": 0, ""concordant"": 0, ""a_only"": 278, ""b_only"": 0}",0.5739,0.9526,0.091,"A-only buried fault candidate (278 px, 300m neighborhood): View A prob 0.953 >= conf 0.953 while View B prob 0.091 <= abstain 0.119. Gravity/mag step present, no DEM scarp or radiometric TC step. Synthetic cover depth 0.574 suggests basin fill burial; fault may be range-front under alluvial fan, missing from USGS/INGENIOUS catalogue which relies on surface expression. Alternative: lithologic contact or processing seam; requires field check. Not verified; Phase 2 review needed.",False
142,274,"[1382, 1429]","[157, 211]",261860.2,4368198.2,a_only,"{""silent"": 0, ""concordant"": 0, ""a_only"": 274, ""b_only"": 0}",0.5053,0.9526,0.0919,"A-only weak candidate (274 px): View A prob 0.953 vs View B 0.092, but shallow cover 0.505 does not explain missing scarp. Weaker buried-fault support; retained only because field step is strong. May be magnetic lithology edge, not fault. Not verified; low priority for Phase 2.",False
352,268,"[3362, 3417]","[663, 700]",311516.4,4169586.6,a_only,"{""silent"": 0, ""concordant"": 0, ""a_only"": 268, ""b_only"": 0}",0.6587,0.9526,0.0818,"A-only buried fault candidate (268 px, 300m neighborhood): View A prob 0.953 >= conf 0.953 while View B prob 0.082 <= abstain 0.119. Gravity/mag step present, no DEM scarp or radiometric TC step. Synthetic cover depth 0.659 suggests basin fill burial; fault may be range-front under alluvial fan, missing from USGS/INGENIOUS catalogue which relies on surface expression. Alternative: lithologic contact or processing seam; requires field check. Not verified; Phase 2 review needed.",False
344,267,"[3288, 3338]","[421, 461]",287631.5,4177676.0,a_only,"{""silent"": 0, ""concordant"": 0, ""a_only"": 267, ""b_only"": 0}",0.6462,0.9526,0.088,"A-only buried fault candidate (267 px, 300m neighborhood): View A prob 0.953 >= conf 0.953 while View B prob 0.088 <= abstain 0.119. Gravity/mag step present, no DEM scarp or radiometric TC step. Synthetic cover depth 0.646 suggests basin fill burial; fault may be range-front under alluvial fan, missing from USGS/INGENIOUS catalogue which relies on surface expression. Alternative: lithologic contact or processing seam; requires field check. Not verified; Phase 2 review needed.",False
247,265,"[2298, 2350]","[2640, 2680]",509468.7,4276134.0,a_only,"{""silent"": 0, ""concordant"": 0, ""a_only"": 265, ""b_only"": 0}",0.6819,0.9526,0.0833,"A-only buried fault candidate (265 px, 300m neighborhood): View A prob 0.953 >= conf 0.953 while View B prob 0.083 <= abstain 0.119. Gravity/mag step present, no DEM scarp or radiometric TC step. Synthetic cover depth 0.682 suggests basin fill burial; fault may be range-front under alluvial fan, missing from USGS/INGENIOUS catalogue which relies on surface expression. Alternative: lithologic contact or processing seam; requires field check. Not verified; Phase 2 review needed.",False
170,264,"[1633, 1678]","[3067, 3103]",551873.5,4343125.8,a_only,"{""silent"": 0, ""concordant"": 0, ""a_only"": 264, ""b_only"": 0}",0.4873,0.9526,0.0735,"A-only weak candidate (264 px): View A prob 0.953 vs View B 0.073, but shallow cover 0.487 does not explain missing scarp. Weaker buried-fault support; retained only because field step is strong. May be magnetic lithology edge, not fault. Not verified; low priority for Phase 2.",False
210,262,"[2069, 2103]","[1150, 1210]",361891.2,4299711.1,a_only,"{""silent"": 0, ""concordant"": 0, ""a_only"": 262, ""b_only"": 0}",0.4479,0.9526,0.09,"A-only weak candidate (262 px): View A prob 0.953 vs View B 0.090, but shallow cover 0.448 does not explain missing scarp. Weaker buried-fault support; retained only because field step is strong. May be magnetic lithology edge, not fault. Not verified; low priority for Phase 2.",False
267,249,"[2533, 2581]","[2485, 2524]",493563.5,4252899.2,a_only,"{""silent"": 0, ""concordant"": 0, ""a_only"": 249, ""b_only"": 0}",0.3924,0.9526,0.0857,"A-only weak candidate (249 px): View A prob 0.953 vs View B 0.086, but shallow cover 0.392 does not explain missing scarp. Weaker buried-fault support; retained only because field step is strong. May be magnetic lithology edge, not fault. Not verified; low priority for Phase 2.",False
340,248,"[3248, 3308]","[117, 150]",256547.6,4180294.0,a_only,"{""silent"": 0, ""concordant"": 0, ""a_only"": 248, ""b_only"": 0}",0.383,0.9526,0.0896,"A-only weak candidate (248 px): View A prob 0.953 vs View B 0.090, but shallow cover 0.383 does not explain missing scarp. Weaker buried-fault support; retained only because field step is strong. May be magnetic lithology edge, not fault. Not verified; low priority for Phase 2.",False
29,246,"[320, 364]","[2751, 2783]",520152.0,4474058.1,a_only,"{""silent"": 0, ""concordant"": 0, ""a_only"": 246, ""b_only"": 0}",0.4267,0.9526,0.0851,"A-only weak candidate (246 px): View A prob 0.953 vs View B 0.085, but shallow cover 0.427 does not explain missing scarp. Weaker buried-fault support; retained only because field step is strong. May be magnetic lithology edge, not fault. Not verified; low priority for Phase 2.",False
93,243,"[884, 926]","[1570, 1610]",402553.5,4418218.1,a_only,"{""silent"": 0, ""concordant"": 0, ""a_only"": 243, ""b_only"": 0}",0.3753,0.9526,0.0826,"A-only weak candidate (243 px): View A prob 0.953 vs View B 0.083, but shallow cover 0.375 does not explain missing scarp. Weaker buried-fault support; retained only because field step is strong. May be magnetic lithology edge, not fault. Not verified; low priority for Phase 2.",False
84,233,"[827, 861]","[1437, 1486]",389794.8,4424253.6,a_only,"{""silent"": 0, ""concordant"": 0, ""a_only"": 233, ""b_only"": 0}",0.5873,0.9526,0.0866,"A-only buried fault candidate (233 px, 300m neighborhood): View A prob 0.953 >= conf 0.953 while View B prob 0.087 <= abstain 0.119. Gravity/mag step present, no DEM scarp or radiometric TC step. Synthetic cover depth 0.587 suggests basin fill burial; fault may be range-front under alluvial fan, missing from USGS/INGENIOUS catalogue which relies on surface expression. Alternative: lithologic contact or processing seam; requires field check. Not verified; Phase 2 review needed.",False
96,232,"[924, 993]","[410, 458]",286384.1,4412393.1,a_only,"{""silent"": 0, ""concordant"": 0, ""a_only"": 232, ""b_only"": 0}",0.3441,0.9526,0.0804,"A-only weak candidate (232 px): View A prob 0.953 vs View B 0.080, but shallow cover 0.344 does not explain missing scarp. Weaker buried-fault support; retained only because field step is strong. May be magnetic lithology edge, not fault. Not verified; low priority for Phase 2.",False
110,232,"[1056, 1100]","[1821, 1858]",427287.9,4400675.4,a_only,"{""silent"": 0, ""concordant"": 0, ""a_only"": 232, ""b_only"": 0}",0.594,0.9526,0.0851,"A-only buried fault candidate (232 px, 300m neighborhood): View A prob 0.953 >= conf 0.953 while View B prob 0.085 <= abstain 0.119. Gravity/mag step present, no DEM scarp or radiometric TC step. Synthetic cover depth 0.594 suggests basin fill burial; fault may be range-front under alluvial fan, missing from USGS/INGENIOUS catalogue which relies on surface expression. Alternative: lithologic contact or processing seam; requires field check. Not verified; Phase 2 review needed.",False
291,232,"[2744, 2773]","[2912, 2960]",536861.6,4232611.6,a_only,"{""silent"": 1, ""concordant"": 0, ""a_only"": 231, ""b_only"": 0}",0.6902,0.9526,0.086,"A-only buried fault candidate (232 px, 300m neighborhood): View A prob 0.953 >= conf 0.953 while View B prob 0.086 <= abstain 0.119. Gravity/mag step present, no DEM scarp or radiometric TC step. Synthetic cover depth 0.690 suggests basin fill burial; fault may be range-front under alluvial fan, missing from USGS/INGENIOUS catalogue which relies on surface expression. Alternative: lithologic contact or processing seam; requires field check. Not verified; Phase 2 review needed.",False
111,231,"[1087, 1124]","[3023, 3059]",547403.9,4397989.2,a_only,"{""silent"": 0, ""concordant"": 0, ""a_only"": 231, ""b_only"": 0}",0.6279,0.9526,0.0858,"A-only buried fault candidate (231 px, 300m neighborhood): View A prob 0.953 >= conf 0.953 while View B prob 0.086 <= abstain 0.119. Gravity/mag step present, no DEM scarp or radiometric TC step. Synthetic cover depth 0.628 suggests basin fill burial; fault may be range-front under alluvial fan, missing from USGS/INGENIOUS catalogue which relies on surface expression. Alternative: lithologic contact or processing seam; requires field check. Not verified; Phase 2 review needed.",False
38,228,"[385, 434]","[1460, 1498]",391514.5,4467482.0,a_only,"{""silent"": 0, ""concordant"": 0, ""a_only"": 228, ""b_only"": 0}",0.5286,0.9526,0.0927,"A-only weak candidate (228 px): View A prob 0.953 vs View B 0.093, but shallow cover 0.529 does not explain missing scarp. Weaker buried-fault support; retained only because field step is strong. May be magnetic lithology edge, not fault. Not verified; low priority for Phase 2.",False
224,228,"[2145, 2194]","[2773, 2819]",522950.9,4291482.5,a_only,"{""silent"": 0, ""concordant"": 0, ""a_only"": 228, ""b_only"": 0}",0.4189,0.9526,0.0872,"A-only weak candidate (228 px): View A prob 0.953 vs View B 0.087, but shallow cover 0.419 does not explain missing scarp. Weaker buried-fault support; retained only because field step is strong. May be magnetic lithology edge, not fault. Not verified; low priority for Phase 2.",False
239,228,"[2255, 2289]","[1827, 1869]",428243.9,4281255.3,a_only,"{""silent"": 0, ""concordant"": 0, ""a_only"": 228, ""b_only"": 0}",0.6012,0.9526,0.0768,"A-only buried fault candidate (228 px, 300m neighborhood): View A prob 0.953 >= conf 0.953 while View B prob 0.077 <= abstain 0.119. Gravity/mag step present, no DEM scarp or radiometric TC step. Synthetic cover depth 0.601 suggests basin fill burial; fault may be range-front under alluvial fan, missing from USGS/INGENIOUS catalogue which relies on surface expression. Alternative: lithologic contact or processing seam; requires field check. Not verified; Phase 2 review needed.",False
198,224,"[1882, 1914]","[2899, 2935]",535154.9,4318621.4,a_only,"{""silent"": 0, ""concordant"": 0, ""a_only"": 224, ""b_only"": 0}",0.5052,0.9526,0.068,"A-only weak candidate (224 px): View A prob 0.953 vs View B 0.068, but shallow cover 0.505 does not explain missing scarp. Weaker buried-fault support; retained only because field step is strong. May be magnetic lithology edge, not fault. Not verified; low priority for Phase 2.",False
113,222,"[1097, 1216]","[557, 645]",303420.7,4392823.0,a_only,"{""silent"": 0, ""concordant"": 0, ""a_only"": 222, ""b_only"": 0}",0.6318,0.9526,0.0921,"A-only buried fault candidate (222 px, 300m neighborhood): View A prob 0.953 >= conf 0.953 while View B prob 0.092 <= abstain 0.119. Gravity/mag step present, no DEM scarp or radiometric TC step. Synthetic cover depth 0.632 suggests basin fill burial; fault may be range-front under alluvial fan, missing from USGS/INGENIOUS catalogue which relies on surface expression. Alternative: lithologic contact or processing seam; requires field check. Not verified; Phase 2 review needed.",False
103,219,"[985, 1021]","[707, 741]",315867.6,4408213.7,a_only,"{""silent"": 0, ""concordant"": 0, ""a_only"": 219, ""b_only"": 0}",0.4774,0.9526,0.0772,"A-only weak candidate (219 px): View A prob 0.953 vs View B 0.077, but shallow cover 0.477 does not explain missing scarp. Weaker buried-fault support; retained only because field step is strong. May be magnetic lithology edge, not fault. Not verified; low priority for Phase 2.",False
127,219,"[1175, 1203]","[3079, 3141]",554584.5,4389611.0,a_only,"{""silent"": 0, ""concordant"": 0, ""a_only"": 219, ""b_only"": 0}",0.4517,0.9526,0.0787,"A-only weak candidate (219 px): View A prob 0.953 vs View B 0.079, but shallow cover 0.452 does not explain missing scarp. Weaker buried-fault support; retained only because field step is strong. May be magnetic lithology edge, not fault. Not verified; low priority for Phase 2.",False
310,219,"[2939, 2988]","[1116, 1142]",356229.7,4212208.7,a_only,"{""silent"": 0, ""concordant"": 0, ""a_only"": 219, ""b_only"": 0}",0.4111,0.9526,0.0794,"A-only weak candidate (219 px): View A prob 0.953 vs View B 0.079, but shallow cover 0.411 does not explain missing scarp. Weaker buried-fault support; retained only because field step is strong. May be magnetic lithology edge, not fault. Not verified; low priority for Phase 2.",False
301,215,"[2871, 2914]","[1478, 1517]",393141.4,4219406.0,a_only,"{""silent"": 0, ""concordant"": 0, ""a_only"": 215, ""b_only"": 0}",0.5391,0.9526,0.0905,"A-only weak candidate (215 px): View A prob 0.953 vs View B 0.090, but shallow cover 0.539 does not explain missing scarp. Weaker buried-fault support; retained only because field step is strong. May be magnetic lithology edge, not fault. Not verified; low priority for Phase 2.",False
51,213,"[530, 571]","[1388, 1428]",384334.7,4453475.6,a_only,"{""silent"": 0, ""concordant"": 0, ""a_only"": 213, ""b_only"": 0}",0.4635,0.9526,0.0807,"A-only weak candidate (213 px): View A prob 0.953 vs View B 0.081, but shallow cover 0.464 does not explain missing scarp. Weaker buried-fault support; retained only because field step is strong. May be magnetic lithology edge, not fault. Not verified; low priority for Phase 2.",False
195,212,"[1862, 1913]","[1552, 1598]",401160.4,4319404.2,a_only,"{""silent"": 0, ""concordant"": 0, ""a_only"": 212, ""b_only"": 0}",0.6165,0.9526,0.0879,"A-only buried fault candidate (212 px, 300m neighborhood): View A prob 0.953 >= conf 0.953 while View B prob 0.088 <= abstain 0.119. Gravity/mag step present, no DEM scarp or radiometric TC step. Synthetic cover depth 0.616 suggests basin fill burial; fault may be range-front under alluvial fan, missing from USGS/INGENIOUS catalogue which relies on surface expression. Alternative: lithologic contact or processing seam; requires field check. Not verified; Phase 2 review needed.",False
246,210,"[2298, 2336]","[2534, 2589]",499060.5,4276703.3,a_only,"{""silent"": 0, ""concordant"": 0, ""a_only"": 210, ""b_only"": 0}",0.4557,0.9526,0.0879,"A-only weak candidate (210 px): View A prob 0.953 vs View B 0.088, but shallow cover 0.456 does not explain missing scarp. Weaker buried-fault support; retained only because field step is strong. May be magnetic lithology edge, not fault. Not verified; low priority for Phase 2.",False
309,205,"[2934, 2967]","[3137, 3170]",558800.5,4213453.2,a_only,"{""silent"": 0, ""concordant"": 0, ""a_only"": 205, ""b_only"": 0}",0.6544,0.9526,0.086,"A-only buried fault candidate (205 px, 300m neighborhood): View A prob 0.953 >= conf 0.953 while View B prob 0.086 <= abstain 0.119. Gravity/mag step present, no DEM scarp or radiometric TC step. Synthetic cover depth 0.654 suggests basin fill burial; fault may be range-front under alluvial fan, missing from USGS/INGENIOUS catalogue which relies on surface expression. Alternative: lithologic contact or processing seam; requires field check. Not verified; Phase 2 review needed.",False
86,204,"[839, 887]","[1851, 1897]",431104.9,4422447.5,a_only,"{""silent"": 0, ""concordant"": 0, ""a_only"": 204, ""b_only"": 0}",0.5838,0.9526,0.0954,"A-only buried fault candidate (204 px, 300m neighborhood): View A prob 0.953 >= conf 0.953 while View B prob 0.095 <= abstain 0.119. Gravity/mag step present, no DEM scarp or radiometric TC step. Synthetic cover depth 0.584 suggests basin fill burial; fault may be range-front under alluvial fan, missing from USGS/INGENIOUS catalogue which relies on surface expression. Alternative: lithologic contact or processing seam; requires field check. Not verified; Phase 2 review needed.",False
109,202,"[1052, 1182]","[888, 928]",334086.1,4397268.8,a_only,"{""silent"": 0, ""concordant"": 0, ""a_only"": 202, ""b_only"": 0}",0.4071,0.9526,0.0853,"A-only weak candidate (202 px): View A prob 0.953 vs View B 0.085, but shallow cover 0.407 does not explain missing scarp. Weaker buried-fault support; retained only because field step is strong. May be magnetic lithology edge, not fault. Not verified; low priority for Phase 2.",False
328,202,"[3049, 3082]","[2764, 2801]",521428.7,4202065.8,a_only,"{""silent"": 0, ""concordant"": 0, ""a_only"": 202, ""b_only"": 0}",0.4369,0.9526,0.0873,"A-only weak candidate (202 px): View A prob 0.953 vs View B 0.087, but shallow cover 0.437 does not explain missing scarp. Weaker buried-fault support; retained only because field step is strong. May be magnetic lithology edge, not fault. Not verified; low priority for Phase 2.",False
88,200,"[861, 893]","[347, 383]",279968.5,4420728.0,a_only,"{""silent"": 0, ""concordant"": 0, ""a_only"": 200, ""b_only"": 0}",0.5397,0.9526,0.0854,"A-only weak candidate (200 px): View A prob 0.953 vs View B 0.085, but shallow cover 0.540 does not explain missing scarp. Weaker buried-fault support; retained only because field step is strong. May be magnetic lithology edge, not fault. Not verified; low priority for Phase 2.",False
136,200,"[1249, 1287]","[2896, 2926]",534433.0,4381691.0,a_only,"{""silent"": 0, ""concordant"": 0, ""a_only"": 200, ""b_only"": 0}",0.7381,0.9526,0.0839,"A-only buried fault candidate (200 px, 300m neighborhood): View A prob 0.953 >= conf 0.953 while View B prob 0.084 <= abstain 0.119. Gravity/mag step present, no DEM scarp or radiometric TC step. Synthetic cover depth 0.738 suggests basin fill burial; fault may be range-front under alluvial fan, missing from USGS/INGENIOUS catalogue which relies on surface expression. Alternative: lithologic contact or processing seam; requires field check. Not verified; Phase 2 review needed.",False
91,195,"[868, 912]","[689, 725]",314173.3,4419423.6,a_only,"{""silent"": 0, ""concordant"": 0, ""a_only"": 195, ""b_only"": 0}",0.5197,0.9526,0.0809,"A-only weak candidate (195 px): View A prob 0.953 vs View B 0.081, but shallow cover 0.520 does not explain missing scarp. Weaker buried-fault support; retained only because field step is strong. May be magnetic lithology edge, not fault. Not verified; low priority for Phase 2.",False
380,194,"[3643, 3679]","[2376, 2408]",482667.5,4142385.1,a_only,"{""silent"": 0, ""concordant"": 0, ""a_only"": 194, ""b_only"": 0}",0.4555,0.9526,0.0887,"A-only weak candidate (194 px): View A prob 0.953 vs View B 0.089, but shallow cover 0.455 does not explain missing scarp. Weaker buried-fault support; retained only because field step is strong. May be magnetic lithology edge, not fault. Not verified; low priority for Phase 2.",False
120,192,"[1146, 1178]","[3159, 3199]",561392.7,4392083.9,a_only,"{""silent"": 0, ""concordant"": 0, ""a_only"": 192, ""b_only"": 0}",0.537,0.9526,0.0897,"A-only weak candidate (192 px): View A prob 0.953 vs View B 0.090, but shallow cover 0.537 does not explain missing scarp. Weaker buried-fault support; retained only because field step is strong. May be magnetic lithology edge, not fault. Not verified; low priority for Phase 2.",False
159,188,"[1523, 1570]","[3119, 3157]",556974.5,4353863.8,a_only,"{""silent"": 0, ""concordant"": 0, ""a_only"": 188, ""b_only"": 0}",0.5045,0.9526,0.0865,"A-only weak candidate (188 px): View A prob 0.953 vs View B 0.086, but shallow cover 0.504 does not explain missing scarp. Weaker buried-fault support; retained only because field step is strong. May be magnetic lithology edge, not fault. Not verified; low priority for Phase 2.",False
205,187,"[1992, 2032]","[775, 802]",322202.1,4307266.8,a_only,"{""silent"": 0, ""concordant"": 0, ""a_only"": 187, ""b_only"": 0}",0.4477,0.9526,0.0823,"A-only weak candidate (187 px): View A prob 0.953 vs View B 0.082, but shallow cover 0.448 does not explain missing scarp. Weaker buried-fault support; retained only because field step is strong. May be magnetic lithology edge, not fault. Not verified; low priority for Phase 2.",False
10,185,"[137, 176]","[519, 550]",296713.5,4492664.9,a_only,"{""silent"": 0, ""concordant"": 0, ""a_only"": 185, ""b_only"": 0}",0.5275,0.9526,0.0837,"A-only weak candidate (185 px): View A prob 0.953 vs View B 0.084, but shallow cover 0.527 does not explain missing scarp. Weaker buried-fault support; retained only because field step is strong. May be magnetic lithology edge, not fault. Not verified; low priority for Phase 2.",False
40,182,"[388, 418]","[160, 200]",261384.1,4468253.3,a_only,"{""silent"": 0, ""concordant"": 0, ""a_only"": 182, ""b_only"": 0}",0.4311,0.9526,0.0863,"A-only weak candidate (182 px): View A prob 0.953 vs View B 0.086, but shallow cover 0.431 does not explain missing scarp. Weaker buried-fault support; retained only because field step is strong. May be magnetic lithology edge, not fault. Not verified; low priority for Phase 2.",False
74,182,"[737, 771]","[2782, 2820]",523728.0,4433111.5,a_only,"{""silent"": 0, ""concordant"": 0, ""a_only"": 182, ""b_only"": 0}",0.6245,0.9526,0.0878,"A-only buried fault candidate (182 px, 300m neighborhood): View A prob 0.953 >= conf 0.953 while View B prob 0.088 <= abstain 0.119. Gravity/mag step present, no DEM scarp or radiometric TC step. Synthetic cover depth 0.625 suggests basin fill burial; fault may be range-front under alluvial fan, missing from USGS/INGENIOUS catalogue which relies on surface expression. Alternative: lithologic contact or processing seam; requires field check. Not verified; Phase 2 review needed.",False
307,182,"[2933, 2988]","[50, 88]",250178.0,4212621.4,a_only,"{""silent"": 0, ""concordant"": 0, ""a_only"": 182, ""b_only"": 0}",0.474,0.9526,0.0982,"A-only weak candidate (182 px): View A prob 0.953 vs View B 0.098, but shallow cover 0.474 does not explain missing scarp. Weaker buried-fault support; retained only because field step is strong. May be magnetic lithology edge, not fault. Not verified; low priority for Phase 2.",False
341,181,"[3256, 3300]","[2167, 2194]",461447.0,4180357.5,a_only,"{""silent"": 0, ""concordant"": 0, ""a_only"": 181, ""b_only"": 0}",0.4465,0.9526,0.0834,"A-only weak candidate (181 px): View A prob 0.953 vs View B 0.083, but shallow cover 0.447 does not explain missing scarp. Weaker buried-fault support; retained only because field step is strong. May be magnetic lithology edge, not fault. Not verified; low priority for Phase 2.",False
367,178,"[3493, 3528]","[461, 492]",291123.6,4157514.6,a_only,"{""silent"": 0, ""concordant"": 0, ""a_only"": 178, ""b_only"": 0}",0.7037,0.9526,0.0739,"A-only buried fault candidate (178 px, 300m neighborhood): View A prob 0.953 >= conf 0.953 while View B prob 0.074 <= abstain 0.119. Gravity/mag step present, no DEM scarp or radiometric TC step. Synthetic cover depth 0.704 suggests basin fill burial; fault may be range-front under alluvial fan, missing from USGS/INGENIOUS catalogue which relies on surface expression. Alternative: lithologic contact or processing seam; requires field check. Not verified; Phase 2 review needed.",False
186,176,"[1746, 1786]","[754, 792]",320431.8,4332146.0,a_only,"{""silent"": 0, ""concordant"": 0, ""a_only"": 176, ""b_only"": 0}",0.5731,0.9526,0.0886,"A-only buried fault candidate (176 px, 300m neighborhood): View A prob 0.953 >= conf 0.953 while View B prob 0.089 <= abstain 0.119. Gravity/mag step present, no DEM scarp or radiometric TC step. Synthetic cover depth 0.573 suggests basin fill burial; fault may be range-front under alluvial fan, missing from USGS/INGENIOUS catalogue which relies on surface expression. Alternative: lithologic contact or processing seam; requires field check. Not verified; Phase 2 review needed.",False
268,174,"[2544, 2576]","[1557, 1596]",401405.7,4252418.4,a_only,"{""silent"": 0, ""concordant"": 0, ""a_only"": 174, ""b_only"": 0}",0.4955,0.9526,0.091,"A-only weak candidate (174 px): View A prob 0.953 vs View B 0.091, but shallow cover 0.495 does not explain missing scarp. Weaker buried-fault support; retained only because field step is strong. May be magnetic lithology edge, not fault. Not verified; low priority for Phase 2.",False
39,173,"[386, 419]","[470, 498]",291775.7,4468250.3,a_only,"{""silent"": 0, ""concordant"": 0, ""a_only"": 173, ""b_only"": 0}",0.7542,0.9526,0.0811,"A-only buried fault candidate (173 px, 300m neighborhood): View A prob 0.953 >= conf 0.953 while View B prob 0.081 <= abstain 0.119. Gravity/mag step present, no DEM scarp or radiometric TC step. Synthetic cover depth 0.754 suggests basin fill burial; fault may be range-front under alluvial fan, missing from USGS/INGENIOUS catalogue which relies on surface expression. Alternative: lithologic contact or processing seam; requires field check. Not verified; Phase 2 review needed.",False
377,172,"[3598, 3640]","[1999, 2060]",445948.3,4146501.7,a_only,"{""silent"": 0, ""concordant"": 0, ""a_only"": 172, ""b_only"": 0}",0.2522,0.9526,0.0899,"A-only weak candidate (172 px): View A prob 0.953 vs View B 0.090, but shallow cover 0.252 does not explain missing scarp. Weaker buried-fault support; retained only because field step is strong. May be magnetic lithology edge, not fault. Not verified; low priority for Phase 2.",False
327,171,"[3047, 3081]","[2334, 2375]",478924.6,4202322.2,a_only,"{""silent"": 0, ""concordant"": 0, ""a_only"": 171, ""b_only"": 0}",0.4286,0.9526,0.0983,"A-only weak candidate (171 px): View A prob 0.953 vs View B 0.098, but shallow cover 0.429 does not explain missing scarp. Weaker buried-fault support; retained only because field step is strong. May be magnetic lithology edge, not fault. Not verified; low priority for Phase 2.",False
318,170,"[2997, 3031]","[1970, 1999]",441782.9,4207116.5,a_only,"{""silent"": 0, ""concordant"": 0, ""a_only"": 170, ""b_only"": 0}",0.5105,0.9526,0.0864,"A-only weak candidate (170 px): View A prob 0.953 vs View B 0.086, but shallow cover 0.510 does not explain missing scarp. Weaker buried-fault support; retained only because field step is strong. May be magnetic lithology edge, not fault. Not verified; low priority for Phase 2.",False
72,169,"[704, 762]","[2531, 2631]",501846.2,4434916.0,a_only,"{""silent"": 0, ""concordant"": 0, ""a_only"": 169, ""b_only"": 0}",0.3087,0.9526,0.0935,"A-only weak candidate (169 px): View A prob 0.953 vs View B 0.094, but shallow cover 0.309 does not explain missing scarp. Weaker buried-fault support; retained only because field step is strong. May be magnetic lithology edge, not fault. Not verified; low priority for Phase 2.",False
121,167,"[1147, 1186]","[1574, 1596]",401902.4,4391592.8,a_only,"{""silent"": 0, ""concordant"": 0, ""a_only"": 167, ""b_only"": 0}",0.5288,0.9526,0.0781,"A-only weak candidate (167 px): View A prob 0.953 vs View B 0.078, but shallow cover 0.529 does not explain missing scarp. Weaker buried-fault support; retained only because field step is strong. May be magnetic lithology edge, not fault. Not verified; low priority for Phase 2.",False
331,167,"[3088, 3120]","[911, 952]",336334.1,4198216.8,a_only,"{""silent"": 0, ""concordant"": 0, ""a_only"": 167, ""b_only"": 0}",0.496,0.9526,0.0937,"A-only weak candidate (167 px): View A prob 0.953 vs View B 0.094, but shallow cover 0.496 does not explain missing scarp. Weaker buried-fault support; retained only because field step is strong. May be magnetic lithology edge, not fault. Not verified; low priority for Phase 2.",False
290,166,"[2740, 2775]","[989, 1043]",344624.7,4232430.7,a_only,"{""silent"": 0, ""concordant"": 0, ""a_only"": 166, ""b_only"": 0}",0.2893,0.9526,0.101,"A-only weak candidate (166 px): View A prob 0.953 vs View B 0.101, but shallow cover 0.289 does not explain missing scarp. Weaker buried-fault support; retained only because field step is strong. May be magnetic lithology edge, not fault. Not verified; low priority for Phase 2.",False
361,166,"[3425, 3456]","[1983, 2016]",443356.0,4164272.9,a_only,"{""silent"": 0, ""concordant"": 0, ""a_only"": 166, ""b_only"": 0}",0.6663,0.9526,0.0859,"A-only buried fault candidate (166 px, 300m neighborhood): View A prob 0.953 >= conf 0.953 while View B prob 0.086 <= abstain 0.119. Gravity/mag step present, no DEM scarp or radiometric TC step. Synthetic cover depth 0.666 suggests basin fill burial; fault may be range-front under alluvial fan, missing from USGS/INGENIOUS catalogue which relies on surface expression. Alternative: lithologic contact or processing seam; requires field check. Not verified; Phase 2 review needed.",False
189,164,"[1765, 1795]","[123, 168]",258432.3,4330615.2,a_only,"{""silent"": 0, ""concordant"": 0, ""a_only"": 164, ""b_only"": 0}",0.4972,0.9526,0.0994,"A-only weak candidate (164 px): View A prob 0.953 vs View B 0.099, but shallow cover 0.497 does not explain missing scarp. Weaker buried-fault support; retained only because field step is strong. May be magnetic lithology edge, not fault. Not verified; low priority for Phase 2.",False
297,160,"[2824, 2855]","[2592, 2626]",504437.5,4224524.4,a_only,"{""silent"": 0, ""concordant"": 0, ""a_only"": 160, ""b_only"": 0}",0.5724,0.9526,0.0785,"A-only buried fault candidate (160 px, 300m neighborhood): View A prob 0.953 >= conf 0.953 while View B prob 0.078 <= abstain 0.119. Gravity/mag step present, no DEM scarp or radiometric TC step. Synthetic cover depth 0.572 suggests basin fill burial; fault may be range-front under alluvial fan, missing from USGS/INGENIOUS catalogue which relies on surface expression. Alternative: lithologic contact or processing seam; requires field check. Not verified; Phase 2 review needed.",False
129,159,"[1190, 1286]","[926, 954]",337341.5,4384478.6,a_only,"{""silent"": 0, ""concordant"": 0, ""a_only"": 159, ""b_only"": 0}",0.4921,0.9526,0.0858,"A-only weak candidate (159 px): View A prob 0.953 vs View B 0.086, but shallow cover 0.492 does not explain missing scarp. Weaker buried-fault support; retained only because field step is strong. May be magnetic lithology edge, not fault. Not verified; low priority for Phase 2.",False
148,159,"[1420, 1445]","[1678, 1726]",413538.4,4365250.3,a_only,"{""silent"": 0, ""concordant"": 0, ""a_only"": 159, ""b_only"": 0}",0.3517,0.9526,0.0971,"A-only weak candidate (159 px): View A prob 0.953 vs View B 0.097, but shallow cover 0.352 does not explain missing scarp. Weaker buried-fault support; retained only because field step is strong. May be magnetic lithology edge, not fault. Not verified; low priority for Phase 2.",False
37,156,"[368, 403]","[1142, 1169]",358975.0,4470078.8,a_only,"{""silent"": 0, ""concordant"": 0, ""a_only"": 156, ""b_only"": 0}",0.5513,0.9526,0.0889,"A-only buried fault candidate (156 px, 300m neighborhood): View A prob 0.953 >= conf 0.953 while View B prob 0.089 <= abstain 0.119. Gravity/mag step present, no DEM scarp or radiometric TC step. Synthetic cover depth 0.551 suggests basin fill burial; fault may be range-front under alluvial fan, missing from USGS/INGENIOUS catalogue which relies on surface expression. Alternative: lithologic contact or processing seam; requires field check. Not verified; Phase 2 review needed.",False
30,148,"[323, 351]","[1582, 1633]",404285.8,4474831.1,a_only,"{""silent"": 0, ""concordant"": 0, ""a_only"": 148, ""b_only"": 0}",0.5037,0.9526,0.0936,"A-only weak candidate (148 px): View A prob 0.953 vs View B 0.094, but shallow cover 0.504 does not explain missing scarp. Weaker buried-fault support; retained only because field step is strong. May be magnetic lithology edge, not fault. Not verified; low priority for Phase 2.",False
169,148,"[1622, 1666]","[520, 553]",297222.3,4344093.2,a_only,"{""silent"": 0, ""concordant"": 0, ""a_only"": 148, ""b_only"": 0}",0.5564,0.9526,0.0887,"A-only buried fault candidate (148 px, 300m neighborhood): View A prob 0.953 >= conf 0.953 while View B prob 0.089 <= abstain 0.119. Gravity/mag step present, no DEM scarp or radiometric TC step. Synthetic cover depth 0.556 suggests basin fill burial; fault may be range-front under alluvial fan, missing from USGS/INGENIOUS catalogue which relies on surface expression. Alternative: lithologic contact or processing seam; requires field check. Not verified; Phase 2 review needed.",False
294,147,"[2797, 2833]","[1890, 1921]",433986.4,4226845.6,a_only,"{""silent"": 0, ""concordant"": 0, ""a_only"": 147, ""b_only"": 0}",0.4596,0.9526,0.0881,"A-only weak candidate (147 px): View A prob 0.953 vs View B 0.088, but shallow cover 0.460 does not explain missing scarp. Weaker buried-fault support; retained only because field step is strong. May be magnetic lithology edge, not fault. Not verified; low priority for Phase 2.",False
13,146,"[168, 198]","[1710, 1739]",415697.3,4490248.6,a_only,"{""silent"": 0, ""concordant"": 0, ""a_only"": 146, ""b_only"": 0}",0.6899,0.9526,0.08,"A-only buried fault candidate (146 px, 300m neighborhood): View A prob 0.953 >= conf 0.953 while View B prob 0.080 <= abstain 0.119. Gravity/mag step present, no DEM scarp or radiometric TC step. Synthetic cover depth 0.690 suggests basin fill burial; fault may be range-front under alluvial fan, missing from USGS/INGENIOUS catalogue which relies on surface expression. Alternative: lithologic contact or processing seam; requires field check. Not verified; Phase 2 review needed.",False
261,145,"[2441, 2474]","[2991, 3020]",543971.7,4262600.7,a_only,"{""silent"": 0, ""concordant"": 0, ""a_only"": 145, ""b_only"": 0}",0.5196,0.9526,0.08,"A-only weak candidate (145 px): View A prob 0.953 vs View B 0.080, but shallow cover 0.520 does not explain missing scarp. Weaker buried-fault support; retained only because field step is strong. May be magnetic lithology edge, not fault. Not verified; low priority for Phase 2.",False
184,144,"[1719, 1753]","[959, 988]",340713.9,4334846.5,a_only,"{""silent"": 0, ""concordant"": 0, ""a_only"": 144, ""b_only"": 0}",0.4045,0.9526,0.0875,"A-only weak candidate (144 px): View A prob 0.953 vs View B 0.088, but shallow cover 0.405 does not explain missing scarp. Weaker buried-fault support; retained only because field step is strong. May be magnetic lithology edge, not fault. Not verified; low priority for Phase 2.",False
14,143,"[177, 218]","[295, 335]",275040.6,4488699.3,a_only,"{""silent"": 0, ""concordant"": 0, ""a_only"": 143, ""b_only"": 0}",0.4701,0.9526,0.0818,"A-only weak candidate (143 px): View A prob 0.953 vs View B 0.082, but shallow cover 0.470 does not explain missing scarp. Weaker buried-fault support; retained only because field step is strong. May be magnetic lithology edge, not fault. Not verified; low priority for Phase 2.",False
366,143,"[3470, 3507]","[1397, 1424]",384362.2,4159731.5,a_only,"{""silent"": 0, ""concordant"": 0, ""a_only"": 143, ""b_only"": 0}",0.5508,0.9526,0.0898,"A-only buried fault candidate (143 px, 300m neighborhood): View A prob 0.953 >= conf 0.953 while View B prob 0.090 <= abstain 0.119. Gravity/mag step present, no DEM scarp or radiometric TC step. Synthetic cover depth 0.551 suggests basin fill burial; fault may be range-front under alluvial fan, missing from USGS/INGENIOUS catalogue which relies on surface expression. Alternative: lithologic contact or processing seam; requires field check. Not verified; Phase 2 review needed.",False
61,142,"[610, 636]","[161, 193]",261112.7,4446027.5,a_only,"{""silent"": 0, ""concordant"": 0, ""a_only"": 142, ""b_only"": 0}",0.4557,0.9526,0.0813,"A-only weak candidate (142 px): View A prob 0.953 vs View B 0.081, but shallow cover 0.456 does not explain missing scarp. Weaker buried-fault support; retained only because field step is strong. May be magnetic lithology edge, not fault. Not verified; low priority for Phase 2.",False
77,140,"[767, 814]","[2647, 2724]",511855.7,4429533.6,a_only,"{""silent"": 0, ""concordant"": 0, ""a_only"": 140, ""b_only"": 0}",0.5141,0.9526,0.085,"A-only weak candidate (140 px): View A prob 0.953 vs View B 0.085, but shallow cover 0.514 does not explain missing scarp. Weaker buried-fault support; retained only because field step is strong. May be magnetic lithology edge, not fault. Not verified; low priority for Phase 2.",False
264,138,"[2480, 2500]","[3179, 3213]",562901.4,4259532.6,a_only,"{""silent"": 0, ""concordant"": 0, ""a_only"": 138, ""b_only"": 0}",0.3313,0.9526,0.0823,"A-only weak candidate (138 px): View A prob 0.953 vs View B 0.082, but shallow cover 0.331 does not explain missing scarp. Weaker buried-fault support; retained only because field step is strong. May be magnetic lithology edge, not fault. Not verified; low priority for Phase 2.",False
311,138,"[2940, 2979]","[1785, 1807]",423214.5,4212355.8,a_only,"{""silent"": 0, ""concordant"": 0, ""a_only"": 138, ""b_only"": 0}",0.2742,0.9526,0.0763,"A-only weak candidate (138 px): View A prob 0.953 vs View B 0.076, but shallow cover 0.274 does not explain missing scarp. Weaker buried-fault support; retained only because field step is strong. May be magnetic lithology edge, not fault. Not verified; low priority for Phase 2.",False
83,137,"[817, 858]","[684, 711]",313292.7,4425034.3,a_only,"{""silent"": 0, ""concordant"": 0, ""a_only"": 137, ""b_only"": 0}",0.5169,0.9526,0.0818,"A-only weak candidate (137 px): View A prob 0.953 vs View B 0.082, but shallow cover 0.517 does not explain missing scarp. Weaker buried-fault support; retained only because field step is strong. May be magnetic lithology edge, not fault. Not verified; low priority for Phase 2.",False
321,136,"[3004, 3038]","[734, 763]",318260.3,4206472.8,a_only,"{""silent"": 0, ""concordant"": 0, ""a_only"": 136, ""b_only"": 0}",0.5487,0.9526,0.0906,"A-only weak candidate (136 px): View A prob 0.953 vs View B 0.091, but shallow cover 0.549 does not explain missing scarp. Weaker buried-fault support; retained only because field step is strong. May be magnetic lithology edge, not fault. Not verified; low priority for Phase 2.",False
3,135,"[52, 87]","[410, 434]",285629.6,4501728.1,a_only,"{""silent"": 0, ""concordant"": 0, ""a_only"": 135, ""b_only"": 0}",0.5088,0.9526,0.0932,"A-only weak candidate (135 px): View A prob 0.953 vs View B 0.093, but shallow cover 0.509 does not explain missing scarp. Weaker buried-fault support; retained only because field step is strong. May be magnetic lithology edge, not fault. Not verified; low priority for Phase 2.",False
338,135,"[3198, 3224]","[2763, 2797]",521406.7,4187361.5,a_only,"{""silent"": 0, ""concordant"": 0, ""a_only"": 135, ""b_only"": 0}",0.4688,0.9526,0.0899,"A-only weak candidate (135 px): View A prob 0.953 vs View B 0.090, but shallow cover 0.469 does not explain missing scarp. Weaker buried-fault support; retained only because field step is strong. May be magnetic lithology edge, not fault. Not verified; low priority for Phase 2.",False
363,135,"[3446, 3474]","[2399, 2427]",484728.1,4162521.5,a_only,"{""silent"": 0, ""concordant"": 0, ""a_only"": 135, ""b_only"": 0}",0.5771,0.9526,0.0836,"A-only buried fault candidate (135 px, 300m neighborhood): View A prob 0.953 >= conf 0.953 while View B prob 0.084 <= abstain 0.119. Gravity/mag step present, no DEM scarp or radiometric TC step. Synthetic cover depth 0.577 suggests basin fill burial; fault may be range-front under alluvial fan, missing from USGS/INGENIOUS catalogue which relies on surface expression. Alternative: lithologic contact or processing seam; requires field check. Not verified; Phase 2 review needed.",False
213,134,"[2093, 2126]","[1460, 1488]",390861.9,4297498.5,a_only,"{""silent"": 0, ""concordant"": 0, ""a_only"": 134, ""b_only"": 0}",0.5096,0.9526,0.0837,"A-only weak candidate (134 px): View A prob 0.953 vs View B 0.084, but shallow cover 0.510 does not explain missing scarp. Weaker buried-fault support; retained only because field step is strong. May be magnetic lithology edge, not fault. Not verified; low priority for Phase 2.",False
303,133,"[2902, 2982]","[2716, 2761]",516938.3,4214160.2,a_only,"{""silent"": 0, ""concordant"": 4, ""a_only"": 129, ""b_only"": 0}",0.5496,0.9526,0.108,"A-only weak candidate (133 px): View A prob 0.953 vs View B 0.108, but shallow cover 0.550 does not explain missing scarp. Weaker buried-fault support; retained only because field step is strong. May be magnetic lithology edge, not fault. Not verified; low priority for Phase 2.",False
381,128,"[3644, 3673]","[1575, 1599]",402107.0,4142660.9,a_only,"{""silent"": 0, ""concordant"": 0, ""a_only"": 128, ""b_only"": 0}",0.5144,0.9526,0.0809,"A-only weak candidate (128 px): View A prob 0.953 vs View B 0.081, but shallow cover 0.514 does not explain missing scarp. Weaker buried-fault support; retained only because field step is strong. May be magnetic lithology edge, not fault. Not verified; low priority for Phase 2.",False
306,126,"[2929, 2958]","[2993, 3016]",543872.2,4214211.1,a_only,"{""silent"": 0, ""concordant"": 0, ""a_only"": 126, ""b_only"": 0}",0.3414,0.9526,0.0852,"A-only weak candidate (126 px): View A prob 0.953 vs View B 0.085, but shallow cover 0.341 does not explain missing scarp. Weaker buried-fault support; retained only because field step is strong. May be magnetic lithology edge, not fault. Not verified; low priority for Phase 2.",False
69,125,"[677, 708]","[876, 904]",332252.0,4439155.2,a_only,"{""silent"": 0, ""concordant"": 0, ""a_only"": 125, ""b_only"": 0}",0.5588,0.9526,0.092,"A-only buried fault candidate (125 px, 300m neighborhood): View A prob 0.953 >= conf 0.953 while View B prob 0.092 <= abstain 0.119. Gravity/mag step present, no DEM scarp or radiometric TC step. Synthetic cover depth 0.559 suggests basin fill burial; fault may be range-front under alluvial fan, missing from USGS/INGENIOUS catalogue which relies on surface expression. Alternative: lithologic contact or processing seam; requires field check. Not verified; Phase 2 review needed.",False
364,125,"[3451, 3478]","[1442, 1471]",388989.6,4161887.2,a_only,"{""silent"": 0, ""concordant"": 0, ""a_only"": 125, ""b_only"": 0}",0.492,0.9526,0.0812,"A-only weak candidate (125 px): View A prob 0.953 vs View B 0.081, but shallow cover 0.492 does not explain missing scarp. Weaker buried-fault support; retained only because field step is strong. May be magnetic lithology edge, not fault. Not verified; low priority for Phase 2.",False
138,124,"[1283, 1315]","[1656, 1686]",410804.0,4378687.9,a_only,"{""silent"": 0, ""concordant"": 0, ""a_only"": 124, ""b_only"": 0}",0.6118,0.9526,0.0958,"A-only buried fault candidate (124 px, 300m neighborhood): View A prob 0.953 >= conf 0.953 while View B prob 0.096 <= abstain 0.119. Gravity/mag step present, no DEM scarp or radiometric TC step. Synthetic cover depth 0.612 suggests basin fill burial; fault may be range-front under alluvial fan, missing from USGS/INGENIOUS catalogue which relies on surface expression. Alternative: lithologic contact or processing seam; requires field check. Not verified; Phase 2 review needed.",False
376,124,"[3596, 3616]","[2318, 2349]",476779.0,4147893.5,a_only,"{""silent"": 0, ""concordant"": 0, ""a_only"": 124, ""b_only"": 0}",0.7169,0.9526,0.0759,"A-only buried fault candidate (124 px, 300m neighborhood): View A prob 0.953 >= conf 0.953 while View B prob 0.076 <= abstain 0.119. Gravity/mag step present, no DEM scarp or radiometric TC step. Synthetic cover depth 0.717 suggests basin fill burial; fault may be range-front under alluvial fan, missing from USGS/INGENIOUS catalogue which relies on surface expression. Alternative: lithologic contact or processing seam; requires field check. Not verified; Phase 2 review needed.",False
17,123,"[211, 238]","[423, 452]",287127.6,4486069.1,a_only,"{""silent"": 0, ""concordant"": 0, ""a_only"": 123, ""b_only"": 0}",0.5259,0.9526,0.0804,"A-only weak candidate (123 px): View A prob 0.953 vs View B 0.080, but shallow cover 0.526 does not explain missing scarp. Weaker buried-fault support; retained only because field step is strong. May be magnetic lithology edge, not fault. Not verified; low priority for Phase 2.",False
78,123,"[792, 814]","[1594, 1639]",404939.8,4428356.1,a_only,"{""silent"": 0, ""concordant"": 0, ""a_only"": 123, ""b_only"": 0}",0.3351,0.9526,0.0913,"A-only weak candidate (123 px): View A prob 0.953 vs View B 0.091, but shallow cover 0.335 does not explain missing scarp. Weaker buried-fault support; retained only because field step is strong. May be magnetic lithology edge, not fault. Not verified; low priority for Phase 2.",False
71,122,"[695, 736]","[363, 391]",280974.6,4437043.4,a_only,"{""silent"": 0, ""concordant"": 0, ""a_only"": 122, ""b_only"": 0}",0.3157,0.9526,0.0913,"A-only weak candidate (122 px): View A prob 0.953 vs View B 0.091, but shallow cover 0.316 does not explain missing scarp. Weaker buried-fault support; retained only because field step is strong. May be magnetic lithology edge, not fault. Not verified; low priority for Phase 2.",False
49,121,"[505, 529]","[1813, 1840]",426034.7,4456819.8,a_only,"{""silent"": 0, ""concordant"": 0, ""a_only"": 121, ""b_only"": 0}",0.4789,0.9526,0.0822,"A-only weak candidate (121 px): View A prob 0.953 vs View B 0.082, but shallow cover 0.479 does not explain missing scarp. Weaker buried-fault support; retained only because field step is strong. May be magnetic lithology edge, not fault. Not verified; low priority for Phase 2.",False
319,120,"[2998, 3027]","[2046, 2072]",449190.8,4207105.0,a_only,"{""silent"": 0, ""concordant"": 0, ""a_only"": 120, ""b_only"": 0}",0.3994,0.9526,0.0853,"A-only weak candidate (120 px): View A prob 0.953 vs View B 0.085, but shallow cover 0.399 does not explain missing scarp. Weaker buried-fault support; retained only because field step is strong. May be magnetic lithology edge, not fault. Not verified; low priority for Phase 2.",False
62,118,"[613, 639]","[1652, 1681]",410078.0,4445849.2,a_only,"{""silent"": 0, ""concordant"": 0, ""a_only"": 118, ""b_only"": 0}",0.4516,0.9526,0.0859,"A-only weak candidate (118 px): View A prob 0.953 vs View B 0.086, but shallow cover 0.452 does not explain missing scarp. Weaker buried-fault support; retained only because field step is strong. May be magnetic lithology edge, not fault. Not verified; low priority for Phase 2.",False
348,117,"[3309, 3331]","[275, 302]",272293.2,4176497.4,a_only,"{""silent"": 0, ""concordant"": 0, ""a_only"": 117, ""b_only"": 0}",0.3628,0.9526,0.0688,"A-only weak candidate (117 px): View A prob 0.953 vs View B 0.069, but shallow cover 0.363 does not explain missing scarp. Weaker buried-fault support; retained only because field step is strong. May be magnetic lithology edge, not fault. Not verified; low priority for Phase 2.",False
175,116,"[1657, 1688]","[1035, 1065]",348256.9,4341298.3,a_only,"{""silent"": 0, ""concordant"": 0, ""a_only"": 116, ""b_only"": 0}",0.4936,0.9526,0.0909,"A-only weak candidate (116 px): View A prob 0.953 vs View B 0.091, but shallow cover 0.494 does not explain missing scarp. Weaker buried-fault support; retained only because field step is strong. May be magnetic lithology edge, not fault. Not verified; low priority for Phase 2.",False
378,114,"[3640, 3668]","[2122, 2142]",456633.3,4143000.9,a_only,"{""silent"": 0, ""concordant"": 0, ""a_only"": 114, ""b_only"": 0}",0.4646,0.9526,0.08,"A-only weak candidate (114 px): View A prob 0.953 vs View B 0.080, but shallow cover 0.465 does not explain missing scarp. Weaker buried-fault support; retained only because field step is strong. May be magnetic lithology edge, not fault. Not verified; low priority for Phase 2.",False
141,109,"[1371, 1401]","[1200, 1222]",364554.1,4370033.0,a_only,"{""silent"": 0, ""concordant"": 0, ""a_only"": 109, ""b_only"": 0}",0.4241,0.9526,0.0872,"A-only weak candidate (109 px): View A prob 0.953 vs View B 0.087, but shallow cover 0.424 does not explain missing scarp. Weaker buried-fault support; retained only because field step is strong. May be magnetic lithology edge, not fault. Not verified; low priority for Phase 2.",False
179,109,"[1677, 1698]","[3179, 3204]",562543.1,4339716.5,a_only,"{""silent"": 0, ""concordant"": 0, ""a_only"": 109, ""b_only"": 0}",0.5787,0.9526,0.0833,"A-only buried fault candidate (109 px, 300m neighborhood): View A prob 0.953 >= conf 0.953 while View B prob 0.083 <= abstain 0.119. Gravity/mag step present, no DEM scarp or radiometric TC step. Synthetic cover depth 0.579 suggests basin fill burial; fault may be range-front under alluvial fan, missing from USGS/INGENIOUS catalogue which relies on surface expression. Alternative: lithologic contact or processing seam; requires field check. Not verified; Phase 2 review needed.",False
16,108,"[190, 216]","[1153, 1178]",359892.6,4488352.8,a_only,"{""silent"": 0, ""concordant"": 0, ""a_only"": 108, ""b_only"": 0}",0.5154,0.9526,0.0701,"A-only weak candidate (108 px): View A prob 0.953 vs View B 0.070, but shallow cover 0.515 does not explain missing scarp. Weaker buried-fault support; retained only because field step is strong. May be magnetic lithology edge, not fault. Not verified; low priority for Phase 2.",False
107,108,"[1046, 1080]","[1938, 1963]",438347.2,4401850.0,a_only,"{""silent"": 0, ""concordant"": 0, ""a_only"": 108, ""b_only"": 0}",0.4856,0.9526,0.1028,"A-only weak candidate (108 px): View A prob 0.953 vs View B 0.103, but shallow cover 0.486 does not explain missing scarp. Weaker buried-fault support; retained only because field step is strong. May be magnetic lithology edge, not fault. Not verified; low priority for Phase 2.",False
6,107,"[73, 109]","[764, 784]",320772.9,4499309.3,a_only,"{""silent"": 0, ""concordant"": 0, ""a_only"": 107, ""b_only"": 0}",0.7236,0.9526,0.0899,"A-only buried fault candidate (107 px, 300m neighborhood): View A prob 0.953 >= conf 0.953 while View B prob 0.090 <= abstain 0.119. Gravity/mag step present, no DEM scarp or radiometric TC step. Synthetic cover depth 0.724 suggests basin fill burial; fault may be range-front under alluvial fan, missing from USGS/INGENIOUS catalogue which relies on surface expression. Alternative: lithologic contact or processing seam; requires field check. Not verified; Phase 2 review needed.",False
332,107,"[3110, 3149]","[660, 677]",310235.5,4195604.7,a_only,"{""silent"": 0, ""concordant"": 0, ""a_only"": 107, ""b_only"": 0}",0.5218,0.9526,0.0789,"A-only weak candidate (107 px): View A prob 0.953 vs View B 0.079, but shallow cover 0.522 does not explain missing scarp. Weaker buried-fault support; retained only because field step is strong. May be magnetic lithology edge, not fault. Not verified; low priority for Phase 2.",False
67,106,"[645, 668]","[2948, 2971]",539363.2,4442861.3,a_only,"{""silent"": 0, ""concordant"": 0, ""a_only"": 106, ""b_only"": 0}",0.5893,0.9526,0.0726,"A-only buried fault candidate (106 px, 300m neighborhood): View A prob 0.953 >= conf 0.953 while View B prob 0.073 <= abstain 0.119. Gravity/mag step present, no DEM scarp or radiometric TC step. Synthetic cover depth 0.589 suggests basin fill burial; fault may be range-front under alluvial fan, missing from USGS/INGENIOUS catalogue which relies on surface expression. Alternative: lithologic contact or processing seam; requires field check. Not verified; Phase 2 review needed.",False
116,106,"[1124, 1145]","[1141, 1167]",358770.8,4395145.3,a_only,"{""silent"": 0, ""concordant"": 0, ""a_only"": 106, ""b_only"": 0}",0.4023,0.9526,0.0771,"A-only weak candidate (106 px): View A prob 0.953 vs View B 0.077, but shallow cover 0.402 does not explain missing scarp. Weaker buried-fault support; retained only because field step is strong. May be magnetic lithology edge, not fault. Not verified; low priority for Phase 2.",False
158,104,"[1520, 1542]","[1023, 1051]",347064.4,4355411.5,a_only,"{""silent"": 0, ""concordant"": 0, ""a_only"": 104, ""b_only"": 0}",0.4275,0.9526,0.0824,"A-only weak candidate (104 px): View A prob 0.953 vs View B 0.082, but shallow cover 0.427 does not explain missing scarp. Weaker buried-fault support; retained only because field step is strong. May be magnetic lithology edge, not fault. Not verified; low priority for Phase 2.",False
277,103,"[2630, 2658]","[2740, 2767]",518925.2,4244119.4,a_only,"{""silent"": 0, ""concordant"": 0, ""a_only"": 103, ""b_only"": 0}",0.4503,0.9526,0.0903,"A-only weak candidate (103 px): View A prob 0.953 vs View B 0.090, but shallow cover 0.450 does not explain missing scarp. Weaker buried-fault support; retained only because field step is strong. May be magnetic lithology edge, not fault. Not verified; low priority for Phase 2.",False
325,102,"[3035, 3062]","[550, 574]",299520.6,4203564.7,a_only,"{""silent"": 0, ""concordant"": 0, ""a_only"": 102, ""b_only"": 0}",0.4471,0.9526,0.088,"A-only weak candidate (102 px): View A prob 0.953 vs View B 0.088, but shallow cover 0.447 does not explain missing scarp. Weaker buried-fault support; retained only because field step is strong. May be magnetic lithology edge, not fault. Not verified; low priority for Phase 2.",False
211,98,"[2070, 2092]","[2877, 2915]",533320.4,4300310.2,a_only,"{""silent"": 0, ""concordant"": 0, ""a_only"": 98, ""b_only"": 0}",0.5334,0.9526,0.0946,"A-only weak candidate (98 px): View A prob 0.953 vs View B 0.095, but shallow cover 0.533 does not explain missing scarp. Weaker buried-fault support; retained only because field step is strong. May be magnetic lithology edge, not fault. Not verified; low priority for Phase 2.",False
351,97,"[3344, 3373]","[3214, 3241]",566302.1,4172776.3,a_only,"{""silent"": 0, ""concordant"": 0, ""a_only"": 97, ""b_only"": 0}",0.4931,0.9526,0.1024,"A-only weak candidate (97 px): View A prob 0.953 vs View B 0.102, but shallow cover 0.493 does not explain missing scarp. Weaker buried-fault support; retained only because field step is strong. May be magnetic lithology edge, not fault. Not verified; low priority for Phase 2.",False
196,96,"[1870, 1898]","[1002, 1029]",344945.8,4320111.5,a_only,"{""silent"": 0, ""concordant"": 13, ""a_only"": 83, ""b_only"": 0}",0.6922,0.9526,0.2007,"A-only buried fault candidate (96 px, 300m neighborhood): View A prob 0.953 >= conf 0.953 while View B prob 0.201 <= abstain 0.119. Gravity/mag step present, no DEM scarp or radiometric TC step. Synthetic cover depth 0.692 suggests basin fill burial; fault may be range-front under alluvial fan, missing from USGS/INGENIOUS catalogue which relies on surface expression. Alternative: lithologic contact or processing seam; requires field check. Not verified; Phase 2 review needed.",False
200,96,"[1899, 1922]","[711, 734]",315628.1,4317415.6,a_only,"{""silent"": 0, ""concordant"": 0, ""a_only"": 96, ""b_only"": 0}",0.4686,0.9526,0.0788,"A-only weak candidate (96 px): View A prob 0.953 vs View B 0.079, but shallow cover 0.469 does not explain missing scarp. Weaker buried-fault support; retained only because field step is strong. May be magnetic lithology edge, not fault. Not verified; low priority for Phase 2.",False
226,95,"[2167, 2189]","[1703, 1730]",415106.3,4290657.9,a_only,"{""silent"": 0, ""concordant"": 0, ""a_only"": 95, ""b_only"": 0}",0.4934,0.9526,0.0874,"A-only weak candidate (95 px): View A prob 0.953 vs View B 0.087, but shallow cover 0.493 does not explain missing scarp. Weaker buried-fault support; retained only because field step is strong. May be magnetic lithology edge, not fault. Not verified; low priority for Phase 2.",False
156,92,"[1499, 1524]","[2815, 2839]",526063.0,4357367.4,a_only,"{""silent"": 0, ""concordant"": 0, ""a_only"": 92, ""b_only"": 0}",0.4868,0.9526,0.0948,"A-only weak candidate (92 px): View A prob 0.953 vs View B 0.095, but shallow cover 0.487 does not explain missing scarp. Weaker buried-fault support; retained only because field step is strong. May be magnetic lithology edge, not fault. Not verified; low priority for Phase 2.",False
339,92,"[3229, 3253]","[401, 425]",284757.6,4184372.8,a_only,"{""silent"": 0, ""concordant"": 0, ""a_only"": 92, ""b_only"": 0}",0.6441,0.9526,0.0884,"A-only buried fault candidate (92 px, 300m neighborhood): View A prob 0.953 >= conf 0.953 while View B prob 0.088 <= abstain 0.119. Gravity/mag step present, no DEM scarp or radiometric TC step. Synthetic cover depth 0.644 suggests basin fill burial; fault may be range-front under alluvial fan, missing from USGS/INGENIOUS catalogue which relies on surface expression. Alternative: lithologic contact or processing seam; requires field check. Not verified; Phase 2 review needed.",False
35,91,"[358, 386]","[2662, 2685]",510736.3,4471372.5,a_only,"{""silent"": 0, ""concordant"": 0, ""a_only"": 91, ""b_only"": 0}",0.4615,0.9526,0.0863,"A-only weak candidate (91 px): View A prob 0.953 vs View B 0.086, but shallow cover 0.462 does not explain missing scarp. Weaker buried-fault support; retained only because field step is strong. May be magnetic lithology edge, not fault. Not verified; low priority for Phase 2.",False
167,90,"[1581, 1608]","[3191, 3214]",563725.6,4348870.0,a_only,"{""silent"": 0, ""concordant"": 0, ""a_only"": 90, ""b_only"": 0}",0.4046,0.9526,0.0838,"A-only weak candidate (90 px): View A prob 0.953 vs View B 0.084, but shallow cover 0.405 does not explain missing scarp. Weaker buried-fault support; retained only because field step is strong. May be magnetic lithology edge, not fault. Not verified; low priority for Phase 2.",False
314,90,"[2973, 2992]","[2261, 2289]",470964.4,4210264.4,a_only,"{""silent"": 0, ""concordant"": 0, ""a_only"": 90, ""b_only"": 0}",0.4436,0.9526,0.0825,"A-only weak candidate (90 px): View A prob 0.953 vs View B 0.083, but shallow cover 0.444 does not explain missing scarp. Weaker buried-fault support; retained only because field step is strong. May be magnetic lithology edge, not fault. Not verified; low priority for Phase 2.",False
353,90,"[3363, 3385]","[529, 555]",297507.8,4171032.2,a_only,"{""silent"": 0, ""concordant"": 0, ""a_only"": 90, ""b_only"": 0}",0.5648,0.9526,0.0851,"A-only buried fault candidate (90 px, 300m neighborhood): View A prob 0.953 >= conf 0.953 while View B prob 0.085 <= abstain 0.119. Gravity/mag step present, no DEM scarp or radiometric TC step. Synthetic cover depth 0.565 suggests basin fill burial; fault may be range-front under alluvial fan, missing from USGS/INGENIOUS catalogue which relies on surface expression. Alternative: lithologic contact or processing seam; requires field check. Not verified; Phase 2 review needed.",False
7,89,"[86, 107]","[3201, 3228]",564882.0,4498829.2,a_only,"{""silent"": 0, ""concordant"": 0, ""a_only"": 89, ""b_only"": 0}",0.4218,0.9526,0.0864,"A-only weak candidate (89 px): View A prob 0.953 vs View B 0.086, but shallow cover 0.422 does not explain missing scarp. Weaker buried-fault support; retained only because field step is strong. May be magnetic lithology edge, not fault. Not verified; low priority for Phase 2.",False
322,89,"[3005, 3031]","[792, 818]",323918.0,4206794.4,a_only,"{""silent"": 0, ""concordant"": 0, ""a_only"": 89, ""b_only"": 0}",0.4456,0.9526,0.0828,"A-only weak candidate (89 px): View A prob 0.953 vs View B 0.083, but shallow cover 0.446 does not explain missing scarp. Weaker buried-fault support; retained only because field step is strong. May be magnetic lithology edge, not fault. Not verified; low priority for Phase 2.",False
218,88,"[2118, 2144]","[828, 849]",327239.8,4295436.4,a_only,"{""silent"": 0, ""concordant"": 0, ""a_only"": 88, ""b_only"": 0}",0.2402,0.9526,0.0933,"A-only weak candidate (88 px): View A prob 0.953 vs View B 0.093, but shallow cover 0.240 does not explain missing scarp. Weaker buried-fault support; retained only because field step is strong. May be magnetic lithology edge, not fault. Not verified; low priority for Phase 2.",False
12,87,"[164, 188]","[1267, 1287]",371114.9,4491021.8,a_only,"{""silent"": 0, ""concordant"": 0, ""a_only"": 87, ""b_only"": 0}",0.8129,0.9526,0.0758,"A-only buried fault candidate (87 px, 300m neighborhood): View A prob 0.953 >= conf 0.953 while View B prob 0.076 <= abstain 0.119. Gravity/mag step present, no DEM scarp or radiometric TC step. Synthetic cover depth 0.813 suggests basin fill burial; fault may be range-front under alluvial fan, missing from USGS/INGENIOUS catalogue which relies on surface expression. Alternative: lithologic contact or processing seam; requires field check. Not verified; Phase 2 review needed.",False
240,86,"[2259, 2285]","[157, 186]",260720.9,4281195.3,a_only,"{""silent"": 0, ""concordant"": 0, ""a_only"": 86, ""b_only"": 0}",0.8303,0.9526,0.1039,"A-only buried fault candidate (86 px, 300m neighborhood): View A prob 0.953 >= conf 0.953 while View B prob 0.104 <= abstain 0.119. Gravity/mag step present, no DEM scarp or radiometric TC step. Synthetic cover depth 0.830 suggests basin fill burial; fault may be range-front under alluvial fan, missing from USGS/INGENIOUS catalogue which relies on surface expression. Alternative: lithologic contact or processing seam; requires field check. Not verified; Phase 2 review needed.",False
131,85,"[1199, 1229]","[1941, 1971]",439278.8,4386883.5,a_only,"{""silent"": 0, ""concordant"": 0, ""a_only"": 85, ""b_only"": 0}",0.5377,0.9526,0.1054,"A-only weak candidate (85 px): View A prob 0.953 vs View B 0.105, but shallow cover 0.538 does not explain missing scarp. Weaker buried-fault support; retained only because field step is strong. May be magnetic lithology edge, not fault. Not verified; low priority for Phase 2.",False
155,85,"[1461, 1489]","[478, 495]",292130.6,4360942.4,a_only,"{""silent"": 0, ""concordant"": 0, ""a_only"": 85, ""b_only"": 0}",0.5791,0.9526,0.0805,"A-only buried fault candidate (85 px, 300m neighborhood): View A prob 0.953 >= conf 0.953 while View B prob 0.081 <= abstain 0.119. Gravity/mag step present, no DEM scarp or radiometric TC step. Synthetic cover depth 0.579 suggests basin fill burial; fault may be range-front under alluvial fan, missing from USGS/INGENIOUS catalogue which relies on surface expression. Alternative: lithologic contact or processing seam; requires field check. Not verified; Phase 2 review needed.",False
252,85,"[2352, 2371]","[1699, 1718]",414311.8,4272414.1,a_only,"{""silent"": 0, ""concordant"": 0, ""a_only"": 85, ""b_only"": 0}",0.323,0.9526,0.086,"A-only weak candidate (85 px): View A prob 0.953 vs View B 0.086, but shallow cover 0.323 does not explain missing scarp. Weaker buried-fault support; retained only because field step is strong. May be magnetic lithology edge, not fault. Not verified; low priority for Phase 2.",False
207,84,"[2007, 2035]","[1224, 1242]",366733.3,4306619.0,a_only,"{""silent"": 0, ""concordant"": 0, ""a_only"": 84, ""b_only"": 0}",0.6018,0.9526,0.0856,"A-only buried fault candidate (84 px, 300m neighborhood): View A prob 0.953 >= conf 0.953 while View B prob 0.086 <= abstain 0.119. Gravity/mag step present, no DEM scarp or radiometric TC step. Synthetic cover depth 0.602 suggests basin fill burial; fault may be range-front under alluvial fan, missing from USGS/INGENIOUS catalogue which relies on surface expression. Alternative: lithologic contact or processing seam; requires field check. Not verified; Phase 2 review needed.",False
245,83,"[2294, 2312]","[1101, 1121]",354468.7,4278194.0,a_only,"{""silent"": 0, ""concordant"": 0, ""a_only"": 83, ""b_only"": 0}",0.5165,0.9526,0.0774,"A-only weak candidate (83 px): View A prob 0.953 vs View B 0.077, but shallow cover 0.516 does not explain missing scarp. Weaker buried-fault support; retained only because field step is strong. May be magnetic lithology edge, not fault. Not verified; low priority for Phase 2.",False
296,82,"[2821, 2842]","[1398, 1428]",384613.4,4225352.4,a_only,"{""silent"": 0, ""concordant"": 0, ""a_only"": 82, ""b_only"": 0}",0.4138,0.9526,0.0913,"A-only weak candidate (82 px): View A prob 0.953 vs View B 0.091, but shallow cover 0.414 does not explain missing scarp. Weaker buried-fault support; retained only because field step is strong. May be magnetic lithology edge, not fault. Not verified; low priority for Phase 2.",False
100,81,"[943, 971]","[2905, 2921]",534716.0,4412769.1,a_only,"{""silent"": 0, ""concordant"": 0, ""a_only"": 81, ""b_only"": 0}",0.5075,0.9526,0.0922,"A-only weak candidate (81 px): View A prob 0.953 vs View B 0.092, but shallow cover 0.508 does not explain missing scarp. Weaker buried-fault support; retained only because field step is strong. May be magnetic lithology edge, not fault. Not verified; low priority for Phase 2.",False
266,81,"[2523, 2547]","[1322, 1342]",376530.9,4255012.3,a_only,"{""silent"": 0, ""concordant"": 0, ""a_only"": 81, ""b_only"": 0}",0.6038,0.9526,0.077,"A-only buried fault candidate (81 px, 300m neighborhood): View A prob 0.953 >= conf 0.953 while View B prob 0.077 <= abstain 0.119. Gravity/mag step present, no DEM scarp or radiometric TC step. Synthetic cover depth 0.604 suggests basin fill burial; fault may be range-front under alluvial fan, missing from USGS/INGENIOUS catalogue which relies on surface expression. Alternative: lithologic contact or processing seam; requires field check. Not verified; Phase 2 review needed.",False
255,79,"[2391, 2414]","[1296, 1318]",374013.9,4268492.4,a_only,"{""silent"": 0, ""concordant"": 0, ""a_only"": 79, ""b_only"": 0}",0.4584,0.9526,0.0863,"A-only weak candidate (79 px): View A prob 0.953 vs View B 0.086, but shallow cover 0.458 does not explain missing scarp. Weaker buried-fault support; retained only because field step is strong. May be magnetic lithology edge, not fault. Not verified; low priority for Phase 2.",False
365,79,"[3469, 3498]","[1337, 1358]",378131.6,4160254.4,a_only,"{""silent"": 0, ""concordant"": 0, ""a_only"": 79, ""b_only"": 0}",0.3684,0.9526,0.0972,"A-only weak candidate (79 px): View A prob 0.953 vs View B 0.097, but shallow cover 0.368 does not explain missing scarp. Weaker buried-fault support; retained only because field step is strong. May be magnetic lithology edge, not fault. Not verified; low priority for Phase 2.",False
106,77,"[1030, 1050]","[2843, 2866]",528976.6,4404536.4,a_only,"{""silent"": 0, ""concordant"": 0, ""a_only"": 77, ""b_only"": 0}",0.5484,0.9526,0.0826,"A-only weak candidate (77 px): View A prob 0.953 vs View B 0.083, but shallow cover 0.548 does not explain missing scarp. Weaker buried-fault support; retained only because field step is strong. May be magnetic lithology edge, not fault. Not verified; low priority for Phase 2.",False
203,77,"[1973, 1991]","[2711, 2734]",515677.9,4310400.0,a_only,"{""silent"": 0, ""concordant"": 0, ""a_only"": 77, ""b_only"": 0}",0.4609,0.9526,0.0901,"A-only weak candidate (77 px): View A prob 0.953 vs View B 0.090, but shallow cover 0.461 does not explain missing scarp. Weaker buried-fault support; retained only because field step is strong. May be magnetic lithology edge, not fault. Not verified; low priority for Phase 2.",False
243,77,"[2273, 2296]","[2866, 2883]",530861.0,4280027.3,a_only,"{""silent"": 0, ""concordant"": 0, ""a_only"": 77, ""b_only"": 0}",0.2598,0.9526,0.0596,"A-only weak candidate (77 px): View A prob 0.953 vs View B 0.060, but shallow cover 0.260 does not explain missing scarp. Weaker buried-fault support; retained only because field step is strong. May be magnetic lithology edge, not fault. Not verified; low priority for Phase 2.",False
20,76,"[228, 247]","[2620, 2639]",506342.1,4484660.5,a_only,"{""silent"": 0, ""concordant"": 0, ""a_only"": 76, ""b_only"": 0}",0.4048,0.9526,0.0868,"A-only weak candidate (76 px): View A prob 0.953 vs View B 0.087, but shallow cover 0.405 does not explain missing scarp. Weaker buried-fault support; retained only because field step is strong. May be magnetic lithology edge, not fault. Not verified; low priority for Phase 2.",False
370,74,"[3523, 3541]","[949, 969]",339232.4,4155355.4,a_only,"{""silent"": 0, ""concordant"": 0, ""a_only"": 74, ""b_only"": 0}",0.4463,0.9526,0.075,"A-only weak candidate (74 px): View A prob 0.953 vs View B 0.075, but shallow cover 0.446 does not explain missing scarp. Weaker buried-fault support; retained only because field step is strong. May be magnetic lithology edge, not fault. Not verified; low priority for Phase 2.",False
85,73,"[833, 856]","[3223, 3241]",566574.0,4424128.8,a_only,"{""silent"": 0, ""concordant"": 0, ""a_only"": 73, ""b_only"": 0}",0.3295,0.9526,0.0829,"A-only weak candidate (73 px): View A prob 0.953 vs View B 0.083, but shallow cover 0.329 does not explain missing scarp. Weaker buried-fault support; retained only because field step is strong. May be magnetic lithology edge, not fault. Not verified; low priority for Phase 2.",False
250,73,"[2332, 2353]","[1457, 1478]",390100.0,4274278.1,a_only,"{""silent"": 0, ""concordant"": 0, ""a_only"": 73, ""b_only"": 0}",0.5476,0.9526,0.095,"A-only weak candidate (73 px): View A prob 0.953 vs View B 0.095, but shallow cover 0.548 does not explain missing scarp. Weaker buried-fault support; retained only because field step is strong. May be magnetic lithology edge, not fault. Not verified; low priority for Phase 2.",False
320,72,"[3002, 3020]","[2234, 2261]",468270.8,4207388.9,a_only,"{""silent"": 0, ""concordant"": 0, ""a_only"": 72, ""b_only"": 0}",0.4349,0.9526,0.0845,"A-only weak candidate (72 px): View A prob 0.953 vs View B 0.084, but shallow cover 0.435 does not explain missing scarp. Weaker buried-fault support; retained only because field step is strong. May be magnetic lithology edge, not fault. Not verified; low priority for Phase 2.",False
57,71,"[576, 597]","[2953, 2973]",539764.8,4449947.9,a_only,"{""silent"": 0, ""concordant"": 0, ""a_only"": 71, ""b_only"": 0}",0.6241,0.9526,0.0912,"A-only buried fault candidate (71 px, 300m neighborhood): View A prob 0.953 >= conf 0.953 while View B prob 0.091 <= abstain 0.119. Gravity/mag step present, no DEM scarp or radiometric TC step. Synthetic cover depth 0.624 suggests basin fill burial; fault may be range-front under alluvial fan, missing from USGS/INGENIOUS catalogue which relies on surface expression. Alternative: lithologic contact or processing seam; requires field check. Not verified; Phase 2 review needed.",False
335,71,"[3177, 3194]","[709, 729]",315280.3,4189985.9,a_only,"{""silent"": 0, ""concordant"": 0, ""a_only"": 71, ""b_only"": 0}",0.5744,0.9526,0.0771,"A-only buried fault candidate (71 px, 300m neighborhood): View A prob 0.953 >= conf 0.953 while View B prob 0.077 <= abstain 0.119. Gravity/mag step present, no DEM scarp or radiometric TC step. Synthetic cover depth 0.574 suggests basin fill burial; fault may be range-front under alluvial fan, missing from USGS/INGENIOUS catalogue which relies on surface expression. Alternative: lithologic contact or processing seam; requires field check. Not verified; Phase 2 review needed.",False
118,70,"[1137, 1159]","[860, 877]",330390.0,4393882.9,a_only,"{""silent"": 0, ""concordant"": 0, ""a_only"": 70, ""b_only"": 0}",0.4718,0.9526,0.0737,"A-only weak candidate (70 px): View A prob 0.953 vs View B 0.074, but shallow cover 0.472 does not explain missing scarp. Weaker buried-fault support; retained only because field step is strong. May be magnetic lithology edge, not fault. Not verified; low priority for Phase 2.",False
197,70,"[1875, 1896]","[2989, 3008]",543302.9,4319947.1,a_only,"{""silent"": 0, ""concordant"": 0, ""a_only"": 70, ""b_only"": 0}",0.5745,0.9526,0.0941,"A-only buried fault candidate (70 px, 300m neighborhood): View A prob 0.953 >= conf 0.953 while View B prob 0.094 <= abstain 0.119. Gravity/mag step present, no DEM scarp or radiometric TC step. Synthetic cover depth 0.575 suggests basin fill burial; fault may be range-front under alluvial fan, missing from USGS/INGENIOUS catalogue which relies on surface expression. Alternative: lithologic contact or processing seam; requires field check. Not verified; Phase 2 review needed.",False
304,70,"[2918, 2935]","[1967, 1988]",441152.9,4215891.4,a_only,"{""silent"": 0, ""concordant"": 0, ""a_only"": 70, ""b_only"": 0}",0.4789,0.9526,0.0848,"A-only weak candidate (70 px): View A prob 0.953 vs View B 0.085, but shallow cover 0.479 does not explain missing scarp. Weaker buried-fault support; retained only because field step is strong. May be magnetic lithology edge, not fault. Not verified; low priority for Phase 2.",False
119,69,"[1144, 1164]","[1766, 1789]",421073.9,4393024.6,a_only,"{""silent"": 0, ""concordant"": 0, ""a_only"": 69, ""b_only"": 0}",0.4535,0.9526,0.0831,"A-only weak candidate (69 px): View A prob 0.953 vs View B 0.083, but shallow cover 0.453 does not explain missing scarp. Weaker buried-fault support; retained only because field step is strong. May be magnetic lithology edge, not fault. Not verified; low priority for Phase 2.",False
174,69,"[1652, 1677]","[880, 905]",332463.8,4342326.1,a_only,"{""silent"": 0, ""concordant"": 0, ""a_only"": 69, ""b_only"": 0}",0.4225,0.9526,0.0936,"A-only weak candidate (69 px): View A prob 0.953 vs View B 0.094, but shallow cover 0.423 does not explain missing scarp. Weaker buried-fault support; retained only because field step is strong. May be magnetic lithology edge, not fault. Not verified; low priority for Phase 2.",False
201,69,"[1933, 1955]","[189, 207]",263244.9,4314252.2,a_only,"{""silent"": 0, ""concordant"": 0, ""a_only"": 69, ""b_only"": 0}",0.4788,0.9526,0.0879,"A-only weak candidate (69 px): View A prob 0.953 vs View B 0.088, but shallow cover 0.479 does not explain missing scarp. Weaker buried-fault support; retained only because field step is strong. May be magnetic lithology edge, not fault. Not verified; low priority for Phase 2.",False
256,69,"[2396, 2412]","[1382, 1403]",382787.0,4268172.5,a_only,"{""silent"": 0, ""concordant"": 0, ""a_only"": 69, ""b_only"": 0}",0.5467,0.9526,0.077,"A-only weak candidate (69 px): View A prob 0.953 vs View B 0.077, but shallow cover 0.547 does not explain missing scarp. Weaker buried-fault support; retained only because field step is strong. May be magnetic lithology edge, not fault. Not verified; low priority for Phase 2.",False
214,68,"[2098, 2123]","[1398, 1416]",384047.1,4297363.2,a_only,"{""silent"": 0, ""concordant"": 0, ""a_only"": 68, ""b_only"": 0}",0.4353,0.9526,0.0888,"A-only weak candidate (68 px): View A prob 0.953 vs View B 0.089, but shallow cover 0.435 does not explain missing scarp. Weaker buried-fault support; retained only because field step is strong. May be magnetic lithology edge, not fault. Not verified; low priority for Phase 2.",False
177,67,"[1666, 1683]","[611, 634]",305610.4,4341044.8,a_only,"{""silent"": 0, ""concordant"": 0, ""a_only"": 67, ""b_only"": 0}",0.4855,0.9526,0.0899,"A-only weak candidate (67 px): View A prob 0.953 vs View B 0.090, but shallow cover 0.486 does not explain missing scarp. Weaker buried-fault support; retained only because field step is strong. May be magnetic lithology edge, not fault. Not verified; low priority for Phase 2.",False
185,67,"[1723, 1742]","[1046, 1062]",348811.9,4335241.8,a_only,"{""silent"": 0, ""concordant"": 0, ""a_only"": 67, ""b_only"": 0}",0.6471,0.9526,0.084,"A-only buried fault candidate (67 px, 300m neighborhood): View A prob 0.953 >= conf 0.953 while View B prob 0.084 <= abstain 0.119. Gravity/mag step present, no DEM scarp or radiometric TC step. Synthetic cover depth 0.647 suggests basin fill burial; fault may be range-front under alluvial fan, missing from USGS/INGENIOUS catalogue which relies on surface expression. Alternative: lithologic contact or processing seam; requires field check. Not verified; Phase 2 review needed.",False
249,67,"[2304, 2325]","[1649, 1664]",409077.6,4276953.7,a_only,"{""silent"": 0, ""concordant"": 0, ""a_only"": 67, ""b_only"": 0}",0.5095,0.9526,0.0846,"A-only weak candidate (67 px): View A prob 0.953 vs View B 0.085, but shallow cover 0.510 does not explain missing scarp. Weaker buried-fault support; retained only because field step is strong. May be magnetic lithology edge, not fault. Not verified; low priority for Phase 2.",False
308,67,"[2933, 2957]","[1260, 1278]",370426.9,4214135.8,a_only,"{""silent"": 0, ""concordant"": 0, ""a_only"": 67, ""b_only"": 0}",0.3969,0.9526,0.0939,"A-only weak candidate (67 px): View A prob 0.953 vs View B 0.094, but shallow cover 0.397 does not explain missing scarp. Weaker buried-fault support; retained only because field step is strong. May be magnetic lithology edge, not fault. Not verified; low priority for Phase 2.",False
379,67,"[3643, 3661]","[117, 133]",255904.5,4143271.6,a_only,"{""silent"": 0, ""concordant"": 0, ""a_only"": 67, ""b_only"": 0}",0.4734,0.9526,0.0756,"A-only weak candidate (67 px): View A prob 0.953 vs View B 0.076, but shallow cover 0.473 does not explain missing scarp. Weaker buried-fault support; retained only because field step is strong. May be magnetic lithology edge, not fault. Not verified; low priority for Phase 2.",False
212,65,"[2089, 2110]","[925, 944]",336747.7,4298601.5,a_only,"{""silent"": 0, ""concordant"": 0, ""a_only"": 65, ""b_only"": 0}",0.4594,0.9526,0.1002,"A-only weak candidate (65 px): View A prob 0.953 vs View B 0.100, but shallow cover 0.459 does not explain missing scarp. Weaker buried-fault support; retained only because field step is strong. May be magnetic lithology edge, not fault. Not verified; low priority for Phase 2.",False
333,65,"[3119, 3140]","[624, 638]",306478.5,4195543.1,a_only,"{""silent"": 0, ""concordant"": 0, ""a_only"": 65, ""b_only"": 0}",0.5517,0.9526,0.0828,"A-only buried fault candidate (65 px, 300m neighborhood): View A prob 0.953 >= conf 0.953 while View B prob 0.083 <= abstain 0.119. Gravity/mag step present, no DEM scarp or radiometric TC step. Synthetic cover depth 0.552 suggests basin fill burial; fault may be range-front under alluvial fan, missing from USGS/INGENIOUS catalogue which relies on surface expression. Alternative: lithologic contact or processing seam; requires field check. Not verified; Phase 2 review needed.",False
161,64,"[1537, 1555]","[664, 682]",310629.7,4353884.4,a_only,"{""silent"": 0, ""concordant"": 0, ""a_only"": 64, ""b_only"": 0}",0.3475,0.9526,0.0876,"A-only weak candidate (64 px): View A prob 0.953 vs View B 0.088, but shallow cover 0.347 does not explain missing scarp. Weaker buried-fault support; retained only because field step is strong. May be magnetic lithology edge, not fault. Not verified; low priority for Phase 2.",False
272,64,"[2589, 2608]","[1900, 1917]",434275.0,4248703.1,a_only,"{""silent"": 0, ""concordant"": 0, ""a_only"": 64, ""b_only"": 0}",0.4463,0.9526,0.0926,"A-only weak candidate (64 px): View A prob 0.953 vs View B 0.093, but shallow cover 0.446 does not explain missing scarp. Weaker buried-fault support; retained only because field step is strong. May be magnetic lithology edge, not fault. Not verified; low priority for Phase 2.",False
154,63,"[1455, 1474]","[1036, 1052]",347692.1,4361928.6,a_only,"{""silent"": 0, ""concordant"": 0, ""a_only"": 63, ""b_only"": 0}",0.4996,0.9526,0.0786,"A-only weak candidate (63 px): View A prob 0.953 vs View B 0.079, but shallow cover 0.500 does not explain missing scarp. Weaker buried-fault support; retained only because field step is strong. May be magnetic lithology edge, not fault. Not verified; low priority for Phase 2.",False
165,63,"[1568, 1587]","[1676, 1693]",411915.9,4350709.5,a_only,"{""silent"": 0, ""concordant"": 0, ""a_only"": 63, ""b_only"": 0}",0.354,0.9526,0.0938,"A-only weak candidate (63 px): View A prob 0.953 vs View B 0.094, but shallow cover 0.354 does not explain missing scarp. Weaker buried-fault support; retained only because field step is strong. May be magnetic lithology edge, not fault. Not verified; low priority for Phase 2.",False
137,62,"[1278, 1299]","[1739, 1755]",418200.0,4379621.0,a_only,"{""silent"": 0, ""concordant"": 0, ""a_only"": 62, ""b_only"": 0}",0.439,0.9526,0.0979,"A-only weak candidate (62 px): View A prob 0.953 vs View B 0.098, but shallow cover 0.439 does not explain missing scarp. Weaker buried-fault support; retained only because field step is strong. May be magnetic lithology edge, not fault. Not verified; low priority for Phase 2.",False
217,62,"[2116, 2134]","[763, 784]",320771.0,4295808.1,a_only,"{""silent"": 0, ""concordant"": 0, ""a_only"": 62, ""b_only"": 0}",0.4646,0.9526,0.0795,"A-only weak candidate (62 px): View A prob 0.953 vs View B 0.080, but shallow cover 0.465 does not explain missing scarp. Weaker buried-fault support; retained only because field step is strong. May be magnetic lithology edge, not fault. Not verified; low priority for Phase 2.",False
5,61,"[61, 76]","[919, 938]",336265.6,4501649.2,a_only,"{""silent"": 0, ""concordant"": 0, ""a_only"": 61, ""b_only"": 0}",0.435,0.9526,0.0748,"A-only weak candidate (61 px): View A prob 0.953 vs View B 0.075, but shallow cover 0.435 does not explain missing scarp. Weaker buried-fault support; retained only because field step is strong. May be magnetic lithology edge, not fault. Not verified; low priority for Phase 2.",False
282,60,"[2659, 2680]","[1997, 2016]",444075.0,4241475.0,a_only,"{""silent"": 0, ""concordant"": 0, ""a_only"": 60, ""b_only"": 0}",0.7566,0.9526,0.0964,"A-only buried fault candidate (60 px, 300m neighborhood): View A prob 0.953 >= conf 0.953 while View B prob 0.096 <= abstain 0.119. Gravity/mag step present, no DEM scarp or radiometric TC step. Synthetic cover depth 0.757 suggests basin fill burial; fault may be range-front under alluvial fan, missing from USGS/INGENIOUS catalogue which relies on surface expression. Alternative: lithologic contact or processing seam; requires field check. Not verified; Phase 2 review needed.",False
31,59,"[327, 343]","[1529, 1545]",397101.7,4475028.8,a_only,"{""silent"": 0, ""concordant"": 0, ""a_only"": 59, ""b_only"": 0}",0.5277,0.9526,0.0835,"A-only weak candidate (59 px): View A prob 0.953 vs View B 0.083, but shallow cover 0.528 does not explain missing scarp. Weaker buried-fault support; retained only because field step is strong. May be magnetic lithology edge, not fault. Not verified; low priority for Phase 2.",False
235,57,"[2232, 2256]","[2385, 2405]",482917.5,4283857.9,a_only,"{""silent"": 0, ""concordant"": 0, ""a_only"": 57, ""b_only"": 0}",0.4812,0.9526,0.103,"A-only weak candidate (57 px): View A prob 0.953 vs View B 0.103, but shallow cover 0.481 does not explain missing scarp. Weaker buried-fault support; retained only because field step is strong. May be magnetic lithology edge, not fault. Not verified; low priority for Phase 2.",False
63,56,"[616, 633]","[1995, 2016]",443800.0,4446230.4,a_only,"{""silent"": 0, ""concordant"": 0, ""a_only"": 56, ""b_only"": 0}",0.4252,0.9526,0.0977,"A-only weak candidate (56 px): View A prob 0.953 vs View B 0.098, but shallow cover 0.425 does not explain missing scarp. Weaker buried-fault support; retained only because field step is strong. May be magnetic lithology edge, not fault. Not verified; low priority for Phase 2.",False
171,56,"[1634, 1652]","[1615, 1631]",405639.3,4344355.4,a_only,"{""silent"": 0, ""concordant"": 0, ""a_only"": 56, ""b_only"": 0}",0.7037,0.9526,0.0741,"A-only buried fault candidate (56 px, 300m neighborhood): View A prob 0.953 >= conf 0.953 while View B prob 0.074 <= abstain 0.119. Gravity/mag step present, no DEM scarp or radiometric TC step. Synthetic cover depth 0.704 suggests basin fill burial; fault may be range-front under alluvial fan, missing from USGS/INGENIOUS catalogue which relies on surface expression. Alternative: lithologic contact or processing seam; requires field check. Not verified; Phase 2 review needed.",False
182,56,"[1706, 1721]","[1017, 1034]",345983.9,4337103.6,a_only,"{""silent"": 0, ""concordant"": 0, ""a_only"": 56, ""b_only"": 0}",0.4391,0.9526,0.0789,"A-only weak candidate (56 px): View A prob 0.953 vs View B 0.079, but shallow cover 0.439 does not explain missing scarp. Weaker buried-fault support; retained only because field step is strong. May be magnetic lithology edge, not fault. Not verified; low priority for Phase 2.",False
230,56,"[2186, 2203]","[1463, 1479]",390419.6,4289017.9,a_only,"{""silent"": 0, ""concordant"": 0, ""a_only"": 56, ""b_only"": 0}",0.4078,0.9526,0.0899,"A-only weak candidate (56 px): View A prob 0.953 vs View B 0.090, but shallow cover 0.408 does not explain missing scarp. Weaker buried-fault support; retained only because field step is strong. May be magnetic lithology edge, not fault. Not verified; low priority for Phase 2.",False
11,55,"[147, 165]","[1365, 1383]",380794.5,4492696.4,a_only,"{""silent"": 0, ""concordant"": 0, ""a_only"": 55, ""b_only"": 0}",0.6912,0.9526,0.0825,"A-only buried fault candidate (55 px, 300m neighborhood): View A prob 0.953 >= conf 0.953 while View B prob 0.083 <= abstain 0.119. Gravity/mag step present, no DEM scarp or radiometric TC step. Synthetic cover depth 0.691 suggests basin fill burial; fault may be range-front under alluvial fan, missing from USGS/INGENIOUS catalogue which relies on surface expression. Alternative: lithologic contact or processing seam; requires field check. Not verified; Phase 2 review needed.",False
227,55,"[2172, 2192]","[1900, 1928]",435121.8,4290220.0,a_only,"{""silent"": 0, ""concordant"": 0, ""a_only"": 55, ""b_only"": 0}",0.3637,0.9526,0.1042,"A-only weak candidate (55 px): View A prob 0.953 vs View B 0.104, but shallow cover 0.364 does not explain missing scarp. Weaker buried-fault support; retained only because field step is strong. May be magnetic lithology edge, not fault. Not verified; low priority for Phase 2.",False
95,54,"[905, 927]","[211, 232]",265946.3,4416866.7,a_only,"{""silent"": 0, ""concordant"": 0, ""a_only"": 54, ""b_only"": 0}",0.4467,0.9526,0.0901,"A-only weak candidate (54 px): View A prob 0.953 vs View B 0.090, but shallow cover 0.447 does not explain missing scarp. Weaker buried-fault support; retained only because field step is strong. May be magnetic lithology edge, not fault. Not verified; low priority for Phase 2.",False
299,54,"[2855, 2871]","[1373, 1389]",381505.6,4222125.9,a_only,"{""silent"": 0, ""concordant"": 0, ""a_only"": 54, ""b_only"": 0}",0.3618,0.9526,0.0734,"A-only weak candidate (54 px): View A prob 0.953 vs View B 0.073, but shallow cover 0.362 does not explain missing scarp. Weaker buried-fault support; retained only because field step is strong. May be magnetic lithology edge, not fault. Not verified; low priority for Phase 2.",False
34,52,"[357, 382]","[1884, 1898]",432511.5,4471482.7,a_only,"{""silent"": 0, ""concordant"": 0, ""a_only"": 52, ""b_only"": 0}",0.5593,0.9526,0.071,"A-only buried fault candidate (52 px, 300m neighborhood): View A prob 0.953 >= conf 0.953 while View B prob 0.071 <= abstain 0.119. Gravity/mag step present, no DEM scarp or radiometric TC step. Synthetic cover depth 0.559 suggests basin fill burial; fault may be range-front under alluvial fan, missing from USGS/INGENIOUS catalogue which relies on surface expression. Alternative: lithologic contact or processing seam; requires field check. Not verified; Phase 2 review needed.",False
222,51,"[2133, 2154]","[2569, 2586]",501125.5,4294019.6,a_only,"{""silent"": 0, ""concordant"": 0, ""a_only"": 51, ""b_only"": 0}",0.4142,0.9526,0.0959,"A-only weak candidate (51 px): View A prob 0.953 vs View B 0.096, but shallow cover 0.414 does not explain missing scarp. Weaker buried-fault support; retained only because field step is strong. May be magnetic lithology edge, not fault. Not verified; low priority for Phase 2.",False
44,50,"[419, 443]","[1021, 1040]",346238.0,4465574.0,a_only,"{""silent"": 0, ""concordant"": 0, ""a_only"": 50, ""b_only"": 0}",0.6464,0.9526,0.0999,"A-only buried fault candidate (50 px, 300m neighborhood): View A prob 0.953 >= conf 0.953 while View B prob 0.100 <= abstain 0.119. Gravity/mag step present, no DEM scarp or radiometric TC step. Synthetic cover depth 0.646 suggests basin fill burial; fault may be range-front under alluvial fan, missing from USGS/INGENIOUS catalogue which relies on surface expression. Alternative: lithologic contact or processing seam; requires field check. Not verified; Phase 2 review needed.",False
122,50,"[1151, 1168]","[2713, 2729]",515596.0,4392518.0,a_only,"{""silent"": 0, ""concordant"": 0, ""a_only"": 50, ""b_only"": 0}",0.6627,0.9526,0.0736,"A-only buried fault candidate (50 px, 300m neighborhood): View A prob 0.953 >= conf 0.953 while View B prob 0.074 <= abstain 0.119. Gravity/mag step present, no DEM scarp or radiometric TC step. Synthetic cover depth 0.663 suggests basin fill burial; fault may be range-front under alluvial fan, missing from USGS/INGENIOUS catalogue which relies on surface expression. Alternative: lithologic contact or processing seam; requires field check. Not verified; Phase 2 review needed.",False
130,50,"[1194, 1213]","[2029, 2048]",447258.0,4388222.0,a_only,"{""silent"": 0, ""concordant"": 0, ""a_only"": 50, ""b_only"": 0}",0.4025,0.9526,0.1046,"A-only weak candidate (50 px): View A prob 0.953 vs View B 0.105, but shallow cover 0.403 does not explain missing scarp. Weaker buried-fault support; retained only because field step is strong. May be magnetic lithology edge, not fault. Not verified; low priority for Phase 2.",False
271,49,"[2573, 2587]","[1404, 1420]",384567.3,4250493.9,a_only,"{""silent"": 0, ""concordant"": 0, ""a_only"": 49, ""b_only"": 0}",0.3544,0.9526,0.0746,"A-only weak candidate (49 px): View A prob 0.953 vs View B 0.075, but shallow cover 0.354 does not explain missing scarp. Weaker buried-fault support; retained only because field step is strong. May be magnetic lithology edge, not fault. Not verified; low priority for Phase 2.",False
305,49,"[2923, 2940]","[2651, 2666]",509269.4,4215328.6,a_only,"{""silent"": 0, ""concordant"": 0, ""a_only"": 49, ""b_only"": 0}",0.5074,0.9526,0.075,"A-only weak candidate (49 px): View A prob 0.953 vs View B 0.075, but shallow cover 0.507 does not explain missing scarp. Weaker buried-fault support; retained only because field step is strong. May be magnetic lithology edge, not fault. Not verified; low priority for Phase 2.",False
358,49,"[3394, 3409]","[2965, 2981]",540687.8,4168322.4,a_only,"{""silent"": 0, ""concordant"": 0, ""a_only"": 49, ""b_only"": 0}",0.843,0.9526,0.0866,"A-only buried fault candidate (49 px, 300m neighborhood): View A prob 0.953 >= conf 0.953 while View B prob 0.087 <= abstain 0.119. Gravity/mag step present, no DEM scarp or radiometric TC step. Synthetic cover depth 0.843 suggests basin fill burial; fault may be range-front under alluvial fan, missing from USGS/INGENIOUS catalogue which relies on surface expression. Alternative: lithologic contact or processing seam; requires field check. Not verified; Phase 2 review needed.",False
108,48,"[1049, 1065]","[2958, 2976]",540043.8,4402789.6,a_only,"{""silent"": 0, ""concordant"": 0, ""a_only"": 48, ""b_only"": 0}",0.4618,0.9526,0.0901,"A-only weak candidate (48 px): View A prob 0.953 vs View B 0.090, but shallow cover 0.462 does not explain missing scarp. Weaker buried-fault support; retained only because field step is strong. May be magnetic lithology edge, not fault. Not verified; low priority for Phase 2.",False
153,48,"[1453, 1471]","[104, 127]",255052.1,4362425.0,a_only,"{""silent"": 0, ""concordant"": 0, ""a_only"": 48, ""b_only"": 0}",0.3629,0.9526,0.088,"A-only weak candidate (48 px): View A prob 0.953 vs View B 0.088, but shallow cover 0.363 does not explain missing scarp. Weaker buried-fault support; retained only because field step is strong. May be magnetic lithology edge, not fault. Not verified; low priority for Phase 2.",False
228,48,"[2176, 2191]","[1019, 1038]",346191.7,4290193.8,a_only,"{""silent"": 0, ""concordant"": 0, ""a_only"": 48, ""b_only"": 0}",0.5343,0.9526,0.0828,"A-only weak candidate (48 px): View A prob 0.953 vs View B 0.083, but shallow cover 0.534 does not explain missing scarp. Weaker buried-fault support; retained only because field step is strong. May be magnetic lithology edge, not fault. Not verified; low priority for Phase 2.",False
274,46,"[2604, 2622]","[2138, 2151]",457852.2,4247317.4,a_only,"{""silent"": 0, ""concordant"": 0, ""a_only"": 46, ""b_only"": 0}",0.3842,0.9526,0.0877,"A-only weak candidate (46 px): View A prob 0.953 vs View B 0.088, but shallow cover 0.384 does not explain missing scarp. Weaker buried-fault support; retained only because field step is strong. May be magnetic lithology edge, not fault. Not verified; low priority for Phase 2.",False
329,46,"[3075, 3092]","[1214, 1227]",365426.1,4200202.2,a_only,"{""silent"": 0, ""concordant"": 0, ""a_only"": 46, ""b_only"": 0}",0.8631,0.9526,0.0864,"A-only buried fault candidate (46 px, 300m neighborhood): View A prob 0.953 >= conf 0.953 while View B prob 0.086 <= abstain 0.119. Gravity/mag step present, no DEM scarp or radiometric TC step. Synthetic cover depth 0.863 suggests basin fill burial; fault may be range-front under alluvial fan, missing from USGS/INGENIOUS catalogue which relies on surface expression. Alternative: lithologic contact or processing seam; requires field check. Not verified; Phase 2 review needed.",False
168,44,"[1609, 1624]","[422, 440]",286440.9,4346879.5,a_only,"{""silent"": 0, ""concordant"": 0, ""a_only"": 44, ""b_only"": 0}",0.4085,0.9526,0.0883,"A-only weak candidate (44 px): View A prob 0.953 vs View B 0.088, but shallow cover 0.409 does not explain missing scarp. Weaker buried-fault support; retained only because field step is strong. May be magnetic lithology edge, not fault. Not verified; low priority for Phase 2.",False
32,43,"[330, 346]","[1161, 1176]",360255.8,4474579.1,a_only,"{""silent"": 0, ""concordant"": 0, ""a_only"": 43, ""b_only"": 0}",0.4113,0.9526,0.0783,"A-only weak candidate (43 px): View A prob 0.953 vs View B 0.078, but shallow cover 0.411 does not explain missing scarp. Weaker buried-fault support; retained only because field step is strong. May be magnetic lithology edge, not fault. Not verified; low priority for Phase 2.",False
50,43,"[508, 531]","[2268, 2280]",470897.7,4456641.9,a_only,"{""silent"": 0, ""concordant"": 0, ""a_only"": 43, ""b_only"": 0}",0.5394,0.9526,0.1033,"A-only weak candidate (43 px): View A prob 0.953 vs View B 0.103, but shallow cover 0.539 does not explain missing scarp. Weaker buried-fault support; retained only because field step is strong. May be magnetic lithology edge, not fault. Not verified; low priority for Phase 2.",False
70,43,"[687, 704]","[1261, 1275]",370174.4,4438988.4,a_only,"{""silent"": 0, ""concordant"": 0, ""a_only"": 43, ""b_only"": 0}",0.5865,0.9526,0.0854,"A-only buried fault candidate (43 px, 300m neighborhood): View A prob 0.953 >= conf 0.953 while View B prob 0.085 <= abstain 0.119. Gravity/mag step present, no DEM scarp or radiometric TC step. Synthetic cover depth 0.586 suggests basin fill burial; fault may be range-front under alluvial fan, missing from USGS/INGENIOUS catalogue which relies on surface expression. Alternative: lithologic contact or processing seam; requires field check. Not verified; Phase 2 review needed.",False
104,43,"[997, 1008]","[1646, 1663]",408895.3,4408318.6,a_only,"{""silent"": 0, ""concordant"": 0, ""a_only"": 43, ""b_only"": 0}",0.4999,0.9526,0.0934,"A-only weak candidate (43 px): View A prob 0.953 vs View B 0.093, but shallow cover 0.500 does not explain missing scarp. Weaker buried-fault support; retained only because field step is strong. May be magnetic lithology edge, not fault. Not verified; low priority for Phase 2.",False
115,43,"[1123, 1134]","[1300, 1316]",374076.7,4395639.5,a_only,"{""silent"": 0, ""concordant"": 0, ""a_only"": 43, ""b_only"": 0}",0.7054,0.9526,0.0821,"A-only buried fault candidate (43 px, 300m neighborhood): View A prob 0.953 >= conf 0.953 while View B prob 0.082 <= abstain 0.119. Gravity/mag step present, no DEM scarp or radiometric TC step. Synthetic cover depth 0.705 suggests basin fill burial; fault may be range-front under alluvial fan, missing from USGS/INGENIOUS catalogue which relies on surface expression. Alternative: lithologic contact or processing seam; requires field check. Not verified; Phase 2 review needed.",False
298,43,"[2836, 2846]","[1089, 1118]",353627.9,4224434.9,a_only,"{""silent"": 0, ""concordant"": 0, ""a_only"": 43, ""b_only"": 0}",0.7691,0.9526,0.0906,"A-only buried fault candidate (43 px, 300m neighborhood): View A prob 0.953 >= conf 0.953 while View B prob 0.091 <= abstain 0.119. Gravity/mag step present, no DEM scarp or radiometric TC step. Synthetic cover depth 0.769 suggests basin fill burial; fault may be range-front under alluvial fan, missing from USGS/INGENIOUS catalogue which relies on surface expression. Alternative: lithologic contact or processing seam; requires field check. Not verified; Phase 2 review needed.",False
373,42,"[3561, 3575]","[2528, 2541]",496909.5,4151633.3,a_only,"{""silent"": 0, ""concordant"": 0, ""a_only"": 42, ""b_only"": 0}",0.3519,0.9526,0.0734,"A-only weak candidate (42 px): View A prob 0.953 vs View B 0.073, but shallow cover 0.352 does not explain missing scarp. Weaker buried-fault support; retained only because field step is strong. May be magnetic lithology edge, not fault. Not verified; low priority for Phase 2.",False
21,41,"[241, 255]","[212, 228]",265409.8,4483741.5,a_only,"{""silent"": 0, ""concordant"": 0, ""a_only"": 41, ""b_only"": 0}",0.44,0.9526,0.0959,"A-only weak candidate (41 px): View A prob 0.953 vs View B 0.096, but shallow cover 0.440 does not explain missing scarp. Weaker buried-fault support; retained only because field step is strong. May be magnetic lithology edge, not fault. Not verified; low priority for Phase 2.",False
45,41,"[419, 433]","[1663, 1676]",410324.4,4465841.5,a_only,"{""silent"": 0, ""concordant"": 0, ""a_only"": 41, ""b_only"": 0}",0.5707,0.9526,0.0862,"A-only buried fault candidate (41 px, 300m neighborhood): View A prob 0.953 >= conf 0.953 while View B prob 0.086 <= abstain 0.119. Gravity/mag step present, no DEM scarp or radiometric TC step. Synthetic cover depth 0.571 suggests basin fill burial; fault may be range-front under alluvial fan, missing from USGS/INGENIOUS catalogue which relies on surface expression. Alternative: lithologic contact or processing seam; requires field check. Not verified; Phase 2 review needed.",False
160,41,"[1534, 1551]","[446, 461]",288814.6,4354268.3,a_only,"{""silent"": 0, ""concordant"": 0, ""a_only"": 41, ""b_only"": 0}",0.456,0.9526,0.0925,"A-only weak candidate (41 px): View A prob 0.953 vs View B 0.092, but shallow cover 0.456 does not explain missing scarp. Weaker buried-fault support; retained only because field step is strong. May be magnetic lithology edge, not fault. Not verified; low priority for Phase 2.",False
330,41,"[3086, 3104]","[1415, 1429]",385624.4,4199146.3,a_only,"{""silent"": 0, ""concordant"": 0, ""a_only"": 41, ""b_only"": 0}",0.4919,0.9526,0.0731,"A-only weak candidate (41 px): View A prob 0.953 vs View B 0.073, but shallow cover 0.492 does not explain missing scarp. Weaker buried-fault support; retained only because field step is strong. May be magnetic lithology edge, not fault. Not verified; low priority for Phase 2.",False
350,41,"[3322, 3335]","[2430, 2444]",487119.5,4175570.7,a_only,"{""silent"": 0, ""concordant"": 0, ""a_only"": 41, ""b_only"": 0}",0.496,0.9526,0.0691,"A-only weak candidate (41 px): View A prob 0.953 vs View B 0.069, but shallow cover 0.496 does not explain missing scarp. Weaker buried-fault support; retained only because field step is strong. May be magnetic lithology edge, not fault. Not verified; low priority for Phase 2.",False
336,40,"[3196, 3210]","[258, 274]",270190.0,4188132.5,a_only,"{""silent"": 0, ""concordant"": 0, ""a_only"": 40, ""b_only"": 0}",0.5281,0.9526,0.0929,"A-only weak candidate (40 px): View A prob 0.953 vs View B 0.093, but shallow cover 0.528 does not explain missing scarp. Weaker buried-fault support; retained only because field step is strong. May be magnetic lithology edge, not fault. Not verified; low priority for Phase 2.",False
300,39,"[2860, 2877]","[1127, 1141]",356864.1,4221548.7,a_only,"{""silent"": 0, ""concordant"": 0, ""a_only"": 39, ""b_only"": 0}",0.4302,0.9526,0.0883,"A-only weak candidate (39 px): View A prob 0.953 vs View B 0.088, but shallow cover 0.430 does not explain missing scarp. Weaker buried-fault support; retained only because field step is strong. May be magnetic lithology edge, not fault. Not verified; low priority for Phase 2.",False
337,39,"[3197, 3212]","[2159, 2174]",460051.3,4188143.6,a_only,"{""silent"": 0, ""concordant"": 0, ""a_only"": 39, ""b_only"": 0}",0.4366,0.9526,0.1013,"A-only weak candidate (39 px): View A prob 0.953 vs View B 0.101, but shallow cover 0.437 does not explain missing scarp. Weaker buried-fault support; retained only because field step is strong. May be magnetic lithology edge, not fault. Not verified; low priority for Phase 2.",False
27,38,"[299, 308]","[2167, 2182]",460881.6,4478178.9,a_only,"{""silent"": 0, ""concordant"": 0, ""a_only"": 38, ""b_only"": 0}",0.48,0.9526,0.0831,"A-only weak candidate (38 px): View A prob 0.953 vs View B 0.083, but shallow cover 0.480 does not explain missing scarp. Weaker buried-fault support; retained only because field step is strong. May be magnetic lithology edge, not fault. Not verified; low priority for Phase 2.",False
75,38,"[750, 761]","[3065, 3079]",550618.4,4432978.9,a_only,"{""silent"": 0, ""concordant"": 0, ""a_only"": 38, ""b_only"": 0}",0.5259,0.9526,0.0863,"A-only weak candidate (38 px): View A prob 0.953 vs View B 0.086, but shallow cover 0.526 does not explain missing scarp. Weaker buried-fault support; retained only because field step is strong. May be magnetic lithology edge, not fault. Not verified; low priority for Phase 2.",False
371,38,"[3545, 3558]","[2077, 2089]",451723.7,4153365.8,a_only,"{""silent"": 0, ""concordant"": 0, ""a_only"": 38, ""b_only"": 0}",0.3305,0.9526,0.0775,"A-only weak candidate (38 px): View A prob 0.953 vs View B 0.078, but shallow cover 0.331 does not explain missing scarp. Weaker buried-fault support; retained only because field step is strong. May be magnetic lithology edge, not fault. Not verified; low priority for Phase 2.",False
92,36,"[875, 887]","[1107, 1121]",354758.3,4420375.0,a_only,"{""silent"": 0, ""concordant"": 0, ""a_only"": 36, ""b_only"": 0}",0.3701,0.9526,0.0751,"A-only weak candidate (36 px): View A prob 0.953 vs View B 0.075, but shallow cover 0.370 does not explain missing scarp. Weaker buried-fault support; retained only because field step is strong. May be magnetic lithology edge, not fault. Not verified; low priority for Phase 2.",False
194,36,"[1832, 1843]","[2889, 2904]",533016.7,4324594.4,a_only,"{""silent"": 0, ""concordant"": 0, ""a_only"": 36, ""b_only"": 0}",0.4967,0.9526,0.102,"A-only weak candidate (36 px): View A prob 0.953 vs View B 0.102, but shallow cover 0.497 does not explain missing scarp. Weaker buried-fault support; retained only because field step is strong. May be magnetic lithology edge, not fault. Not verified; low priority for Phase 2.",False
199,36,"[1896, 1909]","[927, 941]",336752.8,4318202.8,a_only,"{""silent"": 0, ""concordant"": 0, ""a_only"": 36, ""b_only"": 0}",0.3148,0.9526,0.0794,"A-only weak candidate (36 px): View A prob 0.953 vs View B 0.079, but shallow cover 0.315 does not explain missing scarp. Weaker buried-fault support; retained only because field step is strong. May be magnetic lithology edge, not fault. Not verified; low priority for Phase 2.",False
25,35,"[269, 282]","[1923, 1940]",436548.6,4480945.7,a_only,"{""silent"": 0, ""concordant"": 0, ""a_only"": 35, ""b_only"": 0}",0.5313,0.9526,0.0989,"A-only weak candidate (35 px): View A prob 0.953 vs View B 0.099, but shallow cover 0.531 does not explain missing scarp. Weaker buried-fault support; retained only because field step is strong. May be magnetic lithology edge, not fault. Not verified; low priority for Phase 2.",False
123,35,"[1151, 1168]","[3206, 3218]",564665.7,4392420.0,a_only,"{""silent"": 0, ""concordant"": 0, ""a_only"": 35, ""b_only"": 0}",0.4448,0.9526,0.0979,"A-only weak candidate (35 px): View A prob 0.953 vs View B 0.098, but shallow cover 0.445 does not explain missing scarp. Weaker buried-fault support; retained only because field step is strong. May be magnetic lithology edge, not fault. Not verified; low priority for Phase 2.",False
312,35,"[2943, 2960]","[1618, 1634]",405780.0,4213225.7,a_only,"{""silent"": 0, ""concordant"": 0, ""a_only"": 35, ""b_only"": 0}",0.4417,0.9526,0.0831,"A-only weak candidate (35 px): View A prob 0.953 vs View B 0.083, but shallow cover 0.442 does not explain missing scarp. Weaker buried-fault support; retained only because field step is strong. May be magnetic lithology edge, not fault. Not verified; low priority for Phase 2.",False
112,34,"[1092, 1107]","[1573, 1584]",401208.8,4398479.4,a_only,"{""silent"": 0, ""concordant"": 0, ""a_only"": 34, ""b_only"": 0}",0.4422,0.9526,0.0825,"A-only weak candidate (34 px): View A prob 0.953 vs View B 0.083, but shallow cover 0.442 does not explain missing scarp. Weaker buried-fault support; retained only because field step is strong. May be magnetic lithology edge, not fault. Not verified; low priority for Phase 2.",False
15,33,"[185, 204]","[1213, 1226]",365369.7,4488800.0,a_only,"{""silent"": 0, ""concordant"": 0, ""a_only"": 33, ""b_only"": 0}",0.7058,0.9526,0.1035,"A-only buried fault candidate (33 px, 300m neighborhood): View A prob 0.953 >= conf 0.953 while View B prob 0.104 <= abstain 0.119. Gravity/mag step present, no DEM scarp or radiometric TC step. Synthetic cover depth 0.706 suggests basin fill burial; fault may be range-front under alluvial fan, missing from USGS/INGENIOUS catalogue which relies on surface expression. Alternative: lithologic contact or processing seam; requires field check. Not verified; Phase 2 review needed.",False
143,33,"[1387, 1411]","[1719, 1736]",416269.7,4368881.8,a_only,"{""silent"": 0, ""concordant"": 0, ""a_only"": 33, ""b_only"": 0}",0.5054,0.9526,0.1031,"A-only weak candidate (33 px): View A prob 0.953 vs View B 0.103, but shallow cover 0.505 does not explain missing scarp. Weaker buried-fault support; retained only because field step is strong. May be magnetic lithology edge, not fault. Not verified; low priority for Phase 2.",False
82,32,"[813, 830]","[2733, 2752]",517415.6,4426553.1,a_only,"{""silent"": 0, ""concordant"": 0, ""a_only"": 32, ""b_only"": 0}",0.4041,0.9526,0.1072,"A-only weak candidate (32 px): View A prob 0.953 vs View B 0.107, but shallow cover 0.404 does not explain missing scarp. Weaker buried-fault support; retained only because field step is strong. May be magnetic lithology edge, not fault. Not verified; low priority for Phase 2.",False
215,32,"[2098, 2109]","[3041, 3054]",548190.6,4298125.0,a_only,"{""silent"": 0, ""concordant"": 0, ""a_only"": 32, ""b_only"": 0}",0.6131,0.9526,0.084,"A-only buried fault candidate (32 px, 300m neighborhood): View A prob 0.953 >= conf 0.953 while View B prob 0.084 <= abstain 0.119. Gravity/mag step present, no DEM scarp or radiometric TC step. Synthetic cover depth 0.613 suggests basin fill burial; fault may be range-front under alluvial fan, missing from USGS/INGENIOUS catalogue which relies on surface expression. Alternative: lithologic contact or processing seam; requires field check. Not verified; Phase 2 review needed.",False
359,32,"[3405, 3420]","[2709, 2724]",514950.0,4167250.0,a_only,"{""silent"": 0, ""concordant"": 0, ""a_only"": 32, ""b_only"": 0}",0.71,0.9526,0.0967,"A-only buried fault candidate (32 px, 300m neighborhood): View A prob 0.953 >= conf 0.953 while View B prob 0.097 <= abstain 0.119. Gravity/mag step present, no DEM scarp or radiometric TC step. Synthetic cover depth 0.710 suggests basin fill burial; fault may be range-front under alluvial fan, missing from USGS/INGENIOUS catalogue which relies on surface expression. Alternative: lithologic contact or processing seam; requires field check. Not verified; Phase 2 review needed.",False
47,31,"[462, 473]","[218, 232]",266022.6,4461741.9,a_only,"{""silent"": 0, ""concordant"": 0, ""a_only"": 31, ""b_only"": 0}",0.4411,0.9526,0.0925,"A-only weak candidate (31 px): View A prob 0.953 vs View B 0.093, but shallow cover 0.441 does not explain missing scarp. Weaker buried-fault support; retained only because field step is strong. May be magnetic lithology edge, not fault. Not verified; low priority for Phase 2.",False
41,30,"[392, 403]","[228, 241]",266873.3,4468800.0,a_only,"{""silent"": 0, ""concordant"": 0, ""a_only"": 30, ""b_only"": 0}",0.6471,0.9526,0.0963,"A-only buried fault candidate (30 px, 300m neighborhood): View A prob 0.953 >= conf 0.953 while View B prob 0.096 <= abstain 0.119. Gravity/mag step present, no DEM scarp or radiometric TC step. Synthetic cover depth 0.647 suggests basin fill burial; fault may be range-front under alluvial fan, missing from USGS/INGENIOUS catalogue which relies on surface expression. Alternative: lithologic contact or processing seam; requires field check. Not verified; Phase 2 review needed.",False
99,30,"[936, 948]","[1861, 1879]",430276.7,4414453.3,a_only,"{""silent"": 0, ""concordant"": 0, ""a_only"": 30, ""b_only"": 0}",0.5756,0.9526,0.1011,"A-only buried fault candidate (30 px, 300m neighborhood): View A prob 0.953 >= conf 0.953 while View B prob 0.101 <= abstain 0.119. Gravity/mag step present, no DEM scarp or radiometric TC step. Synthetic cover depth 0.576 suggests basin fill burial; fault may be range-front under alluvial fan, missing from USGS/INGENIOUS catalogue which relies on surface expression. Alternative: lithologic contact or processing seam; requires field check. Not verified; Phase 2 review needed.",False
237,30,"[2239, 2249]","[81, 93]",252126.7,4284053.3,a_only,"{""silent"": 0, ""concordant"": 0, ""a_only"": 30, ""b_only"": 0}",0.4455,0.9526,0.082,"A-only weak candidate (30 px): View A prob 0.953 vs View B 0.082, but shallow cover 0.446 does not explain missing scarp. Weaker buried-fault support; retained only because field step is strong. May be magnetic lithology edge, not fault. Not verified; low priority for Phase 2.",False
288,30,"[2732, 2756]","[3233, 3241]",567180.0,4234383.3,a_only,"{""silent"": 0, ""concordant"": 0, ""a_only"": 30, ""b_only"": 0}",0.4851,0.9526,0.0959,"A-only weak candidate (30 px): View A prob 0.953 vs View B 0.096, but shallow cover 0.485 does not explain missing scarp. Weaker buried-fault support; retained only because field step is strong. May be magnetic lithology edge, not fault. Not verified; low priority for Phase 2.",False
8,29,"[117, 133]","[176, 189]",261744.8,4496217.2,a_only,"{""silent"": 0, ""concordant"": 0, ""a_only"": 29, ""b_only"": 0}",0.4436,0.9526,0.0963,"A-only weak candidate (29 px): View A prob 0.953 vs View B 0.096, but shallow cover 0.444 does not explain missing scarp. Weaker buried-fault support; retained only because field step is strong. May be magnetic lithology edge, not fault. Not verified; low priority for Phase 2.",False
22,29,"[245, 256]","[2519, 2530]",495903.4,4483462.1,a_only,"{""silent"": 0, ""concordant"": 0, ""a_only"": 29, ""b_only"": 0}",0.432,0.9526,0.0994,"A-only weak candidate (29 px): View A prob 0.953 vs View B 0.099, but shallow cover 0.432 does not explain missing scarp. Weaker buried-fault support; retained only because field step is strong. May be magnetic lithology edge, not fault. Not verified; low priority for Phase 2.",False
216,29,"[2111, 2120]","[395, 406]",283555.2,4296951.7,a_only,"{""silent"": 0, ""concordant"": 0, ""a_only"": 29, ""b_only"": 0}",0.5982,0.9526,0.0762,"A-only buried fault candidate (29 px, 300m neighborhood): View A prob 0.953 >= conf 0.953 while View B prob 0.076 <= abstain 0.119. Gravity/mag step present, no DEM scarp or radiometric TC step. Synthetic cover depth 0.598 suggests basin fill burial; fault may be range-front under alluvial fan, missing from USGS/INGENIOUS catalogue which relies on surface expression. Alternative: lithologic contact or processing seam; requires field check. Not verified; Phase 2 review needed.",False
219,29,"[2119, 2132]","[1802, 1811]",424072.4,4295900.0,a_only,"{""silent"": 0, ""concordant"": 0, ""a_only"": 29, ""b_only"": 0}",0.6379,0.9526,0.0957,"A-only buried fault candidate (29 px, 300m neighborhood): View A prob 0.953 >= conf 0.953 while View B prob 0.096 <= abstain 0.119. Gravity/mag step present, no DEM scarp or radiometric TC step. Synthetic cover depth 0.638 suggests basin fill burial; fault may be range-front under alluvial fan, missing from USGS/INGENIOUS catalogue which relies on surface expression. Alternative: lithologic contact or processing seam; requires field check. Not verified; Phase 2 review needed.",False
273,29,"[2592, 2602]","[1625, 1636]",406441.4,4248755.2,a_only,"{""silent"": 0, ""concordant"": 0, ""a_only"": 29, ""b_only"": 0}",0.5481,0.9526,0.0865,"A-only weak candidate (29 px): View A prob 0.953 vs View B 0.087, but shallow cover 0.548 does not explain missing scarp. Weaker buried-fault support; retained only because field step is strong. May be magnetic lithology edge, not fault. Not verified; low priority for Phase 2.",False
313,29,"[2950, 2966]","[2420, 2429]",485858.6,4212737.9,a_only,"{""silent"": 0, ""concordant"": 0, ""a_only"": 29, ""b_only"": 0}",0.5465,0.9526,0.0852,"A-only weak candidate (29 px): View A prob 0.953 vs View B 0.085, but shallow cover 0.547 does not explain missing scarp. Weaker buried-fault support; retained only because field step is strong. May be magnetic lithology edge, not fault. Not verified; low priority for Phase 2.",False
26,27,"[299, 308]","[1871, 1881]",431007.4,4478100.0,a_only,"{""silent"": 0, ""concordant"": 0, ""a_only"": 27, ""b_only"": 0}",0.5906,0.9526,0.0563,"A-only buried fault candidate (27 px, 300m neighborhood): View A prob 0.953 >= conf 0.953 while View B prob 0.056 <= abstain 0.119. Gravity/mag step present, no DEM scarp or radiometric TC step. Synthetic cover depth 0.591 suggests basin fill burial; fault may be range-front under alluvial fan, missing from USGS/INGENIOUS catalogue which relies on surface expression. Alternative: lithologic contact or processing seam; requires field check. Not verified; Phase 2 review needed.",False
36,27,"[362, 372]","[2601, 2610]",503948.1,4471763.0,a_only,"{""silent"": 0, ""concordant"": 0, ""a_only"": 27, ""b_only"": 0}",0.5806,0.9526,0.0919,"A-only buried fault candidate (27 px, 300m neighborhood): View A prob 0.953 >= conf 0.953 while View B prob 0.092 <= abstain 0.119. Gravity/mag step present, no DEM scarp or radiometric TC step. Synthetic cover depth 0.581 suggests basin fill burial; fault may be range-front under alluvial fan, missing from USGS/INGENIOUS catalogue which relies on surface expression. Alternative: lithologic contact or processing seam; requires field check. Not verified; Phase 2 review needed.",False
181,27,"[1699, 1710]","[720, 729]",315829.6,4338070.4,a_only,"{""silent"": 0, ""concordant"": 0, ""a_only"": 27, ""b_only"": 0}",0.4838,0.9526,0.0754,"A-only weak candidate (27 px): View A prob 0.953 vs View B 0.075, but shallow cover 0.484 does not explain missing scarp. Weaker buried-fault support; retained only because field step is strong. May be magnetic lithology edge, not fault. Not verified; low priority for Phase 2.",False
355,27,"[3385, 3396]","[2324, 2332]",476166.7,4169429.6,a_only,"{""silent"": 0, ""concordant"": 0, ""a_only"": 27, ""b_only"": 0}",0.5435,0.9526,0.056,"A-only weak candidate (27 px): View A prob 0.953 vs View B 0.056, but shallow cover 0.544 does not explain missing scarp. Weaker buried-fault support; retained only because field step is strong. May be magnetic lithology edge, not fault. Not verified; low priority for Phase 2.",False
368,27,"[3510, 3522]","[1313, 1328]",375537.0,4157018.5,a_only,"{""silent"": 0, ""concordant"": 0, ""a_only"": 27, ""b_only"": 0}",0.5016,0.9526,0.0883,"A-only weak candidate (27 px): View A prob 0.953 vs View B 0.088, but shallow cover 0.502 does not explain missing scarp. Weaker buried-fault support; retained only because field step is strong. May be magnetic lithology edge, not fault. Not verified; low priority for Phase 2.",False
46,26,"[456, 468]","[2573, 2583]",501265.4,4462200.0,a_only,"{""silent"": 0, ""concordant"": 0, ""a_only"": 26, ""b_only"": 0}",0.4255,0.9526,0.0855,"A-only weak candidate (26 px): View A prob 0.953 vs View B 0.086, but shallow cover 0.425 does not explain missing scarp. Weaker buried-fault support; retained only because field step is strong. May be magnetic lithology edge, not fault. Not verified; low priority for Phase 2.",False
66,26,"[642, 655]","[2472, 2481]",491107.7,4443696.2,a_only,"{""silent"": 0, ""concordant"": 0, ""a_only"": 26, ""b_only"": 0}",0.5796,0.9526,0.1042,"A-only buried fault candidate (26 px, 300m neighborhood): View A prob 0.953 >= conf 0.953 while View B prob 0.104 <= abstain 0.119. Gravity/mag step present, no DEM scarp or radiometric TC step. Synthetic cover depth 0.580 suggests basin fill burial; fault may be range-front under alluvial fan, missing from USGS/INGENIOUS catalogue which relies on surface expression. Alternative: lithologic contact or processing seam; requires field check. Not verified; Phase 2 review needed.",False
102,26,"[983, 996]","[842, 855]",328334.6,4409630.8,a_only,"{""silent"": 0, ""concordant"": 0, ""a_only"": 26, ""b_only"": 0}",0.5658,0.9526,0.1017,"A-only buried fault candidate (26 px, 300m neighborhood): View A prob 0.953 >= conf 0.953 while View B prob 0.102 <= abstain 0.119. Gravity/mag step present, no DEM scarp or radiometric TC step. Synthetic cover depth 0.566 suggests basin fill burial; fault may be range-front under alluvial fan, missing from USGS/INGENIOUS catalogue which relies on surface expression. Alternative: lithologic contact or processing seam; requires field check. Not verified; Phase 2 review needed.",False
193,26,"[1831, 1843]","[497, 507]",293588.5,4324792.3,a_only,"{""silent"": 0, ""concordant"": 0, ""a_only"": 26, ""b_only"": 0}",0.4228,0.9526,0.0938,"A-only weak candidate (26 px): View A prob 0.953 vs View B 0.094, but shallow cover 0.423 does not explain missing scarp. Weaker buried-fault support; retained only because field step is strong. May be magnetic lithology edge, not fault. Not verified; low priority for Phase 2.",False
233,26,"[2218, 2230]","[476, 483]",291338.5,4286103.8,a_only,"{""silent"": 0, ""concordant"": 0, ""a_only"": 26, ""b_only"": 0}",0.5833,0.9526,0.079,"A-only buried fault candidate (26 px, 300m neighborhood): View A prob 0.953 >= conf 0.953 while View B prob 0.079 <= abstain 0.119. Gravity/mag step present, no DEM scarp or radiometric TC step. Synthetic cover depth 0.583 suggests basin fill burial; fault may be range-front under alluvial fan, missing from USGS/INGENIOUS catalogue which relies on surface expression. Alternative: lithologic contact or processing seam; requires field check. Not verified; Phase 2 review needed.",False
262,26,"[2471, 2481]","[1171, 1183]",361057.7,4260907.7,a_only,"{""silent"": 0, ""concordant"": 0, ""a_only"": 26, ""b_only"": 0}",0.313,0.9526,0.0864,"A-only weak candidate (26 px): View A prob 0.953 vs View B 0.086, but shallow cover 0.313 does not explain missing scarp. Weaker buried-fault support; retained only because field step is strong. May be magnetic lithology edge, not fault. Not verified; low priority for Phase 2.",False
52,25,"[543, 554]","[1316, 1326]",375544.0,4453616.0,a_only,"{""silent"": 0, ""concordant"": 0, ""a_only"": 25, ""b_only"": 0}",0.4446,0.9526,0.0864,"A-only weak candidate (25 px): View A prob 0.953 vs View B 0.086, but shallow cover 0.445 does not explain missing scarp. Weaker buried-fault support; retained only because field step is strong. May be magnetic lithology edge, not fault. Not verified; low priority for Phase 2.",False
64,24,"[618, 629]","[1196, 1204]",363395.8,4446183.3,a_only,"{""silent"": 0, ""concordant"": 0, ""a_only"": 24, ""b_only"": 0}",0.5998,0.9526,0.0725,"A-only buried fault candidate (24 px, 300m neighborhood): View A prob 0.953 >= conf 0.953 while View B prob 0.072 <= abstain 0.119. Gravity/mag step present, no DEM scarp or radiometric TC step. Synthetic cover depth 0.600 suggests basin fill burial; fault may be range-front under alluvial fan, missing from USGS/INGENIOUS catalogue which relies on surface expression. Alternative: lithologic contact or processing seam; requires field check. Not verified; Phase 2 review needed.",False
80,24,"[809, 824]","[1128, 1134]",356466.7,4426804.2,a_only,"{""silent"": 0, ""concordant"": 0, ""a_only"": 24, ""b_only"": 0}",0.5851,0.9526,0.0928,"A-only buried fault candidate (24 px, 300m neighborhood): View A prob 0.953 >= conf 0.953 while View B prob 0.093 <= abstain 0.119. Gravity/mag step present, no DEM scarp or radiometric TC step. Synthetic cover depth 0.585 suggests basin fill burial; fault may be range-front under alluvial fan, missing from USGS/INGENIOUS catalogue which relies on surface expression. Alternative: lithologic contact or processing seam; requires field check. Not verified; Phase 2 review needed.",False
173,24,"[1649, 1660]","[315, 328]",275495.8,4343033.3,a_only,"{""silent"": 0, ""concordant"": 0, ""a_only"": 24, ""b_only"": 0}",0.6036,0.9526,0.0924,"A-only buried fault candidate (24 px, 300m neighborhood): View A prob 0.953 >= conf 0.953 while View B prob 0.092 <= abstain 0.119. Gravity/mag step present, no DEM scarp or radiometric TC step. Synthetic cover depth 0.604 suggests basin fill burial; fault may be range-front under alluvial fan, missing from USGS/INGENIOUS catalogue which relies on surface expression. Alternative: lithologic contact or processing seam; requires field check. Not verified; Phase 2 review needed.",False
242,24,"[2268, 2277]","[926, 938]",336554.2,4281179.2,a_only,"{""silent"": 0, ""concordant"": 0, ""a_only"": 24, ""b_only"": 0}",0.3111,0.9526,0.0829,"A-only weak candidate (24 px): View A prob 0.953 vs View B 0.083, but shallow cover 0.311 does not explain missing scarp. Weaker buried-fault support; retained only because field step is strong. May be magnetic lithology edge, not fault. Not verified; low priority for Phase 2.",False
18,23,"[221, 230]","[1312, 1321]",375021.7,4485939.1,a_only,"{""silent"": 0, ""concordant"": 0, ""a_only"": 23, ""b_only"": 0}",0.6257,0.9526,0.0934,"A-only buried fault candidate (23 px, 300m neighborhood): View A prob 0.953 >= conf 0.953 while View B prob 0.093 <= abstain 0.119. Gravity/mag step present, no DEM scarp or radiometric TC step. Synthetic cover depth 0.626 suggests basin fill burial; fault may be range-front under alluvial fan, missing from USGS/INGENIOUS catalogue which relies on surface expression. Alternative: lithologic contact or processing seam; requires field check. Not verified; Phase 2 review needed.",False
133,23,"[1223, 1234]","[644, 655]",308382.6,4385673.9,a_only,"{""silent"": 0, ""concordant"": 0, ""a_only"": 23, ""b_only"": 0}",0.602,0.9526,0.0831,"A-only buried fault candidate (23 px, 300m neighborhood): View A prob 0.953 >= conf 0.953 while View B prob 0.083 <= abstain 0.119. Gravity/mag step present, no DEM scarp or radiometric TC step. Synthetic cover depth 0.602 suggests basin fill burial; fault may be range-front under alluvial fan, missing from USGS/INGENIOUS catalogue which relies on surface expression. Alternative: lithologic contact or processing seam; requires field check. Not verified; Phase 2 review needed.",False
135,23,"[1242, 1264]","[50, 53]",248526.1,4383373.9,a_only,"{""silent"": 0, ""concordant"": 0, ""a_only"": 23, ""b_only"": 0}",0.495,0.9526,0.0815,"A-only weak candidate (23 px): View A prob 0.953 vs View B 0.082, but shallow cover 0.495 does not explain missing scarp. Weaker buried-fault support; retained only because field step is strong. May be magnetic lithology edge, not fault. Not verified; low priority for Phase 2.",False
232,23,"[2198, 2209]","[663, 677]",310443.5,4288195.7,a_only,"{""silent"": 0, ""concordant"": 0, ""a_only"": 23, ""b_only"": 0}",0.2882,0.9526,0.0876,"A-only weak candidate (23 px): View A prob 0.953 vs View B 0.088, but shallow cover 0.288 does not explain missing scarp. Weaker buried-fault support; retained only because field step is strong. May be magnetic lithology edge, not fault. Not verified; low priority for Phase 2.",False
139,22,"[1307, 1329]","[50, 53]",248513.6,4376713.6,a_only,"{""silent"": 0, ""concordant"": 0, ""a_only"": 22, ""b_only"": 0}",0.6377,0.9526,0.0568,"A-only buried fault candidate (22 px, 300m neighborhood): View A prob 0.953 >= conf 0.953 while View B prob 0.057 <= abstain 0.119. Gravity/mag step present, no DEM scarp or radiometric TC step. Synthetic cover depth 0.638 suggests basin fill burial; fault may be range-front under alluvial fan, missing from USGS/INGENIOUS catalogue which relies on surface expression. Alternative: lithologic contact or processing seam; requires field check. Not verified; Phase 2 review needed.",False
206,22,"[1997, 2003]","[2707, 2720]",514795.5,4308477.3,a_only,"{""silent"": 0, ""concordant"": 0, ""a_only"": 22, ""b_only"": 0}",0.4185,0.9526,0.0945,"A-only weak candidate (22 px): View A prob 0.953 vs View B 0.094, but shallow cover 0.419 does not explain missing scarp. Weaker buried-fault support; retained only because field step is strong. May be magnetic lithology edge, not fault. Not verified; low priority for Phase 2.",False
234,22,"[2221, 2234]","[490, 500]",292990.9,4285627.3,a_only,"{""silent"": 0, ""concordant"": 0, ""a_only"": 22, ""b_only"": 0}",0.6751,0.9526,0.0912,"A-only buried fault candidate (22 px, 300m neighborhood): View A prob 0.953 >= conf 0.953 while View B prob 0.091 <= abstain 0.119. Gravity/mag step present, no DEM scarp or radiometric TC step. Synthetic cover depth 0.675 suggests basin fill burial; fault may be range-front under alluvial fan, missing from USGS/INGENIOUS catalogue which relies on surface expression. Alternative: lithologic contact or processing seam; requires field check. Not verified; Phase 2 review needed.",False
56,21,"[568, 578]","[2172, 2182]",461138.1,4451152.4,a_only,"{""silent"": 0, ""concordant"": 0, ""a_only"": 21, ""b_only"": 0}",0.3725,0.9526,0.1032,"A-only weak candidate (21 px): View A prob 0.953 vs View B 0.103, but shallow cover 0.373 does not explain missing scarp. Weaker buried-fault support; retained only because field step is strong. May be magnetic lithology edge, not fault. Not verified; low priority for Phase 2.",False
124,21,"[1157, 1168]","[1814, 1827]",425452.4,4392171.4,a_only,"{""silent"": 0, ""concordant"": 0, ""a_only"": 21, ""b_only"": 0}",0.6055,0.9526,0.0996,"A-only buried fault candidate (21 px, 300m neighborhood): View A prob 0.953 >= conf 0.953 while View B prob 0.100 <= abstain 0.119. Gravity/mag step present, no DEM scarp or radiometric TC step. Synthetic cover depth 0.606 suggests basin fill burial; fault may be range-front under alluvial fan, missing from USGS/INGENIOUS catalogue which relies on surface expression. Alternative: lithologic contact or processing seam; requires field check. Not verified; Phase 2 review needed.",False
178,21,"[1676, 1686]","[1666, 1675]",410514.3,4340423.8,a_only,"{""silent"": 0, ""concordant"": 0, ""a_only"": 21, ""b_only"": 0}",0.5079,0.9526,0.0984,"A-only weak candidate (21 px): View A prob 0.953 vs View B 0.098, but shallow cover 0.508 does not explain missing scarp. Weaker buried-fault support; retained only because field step is strong. May be magnetic lithology edge, not fault. Not verified; low priority for Phase 2.",False
236,20,"[2236, 2250]","[941, 949]",337935.0,4284235.0,a_only,"{""silent"": 0, ""concordant"": 0, ""a_only"": 20, ""b_only"": 0}",0.4774,0.9526,0.1015,"A-only weak candidate (20 px): View A prob 0.953 vs View B 0.101, but shallow cover 0.477 does not explain missing scarp. Weaker buried-fault support; retained only because field step is strong. May be magnetic lithology edge, not fault. Not verified; low priority for Phase 2.",False
280,19,"[2634, 2641]","[1003, 1013]",344252.6,4244663.2,a_only,"{""silent"": 0, ""concordant"": 0, ""a_only"": 19, ""b_only"": 0}",0.5097,0.9526,0.0972,"A-only weak candidate (19 px): View A prob 0.953 vs View B 0.097, but shallow cover 0.510 does not explain missing scarp. Weaker buried-fault support; retained only because field step is strong. May be magnetic lithology edge, not fault. Not verified; low priority for Phase 2.",False
190,18,"[1768, 1775]","[2825, 2836]",526450.0,4331272.2,a_only,"{""silent"": 0, ""concordant"": 0, ""a_only"": 18, ""b_only"": 0}",0.488,0.9526,0.0797,"A-only weak candidate (18 px): View A prob 0.953 vs View B 0.080, but shallow cover 0.488 does not explain missing scarp. Weaker buried-fault support; retained only because field step is strong. May be magnetic lithology edge, not fault. Not verified; low priority for Phase 2.",False
356,18,"[3389, 3397]","[1958, 1969]",439772.2,4169188.9,a_only,"{""silent"": 0, ""concordant"": 0, ""a_only"": 18, ""b_only"": 0}",0.4529,0.9526,0.0855,"A-only weak candidate (18 px): View A prob 0.953 vs View B 0.085, but shallow cover 0.453 does not explain missing scarp. Weaker buried-fault support; retained only because field step is strong. May be magnetic lithology edge, not fault. Not verified; low priority for Phase 2.",False
362,18,"[3435, 3442]","[3026, 3036]",546550.0,4164666.7,a_only,"{""silent"": 0, ""concordant"": 0, ""a_only"": 18, ""b_only"": 0}",0.6706,0.9526,0.1055,"A-only buried fault candidate (18 px, 300m neighborhood): View A prob 0.953 >= conf 0.953 while View B prob 0.105 <= abstain 0.119. Gravity/mag step present, no DEM scarp or radiometric TC step. Synthetic cover depth 0.671 suggests basin fill burial; fault may be range-front under alluvial fan, missing from USGS/INGENIOUS catalogue which relies on surface expression. Alternative: lithologic contact or processing seam; requires field check. Not verified; Phase 2 review needed.",False
316,17,"[2982, 2995]","[494, 504]",293323.5,4209652.9,a_only,"{""silent"": 0, ""concordant"": 0, ""a_only"": 17, ""b_only"": 0}",0.374,0.9526,0.1023,"A-only weak candidate (17 px): View A prob 0.953 vs View B 0.102, but shallow cover 0.374 does not explain missing scarp. Weaker buried-fault support; retained only because field step is strong. May be magnetic lithology edge, not fault. Not verified; low priority for Phase 2.",False
157,16,"[1507, 1521]","[1284, 1292]",372250.0,4357025.0,a_only,"{""silent"": 0, ""concordant"": 0, ""a_only"": 16, ""b_only"": 0}",0.7462,0.9526,0.1064,"A-only buried fault candidate (16 px, 300m neighborhood): View A prob 0.953 >= conf 0.953 while View B prob 0.106 <= abstain 0.119. Gravity/mag step present, no DEM scarp or radiometric TC step. Synthetic cover depth 0.746 suggests basin fill burial; fault may be range-front under alluvial fan, missing from USGS/INGENIOUS catalogue which relies on surface expression. Alternative: lithologic contact or processing seam; requires field check. Not verified; Phase 2 review needed.",False
342,16,"[3257, 3263]","[1468, 1478]",390687.5,4182575.0,a_only,"{""silent"": 0, ""concordant"": 0, ""a_only"": 16, ""b_only"": 0}",0.6993,0.9526,0.0943,"A-only buried fault candidate (16 px, 300m neighborhood): View A prob 0.953 >= conf 0.953 while View B prob 0.094 <= abstain 0.119. Gravity/mag step present, no DEM scarp or radiometric TC step. Synthetic cover depth 0.699 suggests basin fill burial; fault may be range-front under alluvial fan, missing from USGS/INGENIOUS catalogue which relies on surface expression. Alternative: lithologic contact or processing seam; requires field check. Not verified; Phase 2 review needed.",False
19,15,"[226, 238]","[522, 526]",295813.3,4485286.7,a_only,"{""silent"": 0, ""concordant"": 0, ""a_only"": 15, ""b_only"": 0}",0.5301,0.9526,0.1043,"A-only weak candidate (15 px): View A prob 0.953 vs View B 0.104, but shallow cover 0.530 does not explain missing scarp. Weaker buried-fault support; retained only because field step is strong. May be magnetic lithology edge, not fault. Not verified; low priority for Phase 2.",False
28,15,"[313, 329]","[680, 691]",311866.7,4476480.0,a_only,"{""silent"": 0, ""concordant"": 0, ""a_only"": 15, ""b_only"": 0}",0.6734,0.9526,0.111,"A-only buried fault candidate (15 px, 300m neighborhood): View A prob 0.953 >= conf 0.953 while View B prob 0.111 <= abstain 0.119. Gravity/mag step present, no DEM scarp or radiometric TC step. Synthetic cover depth 0.673 suggests basin fill burial; fault may be range-front under alluvial fan, missing from USGS/INGENIOUS catalogue which relies on surface expression. Alternative: lithologic contact or processing seam; requires field check. Not verified; Phase 2 review needed.",False
172,15,"[1636, 1652]","[196, 203]",263440.0,4344180.0,a_only,"{""silent"": 0, ""concordant"": 0, ""a_only"": 15, ""b_only"": 0}",0.502,0.9526,0.1119,"A-only weak candidate (15 px): View A prob 0.953 vs View B 0.112, but shallow cover 0.502 does not explain missing scarp. Weaker buried-fault support; retained only because field step is strong. May be magnetic lithology edge, not fault. Not verified; low priority for Phase 2.",False
209,15,"[2058, 2064]","[1913, 1920]",435026.7,4302346.7,a_only,"{""silent"": 0, ""concordant"": 0, ""a_only"": 15, ""b_only"": 0}",0.7772,0.9526,0.0936,"A-only buried fault candidate (15 px, 300m neighborhood): View A prob 0.953 >= conf 0.953 while View B prob 0.094 <= abstain 0.119. Gravity/mag step present, no DEM scarp or radiometric TC step. Synthetic cover depth 0.777 suggests basin fill burial; fault may be range-front under alluvial fan, missing from USGS/INGENIOUS catalogue which relies on surface expression. Alternative: lithologic contact or processing seam; requires field check. Not verified; Phase 2 review needed.",False
269,15,"[2547, 2555]","[2905, 2910]",534146.7,4253466.7,a_only,"{""silent"": 0, ""concordant"": 0, ""a_only"": 15, ""b_only"": 0}",0.5172,0.9526,0.0949,"A-only weak candidate (15 px): View A prob 0.953 vs View B 0.095, but shallow cover 0.517 does not explain missing scarp. Weaker buried-fault support; retained only because field step is strong. May be magnetic lithology edge, not fault. Not verified; low priority for Phase 2.",False
315,15,"[2981, 2989]","[481, 486]",291760.0,4210013.3,a_only,"{""silent"": 0, ""concordant"": 0, ""a_only"": 15, ""b_only"": 0}",0.4225,0.9526,0.1113,"A-only weak candidate (15 px): View A prob 0.953 vs View B 0.111, but shallow cover 0.423 does not explain missing scarp. Weaker buried-fault support; retained only because field step is strong. May be magnetic lithology edge, not fault. Not verified; low priority for Phase 2.",False
43,14,"[418, 425]","[3079, 3089]",551657.1,4466364.3,a_only,"{""silent"": 0, ""concordant"": 0, ""a_only"": 14, ""b_only"": 0}",0.4394,0.9526,0.0969,"A-only weak candidate (14 px): View A prob 0.953 vs View B 0.097, but shallow cover 0.439 does not explain missing scarp. Weaker buried-fault support; retained only because field step is strong. May be magnetic lithology edge, not fault. Not verified; low priority for Phase 2.",False
53,14,"[547, 554]","[2062, 2067]",449842.9,4453528.6,a_only,"{""silent"": 0, ""concordant"": 0, ""a_only"": 14, ""b_only"": 0}",0.4377,0.9526,0.1019,"A-only weak candidate (14 px): View A prob 0.953 vs View B 0.102, but shallow cover 0.438 does not explain missing scarp. Weaker buried-fault support; retained only because field step is strong. May be magnetic lithology edge, not fault. Not verified; low priority for Phase 2.",False
58,14,"[586, 591]","[2079, 2087]",451692.9,4449628.6,a_only,"{""silent"": 0, ""concordant"": 0, ""a_only"": 14, ""b_only"": 0}",0.4665,0.9526,0.0968,"A-only weak candidate (14 px): View A prob 0.953 vs View B 0.097, but shallow cover 0.467 does not explain missing scarp. Weaker buried-fault support; retained only because field step is strong. May be magnetic lithology edge, not fault. Not verified; low priority for Phase 2.",False
257,14,"[2415, 2420]","[1896, 1902]",433364.3,4266742.9,a_only,"{""silent"": 0, ""concordant"": 0, ""a_only"": 14, ""b_only"": 0}",0.5722,0.9526,0.0722,"A-only buried fault candidate (14 px, 300m neighborhood): View A prob 0.953 >= conf 0.953 while View B prob 0.072 <= abstain 0.119. Gravity/mag step present, no DEM scarp or radiometric TC step. Synthetic cover depth 0.572 suggests basin fill burial; fault may be range-front under alluvial fan, missing from USGS/INGENIOUS catalogue which relies on surface expression. Alternative: lithologic contact or processing seam; requires field check. Not verified; Phase 2 review needed.",False
324,14,"[3014, 3025]","[1884, 1888]",431985.7,4206550.0,a_only,"{""silent"": 0, ""concordant"": 0, ""a_only"": 14, ""b_only"": 0}",0.4799,0.9526,0.0862,"A-only weak candidate (14 px): View A prob 0.953 vs View B 0.086, but shallow cover 0.480 does not explain missing scarp. Weaker buried-fault support; retained only because field step is strong. May be magnetic lithology edge, not fault. Not verified; low priority for Phase 2.",False
48,13,"[468, 476]","[2027, 2033]",446392.3,4461238.5,a_only,"{""silent"": 0, ""concordant"": 0, ""a_only"": 13, ""b_only"": 0}",0.5064,0.9526,0.087,"A-only weak candidate (13 px): View A prob 0.953 vs View B 0.087, but shallow cover 0.506 does not explain missing scarp. Weaker buried-fault support; retained only because field step is strong. May be magnetic lithology edge, not fault. Not verified; low priority for Phase 2.",False
254,13,"[2391, 2398]","[1125, 1131]",356215.4,4269030.8,a_only,"{""silent"": 0, ""concordant"": 0, ""a_only"": 13, ""b_only"": 0}",0.5302,0.9526,0.0742,"A-only weak candidate (13 px): View A prob 0.953 vs View B 0.074, but shallow cover 0.530 does not explain missing scarp. Weaker buried-fault support; retained only because field step is strong. May be magnetic lithology edge, not fault. Not verified; low priority for Phase 2.",False
289,13,"[2738, 2749]","[1526, 1532]",396207.7,4234138.5,a_only,"{""silent"": 0, ""concordant"": 0, ""a_only"": 13, ""b_only"": 0}",0.4355,0.9526,0.1038,"A-only weak candidate (13 px): View A prob 0.953 vs View B 0.104, but shallow cover 0.436 does not explain missing scarp. Weaker buried-fault support; retained only because field step is strong. May be magnetic lithology edge, not fault. Not verified; low priority for Phase 2.",False
295,13,"[2812, 2817]","[1446, 1452]",388269.2,4227061.5,a_only,"{""silent"": 0, ""concordant"": 0, ""a_only"": 13, ""b_only"": 0}",0.486,0.9526,0.0755,"A-only weak candidate (13 px): View A prob 0.953 vs View B 0.075, but shallow cover 0.486 does not explain missing scarp. Weaker buried-fault support; retained only because field step is strong. May be magnetic lithology edge, not fault. Not verified; low priority for Phase 2.",False
375,13,"[3569, 3575]","[3107, 3112]",554346.2,4151315.4,a_only,"{""silent"": 0, ""concordant"": 0, ""a_only"": 13, ""b_only"": 0}",0.4412,0.9526,0.0629,"A-only weak candidate (13 px): View A prob 0.953 vs View B 0.063, but shallow cover 0.441 does not explain missing scarp. Weaker buried-fault support; retained only because field step is strong. May be magnetic lithology edge, not fault. Not verified; low priority for Phase 2.",False
117,12,"[1125, 1132]","[2537, 2543]",497350.0,4395650.0,a_only,"{""silent"": 0, ""concordant"": 0, ""a_only"": 12, ""b_only"": 0}",0.3865,0.9526,0.1023,"A-only weak candidate (12 px): View A prob 0.953 vs View B 0.102, but shallow cover 0.387 does not explain missing scarp. Weaker buried-fault support; retained only because field step is strong. May be magnetic lithology edge, not fault. Not verified; low priority for Phase 2.",False
208,12,"[2053, 2060]","[2580, 2583]",501516.7,4302841.7,a_only,"{""silent"": 0, ""concordant"": 0, ""a_only"": 12, ""b_only"": 0}",0.25,0.9526,0.1064,"A-only weak candidate (12 px): View A prob 0.953 vs View B 0.106, but shallow cover 0.250 does not explain missing scarp. Weaker buried-fault support; retained only because field step is strong. May be magnetic lithology edge, not fault. Not verified; low priority for Phase 2.",False
244,12,"[2291, 2299]","[3237, 3240]",567266.7,4279000.0,a_only,"{""silent"": 0, ""concordant"": 0, ""a_only"": 12, ""b_only"": 0}",0.4042,0.9526,0.0869,"A-only weak candidate (12 px): View A prob 0.953 vs View B 0.087, but shallow cover 0.404 does not explain missing scarp. Weaker buried-fault support; retained only because field step is strong. May be magnetic lithology edge, not fault. Not verified; low priority for Phase 2.",False
251,12,"[2337, 2343]","[1776, 1782]",421316.7,4274491.7,a_only,"{""silent"": 0, ""concordant"": 0, ""a_only"": 12, ""b_only"": 0}",0.3925,0.9526,0.0845,"A-only weak candidate (12 px): View A prob 0.953 vs View B 0.084, but shallow cover 0.392 does not explain missing scarp. Weaker buried-fault support; retained only because field step is strong. May be magnetic lithology edge, not fault. Not verified; low priority for Phase 2.",False
263,12,"[2475, 2480]","[1057, 1063]",349408.3,4260750.0,a_only,"{""silent"": 0, ""concordant"": 0, ""a_only"": 12, ""b_only"": 0}",0.5415,0.9526,0.1089,"A-only weak candidate (12 px): View A prob 0.953 vs View B 0.109, but shallow cover 0.541 does not explain missing scarp. Weaker buried-fault support; retained only because field step is strong. May be magnetic lithology edge, not fault. Not verified; low priority for Phase 2.",False
334,12,"[3122, 3130]","[2739, 2744]",517516.7,4195875.0,a_only,"{""silent"": 0, ""concordant"": 0, ""a_only"": 12, ""b_only"": 0}",0.5161,0.9526,0.0979,"A-only weak candidate (12 px): View A prob 0.953 vs View B 0.098, but shallow cover 0.516 does not explain missing scarp. Weaker buried-fault support; retained only because field step is strong. May be magnetic lithology edge, not fault. Not verified; low priority for Phase 2.",False
140,11,"[1344, 1346]","[1826, 1840]",426790.9,4374018.2,a_only,"{""silent"": 0, ""concordant"": 0, ""a_only"": 11, ""b_only"": 0}",0.468,0.9526,0.1048,"A-only weak candidate (11 px): View A prob 0.953 vs View B 0.105, but shallow cover 0.468 does not explain missing scarp. Weaker buried-fault support; retained only because field step is strong. May be magnetic lithology edge, not fault. Not verified; low priority for Phase 2.",False
144,11,"[1396, 1405]","[1587, 1591]",402327.3,4368381.8,a_only,"{""silent"": 0, ""concordant"": 0, ""a_only"": 11, ""b_only"": 0}",0.6751,0.9526,0.1044,"A-only buried fault candidate (11 px, 300m neighborhood): View A prob 0.953 >= conf 0.953 while View B prob 0.104 <= abstain 0.119. Gravity/mag step present, no DEM scarp or radiometric TC step. Synthetic cover depth 0.675 suggests basin fill burial; fault may be range-front under alluvial fan, missing from USGS/INGENIOUS catalogue which relies on surface expression. Alternative: lithologic contact or processing seam; requires field check. Not verified; Phase 2 review needed.",False
9,10,"[134, 140]","[2260, 2263]",469510.0,4494790.0,a_only,"{""silent"": 0, ""concordant"": 0, ""a_only"": 10, ""b_only"": 0}",0.5957,0.9526,0.0909,"A-only buried fault candidate (10 px, 300m neighborhood): View A prob 0.953 >= conf 0.953 while View B prob 0.091 <= abstain 0.119. Gravity/mag step present, no DEM scarp or radiometric TC step. Synthetic cover depth 0.596 suggests basin fill burial; fault may be range-front under alluvial fan, missing from USGS/INGENIOUS catalogue which relies on surface expression. Alternative: lithologic contact or processing seam; requires field check. Not verified; Phase 2 review needed.",False
73,10,"[730, 734]","[1057, 1063]",349460.0,4435260.0,a_only,"{""silent"": 0, ""concordant"": 0, ""a_only"": 10, ""b_only"": 0}",0.4344,0.9526,0.1123,"A-only weak candidate (10 px): View A prob 0.953 vs View B 0.112, but shallow cover 0.434 does not explain missing scarp. Weaker buried-fault support; retained only because field step is strong. May be magnetic lithology edge, not fault. Not verified; low priority for Phase 2.",False
187,10,"[1753, 1759]","[1158, 1165]",359500.0,4332890.0,a_only,"{""silent"": 0, ""concordant"": 0, ""a_only"": 10, ""b_only"": 0}",0.5411,0.9526,0.0994,"A-only weak candidate (10 px): View A prob 0.953 vs View B 0.099, but shallow cover 0.541 does not explain missing scarp. Weaker buried-fault support; retained only because field step is strong. May be magnetic lithology edge, not fault. Not verified; low priority for Phase 2.",False
229,10,"[2180, 2185]","[232, 238]",266950.0,4290260.0,a_only,"{""silent"": 0, ""concordant"": 0, ""a_only"": 10, ""b_only"": 0}",0.4331,0.9526,0.0964,"A-only weak candidate (10 px): View A prob 0.953 vs View B 0.096, but shallow cover 0.433 does not explain missing scarp. Weaker buried-fault support; retained only because field step is strong. May be magnetic lithology edge, not fault. Not verified; low priority for Phase 2.",False
147,9,"[1419, 1427]","[1735, 1738]",417000.0,4366133.3,a_only,"{""silent"": 0, ""concordant"": 0, ""a_only"": 9, ""b_only"": 0}",0.5684,0.9526,0.105,"A-only buried fault candidate (9 px, 300m neighborhood): View A prob 0.953 >= conf 0.953 while View B prob 0.105 <= abstain 0.119. Gravity/mag step present, no DEM scarp or radiometric TC step. Synthetic cover depth 0.568 suggests basin fill burial; fault may be range-front under alluvial fan, missing from USGS/INGENIOUS catalogue which relies on surface expression. Alternative: lithologic contact or processing seam; requires field check. Not verified; Phase 2 review needed.",False
231,9,"[2196, 2200]","[1890, 1893]",432566.7,4288700.0,a_only,"{""silent"": 0, ""concordant"": 0, ""a_only"": 9, ""b_only"": 0}",0.3178,0.9526,0.106,"A-only weak candidate (9 px): View A prob 0.953 vs View B 0.106, but shallow cover 0.318 does not explain missing scarp. Weaker buried-fault support; retained only because field step is strong. May be magnetic lithology edge, not fault. Not verified; low priority for Phase 2.",False
101,8,"[975, 980]","[1994, 1998]",442962.5,4410762.5,a_only,"{""silent"": 0, ""concordant"": 0, ""a_only"": 8, ""b_only"": 0}",0.4001,0.9526,0.1091,"A-only weak candidate (8 px): View A prob 0.953 vs View B 0.109, but shallow cover 0.400 does not explain missing scarp. Weaker buried-fault support; retained only because field step is strong. May be magnetic lithology edge, not fault. Not verified; low priority for Phase 2.",False
180,8,"[1679, 1686]","[2732, 2740]",517037.5,4340262.5,a_only,"{""silent"": 0, ""concordant"": 0, ""a_only"": 8, ""b_only"": 0}",0.5129,0.9526,0.1089,"A-only weak candidate (8 px): View A prob 0.953 vs View B 0.109, but shallow cover 0.513 does not explain missing scarp. Weaker buried-fault support; retained only because field step is strong. May be magnetic lithology edge, not fault. Not verified; low priority for Phase 2.",False
286,8,"[2705, 2709]","[2737, 2741]",517312.5,4237812.5,a_only,"{""silent"": 0, ""concordant"": 0, ""a_only"": 8, ""b_only"": 0}",0.3763,0.9526,0.0836,"A-only weak candidate (8 px): View A prob 0.953 vs View B 0.084, but shallow cover 0.376 does not explain missing scarp. Weaker buried-fault support; retained only because field step is strong. May be magnetic lithology edge, not fault. Not verified; low priority for Phase 2.",False
89,7,"[864, 867]","[1897, 1901]",433300.0,4421914.3,a_only,"{""silent"": 0, ""concordant"": 0, ""a_only"": 7, ""b_only"": 0}",0.6728,0.9526,0.1121,"A-only buried fault candidate (7 px, 300m neighborhood): View A prob 0.953 >= conf 0.953 while View B prob 0.112 <= abstain 0.119. Gravity/mag step present, no DEM scarp or radiometric TC step. Synthetic cover depth 0.673 suggests basin fill burial; fault may be range-front under alluvial fan, missing from USGS/INGENIOUS catalogue which relies on surface expression. Alternative: lithologic contact or processing seam; requires field check. Not verified; Phase 2 review needed.",False
98,7,"[927, 930]","[465, 470]",290242.9,4415685.7,a_only,"{""silent"": 0, ""concordant"": 0, ""a_only"": 7, ""b_only"": 0}",0.5692,0.9526,0.1123,"A-only buried fault candidate (7 px, 300m neighborhood): View A prob 0.953 >= conf 0.953 while View B prob 0.112 <= abstain 0.119. Gravity/mag step present, no DEM scarp or radiometric TC step. Synthetic cover depth 0.569 suggests basin fill burial; fault may be range-front under alluvial fan, missing from USGS/INGENIOUS catalogue which relies on surface expression. Alternative: lithologic contact or processing seam; requires field check. Not verified; Phase 2 review needed.",False
220,7,"[2129, 2132]","[3023, 3026]",545857.1,4295428.6,a_only,"{""silent"": 0, ""concordant"": 0, ""a_only"": 7, ""b_only"": 0}",0.4616,0.9526,0.0649,"A-only weak candidate (7 px): View A prob 0.953 vs View B 0.065, but shallow cover 0.462 does not explain missing scarp. Weaker buried-fault support; retained only because field step is strong. May be magnetic lithology edge, not fault. Not verified; low priority for Phase 2.",False
241,7,"[2261, 2265]","[2823, 2826]",525842.9,4282214.3,a_only,"{""silent"": 0, ""concordant"": 0, ""a_only"": 7, ""b_only"": 0}",0.3955,0.9526,0.0606,"A-only weak candidate (7 px): View A prob 0.953 vs View B 0.061, but shallow cover 0.395 does not explain missing scarp. Weaker buried-fault support; retained only because field step is strong. May be magnetic lithology edge, not fault. Not verified; low priority for Phase 2.",False
258,7,"[2421, 2427]","[3051, 3056]",548714.3,4266171.4,a_only,"{""silent"": 0, ""concordant"": 0, ""a_only"": 7, ""b_only"": 0}",0.7666,0.9526,0.0617,"A-only buried fault candidate (7 px, 300m neighborhood): View A prob 0.953 >= conf 0.953 while View B prob 0.062 <= abstain 0.119. Gravity/mag step present, no DEM scarp or radiometric TC step. Synthetic cover depth 0.767 suggests basin fill burial; fault may be range-front under alluvial fan, missing from USGS/INGENIOUS catalogue which relies on surface expression. Alternative: lithologic contact or processing seam; requires field check. Not verified; Phase 2 review needed.",False
357,7,"[3392, 3396]","[1894, 1898]",432985.7,4169100.0,a_only,"{""silent"": 0, ""concordant"": 0, ""a_only"": 7, ""b_only"": 0}",0.6061,0.9526,0.0521,"A-only buried fault candidate (7 px, 300m neighborhood): View A prob 0.953 >= conf 0.953 while View B prob 0.052 <= abstain 0.119. Gravity/mag step present, no DEM scarp or radiometric TC step. Synthetic cover depth 0.606 suggests basin fill burial; fault may be range-front under alluvial fan, missing from USGS/INGENIOUS catalogue which relies on surface expression. Alternative: lithologic contact or processing seam; requires field check. Not verified; Phase 2 review needed.",False
54,6,"[548, 552]","[1480, 1484]",391616.7,4453516.7,a_only,"{""silent"": 0, ""concordant"": 0, ""a_only"": 6, ""b_only"": 0}",0.5545,0.9526,0.0967,"A-only buried fault candidate (6 px, 300m neighborhood): View A prob 0.953 >= conf 0.953 while View B prob 0.097 <= abstain 0.119. Gravity/mag step present, no DEM scarp or radiometric TC step. Synthetic cover depth 0.555 suggests basin fill burial; fault may be range-front under alluvial fan, missing from USGS/INGENIOUS catalogue which relies on surface expression. Alternative: lithologic contact or processing seam; requires field check. Not verified; Phase 2 review needed.",False
90,6,"[866, 868]","[2996, 2998]",543100.0,4421816.7,a_only,"{""silent"": 0, ""concordant"": 0, ""a_only"": 6, ""b_only"": 0}",0.4687,0.9526,0.0787,"A-only weak candidate (6 px): View A prob 0.953 vs View B 0.079, but shallow cover 0.469 does not explain missing scarp. Weaker buried-fault support; retained only because field step is strong. May be magnetic lithology edge, not fault. Not verified; low priority for Phase 2.",False
134,6,"[1229, 1235]","[1287, 1293]",372366.7,4385233.3,a_only,"{""silent"": 0, ""concordant"": 0, ""a_only"": 6, ""b_only"": 0}",0.5669,0.9526,0.103,"A-only buried fault candidate (6 px, 300m neighborhood): View A prob 0.953 >= conf 0.953 while View B prob 0.103 <= abstain 0.119. Gravity/mag step present, no DEM scarp or radiometric TC step. Synthetic cover depth 0.567 suggests basin fill burial; fault may be range-front under alluvial fan, missing from USGS/INGENIOUS catalogue which relies on surface expression. Alternative: lithologic contact or processing seam; requires field check. Not verified; Phase 2 review needed.",False
221,6,"[2132, 2135]","[1487, 1492]",392416.7,4295133.3,a_only,"{""silent"": 0, ""concordant"": 0, ""a_only"": 6, ""b_only"": 0}",0.5864,0.9526,0.082,"A-only buried fault candidate (6 px, 300m neighborhood): View A prob 0.953 >= conf 0.953 while View B prob 0.082 <= abstain 0.119. Gravity/mag step present, no DEM scarp or radiometric TC step. Synthetic cover depth 0.586 suggests basin fill burial; fault may be range-front under alluvial fan, missing from USGS/INGENIOUS catalogue which relies on surface expression. Alternative: lithologic contact or processing seam; requires field check. Not verified; Phase 2 review needed.",False
225,6,"[2150, 2153]","[1093, 1096]",352850.0,4293316.7,a_only,"{""silent"": 0, ""concordant"": 0, ""a_only"": 6, ""b_only"": 0}",0.7807,0.9526,0.0501,"A-only buried fault candidate (6 px, 300m neighborhood): View A prob 0.953 >= conf 0.953 while View B prob 0.050 <= abstain 0.119. Gravity/mag step present, no DEM scarp or radiometric TC step. Synthetic cover depth 0.781 suggests basin fill burial; fault may be range-front under alluvial fan, missing from USGS/INGENIOUS catalogue which relies on surface expression. Alternative: lithologic contact or processing seam; requires field check. Not verified; Phase 2 review needed.",False
292,6,"[2755, 2761]","[1051, 1055]",348716.7,4232750.0,a_only,"{""silent"": 0, ""concordant"": 0, ""a_only"": 6, ""b_only"": 0}",0.3787,0.9526,0.1085,"A-only weak candidate (6 px): View A prob 0.953 vs View B 0.108, but shallow cover 0.379 does not explain missing scarp. Weaker buried-fault support; retained only because field step is strong. May be magnetic lithology edge, not fault. Not verified; low priority for Phase 2.",False
151,5,"[1436, 1438]","[3216, 3218]",565100.0,4364780.0,a_only,"{""silent"": 0, ""concordant"": 0, ""a_only"": 5, ""b_only"": 0}",0.2511,0.9526,0.1022,"A-only weak candidate (5 px): View A prob 0.953 vs View B 0.102, but shallow cover 0.251 does not explain missing scarp. Weaker buried-fault support; retained only because field step is strong. May be magnetic lithology edge, not fault. Not verified; low priority for Phase 2.",False
223,5,"[2141, 2144]","[1977, 1979]",441200.0,4294300.0,a_only,"{""silent"": 0, ""concordant"": 0, ""a_only"": 5, ""b_only"": 0}",0.5261,0.9526,0.1164,"A-only weak candidate (5 px): View A prob 0.953 vs View B 0.116, but shallow cover 0.526 does not explain missing scarp. Weaker buried-fault support; retained only because field step is strong. May be magnetic lithology edge, not fault. Not verified; low priority for Phase 2.",False
248,5,"[2303, 2305]","[726, 727]",316060.0,4278080.0,a_only,"{""silent"": 0, ""concordant"": 0, ""a_only"": 5, ""b_only"": 0}",0.2288,0.9526,0.1149,"A-only weak candidate (5 px): View A prob 0.953 vs View B 0.115, but shallow cover 0.229 does not explain missing scarp. Weaker buried-fault support; retained only because field step is strong. May be magnetic lithology edge, not fault. Not verified; low priority for Phase 2.",False
276,5,"[2618, 2622]","[1012, 1015]",344760.0,4246500.0,a_only,"{""silent"": 0, ""concordant"": 0, ""a_only"": 5, ""b_only"": 0}",0.5278,0.9526,0.1055,"A-only weak candidate (5 px): View A prob 0.953 vs View B 0.106, but shallow cover 0.528 does not explain missing scarp. Weaker buried-fault support; retained only because field step is strong. May be magnetic lithology edge, not fault. Not verified; low priority for Phase 2.",False
343,5,"[3259, 3262]","[1348, 1350]",378320.0,4182420.0,a_only,"{""silent"": 0, ""concordant"": 0, ""a_only"": 5, ""b_only"": 0}",0.4175,0.9526,0.0633,"A-only weak candidate (5 px): View A prob 0.953 vs View B 0.063, but shallow cover 0.418 does not explain missing scarp. Weaker buried-fault support; retained only because field step is strong. May be magnetic lithology edge, not fault. Not verified; low priority for Phase 2.",False
346,5,"[3298, 3300]","[57, 61]",249280.0,4178620.0,a_only,"{""silent"": 0, ""concordant"": 0, ""a_only"": 5, ""b_only"": 0}",0.6147,0.9526,0.1082,"A-only buried fault candidate (5 px, 300m neighborhood): View A prob 0.953 >= conf 0.953 while View B prob 0.108 <= abstain 0.119. Gravity/mag step present, no DEM scarp or radiometric TC step. Synthetic cover depth 0.615 suggests basin fill burial; fault may be range-front under alluvial fan, missing from USGS/INGENIOUS catalogue which relies on surface expression. Alternative: lithologic contact or processing seam; requires field check. Not verified; Phase 2 review needed.",False
374,5,"[3562, 3565]","[1025, 1027]",346020.0,4152180.0,a_only,"{""silent"": 0, ""concordant"": 0, ""a_only"": 5, ""b_only"": 0}",0.4618,0.9526,0.0814,"A-only weak candidate (5 px): View A prob 0.953 vs View B 0.081, but shallow cover 0.462 does not explain missing scarp. Weaker buried-fault support; retained only because field step is strong. May be magnetic lithology edge, not fault. Not verified; low priority for Phase 2.",False
1,4,"[50, 52]","[602, 605]",303775.0,4503400.0,a_only,"{""silent"": 0, ""concordant"": 0, ""a_only"": 4, ""b_only"": 0}",0.3411,0.9526,0.0912,"A-only weak candidate (4 px): View A prob 0.953 vs View B 0.091, but shallow cover 0.341 does not explain missing scarp. Weaker buried-fault support; retained only because field step is strong. May be magnetic lithology edge, not fault. Not verified; low priority for Phase 2.",False
2,4,"[50, 51]","[2319, 2329]",475750.0,4503425.0,a_only,"{""silent"": 0, ""concordant"": 0, ""a_only"": 4, ""b_only"": 0}",0.4403,0.9526,0.1039,"A-only weak candidate (4 px): View A prob 0.953 vs View B 0.104, but shallow cover 0.440 does not explain missing scarp. Weaker buried-fault support; retained only because field step is strong. May be magnetic lithology edge, not fault. Not verified; low priority for Phase 2.",False
68,4,"[649, 653]","[3240, 3241]",567450.0,4443400.0,a_only,"{""silent"": 0, ""concordant"": 0, ""a_only"": 4, ""b_only"": 0}",0.3974,0.9526,0.0975,"A-only weak candidate (4 px): View A prob 0.953 vs View B 0.097, but shallow cover 0.397 does not explain missing scarp. Weaker buried-fault support; retained only because field step is strong. May be magnetic lithology edge, not fault. Not verified; low priority for Phase 2.",False
76,4,"[765, 768]","[865, 866]",329975.0,4431825.0,a_only,"{""silent"": 0, ""concordant"": 0, ""a_only"": 4, ""b_only"": 0}",0.2754,0.9526,0.1029,"A-only weak candidate (4 px): View A prob 0.953 vs View B 0.103, but shallow cover 0.275 does not explain missing scarp. Weaker buried-fault support; retained only because field step is strong. May be magnetic lithology edge, not fault. Not verified; low priority for Phase 2.",False
152,4,"[1442, 1444]","[1734, 1736]",416850.0,4364225.0,a_only,"{""silent"": 0, ""concordant"": 0, ""a_only"": 4, ""b_only"": 0}",0.5409,0.9526,0.1079,"A-only weak candidate (4 px): View A prob 0.953 vs View B 0.108, but shallow cover 0.541 does not explain missing scarp. Weaker buried-fault support; retained only because field step is strong. May be magnetic lithology edge, not fault. Not verified; low priority for Phase 2.",False
259,4,"[2422, 2424]","[1996, 1997]",443050.0,4266175.0,a_only,"{""silent"": 0, ""concordant"": 0, ""a_only"": 4, ""b_only"": 0}",0.4071,0.9526,0.1028,"A-only weak candidate (4 px): View A prob 0.953 vs View B 0.103, but shallow cover 0.407 does not explain missing scarp. Weaker buried-fault support; retained only because field step is strong. May be magnetic lithology edge, not fault. Not verified; low priority for Phase 2.",False
345,4,"[3295, 3296]","[2834, 2836]",526900.0,4178975.0,a_only,"{""silent"": 0, ""concordant"": 0, ""a_only"": 4, ""b_only"": 0}",0.4363,0.9526,0.0963,"A-only weak candidate (4 px): View A prob 0.953 vs View B 0.096, but shallow cover 0.436 does not explain missing scarp. Weaker buried-fault support; retained only because field step is strong. May be magnetic lithology edge, not fault. Not verified; low priority for Phase 2.",False
126,3,"[1160, 1163]","[3241, 3241]",567500.0,4392366.7,a_only,"{""silent"": 0, ""concordant"": 0, ""a_only"": 3, ""b_only"": 0}",0.5628,0.9526,0.088,"A-only buried fault candidate (3 px, 300m neighborhood): View A prob 0.953 >= conf 0.953 while View B prob 0.088 <= abstain 0.119. Gravity/mag step present, no DEM scarp or radiometric TC step. Synthetic cover depth 0.563 suggests basin fill burial; fault may be range-front under alluvial fan, missing from USGS/INGENIOUS catalogue which relies on surface expression. Alternative: lithologic contact or processing seam; requires field check. Not verified; Phase 2 review needed.",False
145,3,"[1404, 1407]","[1716, 1718]",415133.3,4367933.3,a_only,"{""silent"": 0, ""concordant"": 0, ""a_only"": 3, ""b_only"": 0}",0.461,0.9526,0.1157,"A-only weak candidate (3 px): View A prob 0.953 vs View B 0.116, but shallow cover 0.461 does not explain missing scarp. Weaker buried-fault support; retained only because field step is strong. May be magnetic lithology edge, not fault. Not verified; low priority for Phase 2.",False
191,3,"[1777, 1780]","[700, 703]",313533.3,4330700.0,a_only,"{""silent"": 0, ""concordant"": 0, ""a_only"": 3, ""b_only"": 0}",0.6288,0.9526,0.1148,"A-only buried fault candidate (3 px, 300m neighborhood): View A prob 0.953 >= conf 0.953 while View B prob 0.115 <= abstain 0.119. Gravity/mag step present, no DEM scarp or radiometric TC step. Synthetic cover depth 0.629 suggests basin fill burial; fault may be range-front under alluvial fan, missing from USGS/INGENIOUS catalogue which relies on surface expression. Alternative: lithologic contact or processing seam; requires field check. Not verified; Phase 2 review needed.",False
302,3,"[2890, 2892]","[751, 751]",318500.0,4219400.0,a_only,"{""silent"": 0, ""concordant"": 0, ""a_only"": 3, ""b_only"": 0}",0.4604,0.9526,0.1047,"A-only weak candidate (3 px): View A prob 0.953 vs View B 0.105, but shallow cover 0.460 does not explain missing scarp. Weaker buried-fault support; retained only because field step is strong. May be magnetic lithology edge, not fault. Not verified; low priority for Phase 2.",False
94,2,"[884, 885]","[3174, 3174]",560800.0,4420050.0,a_only,"{""silent"": 0, ""concordant"": 0, ""a_only"": 2, ""b_only"": 0}",0.4901,0.9526,0.1093,"A-only weak candidate (2 px): View A prob 0.953 vs View B 0.109, but shallow cover 0.490 does not explain missing scarp. Weaker buried-fault support; retained only because field step is strong. May be magnetic lithology edge, not fault. Not verified; low priority for Phase 2.",False
114,2,"[1109, 1110]","[3107, 3107]",554100.0,4397550.0,a_only,"{""silent"": 0, ""concordant"": 0, ""a_only"": 2, ""b_only"": 0}",0.5605,0.9526,0.0968,"A-only buried fault candidate (2 px, 300m neighborhood): View A prob 0.953 >= conf 0.953 while View B prob 0.097 <= abstain 0.119. Gravity/mag step present, no DEM scarp or radiometric TC step. Synthetic cover depth 0.561 suggests basin fill burial; fault may be range-front under alluvial fan, missing from USGS/INGENIOUS catalogue which relies on surface expression. Alternative: lithologic contact or processing seam; requires field check. Not verified; Phase 2 review needed.",False
128,2,"[1183, 1186]","[2306, 2307]",474050.0,4390050.0,a_only,"{""silent"": 0, ""concordant"": 0, ""a_only"": 2, ""b_only"": 0}",0.3704,0.9526,0.1129,"A-only weak candidate (2 px): View A prob 0.953 vs View B 0.113, but shallow cover 0.370 does not explain missing scarp. Weaker buried-fault support; retained only because field step is strong. May be magnetic lithology edge, not fault. Not verified; low priority for Phase 2.",False
149,2,"[1427, 1428]","[1921, 1922]",435550.0,4365750.0,a_only,"{""silent"": 0, ""concordant"": 0, ""a_only"": 2, ""b_only"": 0}",0.5768,0.9526,0.1166,"A-only buried fault candidate (2 px, 300m neighborhood): View A prob 0.953 >= conf 0.953 while View B prob 0.117 <= abstain 0.119. Gravity/mag step present, no DEM scarp or radiometric TC step. Synthetic cover depth 0.577 suggests basin fill burial; fault may be range-front under alluvial fan, missing from USGS/INGENIOUS catalogue which relies on surface expression. Alternative: lithologic contact or processing seam; requires field check. Not verified; Phase 2 review needed.",False
166,2,"[1572, 1572]","[1702, 1703]",413650.0,4351300.0,a_only,"{""silent"": 0, ""concordant"": 0, ""a_only"": 2, ""b_only"": 0}",0.2995,0.9526,0.1135,"A-only weak candidate (2 px): View A prob 0.953 vs View B 0.113, but shallow cover 0.299 does not explain missing scarp. Weaker buried-fault support; retained only because field step is strong. May be magnetic lithology edge, not fault. Not verified; low priority for Phase 2.",False
192,2,"[1830, 1830]","[1835, 1836]",426950.0,4325500.0,a_only,"{""silent"": 0, ""concordant"": 0, ""a_only"": 2, ""b_only"": 0}",0.5013,0.9526,0.1175,"A-only weak candidate (2 px): View A prob 0.953 vs View B 0.118, but shallow cover 0.501 does not explain missing scarp. Weaker buried-fault support; retained only because field step is strong. May be magnetic lithology edge, not fault. Not verified; low priority for Phase 2.",False
204,2,"[1975, 1981]","[1064, 1065]",349850.0,4310700.0,a_only,"{""silent"": 0, ""concordant"": 0, ""a_only"": 2, ""b_only"": 0}",0.3372,0.9526,0.1125,"A-only weak candidate (2 px): View A prob 0.953 vs View B 0.112, but shallow cover 0.337 does not explain missing scarp. Weaker buried-fault support; retained only because field step is strong. May be magnetic lithology edge, not fault. Not verified; low priority for Phase 2.",False
293,2,"[2781, 2782]","[1093, 1094]",352750.0,4230350.0,a_only,"{""silent"": 0, ""concordant"": 0, ""a_only"": 2, ""b_only"": 0}",0.4217,0.9526,0.1016,"A-only weak candidate (2 px): View A prob 0.953 vs View B 0.102, but shallow cover 0.422 does not explain missing scarp. Weaker buried-fault support; retained only because field step is strong. May be magnetic lithology edge, not fault. Not verified; low priority for Phase 2.",False
354,2,"[3372, 3372]","[494, 495]",292850.0,4171300.0,a_only,"{""silent"": 0, ""concordant"": 0, ""a_only"": 2, ""b_only"": 0}",0.5546,0.9526,0.0728,"A-only buried fault candidate (2 px, 300m neighborhood): View A prob 0.953 >= conf 0.953 while View B prob 0.073 <= abstain 0.119. Gravity/mag step present, no DEM scarp or radiometric TC step. Synthetic cover depth 0.555 suggests basin fill burial; fault may be range-front under alluvial fan, missing from USGS/INGENIOUS catalogue which relies on surface expression. Alternative: lithologic contact or processing seam; requires field check. Not verified; Phase 2 review needed.",False
372,2,"[3558, 3559]","[239, 240]",267350.0,4152650.0,a_only,"{""silent"": 0, ""concordant"": 0, ""a_only"": 2, ""b_only"": 0}",0.2642,0.9526,0.1072,"A-only weak candidate (2 px): View A prob 0.953 vs View B 0.107, but shallow cover 0.264 does not explain missing scarp. Weaker buried-fault support; retained only because field step is strong. May be magnetic lithology edge, not fault. Not verified; low priority for Phase 2.",False
4,1,"[53, 53]","[2704, 2704]",513800.0,4503200.0,a_only,"{""silent"": 0, ""concordant"": 0, ""a_only"": 1, ""b_only"": 0}",0.5046,0.9526,0.0709,"A-only weak candidate (1 px): View A prob 0.953 vs View B 0.071, but shallow cover 0.505 does not explain missing scarp. Weaker buried-fault support; retained only because field step is strong. May be magnetic lithology edge, not fault. Not verified; low priority for Phase 2.",False
24,1,"[250, 250]","[675, 675]",310900.0,4483500.0,a_only,"{""silent"": 0, ""concordant"": 0, ""a_only"": 1, ""b_only"": 0}",0.5432,0.9526,0.1168,"A-only weak candidate (1 px): View A prob 0.953 vs View B 0.117, but shallow cover 0.543 does not explain missing scarp. Weaker buried-fault support; retained only because field step is strong. May be magnetic lithology edge, not fault. Not verified; low priority for Phase 2.",False
59,1,"[600, 600]","[2512, 2512]",494600.0,4448500.0,a_only,"{""silent"": 0, ""concordant"": 0, ""a_only"": 1, ""b_only"": 0}",0.5484,0.9526,0.117,"A-only weak candidate (1 px): View A prob 0.953 vs View B 0.117, but shallow cover 0.548 does not explain missing scarp. Weaker buried-fault support; retained only because field step is strong. May be magnetic lithology edge, not fault. Not verified; low priority for Phase 2.",False
65,1,"[641, 641]","[3241, 3241]",567500.0,4444400.0,a_only,"{""silent"": 0, ""concordant"": 0, ""a_only"": 1, ""b_only"": 0}",0.3582,0.9526,0.0618,"A-only weak candidate (1 px): View A prob 0.953 vs View B 0.062, but shallow cover 0.358 does not explain missing scarp. Weaker buried-fault support; retained only because field step is strong. May be magnetic lithology edge, not fault. Not verified; low priority for Phase 2.",False
81,1,"[810, 810]","[2582, 2582]",501600.0,4427500.0,a_only,"{""silent"": 0, ""concordant"": 0, ""a_only"": 1, ""b_only"": 0}",0.5565,0.9526,0.1127,"A-only buried fault candidate (1 px, 300m neighborhood): View A prob 0.953 >= conf 0.953 while View B prob 0.113 <= abstain 0.119. Gravity/mag step present, no DEM scarp or radiometric TC step. Synthetic cover depth 0.557 suggests basin fill burial; fault may be range-front under alluvial fan, missing from USGS/INGENIOUS catalogue which relies on surface expression. Alternative: lithologic contact or processing seam; requires field check. Not verified; Phase 2 review needed.",False
132,1,"[1218, 1218]","[2014, 2014]",444800.0,4386700.0,a_only,"{""silent"": 0, ""concordant"": 0, ""a_only"": 1, ""b_only"": 0}",0.3798,0.9526,0.1148,"A-only weak candidate (1 px): View A prob 0.953 vs View B 0.115, but shallow cover 0.380 does not explain missing scarp. Weaker buried-fault support; retained only because field step is strong. May be magnetic lithology edge, not fault. Not verified; low priority for Phase 2.",False
146,1,"[1407, 1407]","[1581, 1581]",401500.0,4367800.0,a_only,"{""silent"": 0, ""concordant"": 0, ""a_only"": 1, ""b_only"": 0}",0.6215,0.9526,0.1165,"A-only buried fault candidate (1 px, 300m neighborhood): View A prob 0.953 >= conf 0.953 while View B prob 0.117 <= abstain 0.119. Gravity/mag step present, no DEM scarp or radiometric TC step. Synthetic cover depth 0.622 suggests basin fill burial; fault may be range-front under alluvial fan, missing from USGS/INGENIOUS catalogue which relies on surface expression. Alternative: lithologic contact or processing seam; requires field check. Not verified; Phase 2 review needed.",False
150,1,"[1428, 1428]","[1880, 1880]",431400.0,4365700.0,a_only,"{""silent"": 0, ""concordant"": 0, ""a_only"": 1, ""b_only"": 0}",0.5599,0.9526,0.1093,"A-only buried fault candidate (1 px, 300m neighborhood): View A prob 0.953 >= conf 0.953 while View B prob 0.109 <= abstain 0.119. Gravity/mag step present, no DEM scarp or radiometric TC step. Synthetic cover depth 0.560 suggests basin fill burial; fault may be range-front under alluvial fan, missing from USGS/INGENIOUS catalogue which relies on surface expression. Alternative: lithologic contact or processing seam; requires field check. Not verified; Phase 2 review needed.",False
164,1,"[1565, 1565]","[3146, 3146]",558000.0,4352000.0,a_only,"{""silent"": 0, ""concordant"": 0, ""a_only"": 1, ""b_only"": 0}",0.6122,0.9526,0.1067,"A-only buried fault candidate (1 px, 300m neighborhood): View A prob 0.953 >= conf 0.953 while View B prob 0.107 <= abstain 0.119. Gravity/mag step present, no DEM scarp or radiometric TC step. Synthetic cover depth 0.612 suggests basin fill burial; fault may be range-front under alluvial fan, missing from USGS/INGENIOUS catalogue which relies on surface expression. Alternative: lithologic contact or processing seam; requires field check. Not verified; Phase 2 review needed.",False
369,1,"[3518, 3518]","[328, 328]",276200.0,4156700.0,a_only,"{""silent"": 0, ""concordant"": 0, ""a_only"": 1, ""b_only"": 0}",0.519,0.9526,0.1176,"A-only weak candidate (1 px): View A prob 0.953 vs View B 0.118, but shallow cover 0.519 does not explain missing scarp. Weaker buried-fault support; retained only because field step is strong. May be magnetic lithology edge, not fault. Not verified; low priority for Phase 2.",False
281,100,"[2657, 2692]","[420, 464]",287769.0,4241003.0,concordant,"{""silent"": 0, ""concordant"": 100, ""a_only"": 0, ""b_only"": 0}",0.6124,0.9526,0.9526,"Concordant (100 px): both views confident (A 0.953, B 0.953); likely continuation of mapped structure beyond catalogue truncation.",False
163,67,"[1561, 1594]","[2210, 2238]",465740.3,4350801.5,concordant,"{""silent"": 0, ""concordant"": 67, ""a_only"": 0, ""b_only"": 0}",0.3683,0.9526,0.9526,"Concordant (67 px): both views confident (A 0.953, B 0.953); likely continuation of mapped structure beyond catalogue truncation.",False
279,64,"[2631, 2654]","[561, 590]",301037.5,4244160.9,concordant,"{""silent"": 0, ""concordant"": 64, ""a_only"": 0, ""b_only"": 0}",0.2773,0.9526,0.9526,"Concordant (64 px): both views confident (A 0.953, B 0.953); likely continuation of mapped structure beyond catalogue truncation.",False
287,14,"[2710, 2724]","[715, 729]",315557.1,4237014.3,concordant,"{""silent"": 0, ""concordant"": 14, ""a_only"": 0, ""b_only"": 0}",0.559,0.9526,0.9526,"Concordant (14 px): both views confident (A 0.953, B 0.953); likely continuation of mapped structure beyond catalogue truncation.",False
97,6,"[925, 930]","[2263, 2270]",470066.7,4415733.3,concordant,"{""silent"": 0, ""concordant"": 6, ""a_only"": 0, ""b_only"": 0}",0.4588,0.9526,0.9526,"Concordant (6 px): both views confident (A 0.953, B 0.953); likely continuation of mapped structure beyond catalogue truncation.",False
162,6,"[1551, 1554]","[2184, 2191]",462150.0,4353250.0,concordant,"{""silent"": 0, ""concordant"": 6, ""a_only"": 0, ""b_only"": 0}",0.4586,0.9526,0.9526,"Concordant (6 px): both views confident (A 0.953, B 0.953); likely continuation of mapped structure beyond catalogue truncation.",False
183,4,"[1706, 1716]","[2413, 2415]",484800.0,4337425.0,concordant,"{""silent"": 0, ""concordant"": 4, ""a_only"": 0, ""b_only"": 0}",0.5539,0.9526,0.9526,"Concordant (4 px): both views confident (A 0.953, B 0.953); likely continuation of mapped structure beyond catalogue truncation.",False
270,2,"[2570, 2572]","[278, 279]",271250.0,4251400.0,concordant,"{""silent"": 0, ""concordant"": 2, ""a_only"": 0, ""b_only"": 0}",0.3726,0.9526,0.9526,"Concordant (2 px): both views confident (A 0.953, B 0.953); likely continuation of mapped structure beyond catalogue truncation.",False
284,1,"[2699, 2699]","[426, 426]",286000.0,4238600.0,concordant,"{""silent"": 0, ""concordant"": 1, ""a_only"": 0, ""b_only"": 0}",0.6368,0.9526,0.9526,"Concordant (1 px): both views confident (A 0.953, B 0.953); likely continuation of mapped structure beyond catalogue truncation.",False
