candidate_id,row,col,easting,northing,longitude,latitude,view_A_score,view_B_score,basement_depth_band_value,slope_band_value,signed_gravity_cover_alignment,gravity_scale_persistence,gravity_coherence,distance_to_catalogue_m,geological_reasoning,alternative_explanations,verification_status
R2-A-00001,94,1648,408200.0,4499100.0,-118.0856042,40.6376457,0.8313095,0.6068323,737.41022,5.44578,-0.70308,0.99443,0.92145,282.84,"Potential-field view is in its training-reference confident tail while the surface view abstains. Signed normal/cover support is incomplete; do not interpret this discrepancy as proof of a buried fault. No fault displacement, geothermal fluid flow or vent has been verified at this pixel.",Lithologic contact; basin-fill model dependence on gravity; intrusive/dike boundary; processing or coverage effects. Surface-only features may instead be roads or erosion.,MODEL HYPOTHESIS ONLY — requires expert/field review
R2-A-00002,94,2759,519300.0,4499100.0,-116.7717443,40.642523,0.8126068,0.6104387,87.85338,1.83199,0.92182,0.99819,0.987,412.31,"Potential-field view is in its training-reference confident tail while the surface view abstains. Signed normal/cover support is incomplete; do not interpret this discrepancy as proof of a buried fault. No fault displacement, geothermal fluid flow or vent has been verified at this pixel.",Lithologic contact; basin-fill model dependence on gravity; intrusive/dike boundary; processing or coverage effects. Surface-only features may instead be roads or erosion.,MODEL HYPOTHESIS ONLY — requires expert/field review
R2-A-00003,121,2760,519400.0,4496400.0,-116.7706449,40.6181971,0.8088596,0.5513242,93.13574,3.23896,0.98759,0.99828,0.99863,500.0,"Potential-field view is in its training-reference confident tail while the surface view abstains. Signed normal/cover support is incomplete; do not interpret this discrepancy as proof of a buried fault. No fault displacement, geothermal fluid flow or vent has been verified at this pixel.",Lithologic contact; basin-fill model dependence on gravity; intrusive/dike boundary; processing or coverage effects. Surface-only features may instead be roads or erosion.,MODEL HYPOTHESIS ONLY — requires expert/field review
R2-A-00004,138,2760,519400.0,4494700.0,-116.7706973,40.6028821,0.8084781,0.5583407,104.14333,2.49827,0.99366,1.0,0.99916,400.0,"Potential-field view is in its training-reference confident tail while the surface view abstains. Signed normal/cover support is incomplete; do not interpret this discrepancy as proof of a buried fault. No fault displacement, geothermal fluid flow or vent has been verified at this pixel.",Lithologic contact; basin-fill model dependence on gravity; intrusive/dike boundary; processing or coverage effects. Surface-only features may instead be roads or erosion.,MODEL HYPOTHESIS ONLY — requires expert/field review
R2-A-00005,175,1731,416500.0,4491000.0,-117.9863918,40.5655657,0.8219345,0.5697836,343.8949,4.05223,0.9988,0.99439,0.98901,538.52,"Potential-field view is in its training-reference confident tail while the surface view abstains. Deeper-than-median modelled cover, anti-aligned gravity/cover normals and cross-scale gravity persistence are consistent with a covered basin-margin discontinuity. No fault displacement, geothermal fluid flow or vent has been verified at this pixel.",Lithologic contact; basin-fill model dependence on gravity; intrusive/dike boundary; processing or coverage effects. Surface-only features may instead be roads or erosion.,MODEL HYPOTHESIS ONLY — requires expert/field review
R2-A-00006,183,1731,416500.0,4490200.0,-117.986286,40.5583596,0.8291544,0.5265901,252.74158,4.34882,0.99121,0.98698,0.97577,360.56,"Potential-field view is in its training-reference confident tail while the surface view abstains. Signed normal/cover support is incomplete; do not interpret this discrepancy as proof of a buried fault. No fault displacement, geothermal fluid flow or vent has been verified at this pixel.",Lithologic contact; basin-fill model dependence on gravity; intrusive/dike boundary; processing or coverage effects. Surface-only features may instead be roads or erosion.,MODEL HYPOTHESIS ONLY — requires expert/field review
R2-A-00007,195,1636,407000.0,4489000.0,-118.098303,40.5465385,0.8140965,0.5904479,288.26785,3.55809,0.69108,0.98775,0.99128,100.0,"Potential-field view is in its training-reference confident tail while the surface view abstains. Signed normal/cover support is incomplete; do not interpret this discrepancy as proof of a buried fault. No fault displacement, geothermal fluid flow or vent has been verified at this pixel.",Lithologic contact; basin-fill model dependence on gravity; intrusive/dike boundary; processing or coverage effects. Surface-only features may instead be roads or erosion.,MODEL HYPOTHESIS ONLY — requires expert/field review
R2-A-00008,199,1638,407200.0,4488600.0,-118.0958827,40.542958,0.8242313,0.5786889,325.14859,4.16248,0.6484,0.98742,0.99391,300.0,"Potential-field view is in its training-reference confident tail while the surface view abstains. Deeper-than-median modelled cover, anti-aligned gravity/cover normals and cross-scale gravity persistence are consistent with a covered basin-margin discontinuity. No fault displacement, geothermal fluid flow or vent has been verified at this pixel.",Lithologic contact; basin-fill model dependence on gravity; intrusive/dike boundary; processing or coverage effects. Surface-only features may instead be roads or erosion.,MODEL HYPOTHESIS ONLY — requires expert/field review
R2-A-00009,210,1635,406900.0,4487500.0,-118.0992628,40.5330163,0.8148284,0.5637413,298.27441,4.92941,0.63438,0.99552,0.97446,100.0,"Potential-field view is in its training-reference confident tail while the surface view abstains. Signed normal/cover support is incomplete; do not interpret this discrepancy as proof of a buried fault. No fault displacement, geothermal fluid flow or vent has been verified at this pixel.",Lithologic contact; basin-fill model dependence on gravity; intrusive/dike boundary; processing or coverage effects. Surface-only features may instead be roads or erosion.,MODEL HYPOTHESIS ONLY — requires expert/field review
R2-A-00010,253,2695,512900.0,4483200.0,-116.84776,40.4994066,0.8280834,0.5806752,226.86215,3.13584,0.97374,0.99958,0.99895,500.0,"Potential-field view is in its training-reference confident tail while the surface view abstains. Signed normal/cover support is incomplete; do not interpret this discrepancy as proof of a buried fault. No fault displacement, geothermal fluid flow or vent has been verified at this pixel.",Lithologic contact; basin-fill model dependence on gravity; intrusive/dike boundary; processing or coverage effects. Surface-only features may instead be roads or erosion.,MODEL HYPOTHESIS ONLY — requires expert/field review
R2-A-00011,256,2693,512700.0,4482900.0,-116.8501263,40.496707,0.8280834,0.5616704,205.83827,3.46678,0.99696,0.99983,0.99831,509.9,"Potential-field view is in its training-reference confident tail while the surface view abstains. Signed normal/cover support is incomplete; do not interpret this discrepancy as proof of a buried fault. No fault displacement, geothermal fluid flow or vent has been verified at this pixel.",Lithologic contact; basin-fill model dependence on gravity; intrusive/dike boundary; processing or coverage effects. Surface-only features may instead be roads or erosion.,MODEL HYPOTHESIS ONLY — requires expert/field review
R2-A-00012,259,2689,512300.0,4482600.0,-116.8548525,40.4940104,0.8292394,0.575824,214.2807,3.45266,0.99114,0.99875,0.99719,632.46,"Potential-field view is in its training-reference confident tail while the surface view abstains. Signed normal/cover support is incomplete; do not interpret this discrepancy as proof of a buried fault. No fault displacement, geothermal fluid flow or vent has been verified at this pixel.",Lithologic contact; basin-fill model dependence on gravity; intrusive/dike boundary; processing or coverage effects. Surface-only features may instead be roads or erosion.,MODEL HYPOTHESIS ONLY — requires expert/field review
R2-A-00013,281,2662,509600.0,4480400.0,-116.8867474,40.4742261,0.8166,0.5480469,279.0636,4.50075,0.97813,0.99984,0.99974,282.84,"Potential-field view is in its training-reference confident tail while the surface view abstains. Signed normal/cover support is incomplete; do not interpret this discrepancy as proof of a buried fault. No fault displacement, geothermal fluid flow or vent has been verified at this pixel.",Lithologic contact; basin-fill model dependence on gravity; intrusive/dike boundary; processing or coverage effects. Surface-only features may instead be roads or erosion.,MODEL HYPOTHESIS ONLY — requires expert/field review
R2-A-00014,328,1500,393400.0,4475700.0,-118.2566441,40.4251089,0.8242111,0.5952086,359.01624,11.8386,0.98074,0.99919,0.99599,200.0,"Potential-field view is in its training-reference confident tail while the surface view abstains. Deeper-than-median modelled cover, anti-aligned gravity/cover normals and cross-scale gravity persistence are consistent with a covered basin-margin discontinuity. No fault displacement, geothermal fluid flow or vent has been verified at this pixel.",Lithologic contact; basin-fill model dependence on gravity; intrusive/dike boundary; processing or coverage effects. Surface-only features may instead be roads or erosion.,MODEL HYPOTHESIS ONLY — requires expert/field review
R2-A-00015,591,2894,532800.0,4449400.0,-116.6146495,40.1943525,0.8305748,0.5393373,275.59247,7.3034,0.93611,0.99977,0.96215,223.61,"Potential-field view is in its training-reference confident tail while the surface view abstains. Signed normal/cover support is incomplete; do not interpret this discrepancy as proof of a buried fault. No fault displacement, geothermal fluid flow or vent has been verified at this pixel.",Lithologic contact; basin-fill model dependence on gravity; intrusive/dike boundary; processing or coverage effects. Surface-only features may instead be roads or erosion.,MODEL HYPOTHESIS ONLY — requires expert/field review
R2-A-00016,712,1016,345000.0,4437300.0,-118.8176954,40.0717152,0.8083053,0.5101411,298.83524,4.23702,0.99819,0.99941,0.9934,300.0,"Potential-field view is in its training-reference confident tail while the surface view abstains. Signed normal/cover support is incomplete; do not interpret this discrepancy as proof of a buried fault. No fault displacement, geothermal fluid flow or vent has been verified at this pixel.",Lithologic contact; basin-fill model dependence on gravity; intrusive/dike boundary; processing or coverage effects. Surface-only features may instead be roads or erosion.,MODEL HYPOTHESIS ONLY — requires expert/field review
R2-A-00017,715,1016,345000.0,4437000.0,-118.8176235,40.0690136,0.8173888,0.4227558,294.27673,2.41126,0.9993,0.99931,0.99637,300.0,"Potential-field view is in its training-reference confident tail while the surface view abstains. Signed normal/cover support is incomplete; do not interpret this discrepancy as proof of a buried fault. No fault displacement, geothermal fluid flow or vent has been verified at this pixel.",Lithologic contact; basin-fill model dependence on gravity; intrusive/dike boundary; processing or coverage effects. Surface-only features may instead be roads or erosion.,MODEL HYPOTHESIS ONLY — requires expert/field review
R2-A-00018,715,1020,345400.0,4437000.0,-118.8129351,40.0690871,0.8199154,0.4524648,210.35796,3.65727,0.99613,0.99994,0.99102,223.61,"Potential-field view is in its training-reference confident tail while the surface view abstains. Signed normal/cover support is incomplete; do not interpret this discrepancy as proof of a buried fault. No fault displacement, geothermal fluid flow or vent has been verified at this pixel.",Lithologic contact; basin-fill model dependence on gravity; intrusive/dike boundary; processing or coverage effects. Surface-only features may instead be roads or erosion.,MODEL HYPOTHESIS ONLY — requires expert/field review
R2-A-00019,723,1016,345000.0,4436200.0,-118.817432,40.0618095,0.8199596,0.5323818,281.7128,2.92241,0.99885,0.99719,0.9963,500.0,"Potential-field view is in its training-reference confident tail while the surface view abstains. Signed normal/cover support is incomplete; do not interpret this discrepancy as proof of a buried fault. No fault displacement, geothermal fluid flow or vent has been verified at this pixel.",Lithologic contact; basin-fill model dependence on gravity; intrusive/dike boundary; processing or coverage effects. Surface-only features may instead be roads or erosion.,MODEL HYPOTHESIS ONLY — requires expert/field review
R2-A-00020,727,1017,345100.0,4435800.0,-118.8161644,40.0582258,0.8209808,0.5848885,257.24686,3.33597,0.9978,0.99688,0.99227,141.42,"Potential-field view is in its training-reference confident tail while the surface view abstains. Signed normal/cover support is incomplete; do not interpret this discrepancy as proof of a buried fault. No fault displacement, geothermal fluid flow or vent has been verified at this pixel.",Lithologic contact; basin-fill model dependence on gravity; intrusive/dike boundary; processing or coverage effects. Surface-only features may instead be roads or erosion.,MODEL HYPOTHESIS ONLY — requires expert/field review
R2-A-00021,730,1018,345200.0,4435500.0,-118.8149208,40.0555426,0.8089289,0.5782806,234.83177,3.38151,0.9972,0.99833,0.98925,100.0,"Potential-field view is in its training-reference confident tail while the surface view abstains. Signed normal/cover support is incomplete; do not interpret this discrepancy as proof of a buried fault. No fault displacement, geothermal fluid flow or vent has been verified at this pixel.",Lithologic contact; basin-fill model dependence on gravity; intrusive/dike boundary; processing or coverage effects. Surface-only features may instead be roads or erosion.,MODEL HYPOTHESIS ONLY — requires expert/field review
R2-A-00022,732,2779,521300.0,4435300.0,-116.7502211,40.0676893,0.8216026,0.50536,347.59637,29.05518,0.93933,0.99426,0.99178,905.54,"Potential-field view is in its training-reference confident tail while the surface view abstains. Deeper-than-median modelled cover, anti-aligned gravity/cover normals and cross-scale gravity persistence are consistent with a covered basin-margin discontinuity. No fault displacement, geothermal fluid flow or vent has been verified at this pixel.",Lithologic contact; basin-fill model dependence on gravity; intrusive/dike boundary; processing or coverage effects. Surface-only features may instead be roads or erosion.,MODEL HYPOTHESIS ONLY — requires expert/field review
R2-A-00023,1150,1547,398100.0,4393500.0,-118.188318,39.6852605,0.8172485,0.4851249,334.17026,5.1419,0.99357,0.99877,0.98401,700.0,"Potential-field view is in its training-reference confident tail while the surface view abstains. Deeper-than-median modelled cover, anti-aligned gravity/cover normals and cross-scale gravity persistence are consistent with a covered basin-margin discontinuity. No fault displacement, geothermal fluid flow or vent has been verified at this pixel.",Lithologic contact; basin-fill model dependence on gravity; intrusive/dike boundary; processing or coverage effects. Surface-only features may instead be roads or erosion.,MODEL HYPOTHESIS ONLY — requires expert/field review
R2-A-00024,1150,1557,399100.0,4393500.0,-118.1766587,39.6853793,0.8287091,0.5788352,685.3299,3.94161,0.99738,0.99272,0.97748,300.0,"Potential-field view is in its training-reference confident tail while the surface view abstains. Deeper-than-median modelled cover, anti-aligned gravity/cover normals and cross-scale gravity persistence are consistent with a covered basin-margin discontinuity. No fault displacement, geothermal fluid flow or vent has been verified at this pixel.",Lithologic contact; basin-fill model dependence on gravity; intrusive/dike boundary; processing or coverage effects. Surface-only features may instead be roads or erosion.,MODEL HYPOTHESIS ONLY — requires expert/field review
R2-A-00025,1154,1558,399200.0,4393100.0,-118.1754317,39.6817877,0.8184424,0.4671114,661.78967,3.20655,0.99873,0.99695,0.99324,200.0,"Potential-field view is in its training-reference confident tail while the surface view abstains. Deeper-than-median modelled cover, anti-aligned gravity/cover normals and cross-scale gravity persistence are consistent with a covered basin-margin discontinuity. No fault displacement, geothermal fluid flow or vent has been verified at this pixel.",Lithologic contact; basin-fill model dependence on gravity; intrusive/dike boundary; processing or coverage effects. Surface-only features may instead be roads or erosion.,MODEL HYPOTHESIS ONLY — requires expert/field review
R2-A-00026,1155,1562,399600.0,4393000.0,-118.170753,39.680934,0.8232991,0.4010159,809.16925,2.48281,0.99989,0.99885,0.99105,200.0,"Potential-field view is in its training-reference confident tail while the surface view abstains. Deeper-than-median modelled cover, anti-aligned gravity/cover normals and cross-scale gravity persistence are consistent with a covered basin-margin discontinuity. No fault displacement, geothermal fluid flow or vent has been verified at this pixel.",Lithologic contact; basin-fill model dependence on gravity; intrusive/dike boundary; processing or coverage effects. Surface-only features may instead be roads or erosion.,MODEL HYPOTHESIS ONLY — requires expert/field review
R2-A-00027,1155,1565,399900.0,4393000.0,-118.1672554,39.6809692,0.8223578,0.5105391,931.99664,2.50396,0.99916,0.9995,0.98784,400.0,"Potential-field view is in its training-reference confident tail while the surface view abstains. Deeper-than-median modelled cover, anti-aligned gravity/cover normals and cross-scale gravity persistence are consistent with a covered basin-margin discontinuity. No fault displacement, geothermal fluid flow or vent has been verified at this pixel.",Lithologic contact; basin-fill model dependence on gravity; intrusive/dike boundary; processing or coverage effects. Surface-only features may instead be roads or erosion.,MODEL HYPOTHESIS ONLY — requires expert/field review
R2-A-00028,1157,1567,400100.0,4392800.0,-118.1648934,39.6791909,0.8277647,0.531078,995.78546,3.08446,0.99923,0.99953,0.98928,200.0,"Potential-field view is in its training-reference confident tail while the surface view abstains. Deeper-than-median modelled cover, anti-aligned gravity/cover normals and cross-scale gravity persistence are consistent with a covered basin-margin discontinuity. No fault displacement, geothermal fluid flow or vent has been verified at this pixel.",Lithologic contact; basin-fill model dependence on gravity; intrusive/dike boundary; processing or coverage effects. Surface-only features may instead be roads or erosion.,MODEL HYPOTHESIS ONLY — requires expert/field review
R2-A-00029,1158,1563,399700.0,4392700.0,-118.1695415,39.6782432,0.8352907,0.5065112,784.91486,3.75978,0.99966,0.99878,0.99376,141.42,"Potential-field view is in its training-reference confident tail while the surface view abstains. Deeper-than-median modelled cover, anti-aligned gravity/cover normals and cross-scale gravity persistence are consistent with a covered basin-margin discontinuity. No fault displacement, geothermal fluid flow or vent has been verified at this pixel.",Lithologic contact; basin-fill model dependence on gravity; intrusive/dike boundary; processing or coverage effects. Surface-only features may instead be roads or erosion.,MODEL HYPOTHESIS ONLY — requires expert/field review
R2-A-00030,1160,1551,398500.0,4392500.0,-118.1835005,39.6762998,0.8109181,0.5965142,325.56509,4.64127,0.99917,0.99797,0.99829,632.46,"Potential-field view is in its training-reference confident tail while the surface view abstains. Deeper-than-median modelled cover, anti-aligned gravity/cover normals and cross-scale gravity persistence are consistent with a covered basin-margin discontinuity. No fault displacement, geothermal fluid flow or vent has been verified at this pixel.",Lithologic contact; basin-fill model dependence on gravity; intrusive/dike boundary; processing or coverage effects. Surface-only features may instead be roads or erosion.,MODEL HYPOTHESIS ONLY — requires expert/field review
R2-A-00031,1162,1553,398700.0,4392300.0,-118.1811383,39.6745218,0.8238158,0.5758933,340.81979,4.52694,0.99989,0.99721,0.99845,640.31,"Potential-field view is in its training-reference confident tail while the surface view abstains. Deeper-than-median modelled cover, anti-aligned gravity/cover normals and cross-scale gravity persistence are consistent with a covered basin-margin discontinuity. No fault displacement, geothermal fluid flow or vent has been verified at this pixel.",Lithologic contact; basin-fill model dependence on gravity; intrusive/dike boundary; processing or coverage effects. Surface-only features may instead be roads or erosion.,MODEL HYPOTHESIS ONLY — requires expert/field review
R2-A-00032,1170,1554,398800.0,4391500.0,-118.1798499,39.667327,0.8364977,0.5555899,219.96754,3.34345,0.998,0.9949,0.99396,509.9,"Potential-field view is in its training-reference confident tail while the surface view abstains. Signed normal/cover support is incomplete; do not interpret this discrepancy as proof of a buried fault. No fault displacement, geothermal fluid flow or vent has been verified at this pixel.",Lithologic contact; basin-fill model dependence on gravity; intrusive/dike boundary; processing or coverage effects. Surface-only features may instead be roads or erosion.,MODEL HYPOTHESIS ONLY — requires expert/field review
R2-A-00033,1170,1567,400100.0,4391500.0,-118.1646967,39.6674799,0.8137707,0.5408193,682.73407,2.35779,0.99956,0.99839,0.99678,200.0,"Potential-field view is in its training-reference confident tail while the surface view abstains. Deeper-than-median modelled cover, anti-aligned gravity/cover normals and cross-scale gravity persistence are consistent with a covered basin-margin discontinuity. No fault displacement, geothermal fluid flow or vent has been verified at this pixel.",Lithologic contact; basin-fill model dependence on gravity; intrusive/dike boundary; processing or coverage effects. Surface-only features may instead be roads or erosion.,MODEL HYPOTHESIS ONLY — requires expert/field review
R2-A-00034,1171,1572,400600.0,4391400.0,-118.1588534,39.6666374,0.8077349,0.5295838,939.16144,2.95297,0.99978,0.99761,0.99652,141.42,"Potential-field view is in its training-reference confident tail while the surface view abstains. Deeper-than-median modelled cover, anti-aligned gravity/cover normals and cross-scale gravity persistence are consistent with a covered basin-margin discontinuity. No fault displacement, geothermal fluid flow or vent has been verified at this pixel.",Lithologic contact; basin-fill model dependence on gravity; intrusive/dike boundary; processing or coverage effects. Surface-only features may instead be roads or erosion.,MODEL HYPOTHESIS ONLY — requires expert/field review
R2-A-00035,1173,1556,399000.0,4391200.0,-118.1774728,39.6646481,0.8244516,0.5788061,213.18871,3.7695,0.99476,0.99724,0.98673,282.84,"Potential-field view is in its training-reference confident tail while the surface view abstains. Signed normal/cover support is incomplete; do not interpret this discrepancy as proof of a buried fault. No fault displacement, geothermal fluid flow or vent has been verified at this pixel.",Lithologic contact; basin-fill model dependence on gravity; intrusive/dike boundary; processing or coverage effects. Surface-only features may instead be roads or erosion.,MODEL HYPOTHESIS ONLY — requires expert/field review
R2-A-00036,1173,1570,400400.0,4391200.0,-118.1611545,39.6648124,0.8286034,0.5254645,777.9472,2.772,0.99914,0.99847,0.99394,100.0,"Potential-field view is in its training-reference confident tail while the surface view abstains. Deeper-than-median modelled cover, anti-aligned gravity/cover normals and cross-scale gravity persistence are consistent with a covered basin-margin discontinuity. No fault displacement, geothermal fluid flow or vent has been verified at this pixel.",Lithologic contact; basin-fill model dependence on gravity; intrusive/dike boundary; processing or coverage effects. Surface-only features may instead be roads or erosion.,MODEL HYPOTHESIS ONLY — requires expert/field review
R2-A-00037,1178,1554,398800.0,4390700.0,-118.1797273,39.6601202,0.8287364,0.5551979,97.63507,3.65119,0.9731,0.99991,0.97964,500.0,"Potential-field view is in its training-reference confident tail while the surface view abstains. Signed normal/cover support is incomplete; do not interpret this discrepancy as proof of a buried fault. No fault displacement, geothermal fluid flow or vent has been verified at this pixel.",Lithologic contact; basin-fill model dependence on gravity; intrusive/dike boundary; processing or coverage effects. Surface-only features may instead be roads or erosion.,MODEL HYPOTHESIS ONLY — requires expert/field review
R2-A-00038,1185,1565,399900.0,4390000.0,-118.1668007,39.6539439,0.813073,0.5266463,294.1962,3.1826,0.9945,0.99996,0.9925,223.61,"Potential-field view is in its training-reference confident tail while the surface view abstains. Signed normal/cover support is incomplete; do not interpret this discrepancy as proof of a buried fault. No fault displacement, geothermal fluid flow or vent has been verified at this pixel.",Lithologic contact; basin-fill model dependence on gravity; intrusive/dike boundary; processing or coverage effects. Surface-only features may instead be roads or erosion.,MODEL HYPOTHESIS ONLY — requires expert/field review
R2-A-00039,1185,1571,400500.0,4390000.0,-118.1598082,39.6540139,0.8084176,0.5635713,611.64282,3.4101,0.99379,0.99999,0.9913,282.84,"Potential-field view is in its training-reference confident tail while the surface view abstains. Deeper-than-median modelled cover, anti-aligned gravity/cover normals and cross-scale gravity persistence are consistent with a covered basin-margin discontinuity. No fault displacement, geothermal fluid flow or vent has been verified at this pixel.",Lithologic contact; basin-fill model dependence on gravity; intrusive/dike boundary; processing or coverage effects. Surface-only features may instead be roads or erosion.,MODEL HYPOTHESIS ONLY — requires expert/field review
R2-A-00040,1188,1557,399100.0,4389700.0,-118.1760781,39.6511473,0.8292139,0.5611728,77.47914,3.50814,0.99974,0.99999,0.99347,500.0,"Potential-field view is in its training-reference confident tail while the surface view abstains. Signed normal/cover support is incomplete; do not interpret this discrepancy as proof of a buried fault. No fault displacement, geothermal fluid flow or vent has been verified at this pixel.",Lithologic contact; basin-fill model dependence on gravity; intrusive/dike boundary; processing or coverage effects. Surface-only features may instead be roads or erosion.,MODEL HYPOTHESIS ONLY — requires expert/field review
R2-A-00041,1190,1568,400200.0,4389500.0,-118.1632289,39.6494747,0.8147416,0.5977087,426.78381,3.2152,0.99695,0.99998,0.99427,141.42,"Potential-field view is in its training-reference confident tail while the surface view abstains. Deeper-than-median modelled cover, anti-aligned gravity/cover normals and cross-scale gravity persistence are consistent with a covered basin-margin discontinuity. No fault displacement, geothermal fluid flow or vent has been verified at this pixel.",Lithologic contact; basin-fill model dependence on gravity; intrusive/dike boundary; processing or coverage effects. Surface-only features may instead be roads or erosion.,MODEL HYPOTHESIS ONLY — requires expert/field review
R2-A-00042,1191,1559,399300.0,4389400.0,-118.1737017,39.6484683,0.8208741,0.5626566,126.69326,3.40194,1.0,0.9999,0.9953,500.0,"Potential-field view is in its training-reference confident tail while the surface view abstains. Signed normal/cover support is incomplete; do not interpret this discrepancy as proof of a buried fault. No fault displacement, geothermal fluid flow or vent has been verified at this pixel.",Lithologic contact; basin-fill model dependence on gravity; intrusive/dike boundary; processing or coverage effects. Surface-only features may instead be roads or erosion.,MODEL HYPOTHESIS ONLY — requires expert/field review
R2-A-00043,1191,1563,399700.0,4389400.0,-118.1690404,39.6485153,0.8252347,0.4862188,223.3266,2.6049,0.9989,0.99995,0.99516,282.84,"Potential-field view is in its training-reference confident tail while the surface view abstains. Signed normal/cover support is incomplete; do not interpret this discrepancy as proof of a buried fault. No fault displacement, geothermal fluid flow or vent has been verified at this pixel.",Lithologic contact; basin-fill model dependence on gravity; intrusive/dike boundary; processing or coverage effects. Surface-only features may instead be roads or erosion.,MODEL HYPOTHESIS ONLY — requires expert/field review
R2-A-00044,1192,1571,400500.0,4389300.0,-118.1597028,39.6477079,0.8076901,0.464718,573.89532,2.74127,0.99053,0.99995,0.99487,282.84,"Potential-field view is in its training-reference confident tail while the surface view abstains. Deeper-than-median modelled cover, anti-aligned gravity/cover normals and cross-scale gravity persistence are consistent with a covered basin-margin discontinuity. No fault displacement, geothermal fluid flow or vent has been verified at this pixel.",Lithologic contact; basin-fill model dependence on gravity; intrusive/dike boundary; processing or coverage effects. Surface-only features may instead be roads or erosion.,MODEL HYPOTHESIS ONLY — requires expert/field review
R2-A-00045,1200,1566,400000.0,4388500.0,-118.1654083,39.6404428,0.8087682,0.5117365,264.38736,3.26311,0.93933,0.99997,0.99756,200.0,"Potential-field view is in its training-reference confident tail while the surface view abstains. Signed normal/cover support is incomplete; do not interpret this discrepancy as proof of a buried fault. No fault displacement, geothermal fluid flow or vent has been verified at this pixel.",Lithologic contact; basin-fill model dependence on gravity; intrusive/dike boundary; processing or coverage effects. Surface-only features may instead be roads or erosion.,MODEL HYPOTHESIS ONLY — requires expert/field review
R2-A-00046,1213,1568,400200.0,4387200.0,-118.1628818,39.6287551,0.8166676,0.5542567,268.18436,3.62864,0.97735,0.99984,0.98122,360.56,"Potential-field view is in its training-reference confident tail while the surface view abstains. Signed normal/cover support is incomplete; do not interpret this discrepancy as proof of a buried fault. No fault displacement, geothermal fluid flow or vent has been verified at this pixel.",Lithologic contact; basin-fill model dependence on gravity; intrusive/dike boundary; processing or coverage effects. Surface-only features may instead be roads or erosion.,MODEL HYPOTHESIS ONLY — requires expert/field review
R2-A-00047,1215,1571,400500.0,4387000.0,-118.1593568,39.6269884,0.8241853,0.4052142,381.15494,2.58055,0.99833,0.99733,0.96882,707.11,"Potential-field view is in its training-reference confident tail while the surface view abstains. Deeper-than-median modelled cover, anti-aligned gravity/cover normals and cross-scale gravity persistence are consistent with a covered basin-margin discontinuity. No fault displacement, geothermal fluid flow or vent has been verified at this pixel.",Lithologic contact; basin-fill model dependence on gravity; intrusive/dike boundary; processing or coverage effects. Surface-only features may instead be roads or erosion.,MODEL HYPOTHESIS ONLY — requires expert/field review
R2-A-00048,1221,1572,400600.0,4386400.0,-118.1581017,39.6215949,0.8103413,0.4674446,401.91443,3.01798,0.97961,0.96208,0.96848,1220.66,"Potential-field view is in its training-reference confident tail while the surface view abstains. Deeper-than-median modelled cover, anti-aligned gravity/cover normals and cross-scale gravity persistence are consistent with a covered basin-margin discontinuity. No fault displacement, geothermal fluid flow or vent has been verified at this pixel.",Lithologic contact; basin-fill model dependence on gravity; intrusive/dike boundary; processing or coverage effects. Surface-only features may instead be roads or erosion.,MODEL HYPOTHESIS ONLY — requires expert/field review
R2-A-00049,1483,1228,366200.0,4360200.0,-118.5535085,39.380919,0.8098498,0.5843492,168.22729,6.08616,0.86552,0.99738,0.99725,707.11,"Potential-field view is in its training-reference confident tail while the surface view abstains. Signed normal/cover support is incomplete; do not interpret this discrepancy as proof of a buried fault. No fault displacement, geothermal fluid flow or vent has been verified at this pixel.",Lithologic contact; basin-fill model dependence on gravity; intrusive/dike boundary; processing or coverage effects. Surface-only features may instead be roads or erosion.,MODEL HYPOTHESIS ONLY — requires expert/field review
R2-A-00050,1486,1226,366000.0,4359900.0,-118.5557699,39.3781858,0.8185266,0.5137607,217.06389,2.61282,0.89127,0.99493,0.99751,640.31,"Potential-field view is in its training-reference confident tail while the surface view abstains. Signed normal/cover support is incomplete; do not interpret this discrepancy as proof of a buried fault. No fault displacement, geothermal fluid flow or vent has been verified at this pixel.",Lithologic contact; basin-fill model dependence on gravity; intrusive/dike boundary; processing or coverage effects. Surface-only features may instead be roads or erosion.,MODEL HYPOTHESIS ONLY — requires expert/field review
R2-A-00051,1488,1232,366600.0,4359700.0,-118.5487663,39.3764772,0.8414334,0.5678282,237.27234,0.82387,0.93377,0.99827,0.99406,141.42,"Potential-field view is in its training-reference confident tail while the surface view abstains. Signed normal/cover support is incomplete; do not interpret this discrepancy as proof of a buried fault. No fault displacement, geothermal fluid flow or vent has been verified at this pixel.",Lithologic contact; basin-fill model dependence on gravity; intrusive/dike boundary; processing or coverage effects. Surface-only features may instead be roads or erosion.,MODEL HYPOTHESIS ONLY — requires expert/field review
R2-A-00052,1491,1228,366200.0,4359400.0,-118.5533488,39.3737131,0.8561639,0.54561,287.64868,1.83063,0.94306,0.99513,0.99436,141.42,"Potential-field view is in its training-reference confident tail while the surface view abstains. Signed normal/cover support is incomplete; do not interpret this discrepancy as proof of a buried fault. No fault displacement, geothermal fluid flow or vent has been verified at this pixel.",Lithologic contact; basin-fill model dependence on gravity; intrusive/dike boundary; processing or coverage effects. Surface-only features may instead be roads or erosion.,MODEL HYPOTHESIS ONLY — requires expert/field review
R2-A-00053,1493,1221,365500.0,4359200.0,-118.5614325,39.3718028,0.8109604,0.4201148,315.39276,0.89241,0.99545,0.99967,0.99796,282.84,"Potential-field view is in its training-reference confident tail while the surface view abstains. Signed normal/cover support is incomplete; do not interpret this discrepancy as proof of a buried fault. No fault displacement, geothermal fluid flow or vent has been verified at this pixel.",Lithologic contact; basin-fill model dependence on gravity; intrusive/dike boundary; processing or coverage effects. Surface-only features may instead be roads or erosion.,MODEL HYPOTHESIS ONLY — requires expert/field review
R2-A-00054,1579,1297,373100.0,4350600.0,-118.4716057,39.2954856,0.8090736,0.4565522,630.01288,1.29616,1.0,0.99492,0.98935,200.0,"Potential-field view is in its training-reference confident tail while the surface view abstains. Deeper-than-median modelled cover, anti-aligned gravity/cover normals and cross-scale gravity persistence are consistent with a covered basin-margin discontinuity. No fault displacement, geothermal fluid flow or vent has been verified at this pixel.",Lithologic contact; basin-fill model dependence on gravity; intrusive/dike boundary; processing or coverage effects. Surface-only features may instead be roads or erosion.,MODEL HYPOTHESIS ONLY — requires expert/field review
R2-A-00055,1583,1312,374600.0,4350200.0,-118.4541416,39.2921009,0.8114058,0.4795764,709.34924,1.51121,0.99877,0.99676,0.98647,1100.0,"Potential-field view is in its training-reference confident tail while the surface view abstains. Deeper-than-median modelled cover, anti-aligned gravity/cover normals and cross-scale gravity persistence are consistent with a covered basin-margin discontinuity. No fault displacement, geothermal fluid flow or vent has been verified at this pixel.",Lithologic contact; basin-fill model dependence on gravity; intrusive/dike boundary; processing or coverage effects. Surface-only features may instead be roads or erosion.,MODEL HYPOTHESIS ONLY — requires expert/field review
R2-A-00056,1969,1624,405800.0,4311600.0,-118.0870588,38.9482893,0.817003,0.4342411,1771.75977,2.98817,0.99992,0.9998,0.99771,300.0,"Potential-field view is in its training-reference confident tail while the surface view abstains. Deeper-than-median modelled cover, anti-aligned gravity/cover normals and cross-scale gravity persistence are consistent with a covered basin-margin discontinuity. No fault displacement, geothermal fluid flow or vent has been verified at this pixel.",Lithologic contact; basin-fill model dependence on gravity; intrusive/dike boundary; processing or coverage effects. Surface-only features may instead be roads or erosion.,MODEL HYPOTHESIS ONLY — requires expert/field review
R2-A-00057,2452,1788,422200.0,4263300.0,-117.8923966,38.5146831,0.8168463,0.4167245,441.0408,2.65453,0.99696,0.99864,0.89286,640.31,"Potential-field view is in its training-reference confident tail while the surface view abstains. Deeper-than-median modelled cover, anti-aligned gravity/cover normals and cross-scale gravity persistence are consistent with a covered basin-margin discontinuity. No fault displacement, geothermal fluid flow or vent has been verified at this pixel.",Lithologic contact; basin-fill model dependence on gravity; intrusive/dike boundary; processing or coverage effects. Surface-only features may instead be roads or erosion.,MODEL HYPOTHESIS ONLY — requires expert/field review
R2-A-00058,2452,1821,425500.0,4263300.0,-117.8545483,38.5149655,0.809293,0.5601441,299.26157,4.00744,0.82311,0.99829,0.98314,1104.54,"Potential-field view is in its training-reference confident tail while the surface view abstains. Signed normal/cover support is incomplete; do not interpret this discrepancy as proof of a buried fault. No fault displacement, geothermal fluid flow or vent has been verified at this pixel.",Lithologic contact; basin-fill model dependence on gravity; intrusive/dike boundary; processing or coverage effects. Surface-only features may instead be roads or erosion.,MODEL HYPOTHESIS ONLY — requires expert/field review
R2-A-00059,2452,1829,426300.0,4263300.0,-117.8453729,38.5150321,0.8259544,0.5382282,184.00917,10.81484,0.76884,0.99606,0.9849,854.4,"Potential-field view is in its training-reference confident tail while the surface view abstains. Signed normal/cover support is incomplete; do not interpret this discrepancy as proof of a buried fault. No fault displacement, geothermal fluid flow or vent has been verified at this pixel.",Lithologic contact; basin-fill model dependence on gravity; intrusive/dike boundary; processing or coverage effects. Surface-only features may instead be roads or erosion.,MODEL HYPOTHESIS ONLY — requires expert/field review
R2-A-00060,2453,1792,422600.0,4263200.0,-117.8877979,38.5138169,0.8139628,0.5735974,484.90521,5.12731,0.98506,0.99998,0.91452,282.84,"Potential-field view is in its training-reference confident tail while the surface view abstains. Deeper-than-median modelled cover, anti-aligned gravity/cover normals and cross-scale gravity persistence are consistent with a covered basin-margin discontinuity. No fault displacement, geothermal fluid flow or vent has been verified at this pixel.",Lithologic contact; basin-fill model dependence on gravity; intrusive/dike boundary; processing or coverage effects. Surface-only features may instead be roads or erosion.,MODEL HYPOTHESIS ONLY — requires expert/field review
R2-A-00061,2453,1802,423600.0,4263200.0,-117.8763289,38.5139033,0.827476,0.494567,512.22284,3.6323,0.92153,0.99999,0.95976,670.82,"Potential-field view is in its training-reference confident tail while the surface view abstains. Deeper-than-median modelled cover, anti-aligned gravity/cover normals and cross-scale gravity persistence are consistent with a covered basin-margin discontinuity. No fault displacement, geothermal fluid flow or vent has been verified at this pixel.",Lithologic contact; basin-fill model dependence on gravity; intrusive/dike boundary; processing or coverage effects. Surface-only features may instead be roads or erosion.,MODEL HYPOTHESIS ONLY — requires expert/field review
R2-A-00062,2453,1831,426500.0,4263200.0,-117.8430685,38.5141475,0.8197948,0.5945716,175.95181,7.85274,0.77595,0.99483,0.98478,721.11,"Potential-field view is in its training-reference confident tail while the surface view abstains. Signed normal/cover support is incomplete; do not interpret this discrepancy as proof of a buried fault. No fault displacement, geothermal fluid flow or vent has been verified at this pixel.",Lithologic contact; basin-fill model dependence on gravity; intrusive/dike boundary; processing or coverage effects. Surface-only features may instead be roads or erosion.,MODEL HYPOTHESIS ONLY — requires expert/field review
R2-A-00063,2455,1806,424000.0,4263000.0,-117.8717195,38.5121353,0.830004,0.6012881,596.33008,5.89871,0.9109,0.99979,0.96229,1104.54,"Potential-field view is in its training-reference confident tail while the surface view abstains. Deeper-than-median modelled cover, anti-aligned gravity/cover normals and cross-scale gravity persistence are consistent with a covered basin-margin discontinuity. No fault displacement, geothermal fluid flow or vent has been verified at this pixel.",Lithologic contact; basin-fill model dependence on gravity; intrusive/dike boundary; processing or coverage effects. Surface-only features may instead be roads or erosion.,MODEL HYPOTHESIS ONLY — requires expert/field review
R2-A-00064,2456,1797,423100.0,4262900.0,-117.8820304,38.5111569,0.8165548,0.5029584,624.59338,2.38491,0.95494,0.99989,0.92043,282.84,"Potential-field view is in its training-reference confident tail while the surface view abstains. Deeper-than-median modelled cover, anti-aligned gravity/cover normals and cross-scale gravity persistence are consistent with a covered basin-margin discontinuity. No fault displacement, geothermal fluid flow or vent has been verified at this pixel.",Lithologic contact; basin-fill model dependence on gravity; intrusive/dike boundary; processing or coverage effects. Surface-only features may instead be roads or erosion.,MODEL HYPOTHESIS ONLY — requires expert/field review
R2-A-00065,2456,1810,424400.0,4262900.0,-117.8671212,38.5112683,0.8224297,0.6106687,609.87579,4.52699,0.90405,1.0,0.97452,1389.24,"Potential-field view is in its training-reference confident tail while the surface view abstains. Deeper-than-median modelled cover, anti-aligned gravity/cover normals and cross-scale gravity persistence are consistent with a covered basin-margin discontinuity. No fault displacement, geothermal fluid flow or vent has been verified at this pixel.",Lithologic contact; basin-fill model dependence on gravity; intrusive/dike boundary; processing or coverage effects. Surface-only features may instead be roads or erosion.,MODEL HYPOTHESIS ONLY — requires expert/field review
R2-A-00066,2456,1833,426700.0,4262900.0,-117.8407432,38.5114606,0.8084843,0.5611452,239.63861,5.4232,0.8268,0.99322,0.98477,806.23,"Potential-field view is in its training-reference confident tail while the surface view abstains. Signed normal/cover support is incomplete; do not interpret this discrepancy as proof of a buried fault. No fault displacement, geothermal fluid flow or vent has been verified at this pixel.",Lithologic contact; basin-fill model dependence on gravity; intrusive/dike boundary; processing or coverage effects. Surface-only features may instead be roads or erosion.,MODEL HYPOTHESIS ONLY — requires expert/field review
R2-A-00067,2457,1789,422300.0,4262800.0,-117.8911941,38.5101864,0.8151925,0.5108579,553.82343,3.6751,0.99324,0.9987,0.88326,282.84,"Potential-field view is in its training-reference confident tail while the surface view abstains. Deeper-than-median modelled cover, anti-aligned gravity/cover normals and cross-scale gravity persistence are consistent with a covered basin-margin discontinuity. No fault displacement, geothermal fluid flow or vent has been verified at this pixel.",Lithologic contact; basin-fill model dependence on gravity; intrusive/dike boundary; processing or coverage effects. Surface-only features may instead be roads or erosion.,MODEL HYPOTHESIS ONLY — requires expert/field review
R2-A-00068,2457,1794,422800.0,4262800.0,-117.8854599,38.5102299,0.8143045,0.5368575,621.69086,1.89073,0.97725,0.9998,0.90299,100.0,"Potential-field view is in its training-reference confident tail while the surface view abstains. Deeper-than-median modelled cover, anti-aligned gravity/cover normals and cross-scale gravity persistence are consistent with a covered basin-margin discontinuity. No fault displacement, geothermal fluid flow or vent has been verified at this pixel.",Lithologic contact; basin-fill model dependence on gravity; intrusive/dike boundary; processing or coverage effects. Surface-only features may instead be roads or erosion.,MODEL HYPOTHESIS ONLY — requires expert/field review
R2-A-00069,2457,1807,424100.0,4262800.0,-117.870551,38.5103417,0.8262091,0.5497351,693.10046,3.45169,0.91315,0.99991,0.96396,1236.93,"Potential-field view is in its training-reference confident tail while the surface view abstains. Deeper-than-median modelled cover, anti-aligned gravity/cover normals and cross-scale gravity persistence are consistent with a covered basin-margin discontinuity. No fault displacement, geothermal fluid flow or vent has been verified at this pixel.",Lithologic contact; basin-fill model dependence on gravity; intrusive/dike boundary; processing or coverage effects. Surface-only features may instead be roads or erosion.,MODEL HYPOTHESIS ONLY — requires expert/field review
R2-A-00070,2459,1804,423800.0,4262600.0,-117.8739697,38.5085138,0.8182896,0.5838032,773.28516,5.68624,0.9269,0.9992,0.95487,1029.56,"Potential-field view is in its training-reference confident tail while the surface view abstains. Deeper-than-median modelled cover, anti-aligned gravity/cover normals and cross-scale gravity persistence are consistent with a covered basin-margin discontinuity. No fault displacement, geothermal fluid flow or vent has been verified at this pixel.",Lithologic contact; basin-fill model dependence on gravity; intrusive/dike boundary; processing or coverage effects. Surface-only features may instead be roads or erosion.,MODEL HYPOTHESIS ONLY — requires expert/field review
R2-A-00071,2461,1808,424200.0,4262400.0,-117.8693608,38.5067457,0.8179121,0.5915562,874.40027,4.11434,0.92156,0.99999,0.96318,1414.21,"Potential-field view is in its training-reference confident tail while the surface view abstains. Deeper-than-median modelled cover, anti-aligned gravity/cover normals and cross-scale gravity persistence are consistent with a covered basin-margin discontinuity. No fault displacement, geothermal fluid flow or vent has been verified at this pixel.",Lithologic contact; basin-fill model dependence on gravity; intrusive/dike boundary; processing or coverage effects. Surface-only features may instead be roads or erosion.,MODEL HYPOTHESIS ONLY — requires expert/field review
R2-A-00072,2462,1806,424000.0,4262300.0,-117.8716435,38.5058276,0.8299888,0.5853342,925.70819,5.06954,0.92923,0.99938,0.9529,1360.15,"Potential-field view is in its training-reference confident tail while the surface view abstains. Deeper-than-median modelled cover, anti-aligned gravity/cover normals and cross-scale gravity persistence are consistent with a covered basin-margin discontinuity. No fault displacement, geothermal fluid flow or vent has been verified at this pixel.",Lithologic contact; basin-fill model dependence on gravity; intrusive/dike boundary; processing or coverage effects. Surface-only features may instead be roads or erosion.,MODEL HYPOTHESIS ONLY — requires expert/field review
R2-A-00073,2464,1804,423800.0,4262100.0,-117.8739153,38.5040083,0.8280435,0.5721089,1012.21265,3.9827,0.94369,0.99826,0.9432,1303.84,"Potential-field view is in its training-reference confident tail while the surface view abstains. Deeper-than-median modelled cover, anti-aligned gravity/cover normals and cross-scale gravity persistence are consistent with a covered basin-margin discontinuity. No fault displacement, geothermal fluid flow or vent has been verified at this pixel.",Lithologic contact; basin-fill model dependence on gravity; intrusive/dike boundary; processing or coverage effects. Surface-only features may instead be roads or erosion.,MODEL HYPOTHESIS ONLY — requires expert/field review
R2-A-00074,2464,1810,424400.0,4262100.0,-117.8670348,38.5040594,0.8164603,0.6115383,1014.81384,4.08773,0.93458,0.99962,0.96824,1200.0,"Potential-field view is in its training-reference confident tail while the surface view abstains. Deeper-than-median modelled cover, anti-aligned gravity/cover normals and cross-scale gravity persistence are consistent with a covered basin-margin discontinuity. No fault displacement, geothermal fluid flow or vent has been verified at this pixel.",Lithologic contact; basin-fill model dependence on gravity; intrusive/dike boundary; processing or coverage effects. Surface-only features may instead be roads or erosion.,MODEL HYPOTHESIS ONLY — requires expert/field review
R2-A-00075,2465,1764,419800.0,4262000.0,-117.9197733,38.5027559,0.8310761,0.4306668,194.69603,2.50916,0.99499,0.99823,0.98973,300.0,"Potential-field view is in its training-reference confident tail while the surface view abstains. Signed normal/cover support is incomplete; do not interpret this discrepancy as proof of a buried fault. No fault displacement, geothermal fluid flow or vent has been verified at this pixel.",Lithologic contact; basin-fill model dependence on gravity; intrusive/dike boundary; processing or coverage effects. Surface-only features may instead be roads or erosion.,MODEL HYPOTHESIS ONLY — requires expert/field review
R2-A-00076,2465,1769,420300.0,4262000.0,-117.9140397,38.5028008,0.8166447,0.4961131,267.05829,1.61709,0.97013,0.99712,0.98236,583.1,"Potential-field view is in its training-reference confident tail while the surface view abstains. Signed normal/cover support is incomplete; do not interpret this discrepancy as proof of a buried fault. No fault displacement, geothermal fluid flow or vent has been verified at this pixel.",Lithologic contact; basin-fill model dependence on gravity; intrusive/dike boundary; processing or coverage effects. Surface-only features may instead be roads or erosion.,MODEL HYPOTHESIS ONLY — requires expert/field review
R2-A-00077,2465,1800,423400.0,4262000.0,-117.8784913,38.5030729,0.8154943,0.4123515,1019.91034,2.67047,0.95789,0.99993,0.92089,1063.01,"Potential-field view is in its training-reference confident tail while the surface view abstains. Deeper-than-median modelled cover, anti-aligned gravity/cover normals and cross-scale gravity persistence are consistent with a covered basin-margin discontinuity. No fault displacement, geothermal fluid flow or vent has been verified at this pixel.",Lithologic contact; basin-fill model dependence on gravity; intrusive/dike boundary; processing or coverage effects. Surface-only features may instead be roads or erosion.,MODEL HYPOTHESIS ONLY — requires expert/field review
R2-A-00078,2466,1802,423600.0,4261900.0,-117.8761869,38.5021889,0.8200386,0.4901685,1107.91968,2.79967,0.95625,0.99929,0.93153,1272.79,"Potential-field view is in its training-reference confident tail while the surface view abstains. Deeper-than-median modelled cover, anti-aligned gravity/cover normals and cross-scale gravity persistence are consistent with a covered basin-margin discontinuity. No fault displacement, geothermal fluid flow or vent has been verified at this pixel.",Lithologic contact; basin-fill model dependence on gravity; intrusive/dike boundary; processing or coverage effects. Surface-only features may instead be roads or erosion.,MODEL HYPOTHESIS ONLY — requires expert/field review
R2-A-00079,2466,1807,424100.0,4261900.0,-117.8704533,38.5022317,0.8408615,0.5266031,1186.4231,3.8852,0.94459,0.99849,0.94988,1500.0,"Potential-field view is in its training-reference confident tail while the surface view abstains. Deeper-than-median modelled cover, anti-aligned gravity/cover normals and cross-scale gravity persistence are consistent with a covered basin-margin discontinuity. No fault displacement, geothermal fluid flow or vent has been verified at this pixel.",Lithologic contact; basin-fill model dependence on gravity; intrusive/dike boundary; processing or coverage effects. Surface-only features may instead be roads or erosion.,MODEL HYPOTHESIS ONLY — requires expert/field review
R2-A-00080,2467,1804,423800.0,4261800.0,-117.8738826,38.501305,0.8463868,0.4908158,1203.52393,2.10955,0.95574,0.99684,0.93442,1486.61,"Potential-field view is in its training-reference confident tail while the surface view abstains. Deeper-than-median modelled cover, anti-aligned gravity/cover normals and cross-scale gravity persistence are consistent with a covered basin-margin discontinuity. No fault displacement, geothermal fluid flow or vent has been verified at this pixel.",Lithologic contact; basin-fill model dependence on gravity; intrusive/dike boundary; processing or coverage effects. Surface-only features may instead be roads or erosion.,MODEL HYPOTHESIS ONLY — requires expert/field review
R2-A-00081,2468,1758,419200.0,4261700.0,-117.9266189,38.4999984,0.824409,0.4960839,116.283,4.84943,0.99983,0.99673,0.98089,424.26,"Potential-field view is in its training-reference confident tail while the surface view abstains. Signed normal/cover support is incomplete; do not interpret this discrepancy as proof of a buried fault. No fault displacement, geothermal fluid flow or vent has been verified at this pixel.",Lithologic contact; basin-fill model dependence on gravity; intrusive/dike boundary; processing or coverage effects. Surface-only features may instead be roads or erosion.,MODEL HYPOTHESIS ONLY — requires expert/field review
R2-A-00082,2469,1767,420100.0,4261600.0,-117.9162875,38.4991785,0.8495811,0.4869055,219.61496,3.38443,0.97669,0.99682,0.98829,223.61,"Potential-field view is in its training-reference confident tail while the surface view abstains. Signed normal/cover support is incomplete; do not interpret this discrepancy as proof of a buried fault. No fault displacement, geothermal fluid flow or vent has been verified at this pixel.",Lithologic contact; basin-fill model dependence on gravity; intrusive/dike boundary; processing or coverage effects. Surface-only features may instead be roads or erosion.,MODEL HYPOTHESIS ONLY — requires expert/field review
R2-A-00083,2469,1807,424100.0,4261600.0,-117.8704208,38.4995284,0.8135042,0.4963853,1394.66089,3.13737,0.95401,0.99694,0.9415,1500.0,"Potential-field view is in its training-reference confident tail while the surface view abstains. Deeper-than-median modelled cover, anti-aligned gravity/cover normals and cross-scale gravity persistence are consistent with a covered basin-margin discontinuity. No fault displacement, geothermal fluid flow or vent has been verified at this pixel.",Lithologic contact; basin-fill model dependence on gravity; intrusive/dike boundary; processing or coverage effects. Surface-only features may instead be roads or erosion.,MODEL HYPOTHESIS ONLY — requires expert/field review
R2-A-00084,2470,1799,423300.0,4261500.0,-117.8795832,38.4985587,0.8090032,0.4812556,1277.23499,2.22161,0.97898,0.99993,0.88456,1236.93,"Potential-field view is in its training-reference confident tail while the surface view abstains. Deeper-than-median modelled cover, anti-aligned gravity/cover normals and cross-scale gravity persistence are consistent with a covered basin-margin discontinuity. No fault displacement, geothermal fluid flow or vent has been verified at this pixel.",Lithologic contact; basin-fill model dependence on gravity; intrusive/dike boundary; processing or coverage effects. Surface-only features may instead be roads or erosion.,MODEL HYPOTHESIS ONLY — requires expert/field review
R2-A-00085,2470,1804,423800.0,4261500.0,-117.8738499,38.4986016,0.8321078,0.4865354,1394.83948,3.16537,0.96341,0.9952,0.91944,1664.33,"Potential-field view is in its training-reference confident tail while the surface view abstains. Deeper-than-median modelled cover, anti-aligned gravity/cover normals and cross-scale gravity persistence are consistent with a covered basin-margin discontinuity. No fault displacement, geothermal fluid flow or vent has been verified at this pixel.",Lithologic contact; basin-fill model dependence on gravity; intrusive/dike boundary; processing or coverage effects. Surface-only features may instead be roads or erosion.,MODEL HYPOTHESIS ONLY — requires expert/field review
R2-A-00086,2472,1803,423700.0,4261300.0,-117.8749748,38.4967909,0.8098387,0.5771798,1495.06726,5.7414,0.97034,0.99565,0.89914,1581.14,"Potential-field view is in its training-reference confident tail while the surface view abstains. Deeper-than-median modelled cover, anti-aligned gravity/cover normals and cross-scale gravity persistence are consistent with a covered basin-margin discontinuity. No fault displacement, geothermal fluid flow or vent has been verified at this pixel.",Lithologic contact; basin-fill model dependence on gravity; intrusive/dike boundary; processing or coverage effects. Surface-only features may instead be roads or erosion.,MODEL HYPOTHESIS ONLY — requires expert/field review
R2-A-00087,2473,1758,419200.0,4261200.0,-117.9265612,38.4954929,0.8358876,0.5322842,89.08069,1.48922,0.99892,0.99448,0.97441,300.0,"Potential-field view is in its training-reference confident tail while the surface view abstains. Signed normal/cover support is incomplete; do not interpret this discrepancy as proof of a buried fault. No fault displacement, geothermal fluid flow or vent has been verified at this pixel.",Lithologic contact; basin-fill model dependence on gravity; intrusive/dike boundary; processing or coverage effects. Surface-only features may instead be roads or erosion.,MODEL HYPOTHESIS ONLY — requires expert/field review
R2-A-00088,2473,1777,421100.0,4261200.0,-117.9047758,38.4956632,0.819024,0.471549,489.8681,1.27762,0.97908,0.99998,0.98299,100.0,"Potential-field view is in its training-reference confident tail while the surface view abstains. Deeper-than-median modelled cover, anti-aligned gravity/cover normals and cross-scale gravity persistence are consistent with a covered basin-margin discontinuity. No fault displacement, geothermal fluid flow or vent has been verified at this pixel.",Lithologic contact; basin-fill model dependence on gravity; intrusive/dike boundary; processing or coverage effects. Surface-only features may instead be roads or erosion.,MODEL HYPOTHESIS ONLY — requires expert/field review
R2-A-00089,2473,1817,425100.0,4261200.0,-117.8589112,38.4960086,0.8252375,0.5486724,1611.38806,5.15298,0.91275,0.99994,0.96696,538.52,"Potential-field view is in its training-reference confident tail while the surface view abstains. Deeper-than-median modelled cover, anti-aligned gravity/cover normals and cross-scale gravity persistence are consistent with a covered basin-margin discontinuity. No fault displacement, geothermal fluid flow or vent has been verified at this pixel.",Lithologic contact; basin-fill model dependence on gravity; intrusive/dike boundary; processing or coverage effects. Surface-only features may instead be roads or erosion.,MODEL HYPOTHESIS ONLY — requires expert/field review
R2-A-00090,2474,1764,419800.0,4261100.0,-117.9196701,38.494646,0.8524567,0.5634809,161.27887,0.77026,0.99546,0.99785,0.98762,200.0,"Potential-field view is in its training-reference confident tail while the surface view abstains. Signed normal/cover support is incomplete; do not interpret this discrepancy as proof of a buried fault. No fault displacement, geothermal fluid flow or vent has been verified at this pixel.",Lithologic contact; basin-fill model dependence on gravity; intrusive/dike boundary; processing or coverage effects. Surface-only features may instead be roads or erosion.,MODEL HYPOTHESIS ONLY — requires expert/field review
R2-A-00091,2474,1858,429200.0,4261100.0,-117.8118891,38.4954428,0.8084851,0.4620742,149.49422,9.52952,0.91847,0.99909,0.99498,100.0,"Potential-field view is in its training-reference confident tail while the surface view abstains. Signed normal/cover support is incomplete; do not interpret this discrepancy as proof of a buried fault. No fault displacement, geothermal fluid flow or vent has been verified at this pixel.",Lithologic contact; basin-fill model dependence on gravity; intrusive/dike boundary; processing or coverage effects. Surface-only features may instead be roads or erosion.,MODEL HYPOTHESIS ONLY — requires expert/field review
R2-A-00092,2478,1759,419300.0,4260700.0,-117.9253569,38.4909965,0.8460396,0.5781536,77.83227,2.88827,0.99964,0.99202,0.95853,300.0,"Potential-field view is in its training-reference confident tail while the surface view abstains. Signed normal/cover support is incomplete; do not interpret this discrepancy as proof of a buried fault. No fault displacement, geothermal fluid flow or vent has been verified at this pixel.",Lithologic contact; basin-fill model dependence on gravity; intrusive/dike boundary; processing or coverage effects. Surface-only features may instead be roads or erosion.,MODEL HYPOTHESIS ONLY — requires expert/field review
R2-A-00093,2479,1764,419800.0,4260600.0,-117.9196129,38.4901405,0.8564341,0.4494192,139.83499,1.89337,0.99936,0.99781,0.97937,223.61,"Potential-field view is in its training-reference confident tail while the surface view abstains. Signed normal/cover support is incomplete; do not interpret this discrepancy as proof of a buried fault. No fault displacement, geothermal fluid flow or vent has been verified at this pixel.",Lithologic contact; basin-fill model dependence on gravity; intrusive/dike boundary; processing or coverage effects. Surface-only features may instead be roads or erosion.,MODEL HYPOTHESIS ONLY — requires expert/field review
R2-A-00094,2479,1775,420900.0,4260600.0,-117.9070012,38.4902389,0.8219123,0.4069576,446.97134,2.41903,0.99261,0.99997,0.99386,300.0,"Potential-field view is in its training-reference confident tail while the surface view abstains. Deeper-than-median modelled cover, anti-aligned gravity/cover normals and cross-scale gravity persistence are consistent with a covered basin-margin discontinuity. No fault displacement, geothermal fluid flow or vent has been verified at this pixel.",Lithologic contact; basin-fill model dependence on gravity; intrusive/dike boundary; processing or coverage effects. Surface-only features may instead be roads or erosion.,MODEL HYPOTHESIS ONLY — requires expert/field review
R2-A-00095,2479,1865,429900.0,4260600.0,-117.8038126,38.4909925,0.8187978,0.4073828,124.1345,16.34413,0.94034,0.99981,0.98855,447.21,"Potential-field view is in its training-reference confident tail while the surface view abstains. Signed normal/cover support is incomplete; do not interpret this discrepancy as proof of a buried fault. No fault displacement, geothermal fluid flow or vent has been verified at this pixel.",Lithologic contact; basin-fill model dependence on gravity; intrusive/dike boundary; processing or coverage effects. Surface-only features may instead be roads or erosion.,MODEL HYPOTHESIS ONLY — requires expert/field review
R2-A-00096,2480,1870,430400.0,4260500.0,-117.7980698,38.4901306,0.824634,0.5160313,61.31857,12.11985,0.97401,0.99995,0.98282,806.23,"Potential-field view is in its training-reference confident tail while the surface view abstains. Signed normal/cover support is incomplete; do not interpret this discrepancy as proof of a buried fault. No fault displacement, geothermal fluid flow or vent has been verified at this pixel.",Lithologic contact; basin-fill model dependence on gravity; intrusive/dike boundary; processing or coverage effects. Surface-only features may instead be roads or erosion.,MODEL HYPOTHESIS ONLY — requires expert/field review
R2-A-00097,2481,1776,421000.0,4260400.0,-117.9058321,38.4884456,0.8101137,0.4751208,486.46469,2.65363,0.99617,0.99973,0.99591,282.84,"Potential-field view is in its training-reference confident tail while the surface view abstains. Deeper-than-median modelled cover, anti-aligned gravity/cover normals and cross-scale gravity persistence are consistent with a covered basin-margin discontinuity. No fault displacement, geothermal fluid flow or vent has been verified at this pixel.",Lithologic contact; basin-fill model dependence on gravity; intrusive/dike boundary; processing or coverage effects. Surface-only features may instead be roads or erosion.,MODEL HYPOTHESIS ONLY — requires expert/field review
R2-A-00098,2481,1782,421600.0,4260400.0,-117.8989532,38.4884986,0.814995,0.5475357,799.03925,2.10598,0.99522,0.99912,0.98892,223.61,"Potential-field view is in its training-reference confident tail while the surface view abstains. Deeper-than-median modelled cover, anti-aligned gravity/cover normals and cross-scale gravity persistence are consistent with a covered basin-margin discontinuity. No fault displacement, geothermal fluid flow or vent has been verified at this pixel.",Lithologic contact; basin-fill model dependence on gravity; intrusive/dike boundary; processing or coverage effects. Surface-only features may instead be roads or erosion.,MODEL HYPOTHESIS ONLY — requires expert/field review
R2-A-00099,2482,1835,426900.0,4260300.0,-117.8381779,38.4880481,0.8232048,0.5435993,1524.79919,5.18996,0.99966,0.99993,0.99086,728.01,"Potential-field view is in its training-reference confident tail while the surface view abstains. Deeper-than-median modelled cover, anti-aligned gravity/cover normals and cross-scale gravity persistence are consistent with a covered basin-margin discontinuity. No fault displacement, geothermal fluid flow or vent has been verified at this pixel.",Lithologic contact; basin-fill model dependence on gravity; intrusive/dike boundary; processing or coverage effects. Surface-only features may instead be roads or erosion.,MODEL HYPOTHESIS ONLY — requires expert/field review
R2-A-00100,2483,1762,419600.0,4260200.0,-117.92186,38.4865181,0.8443248,0.4950472,95.22708,2.29975,0.99245,0.99947,0.95938,500.0,"Potential-field view is in its training-reference confident tail while the surface view abstains. Signed normal/cover support is incomplete; do not interpret this discrepancy as proof of a buried fault. No fault displacement, geothermal fluid flow or vent has been verified at this pixel.",Lithologic contact; basin-fill model dependence on gravity; intrusive/dike boundary; processing or coverage effects. Surface-only features may instead be roads or erosion.,MODEL HYPOTHESIS ONLY — requires expert/field review
R2-A-00101,2483,1765,419900.0,4260200.0,-117.9184206,38.4865451,0.8458488,0.4811461,136.48918,1.16293,0.99816,0.99968,0.97893,316.23,"Potential-field view is in its training-reference confident tail while the surface view abstains. Signed normal/cover support is incomplete; do not interpret this discrepancy as proof of a buried fault. No fault displacement, geothermal fluid flow or vent has been verified at this pixel.",Lithologic contact; basin-fill model dependence on gravity; intrusive/dike boundary; processing or coverage effects. Surface-only features may instead be roads or erosion.,MODEL HYPOTHESIS ONLY — requires expert/field review
R2-A-00102,2483,1870,430400.0,4260200.0,-117.79804,38.4874272,0.8303516,0.6072494,81.34039,5.98657,0.99605,1.0,0.98465,565.69,"Potential-field view is in its training-reference confident tail while the surface view abstains. Signed normal/cover support is incomplete; do not interpret this discrepancy as proof of a buried fault. No fault displacement, geothermal fluid flow or vent has been verified at this pixel.",Lithologic contact; basin-fill model dependence on gravity; intrusive/dike boundary; processing or coverage effects. Surface-only features may instead be roads or erosion.,MODEL HYPOTHESIS ONLY — requires expert/field review
R2-A-00103,2483,1873,430700.0,4260200.0,-117.7946005,38.4874506,0.8321164,0.5260547,50.0975,10.4542,0.99974,0.99995,0.9824,781.02,"Potential-field view is in its training-reference confident tail while the surface view abstains. Signed normal/cover support is incomplete; do not interpret this discrepancy as proof of a buried fault. No fault displacement, geothermal fluid flow or vent has been verified at this pixel.",Lithologic contact; basin-fill model dependence on gravity; intrusive/dike boundary; processing or coverage effects. Surface-only features may instead be roads or erosion.,MODEL HYPOTHESIS ONLY — requires expert/field review
R2-A-00104,2484,1778,421200.0,4260100.0,-117.9035054,38.48576,0.8247412,0.5307083,589.46826,1.69327,0.99949,0.99903,0.99576,223.61,"Potential-field view is in its training-reference confident tail while the surface view abstains. Deeper-than-median modelled cover, anti-aligned gravity/cover normals and cross-scale gravity persistence are consistent with a covered basin-margin discontinuity. No fault displacement, geothermal fluid flow or vent has been verified at this pixel.",Lithologic contact; basin-fill model dependence on gravity; intrusive/dike boundary; processing or coverage effects. Surface-only features may instead be roads or erosion.,MODEL HYPOTHESIS ONLY — requires expert/field review
R2-A-00105,2484,1786,422000.0,4260100.0,-117.8943338,38.4858304,0.8130615,0.5677032,1051.02234,1.79191,0.99862,0.99924,0.97906,282.84,"Potential-field view is in its training-reference confident tail while the surface view abstains. Deeper-than-median modelled cover, anti-aligned gravity/cover normals and cross-scale gravity persistence are consistent with a covered basin-margin discontinuity. No fault displacement, geothermal fluid flow or vent has been verified at this pixel.",Lithologic contact; basin-fill model dependence on gravity; intrusive/dike boundary; processing or coverage effects. Surface-only features may instead be roads or erosion.,MODEL HYPOTHESIS ONLY — requires expert/field review
R2-A-00106,2484,1834,426800.0,4260100.0,-117.8393035,38.4862376,0.8150532,0.5383103,1682.13428,3.65866,0.9995,0.99948,0.99136,806.23,"Potential-field view is in its training-reference confident tail while the surface view abstains. Deeper-than-median modelled cover, anti-aligned gravity/cover normals and cross-scale gravity persistence are consistent with a covered basin-margin discontinuity. No fault displacement, geothermal fluid flow or vent has been verified at this pixel.",Lithologic contact; basin-fill model dependence on gravity; intrusive/dike boundary; processing or coverage effects. Surface-only features may instead be roads or erosion.,MODEL HYPOTHESIS ONLY — requires expert/field review
R2-A-00107,2484,1837,427100.0,4260100.0,-117.8358641,38.4862622,0.8292645,0.4752215,1521.32458,5.40254,0.98926,1.0,0.99065,640.31,"Potential-field view is in its training-reference confident tail while the surface view abstains. Deeper-than-median modelled cover, anti-aligned gravity/cover normals and cross-scale gravity persistence are consistent with a covered basin-margin discontinuity. No fault displacement, geothermal fluid flow or vent has been verified at this pixel.",Lithologic contact; basin-fill model dependence on gravity; intrusive/dike boundary; processing or coverage effects. Surface-only features may instead be roads or erosion.,MODEL HYPOTHESIS ONLY — requires expert/field review
R2-A-00108,2485,1768,420200.0,4260000.0,-117.9149584,38.4847699,0.8577942,0.43173,202.63974,1.81129,0.99784,0.99773,0.99229,141.42,"Potential-field view is in its training-reference confident tail while the surface view abstains. Signed normal/cover support is incomplete; do not interpret this discrepancy as proof of a buried fault. No fault displacement, geothermal fluid flow or vent has been verified at this pixel.",Lithologic contact; basin-fill model dependence on gravity; intrusive/dike boundary; processing or coverage effects. Surface-only features may instead be roads or erosion.,MODEL HYPOTHESIS ONLY — requires expert/field review
R2-A-00109,2485,1839,427300.0,4260000.0,-117.8335607,38.4853774,0.8292645,0.5074008,1441.67249,4.16701,0.97236,0.9998,0.99244,565.69,"Potential-field view is in its training-reference confident tail while the surface view abstains. Deeper-than-median modelled cover, anti-aligned gravity/cover normals and cross-scale gravity persistence are consistent with a covered basin-margin discontinuity. No fault displacement, geothermal fluid flow or vent has been verified at this pixel.",Lithologic contact; basin-fill model dependence on gravity; intrusive/dike boundary; processing or coverage effects. Surface-only features may instead be roads or erosion.,MODEL HYPOTHESIS ONLY — requires expert/field review
R2-A-00110,2486,1764,419800.0,4259900.0,-117.9195327,38.4838329,0.8522326,0.5096216,115.39098,3.80192,0.98345,0.99354,0.98067,538.52,"Potential-field view is in its training-reference confident tail while the surface view abstains. Signed normal/cover support is incomplete; do not interpret this discrepancy as proof of a buried fault. No fault displacement, geothermal fluid flow or vent has been verified at this pixel.",Lithologic contact; basin-fill model dependence on gravity; intrusive/dike boundary; processing or coverage effects. Surface-only features may instead be roads or erosion.,MODEL HYPOTHESIS ONLY — requires expert/field review
R2-A-00111,2486,1775,420900.0,4259900.0,-117.9069221,38.4839312,0.8488977,0.4162507,445.38522,1.1599,0.99979,0.99786,0.99563,500.0,"Potential-field view is in its training-reference confident tail while the surface view abstains. Deeper-than-median modelled cover, anti-aligned gravity/cover normals and cross-scale gravity persistence are consistent with a covered basin-margin discontinuity. No fault displacement, geothermal fluid flow or vent has been verified at this pixel.",Lithologic contact; basin-fill model dependence on gravity; intrusive/dike boundary; processing or coverage effects. Surface-only features may instead be roads or erosion.,MODEL HYPOTHESIS ONLY — requires expert/field review
R2-A-00112,2486,1782,421600.0,4259900.0,-117.8988972,38.483993,0.8157805,0.607814,813.2157,2.85562,0.99973,0.99852,0.98703,200.0,"Potential-field view is in its training-reference confident tail while the surface view abstains. Deeper-than-median modelled cover, anti-aligned gravity/cover normals and cross-scale gravity persistence are consistent with a covered basin-margin discontinuity. No fault displacement, geothermal fluid flow or vent has been verified at this pixel.",Lithologic contact; basin-fill model dependence on gravity; intrusive/dike boundary; processing or coverage effects. Surface-only features may instead be roads or erosion.,MODEL HYPOTHESIS ONLY — requires expert/field review
R2-A-00113,2487,1779,421300.0,4259800.0,-117.9023252,38.4830655,0.8101705,0.6097552,635.12366,4.68915,0.99998,0.99788,0.98818,316.23,"Potential-field view is in its training-reference confident tail while the surface view abstains. Deeper-than-median modelled cover, anti-aligned gravity/cover normals and cross-scale gravity persistence are consistent with a covered basin-margin discontinuity. No fault displacement, geothermal fluid flow or vent has been verified at this pixel.",Lithologic contact; basin-fill model dependence on gravity; intrusive/dike boundary; processing or coverage effects. Surface-only features may instead be roads or erosion.,MODEL HYPOTHESIS ONLY — requires expert/field review
R2-A-00114,2488,1766,420000.0,4259700.0,-117.917217,38.4820486,0.858395,0.540852,136.51694,1.95174,0.98795,0.99366,0.98969,447.21,"Potential-field view is in its training-reference confident tail while the surface view abstains. Signed normal/cover support is incomplete; do not interpret this discrepancy as proof of a buried fault. No fault displacement, geothermal fluid flow or vent has been verified at this pixel.",Lithologic contact; basin-fill model dependence on gravity; intrusive/dike boundary; processing or coverage effects. Surface-only features may instead be roads or erosion.,MODEL HYPOTHESIS ONLY — requires expert/field review
R2-A-00115,2488,1776,421000.0,4259700.0,-117.9057532,38.4821378,0.8641202,0.4789125,471.90585,1.08992,0.99982,0.9972,0.98749,583.1,"Potential-field view is in its training-reference confident tail while the surface view abstains. Deeper-than-median modelled cover, anti-aligned gravity/cover normals and cross-scale gravity persistence are consistent with a covered basin-margin discontinuity. No fault displacement, geothermal fluid flow or vent has been verified at this pixel.",Lithologic contact; basin-fill model dependence on gravity; intrusive/dike boundary; processing or coverage effects. Surface-only features may instead be roads or erosion.,MODEL HYPOTHESIS ONLY — requires expert/field review
R2-A-00116,2489,1771,420500.0,4259600.0,-117.9114737,38.4811923,0.8674281,0.4373641,294.37646,1.84153,0.9977,0.99621,0.98865,316.23,"Potential-field view is in its training-reference confident tail while the surface view abstains. Signed normal/cover support is incomplete; do not interpret this discrepancy as proof of a buried fault. No fault displacement, geothermal fluid flow or vent has been verified at this pixel.",Lithologic contact; basin-fill model dependence on gravity; intrusive/dike boundary; processing or coverage effects. Surface-only features may instead be roads or erosion.,MODEL HYPOTHESIS ONLY — requires expert/field review
R2-A-00117,2489,1834,426800.0,4259600.0,-117.8392512,38.481732,0.8238626,0.5215045,1889.68518,2.93829,0.9912,0.99994,0.99123,608.28,"Potential-field view is in its training-reference confident tail while the surface view abstains. Deeper-than-median modelled cover, anti-aligned gravity/cover normals and cross-scale gravity persistence are consistent with a covered basin-margin discontinuity. No fault displacement, geothermal fluid flow or vent has been verified at this pixel.",Lithologic contact; basin-fill model dependence on gravity; intrusive/dike boundary; processing or coverage effects. Surface-only features may instead be roads or erosion.,MODEL HYPOTHESIS ONLY — requires expert/field review
R2-A-00118,2490,1779,421300.0,4259500.0,-117.9022915,38.4803622,0.8239643,0.5284852,623.08453,2.70962,0.9993,0.99845,0.97098,300.0,"Potential-field view is in its training-reference confident tail while the surface view abstains. Deeper-than-median modelled cover, anti-aligned gravity/cover normals and cross-scale gravity persistence are consistent with a covered basin-margin discontinuity. No fault displacement, geothermal fluid flow or vent has been verified at this pixel.",Lithologic contact; basin-fill model dependence on gravity; intrusive/dike boundary; processing or coverage effects. Surface-only features may instead be roads or erosion.,MODEL HYPOTHESIS ONLY — requires expert/field review
R2-A-00119,2490,1784,421800.0,4259500.0,-117.8965597,38.4804062,0.8232338,0.5481014,916.53387,1.0445,0.9983,0.99839,0.96401,141.42,"Potential-field view is in its training-reference confident tail while the surface view abstains. Deeper-than-median modelled cover, anti-aligned gravity/cover normals and cross-scale gravity persistence are consistent with a covered basin-margin discontinuity. No fault displacement, geothermal fluid flow or vent has been verified at this pixel.",Lithologic contact; basin-fill model dependence on gravity; intrusive/dike boundary; processing or coverage effects. Surface-only features may instead be roads or erosion.,MODEL HYPOTHESIS ONLY — requires expert/field review
R2-A-00120,2490,1788,422200.0,4259500.0,-117.8919742,38.4804412,0.8104068,0.5724846,1168.24744,2.34909,0.99664,0.99902,0.95618,200.0,"Potential-field view is in its training-reference confident tail while the surface view abstains. Deeper-than-median modelled cover, anti-aligned gravity/cover normals and cross-scale gravity persistence are consistent with a covered basin-margin discontinuity. No fault displacement, geothermal fluid flow or vent has been verified at this pixel.",Lithologic contact; basin-fill model dependence on gravity; intrusive/dike boundary; processing or coverage effects. Surface-only features may instead be roads or erosion.,MODEL HYPOTHESIS ONLY — requires expert/field review
R2-A-00121,2490,1837,427100.0,4259500.0,-117.8358016,38.4808555,0.8133011,0.594281,1769.64258,3.84229,0.97125,0.99978,0.99248,608.28,"Potential-field view is in its training-reference confident tail while the surface view abstains. Deeper-than-median modelled cover, anti-aligned gravity/cover normals and cross-scale gravity persistence are consistent with a covered basin-margin discontinuity. No fault displacement, geothermal fluid flow or vent has been verified at this pixel.",Lithologic contact; basin-fill model dependence on gravity; intrusive/dike boundary; processing or coverage effects. Surface-only features may instead be roads or erosion.,MODEL HYPOTHESIS ONLY — requires expert/field review
R2-A-00122,2491,1776,421000.0,4259400.0,-117.9057193,38.4794345,0.8730097,0.5175006,459.01508,2.50283,0.9996,0.99927,0.96922,360.56,"Potential-field view is in its training-reference confident tail while the surface view abstains. Deeper-than-median modelled cover, anti-aligned gravity/cover normals and cross-scale gravity persistence are consistent with a covered basin-margin discontinuity. No fault displacement, geothermal fluid flow or vent has been verified at this pixel.",Lithologic contact; basin-fill model dependence on gravity; intrusive/dike boundary; processing or coverage effects. Surface-only features may instead be roads or erosion.,MODEL HYPOTHESIS ONLY — requires expert/field review
R2-A-00123,2491,1831,426500.0,4259400.0,-117.8426695,38.4799051,0.8131973,0.5818383,2134.38232,2.44337,0.99675,0.99975,0.99006,282.84,"Potential-field view is in its training-reference confident tail while the surface view abstains. Deeper-than-median modelled cover, anti-aligned gravity/cover normals and cross-scale gravity persistence are consistent with a covered basin-margin discontinuity. No fault displacement, geothermal fluid flow or vent has been verified at this pixel.",Lithologic contact; basin-fill model dependence on gravity; intrusive/dike boundary; processing or coverage effects. Surface-only features may instead be roads or erosion.,MODEL HYPOTHESIS ONLY — requires expert/field review
R2-A-00124,2492,1769,420300.0,4259300.0,-117.9137324,38.4784711,0.8459401,0.488869,215.46614,2.22378,0.99829,0.99881,0.97559,608.28,"Potential-field view is in its training-reference confident tail while the surface view abstains. Signed normal/cover support is incomplete; do not interpret this discrepancy as proof of a buried fault. No fault displacement, geothermal fluid flow or vent has been verified at this pixel.",Lithologic contact; basin-fill model dependence on gravity; intrusive/dike boundary; processing or coverage effects. Surface-only features may instead be roads or erosion.,MODEL HYPOTHESIS ONLY — requires expert/field review
R2-A-00125,2492,1781,421500.0,4259300.0,-117.8999764,38.4785776,0.830964,0.5490408,733.1026,4.10648,0.99446,0.99999,0.96109,200.0,"Potential-field view is in its training-reference confident tail while the surface view abstains. Deeper-than-median modelled cover, anti-aligned gravity/cover normals and cross-scale gravity persistence are consistent with a covered basin-margin discontinuity. No fault displacement, geothermal fluid flow or vent has been verified at this pixel.",Lithologic contact; basin-fill model dependence on gravity; intrusive/dike boundary; processing or coverage effects. Surface-only features may instead be roads or erosion.,MODEL HYPOTHESIS ONLY — requires expert/field review
R2-A-00126,2493,1838,427200.0,4259200.0,-117.8346241,38.4781603,0.8291602,0.5212469,1832.8125,2.71249,0.95471,0.99989,0.99355,300.0,"Potential-field view is in its training-reference confident tail while the surface view abstains. Deeper-than-median modelled cover, anti-aligned gravity/cover normals and cross-scale gravity persistence are consistent with a covered basin-margin discontinuity. No fault displacement, geothermal fluid flow or vent has been verified at this pixel.",Lithologic contact; basin-fill model dependence on gravity; intrusive/dike boundary; processing or coverage effects. Surface-only features may instead be roads or erosion.,MODEL HYPOTHESIS ONLY — requires expert/field review
R2-A-00127,2493,1873,430700.0,4259200.0,-117.7945016,38.4784393,0.8212461,0.4493047,202.72292,3.48425,0.9978,0.99975,0.99164,141.42,"Potential-field view is in its training-reference confident tail while the surface view abstains. Signed normal/cover support is incomplete; do not interpret this discrepancy as proof of a buried fault. No fault displacement, geothermal fluid flow or vent has been verified at this pixel.",Lithologic contact; basin-fill model dependence on gravity; intrusive/dike boundary; processing or coverage effects. Surface-only features may instead be roads or erosion.,MODEL HYPOTHESIS ONLY — requires expert/field review
R2-A-00128,2494,1767,420100.0,4259100.0,-117.9160022,38.476651,0.8458001,0.5309321,138.44443,1.97804,0.99715,0.99985,0.96809,854.4,"Potential-field view is in its training-reference confident tail while the surface view abstains. Signed normal/cover support is incomplete; do not interpret this discrepancy as proof of a buried fault. No fault displacement, geothermal fluid flow or vent has been verified at this pixel.",Lithologic contact; basin-fill model dependence on gravity; intrusive/dike boundary; processing or coverage effects. Surface-only features may instead be roads or erosion.,MODEL HYPOTHESIS ONLY — requires expert/field review
R2-A-00129,2494,1776,421000.0,4259100.0,-117.9056855,38.4767312,0.8836222,0.4064935,436.60272,2.89818,0.99256,0.99805,0.9625,300.0,"Potential-field view is in its training-reference confident tail while the surface view abstains. Deeper-than-median modelled cover, anti-aligned gravity/cover normals and cross-scale gravity persistence are consistent with a covered basin-margin discontinuity. No fault displacement, geothermal fluid flow or vent has been verified at this pixel.",Lithologic contact; basin-fill model dependence on gravity; intrusive/dike boundary; processing or coverage effects. Surface-only features may instead be roads or erosion.,MODEL HYPOTHESIS ONLY — requires expert/field review
R2-A-00130,2494,1831,426500.0,4259100.0,-117.842638,38.4772017,0.8107241,0.5730094,2234.29248,2.32372,0.98938,0.99912,0.9869,200.0,"Potential-field view is in its training-reference confident tail while the surface view abstains. Deeper-than-median modelled cover, anti-aligned gravity/cover normals and cross-scale gravity persistence are consistent with a covered basin-margin discontinuity. No fault displacement, geothermal fluid flow or vent has been verified at this pixel.",Lithologic contact; basin-fill model dependence on gravity; intrusive/dike boundary; processing or coverage effects. Surface-only features may instead be roads or erosion.,MODEL HYPOTHESIS ONLY — requires expert/field review
R2-A-00131,2496,1765,419900.0,4258900.0,-117.918272,38.4748308,0.8589009,0.5875381,97.08799,3.42066,0.99138,0.99997,0.95917,1118.03,"Potential-field view is in its training-reference confident tail while the surface view abstains. Signed normal/cover support is incomplete; do not interpret this discrepancy as proof of a buried fault. No fault displacement, geothermal fluid flow or vent has been verified at this pixel.",Lithologic contact; basin-fill model dependence on gravity; intrusive/dike boundary; processing or coverage effects. Surface-only features may instead be roads or erosion.,MODEL HYPOTHESIS ONLY — requires expert/field review
R2-A-00132,2496,1772,420600.0,4258900.0,-117.910248,38.4748935,0.8561594,0.423341,285.04874,2.39575,0.99609,0.99727,0.96336,707.11,"Potential-field view is in its training-reference confident tail while the surface view abstains. Signed normal/cover support is incomplete; do not interpret this discrepancy as proof of a buried fault. No fault displacement, geothermal fluid flow or vent has been verified at this pixel.",Lithologic contact; basin-fill model dependence on gravity; intrusive/dike boundary; processing or coverage effects. Surface-only features may instead be roads or erosion.,MODEL HYPOTHESIS ONLY — requires expert/field review
R2-A-00133,2498,1778,421200.0,4258700.0,-117.9033479,38.4731445,0.8416913,0.5352786,478.93021,5.89092,0.97445,0.99216,0.98406,223.61,"Potential-field view is in its training-reference confident tail while the surface view abstains. Deeper-than-median modelled cover, anti-aligned gravity/cover normals and cross-scale gravity persistence are consistent with a covered basin-margin discontinuity. No fault displacement, geothermal fluid flow or vent has been verified at this pixel.",Lithologic contact; basin-fill model dependence on gravity; intrusive/dike boundary; processing or coverage effects. Surface-only features may instead be roads or erosion.,MODEL HYPOTHESIS ONLY — requires expert/field review
R2-A-00134,2499,1768,420200.0,4258600.0,-117.914799,38.4721544,0.851079,0.5430642,140.27266,2.78713,0.99913,0.99856,0.95742,1044.03,"Potential-field view is in its training-reference confident tail while the surface view abstains. Signed normal/cover support is incomplete; do not interpret this discrepancy as proof of a buried fault. No fault displacement, geothermal fluid flow or vent has been verified at this pixel.",Lithologic contact; basin-fill model dependence on gravity; intrusive/dike boundary; processing or coverage effects. Surface-only features may instead be roads or erosion.,MODEL HYPOTHESIS ONLY — requires expert/field review
R2-A-00135,2499,1782,421600.0,4258600.0,-117.8987517,38.4722787,0.8678152,0.4201671,682.47443,1.57573,0.97678,0.99549,0.99317,223.61,"Potential-field view is in its training-reference confident tail while the surface view abstains. Deeper-than-median modelled cover, anti-aligned gravity/cover normals and cross-scale gravity persistence are consistent with a covered basin-margin discontinuity. No fault displacement, geothermal fluid flow or vent has been verified at this pixel.",Lithologic contact; basin-fill model dependence on gravity; intrusive/dike boundary; processing or coverage effects. Surface-only features may instead be roads or erosion.,MODEL HYPOTHESIS ONLY — requires expert/field review
R2-A-00136,2500,1770,420400.0,4258500.0,-117.9124952,38.4712712,0.8550792,0.4736387,190.4967,1.04911,0.99249,0.99603,0.963,824.62,"Potential-field view is in its training-reference confident tail while the surface view abstains. Signed normal/cover support is incomplete; do not interpret this discrepancy as proof of a buried fault. No fault displacement, geothermal fluid flow or vent has been verified at this pixel.",Lithologic contact; basin-fill model dependence on gravity; intrusive/dike boundary; processing or coverage effects. Surface-only features may instead be roads or erosion.,MODEL HYPOTHESIS ONLY — requires expert/field review
R2-A-00137,2501,1774,420800.0,4258400.0,-117.907899,38.4704057,0.8558885,0.4530177,292.32959,2.48844,0.97491,0.98871,0.98135,412.31,"Potential-field view is in its training-reference confident tail while the surface view abstains. Signed normal/cover support is incomplete; do not interpret this discrepancy as proof of a buried fault. No fault displacement, geothermal fluid flow or vent has been verified at this pixel.",Lithologic contact; basin-fill model dependence on gravity; intrusive/dike boundary; processing or coverage effects. Surface-only features may instead be roads or erosion.,MODEL HYPOTHESIS ONLY — requires expert/field review
R2-A-00138,2501,1783,421700.0,4258400.0,-117.8975831,38.4704852,0.8275931,0.51436,700.58868,3.5765,0.97976,0.99695,0.9976,223.61,"Potential-field view is in its training-reference confident tail while the surface view abstains. Deeper-than-median modelled cover, anti-aligned gravity/cover normals and cross-scale gravity persistence are consistent with a covered basin-margin discontinuity. No fault displacement, geothermal fluid flow or vent has been verified at this pixel.",Lithologic contact; basin-fill model dependence on gravity; intrusive/dike boundary; processing or coverage effects. Surface-only features may instead be roads or erosion.,MODEL HYPOTHESIS ONLY — requires expert/field review
R2-A-00139,2502,1779,421300.0,4258300.0,-117.9021567,38.4695489,0.8484452,0.4852335,473.74478,4.46322,0.97114,0.99392,0.99524,100.0,"Potential-field view is in its training-reference confident tail while the surface view abstains. Deeper-than-median modelled cover, anti-aligned gravity/cover normals and cross-scale gravity persistence are consistent with a covered basin-margin discontinuity. No fault displacement, geothermal fluid flow or vent has been verified at this pixel.",Lithologic contact; basin-fill model dependence on gravity; intrusive/dike boundary; processing or coverage effects. Surface-only features may instead be roads or erosion.,MODEL HYPOTHESIS ONLY — requires expert/field review
R2-A-00140,2503,1769,420300.0,4258200.0,-117.9136073,38.468559,0.8619161,0.5697235,141.07788,2.68023,0.98305,0.99088,0.95898,900.0,"Potential-field view is in its training-reference confident tail while the surface view abstains. Signed normal/cover support is incomplete; do not interpret this discrepancy as proof of a buried fault. No fault displacement, geothermal fluid flow or vent has been verified at this pixel.",Lithologic contact; basin-fill model dependence on gravity; intrusive/dike boundary; processing or coverage effects. Surface-only features may instead be roads or erosion.,MODEL HYPOTHESIS ONLY — requires expert/field review
R2-A-00141,2505,1777,421100.0,4258000.0,-117.9044154,38.4668279,0.8652535,0.4629533,327.50491,2.71751,0.96167,0.98518,0.99216,223.61,"Potential-field view is in its training-reference confident tail while the surface view abstains. Deeper-than-median modelled cover, anti-aligned gravity/cover normals and cross-scale gravity persistence are consistent with a covered basin-margin discontinuity. No fault displacement, geothermal fluid flow or vent has been verified at this pixel.",Lithologic contact; basin-fill model dependence on gravity; intrusive/dike boundary; processing or coverage effects. Surface-only features may instead be roads or erosion.,MODEL HYPOTHESIS ONLY — requires expert/field review
R2-A-00142,2506,1782,421600.0,4257900.0,-117.8986734,38.4659709,0.8145599,0.552111,551.52515,2.64398,0.98691,0.99664,0.99493,223.61,"Potential-field view is in its training-reference confident tail while the surface view abstains. Deeper-than-median modelled cover, anti-aligned gravity/cover normals and cross-scale gravity persistence are consistent with a covered basin-margin discontinuity. No fault displacement, geothermal fluid flow or vent has been verified at this pixel.",Lithologic contact; basin-fill model dependence on gravity; intrusive/dike boundary; processing or coverage effects. Surface-only features may instead be roads or erosion.,MODEL HYPOTHESIS ONLY — requires expert/field review
R2-A-00143,2507,1772,420600.0,4257800.0,-117.9101234,38.4649813,0.8662602,0.5658557,180.25185,2.68214,0.93958,0.95627,0.98439,707.11,"Potential-field view is in its training-reference confident tail while the surface view abstains. Signed normal/cover support is incomplete; do not interpret this discrepancy as proof of a buried fault. No fault displacement, geothermal fluid flow or vent has been verified at this pixel.",Lithologic contact; basin-fill model dependence on gravity; intrusive/dike boundary; processing or coverage effects. Surface-only features may instead be roads or erosion.,MODEL HYPOTHESIS ONLY — requires expert/field review
R2-A-00144,2507,1785,421900.0,4257800.0,-117.8952239,38.4650961,0.8195931,0.4364787,670.5188,2.26565,0.99385,0.99779,0.99444,300.0,"Potential-field view is in its training-reference confident tail while the surface view abstains. Deeper-than-median modelled cover, anti-aligned gravity/cover normals and cross-scale gravity persistence are consistent with a covered basin-margin discontinuity. No fault displacement, geothermal fluid flow or vent has been verified at this pixel.",Lithologic contact; basin-fill model dependence on gravity; intrusive/dike boundary; processing or coverage effects. Surface-only features may instead be roads or erosion.,MODEL HYPOTHESIS ONLY — requires expert/field review
R2-A-00145,2507,1790,422400.0,4257800.0,-117.8894932,38.4651398,0.8135671,0.4736246,968.00391,2.18571,0.99532,0.999,0.99614,200.0,"Potential-field view is in its training-reference confident tail while the surface view abstains. Deeper-than-median modelled cover, anti-aligned gravity/cover normals and cross-scale gravity persistence are consistent with a covered basin-margin discontinuity. No fault displacement, geothermal fluid flow or vent has been verified at this pixel.",Lithologic contact; basin-fill model dependence on gravity; intrusive/dike boundary; processing or coverage effects. Surface-only features may instead be roads or erosion.,MODEL HYPOTHESIS ONLY — requires expert/field review
R2-A-00146,2508,1777,421100.0,4257700.0,-117.9043816,38.4641246,0.8408901,0.4558161,285.16965,3.4633,0.96715,0.98134,0.98086,282.84,"Potential-field view is in its training-reference confident tail while the surface view abstains. Signed normal/cover support is incomplete; do not interpret this discrepancy as proof of a buried fault. No fault displacement, geothermal fluid flow or vent has been verified at this pixel.",Lithologic contact; basin-fill model dependence on gravity; intrusive/dike boundary; processing or coverage effects. Surface-only features may instead be roads or erosion.,MODEL HYPOTHESIS ONLY — requires expert/field review
R2-A-00147,2509,1786,422000.0,4257600.0,-117.8940555,38.4633027,0.8379667,0.5810682,666.68152,3.64453,0.99855,0.99873,0.98874,200.0,"Potential-field view is in its training-reference confident tail while the surface view abstains. Deeper-than-median modelled cover, anti-aligned gravity/cover normals and cross-scale gravity persistence are consistent with a covered basin-margin discontinuity. No fault displacement, geothermal fluid flow or vent has been verified at this pixel.",Lithologic contact; basin-fill model dependence on gravity; intrusive/dike boundary; processing or coverage effects. Surface-only features may instead be roads or erosion.,MODEL HYPOTHESIS ONLY — requires expert/field review
R2-A-00148,2509,1794,422800.0,4257600.0,-117.8848867,38.4633723,0.8088681,0.4938004,1163.99585,2.65627,0.99999,1.0,0.9925,141.42,"Potential-field view is in its training-reference confident tail while the surface view abstains. Deeper-than-median modelled cover, anti-aligned gravity/cover normals and cross-scale gravity persistence are consistent with a covered basin-margin discontinuity. No fault displacement, geothermal fluid flow or vent has been verified at this pixel.",Lithologic contact; basin-fill model dependence on gravity; intrusive/dike boundary; processing or coverage effects. Surface-only features may instead be roads or erosion.,MODEL HYPOTHESIS ONLY — requires expert/field review
R2-A-00149,2509,1800,423400.0,4257600.0,-117.8780101,38.463424,0.8126517,0.555549,1553.59509,3.84063,0.99768,0.9991,0.98807,100.0,"Potential-field view is in its training-reference confident tail while the surface view abstains. Deeper-than-median modelled cover, anti-aligned gravity/cover normals and cross-scale gravity persistence are consistent with a covered basin-margin discontinuity. No fault displacement, geothermal fluid flow or vent has been verified at this pixel.",Lithologic contact; basin-fill model dependence on gravity; intrusive/dike boundary; processing or coverage effects. Surface-only features may instead be roads or erosion.,MODEL HYPOTHESIS ONLY — requires expert/field review
R2-A-00150,2510,1783,421700.0,4257500.0,-117.8974826,38.4623753,0.8114794,0.5412741,513.34265,0.23529,0.9996,0.99915,0.97941,282.84,"Potential-field view is in its training-reference confident tail while the surface view abstains. Deeper-than-median modelled cover, anti-aligned gravity/cover normals and cross-scale gravity persistence are consistent with a covered basin-margin discontinuity. No fault displacement, geothermal fluid flow or vent has been verified at this pixel.",Lithologic contact; basin-fill model dependence on gravity; intrusive/dike boundary; processing or coverage effects. Surface-only features may instead be roads or erosion.,MODEL HYPOTHESIS ONLY — requires expert/field review
R2-A-00151,2511,1775,420900.0,4257400.0,-117.90664,38.4614036,0.8537078,0.5602915,198.01439,2.93378,0.9796,0.97536,0.94325,500.0,"Potential-field view is in its training-reference confident tail while the surface view abstains. Signed normal/cover support is incomplete; do not interpret this discrepancy as proof of a buried fault. No fault displacement, geothermal fluid flow or vent has been verified at this pixel.",Lithologic contact; basin-fill model dependence on gravity; intrusive/dike boundary; processing or coverage effects. Surface-only features may instead be roads or erosion.,MODEL HYPOTHESIS ONLY — requires expert/field review
R2-A-00152,2511,1789,422300.0,4257400.0,-117.890595,38.4615266,0.8399748,0.4906874,785.71649,2.04718,0.99957,0.99999,0.98624,223.61,"Potential-field view is in its training-reference confident tail while the surface view abstains. Deeper-than-median modelled cover, anti-aligned gravity/cover normals and cross-scale gravity persistence are consistent with a covered basin-margin discontinuity. No fault displacement, geothermal fluid flow or vent has been verified at this pixel.",Lithologic contact; basin-fill model dependence on gravity; intrusive/dike boundary; processing or coverage effects. Surface-only features may instead be roads or erosion.,MODEL HYPOTHESIS ONLY — requires expert/field review
R2-A-00153,2511,1792,422600.0,4257400.0,-117.8871568,38.4615527,0.8136258,0.5490082,970.32562,3.50689,0.99863,0.99984,0.98908,300.0,"Potential-field view is in its training-reference confident tail while the surface view abstains. Deeper-than-median modelled cover, anti-aligned gravity/cover normals and cross-scale gravity persistence are consistent with a covered basin-margin discontinuity. No fault displacement, geothermal fluid flow or vent has been verified at this pixel.",Lithologic contact; basin-fill model dependence on gravity; intrusive/dike boundary; processing or coverage effects. Surface-only features may instead be roads or erosion.,MODEL HYPOTHESIS ONLY — requires expert/field review
R2-A-00154,2511,1804,423800.0,4257400.0,-117.873404,38.4616561,0.8121792,0.4528404,1724.14758,2.01922,0.99945,0.9999,0.98341,300.0,"Potential-field view is in its training-reference confident tail while the surface view abstains. Deeper-than-median modelled cover, anti-aligned gravity/cover normals and cross-scale gravity persistence are consistent with a covered basin-margin discontinuity. No fault displacement, geothermal fluid flow or vent has been verified at this pixel.",Lithologic contact; basin-fill model dependence on gravity; intrusive/dike boundary; processing or coverage effects. Surface-only features may instead be roads or erosion.,MODEL HYPOTHESIS ONLY — requires expert/field review
R2-A-00155,2512,1799,423300.0,4257300.0,-117.8791234,38.4607121,0.8165119,0.5518758,1364.60632,2.14995,0.99933,1.0,0.98349,200.0,"Potential-field view is in its training-reference confident tail while the surface view abstains. Deeper-than-median modelled cover, anti-aligned gravity/cover normals and cross-scale gravity persistence are consistent with a covered basin-margin discontinuity. No fault displacement, geothermal fluid flow or vent has been verified at this pixel.",Lithologic contact; basin-fill model dependence on gravity; intrusive/dike boundary; processing or coverage effects. Surface-only features may instead be roads or erosion.,MODEL HYPOTHESIS ONLY — requires expert/field review
R2-A-00156,2512,1802,423600.0,4257300.0,-117.8756852,38.4607379,0.8113348,0.5655642,1552.65515,2.97614,1.0,0.99992,0.98368,100.0,"Potential-field view is in its training-reference confident tail while the surface view abstains. Deeper-than-median modelled cover, anti-aligned gravity/cover normals and cross-scale gravity persistence are consistent with a covered basin-margin discontinuity. No fault displacement, geothermal fluid flow or vent has been verified at this pixel.",Lithologic contact; basin-fill model dependence on gravity; intrusive/dike boundary; processing or coverage effects. Surface-only features may instead be roads or erosion.,MODEL HYPOTHESIS ONLY — requires expert/field review
R2-A-00157,2513,1783,421700.0,4257200.0,-117.8974491,38.459672,0.8338825,0.6038069,449.11133,2.90796,0.98782,0.99829,0.96677,200.0,"Potential-field view is in its training-reference confident tail while the surface view abstains. Deeper-than-median modelled cover, anti-aligned gravity/cover normals and cross-scale gravity persistence are consistent with a covered basin-margin discontinuity. No fault displacement, geothermal fluid flow or vent has been verified at this pixel.",Lithologic contact; basin-fill model dependence on gravity; intrusive/dike boundary; processing or coverage effects. Surface-only features may instead be roads or erosion.,MODEL HYPOTHESIS ONLY — requires expert/field review
R2-A-00158,2514,1779,421300.0,4257100.0,-117.902022,38.4587356,0.8376155,0.422628,278.14432,2.79097,0.98121,0.99501,0.94152,223.61,"Potential-field view is in its training-reference confident tail while the surface view abstains. Signed normal/cover support is incomplete; do not interpret this discrepancy as proof of a buried fault. No fault displacement, geothermal fluid flow or vent has been verified at this pixel.",Lithologic contact; basin-fill model dependence on gravity; intrusive/dike boundary; processing or coverage effects. Surface-only features may instead be roads or erosion.,MODEL HYPOTHESIS ONLY — requires expert/field review
R2-A-00159,2514,1790,422400.0,4257100.0,-117.8894158,38.458832,0.8562521,0.5492476,753.91583,2.1816,0.98304,0.99712,0.98546,500.0,"Potential-field view is in its training-reference confident tail while the surface view abstains. Deeper-than-median modelled cover, anti-aligned gravity/cover normals and cross-scale gravity persistence are consistent with a covered basin-margin discontinuity. No fault displacement, geothermal fluid flow or vent has been verified at this pixel.",Lithologic contact; basin-fill model dependence on gravity; intrusive/dike boundary; processing or coverage effects. Surface-only features may instead be roads or erosion.,MODEL HYPOTHESIS ONLY — requires expert/field review
R2-A-00160,2514,1794,422800.0,4257100.0,-117.8848317,38.4588667,0.8501068,0.5598673,982.33057,1.89186,0.98111,0.99634,0.98681,200.0,"Potential-field view is in its training-reference confident tail while the surface view abstains. Deeper-than-median modelled cover, anti-aligned gravity/cover normals and cross-scale gravity persistence are consistent with a covered basin-margin discontinuity. No fault displacement, geothermal fluid flow or vent has been verified at this pixel.",Lithologic contact; basin-fill model dependence on gravity; intrusive/dike boundary; processing or coverage effects. Surface-only features may instead be roads or erosion.,MODEL HYPOTHESIS ONLY — requires expert/field review
R2-A-00161,2514,1805,423900.0,4257100.0,-117.8722253,38.4589613,0.8109922,0.6056972,1635.67773,4.02328,0.99975,0.99997,0.98032,141.42,"Potential-field view is in its training-reference confident tail while the surface view abstains. Deeper-than-median modelled cover, anti-aligned gravity/cover normals and cross-scale gravity persistence are consistent with a covered basin-margin discontinuity. No fault displacement, geothermal fluid flow or vent has been verified at this pixel.",Lithologic contact; basin-fill model dependence on gravity; intrusive/dike boundary; processing or coverage effects. Surface-only features may instead be roads or erosion.,MODEL HYPOTHESIS ONLY — requires expert/field review
R2-A-00162,2516,1797,423100.0,4256900.0,-117.8813716,38.4570904,0.8403177,0.5437664,1065.28955,2.59426,0.97754,0.99702,0.97993,100.0,"Potential-field view is in its training-reference confident tail while the surface view abstains. Deeper-than-median modelled cover, anti-aligned gravity/cover normals and cross-scale gravity persistence are consistent with a covered basin-margin discontinuity. No fault displacement, geothermal fluid flow or vent has been verified at this pixel.",Lithologic contact; basin-fill model dependence on gravity; intrusive/dike boundary; processing or coverage effects. Surface-only features may instead be roads or erosion.,MODEL HYPOTHESIS ONLY — requires expert/field review
R2-A-00163,2517,1800,423400.0,4256800.0,-117.8779227,38.4562151,0.8108323,0.5841315,1189.14001,3.292,0.99114,0.9998,0.97287,223.61,"Potential-field view is in its training-reference confident tail while the surface view abstains. Deeper-than-median modelled cover, anti-aligned gravity/cover normals and cross-scale gravity persistence are consistent with a covered basin-margin discontinuity. No fault displacement, geothermal fluid flow or vent has been verified at this pixel.",Lithologic contact; basin-fill model dependence on gravity; intrusive/dike boundary; processing or coverage effects. Surface-only features may instead be roads or erosion.,MODEL HYPOTHESIS ONLY — requires expert/field review
R2-A-00164,2518,1778,421200.0,4256700.0,-117.9031231,38.4551224,0.8604677,0.4917167,186.39647,3.1263,0.89286,0.97542,0.96325,500.0,"Potential-field view is in its training-reference confident tail while the surface view abstains. Signed normal/cover support is incomplete; do not interpret this discrepancy as proof of a buried fault. No fault displacement, geothermal fluid flow or vent has been verified at this pixel.",Lithologic contact; basin-fill model dependence on gravity; intrusive/dike boundary; processing or coverage effects. Surface-only features may instead be roads or erosion.,MODEL HYPOTHESIS ONLY — requires expert/field review
R2-A-00165,2518,1795,422900.0,4256700.0,-117.8836417,38.4552709,0.8539696,0.538601,875.51807,2.98114,0.95855,0.99425,0.98246,360.56,"Potential-field view is in its training-reference confident tail while the surface view abstains. Deeper-than-median modelled cover, anti-aligned gravity/cover normals and cross-scale gravity persistence are consistent with a covered basin-margin discontinuity. No fault displacement, geothermal fluid flow or vent has been verified at this pixel.",Lithologic contact; basin-fill model dependence on gravity; intrusive/dike boundary; processing or coverage effects. Surface-only features may instead be roads or erosion.,MODEL HYPOTHESIS ONLY — requires expert/field review
R2-A-00166,2518,1802,423600.0,4256700.0,-117.8756198,38.4553312,0.8132515,0.4784588,1250.06116,2.41148,0.996,0.99998,0.97245,141.42,"Potential-field view is in its training-reference confident tail while the surface view abstains. Deeper-than-median modelled cover, anti-aligned gravity/cover normals and cross-scale gravity persistence are consistent with a covered basin-margin discontinuity. No fault displacement, geothermal fluid flow or vent has been verified at this pixel.",Lithologic contact; basin-fill model dependence on gravity; intrusive/dike boundary; processing or coverage effects. Surface-only features may instead be roads or erosion.,MODEL HYPOTHESIS ONLY — requires expert/field review
R2-A-00167,2520,1798,423200.0,4256500.0,-117.8801818,38.4534946,0.8343699,0.4671322,939.65063,2.88249,0.98249,0.99956,0.96517,509.9,"Potential-field view is in its training-reference confident tail while the surface view abstains. Deeper-than-median modelled cover, anti-aligned gravity/cover normals and cross-scale gravity persistence are consistent with a covered basin-margin discontinuity. No fault displacement, geothermal fluid flow or vent has been verified at this pixel.",Lithologic contact; basin-fill model dependence on gravity; intrusive/dike boundary; processing or coverage effects. Surface-only features may instead be roads or erosion.,MODEL HYPOTHESIS ONLY — requires expert/field review
R2-A-00168,2521,1791,422500.0,4256400.0,-117.8881924,38.4525329,0.8732176,0.5677049,572.79443,2.89924,0.95067,0.99587,0.98704,200.0,"Potential-field view is in its training-reference confident tail while the surface view abstains. Deeper-than-median modelled cover, anti-aligned gravity/cover normals and cross-scale gravity persistence are consistent with a covered basin-margin discontinuity. No fault displacement, geothermal fluid flow or vent has been verified at this pixel.",Lithologic contact; basin-fill model dependence on gravity; intrusive/dike boundary; processing or coverage effects. Surface-only features may instead be roads or erosion.,MODEL HYPOTHESIS ONLY — requires expert/field review
R2-A-00169,2521,1794,422800.0,4256400.0,-117.8847546,38.452559,0.8560623,0.4784238,707.6264,3.40833,0.95816,0.99651,0.97821,500.0,"Potential-field view is in its training-reference confident tail while the surface view abstains. Deeper-than-median modelled cover, anti-aligned gravity/cover normals and cross-scale gravity persistence are consistent with a covered basin-margin discontinuity. No fault displacement, geothermal fluid flow or vent has been verified at this pixel.",Lithologic contact; basin-fill model dependence on gravity; intrusive/dike boundary; processing or coverage effects. Surface-only features may instead be roads or erosion.,MODEL HYPOTHESIS ONLY — requires expert/field review
R2-A-00170,2521,1802,423600.0,4256400.0,-117.8755872,38.4526278,0.8195543,0.4724453,1096.29822,2.06694,0.99911,0.99853,0.9678,282.84,"Potential-field view is in its training-reference confident tail while the surface view abstains. Deeper-than-median modelled cover, anti-aligned gravity/cover normals and cross-scale gravity persistence are consistent with a covered basin-margin discontinuity. No fault displacement, geothermal fluid flow or vent has been verified at this pixel.",Lithologic contact; basin-fill model dependence on gravity; intrusive/dike boundary; processing or coverage effects. Surface-only features may instead be roads or erosion.,MODEL HYPOTHESIS ONLY — requires expert/field review
R2-A-00171,2521,1864,429800.0,4256400.0,-117.8045384,38.4531373,0.8077292,0.498601,1236.08008,2.65402,0.98508,0.99808,0.99241,282.84,"Potential-field view is in its training-reference confident tail while the surface view abstains. Deeper-than-median modelled cover, anti-aligned gravity/cover normals and cross-scale gravity persistence are consistent with a covered basin-margin discontinuity. No fault displacement, geothermal fluid flow or vent has been verified at this pixel.",Lithologic contact; basin-fill model dependence on gravity; intrusive/dike boundary; processing or coverage effects. Surface-only features may instead be roads or erosion.,MODEL HYPOTHESIS ONLY — requires expert/field review
R2-A-00172,2522,1781,421500.0,4256300.0,-117.8996405,38.4515444,0.8633648,0.6065216,208.66225,3.13049,0.8918,0.98912,0.98613,632.46,"Potential-field view is in its training-reference confident tail while the surface view abstains. Signed normal/cover support is incomplete; do not interpret this discrepancy as proof of a buried fault. No fault displacement, geothermal fluid flow or vent has been verified at this pixel.",Lithologic contact; basin-fill model dependence on gravity; intrusive/dike boundary; processing or coverage effects. Surface-only features may instead be roads or erosion.,MODEL HYPOTHESIS ONLY — requires expert/field review
R2-A-00173,2522,1786,422000.0,4256300.0,-117.8939109,38.4515883,0.8663989,0.5628104,336.2612,4.15367,0.92721,0.99566,0.98787,282.84,"Potential-field view is in its training-reference confident tail while the surface view abstains. Deeper-than-median modelled cover, anti-aligned gravity/cover normals and cross-scale gravity persistence are consistent with a covered basin-margin discontinuity. No fault displacement, geothermal fluid flow or vent has been verified at this pixel.",Lithologic contact; basin-fill model dependence on gravity; intrusive/dike boundary; processing or coverage effects. Surface-only features may instead be roads or erosion.,MODEL HYPOTHESIS ONLY — requires expert/field review
R2-A-00174,2522,1804,423800.0,4256300.0,-117.8732844,38.4517438,0.8186882,0.480032,1143.52112,1.79776,0.99998,0.9971,0.97779,141.42,"Potential-field view is in its training-reference confident tail while the surface view abstains. Deeper-than-median modelled cover, anti-aligned gravity/cover normals and cross-scale gravity persistence are consistent with a covered basin-margin discontinuity. No fault displacement, geothermal fluid flow or vent has been verified at this pixel.",Lithologic contact; basin-fill model dependence on gravity; intrusive/dike boundary; processing or coverage effects. Surface-only features may instead be roads or erosion.,MODEL HYPOTHESIS ONLY — requires expert/field review
R2-A-00175,2523,1796,423000.0,4256200.0,-117.8824408,38.450774,0.8471198,0.5551491,716.37158,3.56716,0.98169,0.99987,0.96264,728.01,"Potential-field view is in its training-reference confident tail while the surface view abstains. Deeper-than-median modelled cover, anti-aligned gravity/cover normals and cross-scale gravity persistence are consistent with a covered basin-margin discontinuity. No fault displacement, geothermal fluid flow or vent has been verified at this pixel.",Lithologic contact; basin-fill model dependence on gravity; intrusive/dike boundary; processing or coverage effects. Surface-only features may instead be roads or erosion.,MODEL HYPOTHESIS ONLY — requires expert/field review
R2-A-00176,2524,1789,422300.0,4256100.0,-117.890451,38.4498122,0.8728416,0.4910877,406.34561,2.21525,0.9577,0.99824,0.98358,300.0,"Potential-field view is in its training-reference confident tail while the surface view abstains. Deeper-than-median modelled cover, anti-aligned gravity/cover normals and cross-scale gravity persistence are consistent with a covered basin-margin discontinuity. No fault displacement, geothermal fluid flow or vent has been verified at this pixel.",Lithologic contact; basin-fill model dependence on gravity; intrusive/dike boundary; processing or coverage effects. Surface-only features may instead be roads or erosion.,MODEL HYPOTHESIS ONLY — requires expert/field review
R2-A-00177,2524,1801,423500.0,4256100.0,-117.8767004,38.4499159,0.8379309,0.5388073,909.67603,3.30497,0.99973,0.99368,0.96504,500.0,"Potential-field view is in its training-reference confident tail while the surface view abstains. Deeper-than-median modelled cover, anti-aligned gravity/cover normals and cross-scale gravity persistence are consistent with a covered basin-margin discontinuity. No fault displacement, geothermal fluid flow or vent has been verified at this pixel.",Lithologic contact; basin-fill model dependence on gravity; intrusive/dike boundary; processing or coverage effects. Surface-only features may instead be roads or erosion.,MODEL HYPOTHESIS ONLY — requires expert/field review
R2-A-00178,2525,1782,421600.0,4256000.0,-117.898461,38.4488499,0.8442169,0.5782501,197.34927,6.19761,0.908,0.99365,0.98337,781.02,"Potential-field view is in its training-reference confident tail while the surface view abstains. Signed normal/cover support is incomplete; do not interpret this discrepancy as proof of a buried fault. No fault displacement, geothermal fluid flow or vent has been verified at this pixel.",Lithologic contact; basin-fill model dependence on gravity; intrusive/dike boundary; processing or coverage effects. Surface-only features may instead be roads or erosion.,MODEL HYPOTHESIS ONLY — requires expert/field review
R2-A-00179,2525,1792,422600.0,4256000.0,-117.8870023,38.4489372,0.8594403,0.5257214,500.121,2.63079,0.97155,0.99935,0.97509,500.0,"Potential-field view is in its training-reference confident tail while the surface view abstains. Deeper-than-median modelled cover, anti-aligned gravity/cover normals and cross-scale gravity persistence are consistent with a covered basin-margin discontinuity. No fault displacement, geothermal fluid flow or vent has been verified at this pixel.",Lithologic contact; basin-fill model dependence on gravity; intrusive/dike boundary; processing or coverage effects. Surface-only features may instead be roads or erosion.,MODEL HYPOTHESIS ONLY — requires expert/field review
R2-A-00180,2525,1804,423800.0,4256000.0,-117.8732519,38.4490405,0.8267106,0.5257549,1003.6427,3.20822,0.99771,0.99248,0.98485,282.84,"Potential-field view is in its training-reference confident tail while the surface view abstains. Deeper-than-median modelled cover, anti-aligned gravity/cover normals and cross-scale gravity persistence are consistent with a covered basin-margin discontinuity. No fault displacement, geothermal fluid flow or vent has been verified at this pixel.",Lithologic contact; basin-fill model dependence on gravity; intrusive/dike boundary; processing or coverage effects. Surface-only features may instead be roads or erosion.,MODEL HYPOTHESIS ONLY — requires expert/field review
R2-A-00181,2526,1796,423000.0,4255900.0,-117.8824079,38.4480707,0.8539099,0.432067,619.36487,1.94004,0.99235,0.99935,0.95861,781.02,"Potential-field view is in its training-reference confident tail while the surface view abstains. Deeper-than-median modelled cover, anti-aligned gravity/cover normals and cross-scale gravity persistence are consistent with a covered basin-margin discontinuity. No fault displacement, geothermal fluid flow or vent has been verified at this pixel.",Lithologic contact; basin-fill model dependence on gravity; intrusive/dike boundary; processing or coverage effects. Surface-only features may instead be roads or erosion.,MODEL HYPOTHESIS ONLY — requires expert/field review
R2-A-00182,2526,1799,423300.0,4255900.0,-117.8789703,38.4480965,0.8460064,0.443132,742.86511,3.08929,0.99999,0.99355,0.95938,761.58,"Potential-field view is in its training-reference confident tail while the surface view abstains. Deeper-than-median modelled cover, anti-aligned gravity/cover normals and cross-scale gravity persistence are consistent with a covered basin-margin discontinuity. No fault displacement, geothermal fluid flow or vent has been verified at this pixel.",Lithologic contact; basin-fill model dependence on gravity; intrusive/dike boundary; processing or coverage effects. Surface-only features may instead be roads or erosion.,MODEL HYPOTHESIS ONLY — requires expert/field review
R2-A-00183,2527,1793,422700.0,4255800.0,-117.8858344,38.4471436,0.852863,0.5457162,484.00717,4.93081,0.97962,0.99998,0.96861,538.52,"Potential-field view is in its training-reference confident tail while the surface view abstains. Deeper-than-median modelled cover, anti-aligned gravity/cover normals and cross-scale gravity persistence are consistent with a covered basin-margin discontinuity. No fault displacement, geothermal fluid flow or vent has been verified at this pixel.",Lithologic contact; basin-fill model dependence on gravity; intrusive/dike boundary; processing or coverage effects. Surface-only features may instead be roads or erosion.,MODEL HYPOTHESIS ONLY — requires expert/field review
R2-A-00184,2528,1783,421700.0,4255700.0,-117.8972817,38.4461553,0.8207213,0.5815632,184.27043,5.35945,0.91566,0.99619,0.9784,894.43,"Potential-field view is in its training-reference confident tail while the surface view abstains. Signed normal/cover support is incomplete; do not interpret this discrepancy as proof of a buried fault. No fault displacement, geothermal fluid flow or vent has been verified at this pixel.",Lithologic contact; basin-fill model dependence on gravity; intrusive/dike boundary; processing or coverage effects. Surface-only features may instead be roads or erosion.,MODEL HYPOTHESIS ONLY — requires expert/field review
R2-A-00185,2528,1803,423700.0,4255700.0,-117.8743651,38.4463286,0.8238824,0.5245211,829.0575,3.86364,0.99668,0.98987,0.98775,565.69,"Potential-field view is in its training-reference confident tail while the surface view abstains. Deeper-than-median modelled cover, anti-aligned gravity/cover normals and cross-scale gravity persistence are consistent with a covered basin-margin discontinuity. No fault displacement, geothermal fluid flow or vent has been verified at this pixel.",Lithologic contact; basin-fill model dependence on gravity; intrusive/dike boundary; processing or coverage effects. Surface-only features may instead be roads or erosion.,MODEL HYPOTHESIS ONLY — requires expert/field review
R2-A-00186,2529,1795,422900.0,4255600.0,-117.8835208,38.4453587,0.865785,0.564191,491.56787,3.35287,0.9901,0.9994,0.96254,500.0,"Potential-field view is in its training-reference confident tail while the surface view abstains. Deeper-than-median modelled cover, anti-aligned gravity/cover normals and cross-scale gravity persistence are consistent with a covered basin-margin discontinuity. No fault displacement, geothermal fluid flow or vent has been verified at this pixel.",Lithologic contact; basin-fill model dependence on gravity; intrusive/dike boundary; processing or coverage effects. Surface-only features may instead be roads or erosion.,MODEL HYPOTHESIS ONLY — requires expert/field review
R2-A-00187,2529,1798,423200.0,4255600.0,-117.8800833,38.4453846,0.8497563,0.5771961,592.83752,4.04001,0.99987,0.99443,0.96321,761.58,"Potential-field view is in its training-reference confident tail while the surface view abstains. Deeper-than-median modelled cover, anti-aligned gravity/cover normals and cross-scale gravity persistence are consistent with a covered basin-margin discontinuity. No fault displacement, geothermal fluid flow or vent has been verified at this pixel.",Lithologic contact; basin-fill model dependence on gravity; intrusive/dike boundary; processing or coverage effects. Surface-only features may instead be roads or erosion.,MODEL HYPOTHESIS ONLY — requires expert/field review
R2-A-00188,2530,1800,423400.0,4255500.0,-117.8777808,38.4445006,0.821254,0.5295691,631.32379,3.11409,0.99883,0.99083,0.97549,894.43,"Potential-field view is in its training-reference confident tail while the surface view abstains. Deeper-than-median modelled cover, anti-aligned gravity/cover normals and cross-scale gravity persistence are consistent with a covered basin-margin discontinuity. No fault displacement, geothermal fluid flow or vent has been verified at this pixel.",Lithologic contact; basin-fill model dependence on gravity; intrusive/dike boundary; processing or coverage effects. Surface-only features may instead be roads or erosion.,MODEL HYPOTHESIS ONLY — requires expert/field review
R2-A-00189,2532,1797,423100.0,4255300.0,-117.8811963,38.4426726,0.838185,0.4741711,452.01505,1.59671,0.99842,0.99761,0.96732,538.52,"Potential-field view is in its training-reference confident tail while the surface view abstains. Deeper-than-median modelled cover, anti-aligned gravity/cover normals and cross-scale gravity persistence are consistent with a covered basin-margin discontinuity. No fault displacement, geothermal fluid flow or vent has been verified at this pixel.",Lithologic contact; basin-fill model dependence on gravity; intrusive/dike boundary; processing or coverage effects. Surface-only features may instead be roads or erosion.,MODEL HYPOTHESIS ONLY — requires expert/field review
R2-A-00190,2532,1803,423700.0,4255300.0,-117.8743216,38.4427241,0.8214577,0.5118989,655.91113,3.24512,0.99828,0.99374,0.99386,806.23,"Potential-field view is in its training-reference confident tail while the surface view abstains. Deeper-than-median modelled cover, anti-aligned gravity/cover normals and cross-scale gravity persistence are consistent with a covered basin-margin discontinuity. No fault displacement, geothermal fluid flow or vent has been verified at this pixel.",Lithologic contact; basin-fill model dependence on gravity; intrusive/dike boundary; processing or coverage effects. Surface-only features may instead be roads or erosion.,MODEL HYPOTHESIS ONLY — requires expert/field review
R2-A-00191,2535,1804,423800.0,4255000.0,-117.8731433,38.4400293,0.8131682,0.5670446,581.24554,3.37524,0.99963,0.99784,0.99745,921.95,"Potential-field view is in its training-reference confident tail while the surface view abstains. Deeper-than-median modelled cover, anti-aligned gravity/cover normals and cross-scale gravity persistence are consistent with a covered basin-margin discontinuity. No fault displacement, geothermal fluid flow or vent has been verified at this pixel.",Lithologic contact; basin-fill model dependence on gravity; intrusive/dike boundary; processing or coverage effects. Surface-only features may instead be roads or erosion.,MODEL HYPOTHESIS ONLY — requires expert/field review
R2-A-00192,2538,1798,423200.0,4254700.0,-117.8799849,38.4372745,0.8077679,0.5329293,326.69281,2.6653,0.99953,0.99878,0.9785,670.82,"Potential-field view is in its training-reference confident tail while the surface view abstains. Deeper-than-median modelled cover, anti-aligned gravity/cover normals and cross-scale gravity persistence are consistent with a covered basin-margin discontinuity. No fault displacement, geothermal fluid flow or vent has been verified at this pixel.",Lithologic contact; basin-fill model dependence on gravity; intrusive/dike boundary; processing or coverage effects. Surface-only features may instead be roads or erosion.,MODEL HYPOTHESIS ONLY — requires expert/field review
R2-A-00193,2539,1805,423900.0,4254600.0,-117.8719542,38.4364334,0.8119282,0.5173323,466.80383,2.82812,0.99998,0.9994,0.99646,943.4,"Potential-field view is in its training-reference confident tail while the surface view abstains. Deeper-than-median modelled cover, anti-aligned gravity/cover normals and cross-scale gravity persistence are consistent with a covered basin-margin discontinuity. No fault displacement, geothermal fluid flow or vent has been verified at this pixel.",Lithologic contact; basin-fill model dependence on gravity; intrusive/dike boundary; processing or coverage effects. Surface-only features may instead be roads or erosion.,MODEL HYPOTHESIS ONLY — requires expert/field review
R2-A-00194,2539,1808,424200.0,4254600.0,-117.8685171,38.4364589,0.8277189,0.4454749,546.88544,3.47739,0.9998,0.99997,0.99656,707.11,"Potential-field view is in its training-reference confident tail while the surface view abstains. Deeper-than-median modelled cover, anti-aligned gravity/cover normals and cross-scale gravity persistence are consistent with a covered basin-margin discontinuity. No fault displacement, geothermal fluid flow or vent has been verified at this pixel.",Lithologic contact; basin-fill model dependence on gravity; intrusive/dike boundary; processing or coverage effects. Surface-only features may instead be roads or erosion.,MODEL HYPOTHESIS ONLY — requires expert/field review
R2-A-00195,2540,1801,423500.0,4254500.0,-117.876526,38.4354981,0.8175086,0.5998024,341.87674,3.3315,0.99928,0.99777,0.9899,921.95,"Potential-field view is in its training-reference confident tail while the surface view abstains. Deeper-than-median modelled cover, anti-aligned gravity/cover normals and cross-scale gravity persistence are consistent with a covered basin-margin discontinuity. No fault displacement, geothermal fluid flow or vent has been verified at this pixel.",Lithologic contact; basin-fill model dependence on gravity; intrusive/dike boundary; processing or coverage effects. Surface-only features may instead be roads or erosion.,MODEL HYPOTHESIS ONLY — requires expert/field review
R2-A-00196,2540,1810,424400.0,4254500.0,-117.866215,38.4355747,0.8187805,0.4348532,570.05292,2.94692,0.99988,0.99986,0.9957,500.0,"Potential-field view is in its training-reference confident tail while the surface view abstains. Deeper-than-median modelled cover, anti-aligned gravity/cover normals and cross-scale gravity persistence are consistent with a covered basin-margin discontinuity. No fault displacement, geothermal fluid flow or vent has been verified at this pixel.",Lithologic contact; basin-fill model dependence on gravity; intrusive/dike boundary; processing or coverage effects. Surface-only features may instead be roads or erosion.,MODEL HYPOTHESIS ONLY — requires expert/field review
R2-A-00197,2541,1820,425400.0,4254400.0,-117.8547477,38.4347577,0.8351502,0.5762975,854.05743,2.12863,0.99746,1.0,0.99305,200.0,"Potential-field view is in its training-reference confident tail while the surface view abstains. Deeper-than-median modelled cover, anti-aligned gravity/cover normals and cross-scale gravity persistence are consistent with a covered basin-margin discontinuity. No fault displacement, geothermal fluid flow or vent has been verified at this pixel.",Lithologic contact; basin-fill model dependence on gravity; intrusive/dike boundary; processing or coverage effects. Surface-only features may instead be roads or erosion.,MODEL HYPOTHESIS ONLY — requires expert/field review
R2-A-00198,2542,1805,423900.0,4254300.0,-117.8719217,38.43373,0.8391464,0.6051853,358.80206,4.8792,0.99665,0.99871,0.99377,824.62,"Potential-field view is in its training-reference confident tail while the surface view abstains. Deeper-than-median modelled cover, anti-aligned gravity/cover normals and cross-scale gravity persistence are consistent with a covered basin-margin discontinuity. No fault displacement, geothermal fluid flow or vent has been verified at this pixel.",Lithologic contact; basin-fill model dependence on gravity; intrusive/dike boundary; processing or coverage effects. Surface-only features may instead be roads or erosion.,MODEL HYPOTHESIS ONLY — requires expert/field review
R2-A-00199,2542,1812,424600.0,4254300.0,-117.8639022,38.4337894,0.8581858,0.5142463,546.97119,3.92681,0.99887,0.9999,0.99403,223.61,"Potential-field view is in its training-reference confident tail while the surface view abstains. Deeper-than-median modelled cover, anti-aligned gravity/cover normals and cross-scale gravity persistence are consistent with a covered basin-margin discontinuity. No fault displacement, geothermal fluid flow or vent has been verified at this pixel.",Lithologic contact; basin-fill model dependence on gravity; intrusive/dike boundary; processing or coverage effects. Surface-only features may instead be roads or erosion.,MODEL HYPOTHESIS ONLY — requires expert/field review
R2-A-00200,2542,1815,424900.0,4254300.0,-117.8604653,38.4338147,0.8433329,0.5089961,636.39844,2.88071,0.99969,0.99961,0.99324,282.84,"Potential-field view is in its training-reference confident tail while the surface view abstains. Deeper-than-median modelled cover, anti-aligned gravity/cover normals and cross-scale gravity persistence are consistent with a covered basin-margin discontinuity. No fault displacement, geothermal fluid flow or vent has been verified at this pixel.",Lithologic contact; basin-fill model dependence on gravity; intrusive/dike boundary; processing or coverage effects. Surface-only features may instead be roads or erosion.,MODEL HYPOTHESIS ONLY — requires expert/field review
R2-A-00201,2542,1818,425200.0,4254300.0,-117.8570284,38.4338399,0.838478,0.5063563,733.05389,2.33235,0.99999,0.99977,0.99232,223.61,"Potential-field view is in its training-reference confident tail while the surface view abstains. Deeper-than-median modelled cover, anti-aligned gravity/cover normals and cross-scale gravity persistence are consistent with a covered basin-margin discontinuity. No fault displacement, geothermal fluid flow or vent has been verified at this pixel.",Lithologic contact; basin-fill model dependence on gravity; intrusive/dike boundary; processing or coverage effects. Surface-only features may instead be roads or erosion.,MODEL HYPOTHESIS ONLY — requires expert/field review
R2-A-00202,2543,1808,424200.0,4254200.0,-117.868474,38.4328544,0.8593143,0.5860516,400.53714,3.38607,0.99318,0.9996,0.9933,509.9,"Potential-field view is in its training-reference confident tail while the surface view abstains. Deeper-than-median modelled cover, anti-aligned gravity/cover normals and cross-scale gravity persistence are consistent with a covered basin-margin discontinuity. No fault displacement, geothermal fluid flow or vent has been verified at this pixel.",Lithologic contact; basin-fill model dependence on gravity; intrusive/dike boundary; processing or coverage effects. Surface-only features may instead be roads or erosion.,MODEL HYPOTHESIS ONLY — requires expert/field review
R2-A-00203,2543,1822,425600.0,4254200.0,-117.8524352,38.4329722,0.8382866,0.6082759,847.71521,2.98384,0.99989,0.99964,0.99177,100.0,"Potential-field view is in its training-reference confident tail while the surface view abstains. Deeper-than-median modelled cover, anti-aligned gravity/cover normals and cross-scale gravity persistence are consistent with a covered basin-margin discontinuity. No fault displacement, geothermal fluid flow or vent has been verified at this pixel.",Lithologic contact; basin-fill model dependence on gravity; intrusive/dike boundary; processing or coverage effects. Surface-only features may instead be roads or erosion.,MODEL HYPOTHESIS ONLY — requires expert/field review
R2-A-00204,2543,1834,426800.0,4254200.0,-117.8386876,38.4330714,0.8085436,0.4325711,1336.42444,1.7338,0.98646,0.99999,0.98434,223.61,"Potential-field view is in its training-reference confident tail while the surface view abstains. Deeper-than-median modelled cover, anti-aligned gravity/cover normals and cross-scale gravity persistence are consistent with a covered basin-margin discontinuity. No fault displacement, geothermal fluid flow or vent has been verified at this pixel.",Lithologic contact; basin-fill model dependence on gravity; intrusive/dike boundary; processing or coverage effects. Surface-only features may instead be roads or erosion.,MODEL HYPOTHESIS ONLY — requires expert/field review
R2-A-00205,2544,1811,424500.0,4254100.0,-117.8650263,38.4319787,0.8530192,0.5306362,466.11411,3.07449,0.98803,0.99908,0.99328,200.0,"Potential-field view is in its training-reference confident tail while the surface view abstains. Deeper-than-median modelled cover, anti-aligned gravity/cover normals and cross-scale gravity persistence are consistent with a covered basin-margin discontinuity. No fault displacement, geothermal fluid flow or vent has been verified at this pixel.",Lithologic contact; basin-fill model dependence on gravity; intrusive/dike boundary; processing or coverage effects. Surface-only features may instead be roads or erosion.,MODEL HYPOTHESIS ONLY — requires expert/field review
R2-A-00206,2545,1806,424000.0,4254000.0,-117.8707436,38.4310352,0.8436632,0.5466183,317.82635,4.63471,0.97662,0.99744,0.9927,700.0,"Potential-field view is in its training-reference confident tail while the surface view abstains. Signed normal/cover support is incomplete; do not interpret this discrepancy as proof of a buried fault. No fault displacement, geothermal fluid flow or vent has been verified at this pixel.",Lithologic contact; basin-fill model dependence on gravity; intrusive/dike boundary; processing or coverage effects. Surface-only features may instead be roads or erosion.,MODEL HYPOTHESIS ONLY — requires expert/field review
R2-A-00207,2545,1809,424300.0,4254000.0,-117.8673068,38.4310607,0.8626366,0.590651,389.77475,2.91998,0.97778,0.99867,0.99312,400.0,"Potential-field view is in its training-reference confident tail while the surface view abstains. Deeper-than-median modelled cover, anti-aligned gravity/cover normals and cross-scale gravity persistence are consistent with a covered basin-margin discontinuity. No fault displacement, geothermal fluid flow or vent has been verified at this pixel.",Lithologic contact; basin-fill model dependence on gravity; intrusive/dike boundary; processing or coverage effects. Surface-only features may instead be roads or erosion.,MODEL HYPOTHESIS ONLY — requires expert/field review
R2-A-00208,2545,1815,424900.0,4254000.0,-117.8604332,38.4311113,0.8624515,0.4942486,554.4928,2.08614,0.98629,0.99664,0.99092,100.0,"Potential-field view is in its training-reference confident tail while the surface view abstains. Deeper-than-median modelled cover, anti-aligned gravity/cover normals and cross-scale gravity persistence are consistent with a covered basin-margin discontinuity. No fault displacement, geothermal fluid flow or vent has been verified at this pixel.",Lithologic contact; basin-fill model dependence on gravity; intrusive/dike boundary; processing or coverage effects. Surface-only features may instead be roads or erosion.,MODEL HYPOTHESIS ONLY — requires expert/field review
R2-A-00209,2545,1818,425200.0,4254000.0,-117.8569964,38.4311365,0.8433384,0.5793663,645.71777,3.48552,0.99257,0.99793,0.98924,141.42,"Potential-field view is in its training-reference confident tail while the surface view abstains. Deeper-than-median modelled cover, anti-aligned gravity/cover normals and cross-scale gravity persistence are consistent with a covered basin-margin discontinuity. No fault displacement, geothermal fluid flow or vent has been verified at this pixel.",Lithologic contact; basin-fill model dependence on gravity; intrusive/dike boundary; processing or coverage effects. Surface-only features may instead be roads or erosion.,MODEL HYPOTHESIS ONLY — requires expert/field review
R2-A-00210,2545,1835,426900.0,4254000.0,-117.8375212,38.4312773,0.8085436,0.575517,1329.08826,6.39122,0.99072,0.99999,0.98399,282.84,"Potential-field view is in its training-reference confident tail while the surface view abstains. Deeper-than-median modelled cover, anti-aligned gravity/cover normals and cross-scale gravity persistence are consistent with a covered basin-margin discontinuity. No fault displacement, geothermal fluid flow or vent has been verified at this pixel.",Lithologic contact; basin-fill model dependence on gravity; intrusive/dike boundary; processing or coverage effects. Surface-only features may instead be roads or erosion.,MODEL HYPOTHESIS ONLY — requires expert/field review
R2-A-00211,2546,1825,425900.0,4253900.0,-117.8489667,38.4302938,0.841271,0.6075049,874.34198,0.62473,0.99945,0.99834,0.9885,200.0,"Potential-field view is in its training-reference confident tail while the surface view abstains. Deeper-than-median modelled cover, anti-aligned gravity/cover normals and cross-scale gravity persistence are consistent with a covered basin-margin discontinuity. No fault displacement, geothermal fluid flow or vent has been verified at this pixel.",Lithologic contact; basin-fill model dependence on gravity; intrusive/dike boundary; processing or coverage effects. Surface-only features may instead be roads or erosion.,MODEL HYPOTHESIS ONLY — requires expert/field review
R2-A-00212,2547,1812,424600.0,4253800.0,-117.8638485,38.4292838,0.8557309,0.519443,427.70517,2.26291,0.9655,0.99531,0.99249,141.42,"Potential-field view is in its training-reference confident tail while the surface view abstains. Deeper-than-median modelled cover, anti-aligned gravity/cover normals and cross-scale gravity persistence are consistent with a covered basin-margin discontinuity. No fault displacement, geothermal fluid flow or vent has been verified at this pixel.",Lithologic contact; basin-fill model dependence on gravity; intrusive/dike boundary; processing or coverage effects. Surface-only features may instead be roads or erosion.,MODEL HYPOTHESIS ONLY — requires expert/field review
R2-A-00213,2548,1818,425200.0,4253700.0,-117.8569645,38.4284331,0.859196,0.5751081,566.50568,2.68308,0.98445,0.9966,0.98377,223.61,"Potential-field view is in its training-reference confident tail while the surface view abstains. Deeper-than-median modelled cover, anti-aligned gravity/cover normals and cross-scale gravity persistence are consistent with a covered basin-margin discontinuity. No fault displacement, geothermal fluid flow or vent has been verified at this pixel.",Lithologic contact; basin-fill model dependence on gravity; intrusive/dike boundary; processing or coverage effects. Surface-only features may instead be roads or erosion.,MODEL HYPOTHESIS ONLY — requires expert/field review
R2-A-00214,2548,1821,425500.0,4253700.0,-117.8535278,38.4284582,0.8453713,0.5106444,674.07147,2.06942,0.99408,0.99836,0.98523,200.0,"Potential-field view is in its training-reference confident tail while the surface view abstains. Deeper-than-median modelled cover, anti-aligned gravity/cover normals and cross-scale gravity persistence are consistent with a covered basin-margin discontinuity. No fault displacement, geothermal fluid flow or vent has been verified at this pixel.",Lithologic contact; basin-fill model dependence on gravity; intrusive/dike boundary; processing or coverage effects. Surface-only features may instead be roads or erosion.,MODEL HYPOTHESIS ONLY — requires expert/field review
R2-A-00215,2548,1829,426300.0,4253700.0,-117.8443633,38.4285246,0.8385828,0.5532486,979.18445,1.88635,0.99999,0.99917,0.98425,360.56,"Potential-field view is in its training-reference confident tail while the surface view abstains. Deeper-than-median modelled cover, anti-aligned gravity/cover normals and cross-scale gravity persistence are consistent with a covered basin-margin discontinuity. No fault displacement, geothermal fluid flow or vent has been verified at this pixel.",Lithologic contact; basin-fill model dependence on gravity; intrusive/dike boundary; processing or coverage effects. Surface-only features may instead be roads or erosion.,MODEL HYPOTHESIS ONLY — requires expert/field review
R2-A-00216,2548,1832,426600.0,4253700.0,-117.8409266,38.4285493,0.8355746,0.4357275,1116.16858,1.44487,0.9984,0.99983,0.98447,141.42,"Potential-field view is in its training-reference confident tail while the surface view abstains. Deeper-than-median modelled cover, anti-aligned gravity/cover normals and cross-scale gravity persistence are consistent with a covered basin-margin discontinuity. No fault displacement, geothermal fluid flow or vent has been verified at this pixel.",Lithologic contact; basin-fill model dependence on gravity; intrusive/dike boundary; processing or coverage effects. Surface-only features may instead be roads or erosion.,MODEL HYPOTHESIS ONLY — requires expert/field review
R2-A-00217,2549,1808,424200.0,4253600.0,-117.8684092,38.4274477,0.8078429,0.5857915,285.89624,4.72639,0.94483,0.99518,0.99352,565.69,"Potential-field view is in its training-reference confident tail while the surface view abstains. Signed normal/cover support is incomplete; do not interpret this discrepancy as proof of a buried fault. No fault displacement, geothermal fluid flow or vent has been verified at this pixel.",Lithologic contact; basin-fill model dependence on gravity; intrusive/dike boundary; processing or coverage effects. Surface-only features may instead be roads or erosion.,MODEL HYPOTHESIS ONLY — requires expert/field review
R2-A-00218,2549,1815,424900.0,4253600.0,-117.8603904,38.4275068,0.8569018,0.5088184,456.32303,3.20902,0.96696,0.99189,0.98466,100.0,"Potential-field view is in its training-reference confident tail while the surface view abstains. Deeper-than-median modelled cover, anti-aligned gravity/cover normals and cross-scale gravity persistence are consistent with a covered basin-margin discontinuity. No fault displacement, geothermal fluid flow or vent has been verified at this pixel.",Lithologic contact; basin-fill model dependence on gravity; intrusive/dike boundary; processing or coverage effects. Surface-only features may instead be roads or erosion.,MODEL HYPOTHESIS ONLY — requires expert/field review
R2-A-00219,2550,1828,426200.0,4253500.0,-117.8454879,38.4267141,0.8495851,0.5114441,876.26239,1.3935,1.0,0.99931,0.98361,500.0,"Potential-field view is in its training-reference confident tail while the surface view abstains. Deeper-than-median modelled cover, anti-aligned gravity/cover normals and cross-scale gravity persistence are consistent with a covered basin-margin discontinuity. No fault displacement, geothermal fluid flow or vent has been verified at this pixel.",Lithologic contact; basin-fill model dependence on gravity; intrusive/dike boundary; processing or coverage effects. Surface-only features may instead be roads or erosion.,MODEL HYPOTHESIS ONLY — requires expert/field review
R2-A-00220,2550,1835,426900.0,4253500.0,-117.8374691,38.4267717,0.8232096,0.5518196,1202.52271,2.61814,0.99296,0.99999,0.98692,200.0,"Potential-field view is in its training-reference confident tail while the surface view abstains. Deeper-than-median modelled cover, anti-aligned gravity/cover normals and cross-scale gravity persistence are consistent with a covered basin-margin discontinuity. No fault displacement, geothermal fluid flow or vent has been verified at this pixel.",Lithologic contact; basin-fill model dependence on gravity; intrusive/dike boundary; processing or coverage effects. Surface-only features may instead be roads or erosion.,MODEL HYPOTHESIS ONLY — requires expert/field review
R2-A-00221,2551,1811,424500.0,4253400.0,-117.8649511,38.4256709,0.8314624,0.478131,316.05817,3.46738,0.93189,0.99067,0.99068,360.56,"Potential-field view is in its training-reference confident tail while the surface view abstains. Signed normal/cover support is incomplete; do not interpret this discrepancy as proof of a buried fault. No fault displacement, geothermal fluid flow or vent has been verified at this pixel.",Lithologic contact; basin-fill model dependence on gravity; intrusive/dike boundary; processing or coverage effects. Surface-only features may instead be roads or erosion.,MODEL HYPOTHESIS ONLY — requires expert/field review
R2-A-00222,2551,1819,425300.0,4253400.0,-117.855787,38.4257382,0.8616346,0.4866347,522.28241,2.52986,0.98618,0.99756,0.97584,200.0,"Potential-field view is in its training-reference confident tail while the surface view abstains. Deeper-than-median modelled cover, anti-aligned gravity/cover normals and cross-scale gravity persistence are consistent with a covered basin-margin discontinuity. No fault displacement, geothermal fluid flow or vent has been verified at this pixel.",Lithologic contact; basin-fill model dependence on gravity; intrusive/dike boundary; processing or coverage effects. Surface-only features may instead be roads or erosion.,MODEL HYPOTHESIS ONLY — requires expert/field review
R2-A-00223,2552,1831,426500.0,4253300.0,-117.8420303,38.4249366,0.8451999,0.4684949,961.67426,1.21743,0.99844,0.99996,0.98587,200.0,"Potential-field view is in its training-reference confident tail while the surface view abstains. Deeper-than-median modelled cover, anti-aligned gravity/cover normals and cross-scale gravity persistence are consistent with a covered basin-margin discontinuity. No fault displacement, geothermal fluid flow or vent has been verified at this pixel.",Lithologic contact; basin-fill model dependence on gravity; intrusive/dike boundary; processing or coverage effects. Surface-only features may instead be roads or erosion.,MODEL HYPOTHESIS ONLY — requires expert/field review
R2-A-00224,2553,1820,425400.0,4253200.0,-117.8546202,38.4239443,0.8681977,0.5422677,510.7471,3.56097,0.98916,0.99836,0.97162,300.0,"Potential-field view is in its training-reference confident tail while the surface view abstains. Deeper-than-median modelled cover, anti-aligned gravity/cover normals and cross-scale gravity persistence are consistent with a covered basin-margin discontinuity. No fault displacement, geothermal fluid flow or vent has been verified at this pixel.",Lithologic contact; basin-fill model dependence on gravity; intrusive/dike boundary; processing or coverage effects. Surface-only features may instead be roads or erosion.,MODEL HYPOTHESIS ONLY — requires expert/field review
R2-A-00225,2553,1828,426200.0,4253200.0,-117.8454563,38.4240107,0.8653873,0.4970304,795.336,3.15489,0.9999,0.99969,0.98368,447.21,"Potential-field view is in its training-reference confident tail while the surface view abstains. Deeper-than-median modelled cover, anti-aligned gravity/cover normals and cross-scale gravity persistence are consistent with a covered basin-margin discontinuity. No fault displacement, geothermal fluid flow or vent has been verified at this pixel.",Lithologic contact; basin-fill model dependence on gravity; intrusive/dike boundary; processing or coverage effects. Surface-only features may instead be roads or erosion.,MODEL HYPOTHESIS ONLY — requires expert/field review
R2-A-00226,2554,1836,427000.0,4253100.0,-117.836282,38.4231754,0.8474143,0.4445475,1150.78735,0.86602,0.98995,0.99998,0.99133,282.84,"Potential-field view is in its training-reference confident tail while the surface view abstains. Deeper-than-median modelled cover, anti-aligned gravity/cover normals and cross-scale gravity persistence are consistent with a covered basin-margin discontinuity. No fault displacement, geothermal fluid flow or vent has been verified at this pixel.",Lithologic contact; basin-fill model dependence on gravity; intrusive/dike boundary; processing or coverage effects. Surface-only features may instead be roads or erosion.,MODEL HYPOTHESIS ONLY — requires expert/field review
R2-A-00227,2555,1825,425900.0,4253000.0,-117.8488717,38.4221836,0.8660739,0.54528,641.88348,2.90481,0.99988,0.99922,0.97913,100.0,"Potential-field view is in its training-reference confident tail while the surface view abstains. Deeper-than-median modelled cover, anti-aligned gravity/cover normals and cross-scale gravity persistence are consistent with a covered basin-margin discontinuity. No fault displacement, geothermal fluid flow or vent has been verified at this pixel.",Lithologic contact; basin-fill model dependence on gravity; intrusive/dike boundary; processing or coverage effects. Surface-only features may instead be roads or erosion.,MODEL HYPOTHESIS ONLY — requires expert/field review
R2-A-00228,2556,1818,425200.0,4252900.0,-117.8568793,38.4212242,0.8620769,0.5400848,397.42804,3.54373,0.97165,0.99286,0.94817,200.0,"Potential-field view is in its training-reference confident tail while the surface view abstains. Deeper-than-median modelled cover, anti-aligned gravity/cover normals and cross-scale gravity persistence are consistent with a covered basin-margin discontinuity. No fault displacement, geothermal fluid flow or vent has been verified at this pixel.",Lithologic contact; basin-fill model dependence on gravity; intrusive/dike boundary; processing or coverage effects. Surface-only features may instead be roads or erosion.,MODEL HYPOTHESIS ONLY — requires expert/field review
R2-A-00229,2556,1822,425600.0,4252900.0,-117.8522975,38.4212576,0.8790546,0.4342706,525.81482,2.20215,0.99726,0.99872,0.96797,200.0,"Potential-field view is in its training-reference confident tail while the surface view abstains. Deeper-than-median modelled cover, anti-aligned gravity/cover normals and cross-scale gravity persistence are consistent with a covered basin-margin discontinuity. No fault displacement, geothermal fluid flow or vent has been verified at this pixel.",Lithologic contact; basin-fill model dependence on gravity; intrusive/dike boundary; processing or coverage effects. Surface-only features may instead be roads or erosion.,MODEL HYPOTHESIS ONLY — requires expert/field review
R2-A-00230,2556,1828,426200.0,4252900.0,-117.8454248,38.4213074,0.8596733,0.3957404,730.7876,2.18344,0.99938,0.99965,0.98304,400.0,"Potential-field view is in its training-reference confident tail while the surface view abstains. Deeper-than-median modelled cover, anti-aligned gravity/cover normals and cross-scale gravity persistence are consistent with a covered basin-margin discontinuity. No fault displacement, geothermal fluid flow or vent has been verified at this pixel.",Lithologic contact; basin-fill model dependence on gravity; intrusive/dike boundary; processing or coverage effects. Surface-only features may instead be roads or erosion.,MODEL HYPOTHESIS ONLY — requires expert/field review
R2-A-00231,2556,1841,427500.0,4252900.0,-117.830534,38.4214138,0.811659,0.4043218,1355.20581,1.28646,0.98111,0.9996,0.99158,200.0,"Potential-field view is in its training-reference confident tail while the surface view abstains. Deeper-than-median modelled cover, anti-aligned gravity/cover normals and cross-scale gravity persistence are consistent with a covered basin-margin discontinuity. No fault displacement, geothermal fluid flow or vent has been verified at this pixel.",Lithologic contact; basin-fill model dependence on gravity; intrusive/dike boundary; processing or coverage effects. Surface-only features may instead be roads or erosion.,MODEL HYPOTHESIS ONLY — requires expert/field review
R2-A-00232,2558,1821,425500.0,4252700.0,-117.8534217,38.419447,0.8576236,0.5515072,459.60675,2.77985,0.9977,0.99836,0.9506,300.0,"Potential-field view is in its training-reference confident tail while the surface view abstains. Deeper-than-median modelled cover, anti-aligned gravity/cover normals and cross-scale gravity persistence are consistent with a covered basin-margin discontinuity. No fault displacement, geothermal fluid flow or vent has been verified at this pixel.",Lithologic contact; basin-fill model dependence on gravity; intrusive/dike boundary; processing or coverage effects. Surface-only features may instead be roads or erosion.,MODEL HYPOTHESIS ONLY — requires expert/field review
R2-A-00233,2558,1834,426800.0,4252700.0,-117.8385313,38.4195545,0.8420649,0.5436778,962.30518,3.20978,0.9895,1.0,0.99271,100.0,"Potential-field view is in its training-reference confident tail while the surface view abstains. Deeper-than-median modelled cover, anti-aligned gravity/cover normals and cross-scale gravity persistence are consistent with a covered basin-margin discontinuity. No fault displacement, geothermal fluid flow or vent has been verified at this pixel.",Lithologic contact; basin-fill model dependence on gravity; intrusive/dike boundary; processing or coverage effects. Surface-only features may instead be roads or erosion.,MODEL HYPOTHESIS ONLY — requires expert/field review
R2-A-00234,2559,1827,426100.0,4252600.0,-117.8465387,38.4185957,0.8653873,0.4523419,622.91913,2.25583,0.99701,0.99972,0.97599,282.84,"Potential-field view is in its training-reference confident tail while the surface view abstains. Deeper-than-median modelled cover, anti-aligned gravity/cover normals and cross-scale gravity persistence are consistent with a covered basin-margin discontinuity. No fault displacement, geothermal fluid flow or vent has been verified at this pixel.",Lithologic contact; basin-fill model dependence on gravity; intrusive/dike boundary; processing or coverage effects. Surface-only features may instead be roads or erosion.,MODEL HYPOTHESIS ONLY — requires expert/field review
R2-A-00235,2559,1842,427600.0,4252600.0,-117.8293576,38.4187186,0.8354837,0.4782553,1342.88306,1.50972,0.97856,0.99921,0.99386,300.0,"Potential-field view is in its training-reference confident tail while the surface view abstains. Deeper-than-median modelled cover, anti-aligned gravity/cover normals and cross-scale gravity persistence are consistent with a covered basin-margin discontinuity. No fault displacement, geothermal fluid flow or vent has been verified at this pixel.",Lithologic contact; basin-fill model dependence on gravity; intrusive/dike boundary; processing or coverage effects. Surface-only features may instead be roads or erosion.,MODEL HYPOTHESIS ONLY — requires expert/field review
R2-A-00236,2560,1831,426500.0,4252500.0,-117.8419466,38.4177276,0.8428425,0.4444984,779.95245,2.27524,0.99064,0.99999,0.98742,200.0,"Potential-field view is in its training-reference confident tail while the surface view abstains. Deeper-than-median modelled cover, anti-aligned gravity/cover normals and cross-scale gravity persistence are consistent with a covered basin-margin discontinuity. No fault displacement, geothermal fluid flow or vent has been verified at this pixel.",Lithologic contact; basin-fill model dependence on gravity; intrusive/dike boundary; processing or coverage effects. Surface-only features may instead be roads or erosion.,MODEL HYPOTHESIS ONLY — requires expert/field review
R2-A-00237,2561,1835,426900.0,4252400.0,-117.8373547,38.4168593,0.8384383,0.4479192,936.36328,1.36776,0.98218,0.99984,0.99538,100.0,"Potential-field view is in its training-reference confident tail while the surface view abstains. Deeper-than-median modelled cover, anti-aligned gravity/cover normals and cross-scale gravity persistence are consistent with a covered basin-margin discontinuity. No fault displacement, geothermal fluid flow or vent has been verified at this pixel.",Lithologic contact; basin-fill model dependence on gravity; intrusive/dike boundary; processing or coverage effects. Surface-only features may instead be roads or erosion.,MODEL HYPOTHESIS ONLY — requires expert/field review
R2-A-00238,2561,1838,427200.0,4252400.0,-117.8339185,38.4168838,0.8260769,0.5687947,1078.72913,2.92184,0.98188,0.99982,0.99759,100.0,"Potential-field view is in its training-reference confident tail while the surface view abstains. Deeper-than-median modelled cover, anti-aligned gravity/cover normals and cross-scale gravity persistence are consistent with a covered basin-margin discontinuity. No fault displacement, geothermal fluid flow or vent has been verified at this pixel.",Lithologic contact; basin-fill model dependence on gravity; intrusive/dike boundary; processing or coverage effects. Surface-only features may instead be roads or erosion.,MODEL HYPOTHESIS ONLY — requires expert/field review
R2-A-00239,2562,1821,425500.0,4252300.0,-117.8533793,38.4158425,0.8562149,0.483521,391.38412,2.72959,0.99337,0.99837,0.92466,282.84,"Potential-field view is in its training-reference confident tail while the surface view abstains. Deeper-than-median modelled cover, anti-aligned gravity/cover normals and cross-scale gravity persistence are consistent with a covered basin-margin discontinuity. No fault displacement, geothermal fluid flow or vent has been verified at this pixel.",Lithologic contact; basin-fill model dependence on gravity; intrusive/dike boundary; processing or coverage effects. Surface-only features may instead be roads or erosion.,MODEL HYPOTHESIS ONLY — requires expert/field review
R2-A-00240,2562,1827,426100.0,4252300.0,-117.8465072,38.4158923,0.8707966,0.4317971,559.52509,2.06897,0.98569,0.99931,0.97307,100.0,"Potential-field view is in its training-reference confident tail while the surface view abstains. Deeper-than-median modelled cover, anti-aligned gravity/cover normals and cross-scale gravity persistence are consistent with a covered basin-margin discontinuity. No fault displacement, geothermal fluid flow or vent has been verified at this pixel.",Lithologic contact; basin-fill model dependence on gravity; intrusive/dike boundary; processing or coverage effects. Surface-only features may instead be roads or erosion.,MODEL HYPOTHESIS ONLY — requires expert/field review
R2-A-00241,2562,1842,427600.0,4252300.0,-117.8293267,38.4160152,0.8188747,0.420889,1278.63123,2.40656,0.9798,0.99964,0.99581,316.23,"Potential-field view is in its training-reference confident tail while the surface view abstains. Deeper-than-median modelled cover, anti-aligned gravity/cover normals and cross-scale gravity persistence are consistent with a covered basin-margin discontinuity. No fault displacement, geothermal fluid flow or vent has been verified at this pixel.",Lithologic contact; basin-fill model dependence on gravity; intrusive/dike boundary; processing or coverage effects. Surface-only features may instead be roads or erosion.,MODEL HYPOTHESIS ONLY — requires expert/field review
R2-A-00242,2564,1836,427000.0,4252100.0,-117.8361781,38.4141641,0.856024,0.601212,912.72424,4.75033,0.97531,0.99937,0.9976,141.42,"Potential-field view is in its training-reference confident tail while the surface view abstains. Deeper-than-median modelled cover, anti-aligned gravity/cover normals and cross-scale gravity persistence are consistent with a covered basin-margin discontinuity. No fault displacement, geothermal fluid flow or vent has been verified at this pixel.",Lithologic contact; basin-fill model dependence on gravity; intrusive/dike boundary; processing or coverage effects. Surface-only features may instead be roads or erosion.,MODEL HYPOTHESIS ONLY — requires expert/field review
R2-A-00243,2564,1841,427500.0,4252100.0,-117.8304514,38.4142048,0.8223604,0.6097593,1171.05457,3.16788,0.98043,0.99986,0.9971,300.0,"Potential-field view is in its training-reference confident tail while the surface view abstains. Deeper-than-median modelled cover, anti-aligned gravity/cover normals and cross-scale gravity persistence are consistent with a covered basin-margin discontinuity. No fault displacement, geothermal fluid flow or vent has been verified at this pixel.",Lithologic contact; basin-fill model dependence on gravity; intrusive/dike boundary; processing or coverage effects. Surface-only features may instead be roads or erosion.,MODEL HYPOTHESIS ONLY — requires expert/field review
R2-A-00244,2565,1829,426300.0,4252000.0,-117.844185,38.4132055,0.8785527,0.5866225,599.85748,1.51707,0.96994,0.9962,0.98729,100.0,"Potential-field view is in its training-reference confident tail while the surface view abstains. Deeper-than-median modelled cover, anti-aligned gravity/cover normals and cross-scale gravity persistence are consistent with a covered basin-margin discontinuity. No fault displacement, geothermal fluid flow or vent has been verified at this pixel.",Lithologic contact; basin-fill model dependence on gravity; intrusive/dike boundary; processing or coverage effects. Surface-only features may instead be roads or erosion.,MODEL HYPOTHESIS ONLY — requires expert/field review
R2-A-00245,2566,1831,426500.0,4251900.0,-117.8418839,38.4123208,0.8801339,0.5277501,666.10339,3.49319,0.96712,0.997,0.99331,141.42,"Potential-field view is in its training-reference confident tail while the surface view abstains. Deeper-than-median modelled cover, anti-aligned gravity/cover normals and cross-scale gravity persistence are consistent with a covered basin-margin discontinuity. No fault displacement, geothermal fluid flow or vent has been verified at this pixel.",Lithologic contact; basin-fill model dependence on gravity; intrusive/dike boundary; processing or coverage effects. Surface-only features may instead be roads or erosion.,MODEL HYPOTHESIS ONLY — requires expert/field review
R2-A-00246,2566,1837,427100.0,4251900.0,-117.8350121,38.41237,0.854271,0.6072628,909.68622,3.68673,0.97346,0.99943,0.99765,141.42,"Potential-field view is in its training-reference confident tail while the surface view abstains. Deeper-than-median modelled cover, anti-aligned gravity/cover normals and cross-scale gravity persistence are consistent with a covered basin-margin discontinuity. No fault displacement, geothermal fluid flow or vent has been verified at this pixel.",Lithologic contact; basin-fill model dependence on gravity; intrusive/dike boundary; processing or coverage effects. Surface-only features may instead be roads or erosion.,MODEL HYPOTHESIS ONLY — requires expert/field review
R2-A-00247,2567,1821,425500.0,4251800.0,-117.8533263,38.4113369,0.8409924,0.5116718,346.67206,3.37637,0.93984,0.97894,0.96541,282.84,"Potential-field view is in its training-reference confident tail while the surface view abstains. Deeper-than-median modelled cover, anti-aligned gravity/cover normals and cross-scale gravity persistence are consistent with a covered basin-margin discontinuity. No fault displacement, geothermal fluid flow or vent has been verified at this pixel.",Lithologic contact; basin-fill model dependence on gravity; intrusive/dike boundary; processing or coverage effects. Surface-only features may instead be roads or erosion.,MODEL HYPOTHESIS ONLY — requires expert/field review
R2-A-00248,2567,1840,427400.0,4251800.0,-117.8315658,38.4114933,0.8261838,0.4232405,1040.31458,1.2492,0.97849,0.99985,0.99601,141.42,"Potential-field view is in its training-reference confident tail while the surface view abstains. Deeper-than-median modelled cover, anti-aligned gravity/cover normals and cross-scale gravity persistence are consistent with a covered basin-margin discontinuity. No fault displacement, geothermal fluid flow or vent has been verified at this pixel.",Lithologic contact; basin-fill model dependence on gravity; intrusive/dike boundary; processing or coverage effects. Surface-only features may instead be roads or erosion.,MODEL HYPOTHESIS ONLY — requires expert/field review
R2-A-00249,2569,1828,426200.0,4251600.0,-117.8452883,38.4095927,0.8902062,0.5430626,502.44583,3.4801,0.95093,0.99586,0.99339,100.0,"Potential-field view is in its training-reference confident tail while the surface view abstains. Deeper-than-median modelled cover, anti-aligned gravity/cover normals and cross-scale gravity persistence are consistent with a covered basin-margin discontinuity. No fault displacement, geothermal fluid flow or vent has been verified at this pixel.",Lithologic contact; basin-fill model dependence on gravity; intrusive/dike boundary; processing or coverage effects. Surface-only features may instead be roads or erosion.,MODEL HYPOTHESIS ONLY — requires expert/field review
R2-A-00250,2569,1833,426700.0,4251600.0,-117.839562,38.4096339,0.8567389,0.5986792,690.67914,3.33007,0.95962,0.9985,0.9958,100.0,"Potential-field view is in its training-reference confident tail while the surface view abstains. Deeper-than-median modelled cover, anti-aligned gravity/cover normals and cross-scale gravity persistence are consistent with a covered basin-margin discontinuity. No fault displacement, geothermal fluid flow or vent has been verified at this pixel.",Lithologic contact; basin-fill model dependence on gravity; intrusive/dike boundary; processing or coverage effects. Surface-only features may instead be roads or erosion.,MODEL HYPOTHESIS ONLY — requires expert/field review
R2-A-00251,2570,1821,425500.0,4251500.0,-117.8532945,38.4086335,0.8388167,0.524633,320.85416,2.43682,0.922,0.98555,0.98664,141.42,"Potential-field view is in its training-reference confident tail while the surface view abstains. Deeper-than-median modelled cover, anti-aligned gravity/cover normals and cross-scale gravity persistence are consistent with a covered basin-margin discontinuity. No fault displacement, geothermal fluid flow or vent has been verified at this pixel.",Lithologic contact; basin-fill model dependence on gravity; intrusive/dike boundary; processing or coverage effects. Surface-only features may instead be roads or erosion.,MODEL HYPOTHESIS ONLY — requires expert/field review
R2-A-00252,2571,1835,426900.0,4251400.0,-117.8372507,38.407848,0.8762154,0.4483173,724.30432,2.4832,0.95981,0.99949,0.99399,100.0,"Potential-field view is in its training-reference confident tail while the surface view abstains. Deeper-than-median modelled cover, anti-aligned gravity/cover normals and cross-scale gravity persistence are consistent with a covered basin-margin discontinuity. No fault displacement, geothermal fluid flow or vent has been verified at this pixel.",Lithologic contact; basin-fill model dependence on gravity; intrusive/dike boundary; processing or coverage effects. Surface-only features may instead be roads or erosion.,MODEL HYPOTHESIS ONLY — requires expert/field review
R2-A-00253,2572,1829,426300.0,4251300.0,-117.8441116,38.4068976,0.8898742,0.4271977,495.26373,2.66464,0.94466,0.99813,0.99425,282.84,"Potential-field view is in its training-reference confident tail while the surface view abstains. Deeper-than-median modelled cover, anti-aligned gravity/cover normals and cross-scale gravity persistence are consistent with a covered basin-margin discontinuity. No fault displacement, geothermal fluid flow or vent has been verified at this pixel.",Lithologic contact; basin-fill model dependence on gravity; intrusive/dike boundary; processing or coverage effects. Surface-only features may instead be roads or erosion.,MODEL HYPOTHESIS ONLY — requires expert/field review
R2-A-00254,2573,1823,425700.0,4251200.0,-117.8509723,38.4059467,0.8552604,0.5644523,336.30234,3.91698,0.91178,0.99421,0.99199,100.0,"Potential-field view is in its training-reference confident tail while the surface view abstains. Deeper-than-median modelled cover, anti-aligned gravity/cover normals and cross-scale gravity persistence are consistent with a covered basin-margin discontinuity. No fault displacement, geothermal fluid flow or vent has been verified at this pixel.",Lithologic contact; basin-fill model dependence on gravity; intrusive/dike boundary; processing or coverage effects. Surface-only features may instead be roads or erosion.,MODEL HYPOTHESIS ONLY — requires expert/field review
R2-A-00255,2574,1825,425900.0,4251100.0,-117.8486714,38.4050622,0.8746004,0.6112707,365.68515,3.93456,0.91366,0.99673,0.99252,100.0,"Potential-field view is in its training-reference confident tail while the surface view abstains. Deeper-than-median modelled cover, anti-aligned gravity/cover normals and cross-scale gravity persistence are consistent with a covered basin-margin discontinuity. No fault displacement, geothermal fluid flow or vent has been verified at this pixel.",Lithologic contact; basin-fill model dependence on gravity; intrusive/dike boundary; processing or coverage effects. Surface-only features may instead be roads or erosion.,MODEL HYPOTHESIS ONLY — requires expert/field review
R2-A-00256,2574,1828,426200.0,4251100.0,-117.8452358,38.4050871,0.8890014,0.5118418,434.16547,3.33319,0.93218,0.99835,0.99323,200.0,"Potential-field view is in its training-reference confident tail while the surface view abstains. Deeper-than-median modelled cover, anti-aligned gravity/cover normals and cross-scale gravity persistence are consistent with a covered basin-margin discontinuity. No fault displacement, geothermal fluid flow or vent has been verified at this pixel.",Lithologic contact; basin-fill model dependence on gravity; intrusive/dike boundary; processing or coverage effects. Surface-only features may instead be roads or erosion.,MODEL HYPOTHESIS ONLY — requires expert/field review
R2-A-00257,2574,1831,426500.0,4251100.0,-117.8418003,38.4051118,0.8806396,0.4662767,531.198,2.90747,0.94249,0.99921,0.9931,141.42,"Potential-field view is in its training-reference confident tail while the surface view abstains. Deeper-than-median modelled cover, anti-aligned gravity/cover normals and cross-scale gravity persistence are consistent with a covered basin-margin discontinuity. No fault displacement, geothermal fluid flow or vent has been verified at this pixel.",Lithologic contact; basin-fill model dependence on gravity; intrusive/dike boundary; processing or coverage effects. Surface-only features may instead be roads or erosion.,MODEL HYPOTHESIS ONLY — requires expert/field review
R2-A-00258,2574,1839,427300.0,4251100.0,-117.8326387,38.4051772,0.8429275,0.5232931,813.94287,3.17626,0.97737,0.99987,0.98763,141.42,"Potential-field view is in its training-reference confident tail while the surface view abstains. Deeper-than-median modelled cover, anti-aligned gravity/cover normals and cross-scale gravity persistence are consistent with a covered basin-margin discontinuity. No fault displacement, geothermal fluid flow or vent has been verified at this pixel.",Lithologic contact; basin-fill model dependence on gravity; intrusive/dike boundary; processing or coverage effects. Surface-only features may instead be roads or erosion.,MODEL HYPOTHESIS ONLY — requires expert/field review
R2-A-00259,2575,1837,427100.0,4251000.0,-117.8349187,38.4042598,0.8498465,0.4506973,701.44348,1.98173,0.96534,0.99998,0.98833,200.0,"Potential-field view is in its training-reference confident tail while the surface view abstains. Deeper-than-median modelled cover, anti-aligned gravity/cover normals and cross-scale gravity persistence are consistent with a covered basin-margin discontinuity. No fault displacement, geothermal fluid flow or vent has been verified at this pixel.",Lithologic contact; basin-fill model dependence on gravity; intrusive/dike boundary; processing or coverage effects. Surface-only features may instead be roads or erosion.,MODEL HYPOTHESIS ONLY — requires expert/field review
R2-A-00260,2576,1832,426600.0,4250900.0,-117.8406342,38.4033177,0.8716446,0.4548497,527.72418,2.33475,0.93686,0.99965,0.99156,200.0,"Potential-field view is in its training-reference confident tail while the surface view abstains. Deeper-than-median modelled cover, anti-aligned gravity/cover normals and cross-scale gravity persistence are consistent with a covered basin-margin discontinuity. No fault displacement, geothermal fluid flow or vent has been verified at this pixel.",Lithologic contact; basin-fill model dependence on gravity; intrusive/dike boundary; processing or coverage effects. Surface-only features may instead be roads or erosion.,MODEL HYPOTHESIS ONLY — requires expert/field review
R2-A-00261,2576,1841,427500.0,4250900.0,-117.8303277,38.4033912,0.8154874,0.5916947,849.86255,2.94712,0.98704,0.99861,0.98463,100.0,"Potential-field view is in its training-reference confident tail while the surface view abstains. Deeper-than-median modelled cover, anti-aligned gravity/cover normals and cross-scale gravity persistence are consistent with a covered basin-margin discontinuity. No fault displacement, geothermal fluid flow or vent has been verified at this pixel.",Lithologic contact; basin-fill model dependence on gravity; intrusive/dike boundary; processing or coverage effects. Surface-only features may instead be roads or erosion.,MODEL HYPOTHESIS ONLY — requires expert/field review
R2-A-00262,2577,1827,426100.0,4250800.0,-117.8463495,38.4023754,0.8568873,0.4929295,367.57834,2.76107,0.91028,0.99864,0.99198,141.42,"Potential-field view is in its training-reference confident tail while the surface view abstains. Deeper-than-median modelled cover, anti-aligned gravity/cover normals and cross-scale gravity persistence are consistent with a covered basin-margin discontinuity. No fault displacement, geothermal fluid flow or vent has been verified at this pixel.",Lithologic contact; basin-fill model dependence on gravity; intrusive/dike boundary; processing or coverage effects. Surface-only features may instead be roads or erosion.,MODEL HYPOTHESIS ONLY — requires expert/field review
R2-A-00263,2577,1830,426400.0,4250800.0,-117.8429141,38.4024002,0.8780453,0.5085095,452.24765,2.72056,0.9273,0.99941,0.99193,400.0,"Potential-field view is in its training-reference confident tail while the surface view abstains. Deeper-than-median modelled cover, anti-aligned gravity/cover normals and cross-scale gravity persistence are consistent with a covered basin-margin discontinuity. No fault displacement, geothermal fluid flow or vent has been verified at this pixel.",Lithologic contact; basin-fill model dependence on gravity; intrusive/dike boundary; processing or coverage effects. Surface-only features may instead be roads or erosion.,MODEL HYPOTHESIS ONLY — requires expert/field review
R2-A-00264,2577,1839,427300.0,4250800.0,-117.8326077,38.4024738,0.8355863,0.5423174,736.23389,3.11698,0.9783,0.99926,0.98501,100.0,"Potential-field view is in its training-reference confident tail while the surface view abstains. Deeper-than-median modelled cover, anti-aligned gravity/cover normals and cross-scale gravity persistence are consistent with a covered basin-margin discontinuity. No fault displacement, geothermal fluid flow or vent has been verified at this pixel.",Lithologic contact; basin-fill model dependence on gravity; intrusive/dike boundary; processing or coverage effects. Surface-only features may instead be roads or erosion.,MODEL HYPOTHESIS ONLY — requires expert/field review
R2-A-00265,2579,1832,426600.0,4250600.0,-117.8406029,38.4006143,0.8658327,0.5160459,473.99203,3.12593,0.92558,0.99986,0.99073,200.0,"Potential-field view is in its training-reference confident tail while the surface view abstains. Deeper-than-median modelled cover, anti-aligned gravity/cover normals and cross-scale gravity persistence are consistent with a covered basin-margin discontinuity. No fault displacement, geothermal fluid flow or vent has been verified at this pixel.",Lithologic contact; basin-fill model dependence on gravity; intrusive/dike boundary; processing or coverage effects. Surface-only features may instead be roads or erosion.,MODEL HYPOTHESIS ONLY — requires expert/field review
R2-A-00266,2581,1827,426100.0,4250400.0,-117.8463075,38.3987709,0.8350148,0.5178116,319.50726,3.18941,0.89515,0.99965,0.99209,200.0,"Potential-field view is in its training-reference confident tail while the surface view abstains. Deeper-than-median modelled cover, anti-aligned gravity/cover normals and cross-scale gravity persistence are consistent with a covered basin-margin discontinuity. No fault displacement, geothermal fluid flow or vent has been verified at this pixel.",Lithologic contact; basin-fill model dependence on gravity; intrusive/dike boundary; processing or coverage effects. Surface-only features may instead be roads or erosion.,MODEL HYPOTHESIS ONLY — requires expert/field review
R2-A-00267,2581,1831,426500.0,4250400.0,-117.8417271,38.3988039,0.8657004,0.5599212,414.13626,3.36546,0.91706,0.99991,0.99168,300.0,"Potential-field view is in its training-reference confident tail while the surface view abstains. Deeper-than-median modelled cover, anti-aligned gravity/cover normals and cross-scale gravity persistence are consistent with a covered basin-margin discontinuity. No fault displacement, geothermal fluid flow or vent has been verified at this pixel.",Lithologic contact; basin-fill model dependence on gravity; intrusive/dike boundary; processing or coverage effects. Surface-only features may instead be roads or erosion.,MODEL HYPOTHESIS ONLY — requires expert/field review
R2-A-00268,2583,1832,426600.0,4250200.0,-117.8405611,38.3970098,0.8552372,0.5415618,405.3811,2.9414,0.91538,1.0,0.99176,200.0,"Potential-field view is in its training-reference confident tail while the surface view abstains. Deeper-than-median modelled cover, anti-aligned gravity/cover normals and cross-scale gravity persistence are consistent with a covered basin-margin discontinuity. No fault displacement, geothermal fluid flow or vent has been verified at this pixel.",Lithologic contact; basin-fill model dependence on gravity; intrusive/dike boundary; processing or coverage effects. Surface-only features may instead be roads or erosion.,MODEL HYPOTHESIS ONLY — requires expert/field review
R2-A-00269,2583,1837,427100.0,4250200.0,-117.8348358,38.3970507,0.8289647,0.500164,514.89984,2.10441,0.96198,0.99937,0.98377,100.0,"Potential-field view is in its training-reference confident tail while the surface view abstains. Deeper-than-median modelled cover, anti-aligned gravity/cover normals and cross-scale gravity persistence are consistent with a covered basin-margin discontinuity. No fault displacement, geothermal fluid flow or vent has been verified at this pixel.",Lithologic contact; basin-fill model dependence on gravity; intrusive/dike boundary; processing or coverage effects. Surface-only features may instead be roads or erosion.,MODEL HYPOTHESIS ONLY — requires expert/field review
R2-A-00270,2583,1840,427400.0,4250200.0,-117.8314006,38.3970752,0.8096446,0.4662555,623.46118,2.74681,0.99024,0.99604,0.9823,100.0,"Potential-field view is in its training-reference confident tail while the surface view abstains. Deeper-than-median modelled cover, anti-aligned gravity/cover normals and cross-scale gravity persistence are consistent with a covered basin-margin discontinuity. No fault displacement, geothermal fluid flow or vent has been verified at this pixel.",Lithologic contact; basin-fill model dependence on gravity; intrusive/dike boundary; processing or coverage effects. Surface-only features may instead be roads or erosion.,MODEL HYPOTHESIS ONLY — requires expert/field review
R2-A-00271,2584,1827,426100.0,4250100.0,-117.8462759,38.3960675,0.8348659,0.5566528,287.11087,3.46153,0.88903,1.0,0.99382,300.0,"Potential-field view is in its training-reference confident tail while the surface view abstains. Signed normal/cover support is incomplete; do not interpret this discrepancy as proof of a buried fault. No fault displacement, geothermal fluid flow or vent has been verified at this pixel.",Lithologic contact; basin-fill model dependence on gravity; intrusive/dike boundary; processing or coverage effects. Surface-only features may instead be roads or erosion.,MODEL HYPOTHESIS ONLY — requires expert/field review
R2-A-00272,2586,1831,426500.0,4249900.0,-117.8416749,38.3942982,0.8350148,0.5565006,341.71622,3.74974,0.90016,0.9999,0.99419,300.0,"Potential-field view is in its training-reference confident tail while the surface view abstains. Deeper-than-median modelled cover, anti-aligned gravity/cover normals and cross-scale gravity persistence are consistent with a covered basin-margin discontinuity. No fault displacement, geothermal fluid flow or vent has been verified at this pixel.",Lithologic contact; basin-fill model dependence on gravity; intrusive/dike boundary; processing or coverage effects. Surface-only features may instead be roads or erosion.,MODEL HYPOTHESIS ONLY — requires expert/field review
R2-A-00273,2586,1837,427100.0,4249900.0,-117.8348047,38.3943473,0.824968,0.484883,456.17987,1.71891,0.9617,0.99821,0.98259,200.0,"Potential-field view is in its training-reference confident tail while the surface view abstains. Deeper-than-median modelled cover, anti-aligned gravity/cover normals and cross-scale gravity persistence are consistent with a covered basin-margin discontinuity. No fault displacement, geothermal fluid flow or vent has been verified at this pixel.",Lithologic contact; basin-fill model dependence on gravity; intrusive/dike boundary; processing or coverage effects. Surface-only features may instead be roads or erosion.,MODEL HYPOTHESIS ONLY — requires expert/field review
R2-A-00274,2588,1827,426100.0,4249700.0,-117.8462339,38.392463,0.8236267,0.5539602,246.36156,3.56525,0.85891,0.99969,0.99647,223.61,"Potential-field view is in its training-reference confident tail while the surface view abstains. Signed normal/cover support is incomplete; do not interpret this discrepancy as proof of a buried fault. No fault displacement, geothermal fluid flow or vent has been verified at this pixel.",Lithologic contact; basin-fill model dependence on gravity; intrusive/dike boundary; processing or coverage effects. Surface-only features may instead be roads or erosion.,MODEL HYPOTHESIS ONLY — requires expert/field review
R2-A-00275,2589,1832,426600.0,4249600.0,-117.8404985,38.391603,0.8348659,0.4242434,316.20016,2.33901,0.88012,0.99958,0.99385,223.61,"Potential-field view is in its training-reference confident tail while the surface view abstains. Signed normal/cover support is incomplete; do not interpret this discrepancy as proof of a buried fault. No fault displacement, geothermal fluid flow or vent has been verified at this pixel.",Lithologic contact; basin-fill model dependence on gravity; intrusive/dike boundary; processing or coverage effects. Surface-only features may instead be roads or erosion.,MODEL HYPOTHESIS ONLY — requires expert/field review
R2-A-00276,2589,1837,427100.0,4249600.0,-117.8347736,38.3916439,0.830769,0.4817479,397.45834,2.58973,0.95508,0.99662,0.97962,100.0,"Potential-field view is in its training-reference confident tail while the surface view abstains. Deeper-than-median modelled cover, anti-aligned gravity/cover normals and cross-scale gravity persistence are consistent with a covered basin-margin discontinuity. No fault displacement, geothermal fluid flow or vent has been verified at this pixel.",Lithologic contact; basin-fill model dependence on gravity; intrusive/dike boundary; processing or coverage effects. Surface-only features may instead be roads or erosion.,MODEL HYPOTHESIS ONLY — requires expert/field review
R2-A-00277,2591,1829,426300.0,4249400.0,-117.8439125,38.3897761,0.8129263,0.575158,243.37875,3.13888,0.84743,0.99956,0.99682,223.61,"Potential-field view is in its training-reference confident tail while the surface view abstains. Signed normal/cover support is incomplete; do not interpret this discrepancy as proof of a buried fault. No fault displacement, geothermal fluid flow or vent has been verified at this pixel.",Lithologic contact; basin-fill model dependence on gravity; intrusive/dike boundary; processing or coverage effects. Surface-only features may instead be roads or erosion.,MODEL HYPOTHESIS ONLY — requires expert/field review
R2-A-00278,2593,1835,426900.0,4249200.0,-117.837022,38.3880231,0.82525,0.4127455,300.27029,2.45404,0.88536,0.9995,0.98613,141.42,"Potential-field view is in its training-reference confident tail while the surface view abstains. Signed normal/cover support is incomplete; do not interpret this discrepancy as proof of a buried fault. No fault displacement, geothermal fluid flow or vent has been verified at this pixel.",Lithologic contact; basin-fill model dependence on gravity; intrusive/dike boundary; processing or coverage effects. Surface-only features may instead be roads or erosion.,MODEL HYPOTHESIS ONLY — requires expert/field review
R2-A-00279,2594,1829,426300.0,4249100.0,-117.8438811,38.3870727,0.8129263,0.6002581,214.42883,3.63242,0.81726,0.99945,0.99665,200.0,"Potential-field view is in its training-reference confident tail while the surface view abstains. Signed normal/cover support is incomplete; do not interpret this discrepancy as proof of a buried fault. No fault displacement, geothermal fluid flow or vent has been verified at this pixel.",Lithologic contact; basin-fill model dependence on gravity; intrusive/dike boundary; processing or coverage effects. Surface-only features may instead be roads or erosion.,MODEL HYPOTHESIS ONLY — requires expert/field review
R2-A-00280,2597,1832,426600.0,4248800.0,-117.8404151,38.384394,0.8243476,0.5889766,220.14792,3.43246,0.80497,0.99911,0.99166,141.42,"Potential-field view is in its training-reference confident tail while the surface view abstains. Signed normal/cover support is incomplete; do not interpret this discrepancy as proof of a buried fault. No fault displacement, geothermal fluid flow or vent has been verified at this pixel.",Lithologic contact; basin-fill model dependence on gravity; intrusive/dike boundary; processing or coverage effects. Surface-only features may instead be roads or erosion.,MODEL HYPOTHESIS ONLY — requires expert/field review
R2-A-00281,2602,1837,427100.0,4248300.0,-117.834639,38.3799292,0.8078688,0.4966167,208.90718,2.95376,0.94535,0.99996,0.97895,282.84,"Potential-field view is in its training-reference confident tail while the surface view abstains. Signed normal/cover support is incomplete; do not interpret this discrepancy as proof of a buried fault. No fault displacement, geothermal fluid flow or vent has been verified at this pixel.",Lithologic contact; basin-fill model dependence on gravity; intrusive/dike boundary; processing or coverage effects. Surface-only features may instead be roads or erosion.,MODEL HYPOTHESIS ONLY — requires expert/field review
R2-A-00282,2602,1852,428600.0,4248300.0,-117.817467,38.3800502,0.8333345,0.5174089,882.48462,3.26498,0.98033,0.997,0.97586,223.61,"Potential-field view is in its training-reference confident tail while the surface view abstains. Deeper-than-median modelled cover, anti-aligned gravity/cover normals and cross-scale gravity persistence are consistent with a covered basin-margin discontinuity. No fault displacement, geothermal fluid flow or vent has been verified at this pixel.",Lithologic contact; basin-fill model dependence on gravity; intrusive/dike boundary; processing or coverage effects. Surface-only features may instead be roads or erosion.,MODEL HYPOTHESIS ONLY — requires expert/field review
R2-A-00283,2603,1832,426600.0,4248200.0,-117.8403525,38.3789872,0.8237463,0.5697057,167.91995,4.12856,0.86605,0.9999,0.98867,141.42,"Potential-field view is in its training-reference confident tail while the surface view abstains. Signed normal/cover support is incomplete; do not interpret this discrepancy as proof of a buried fault. No fault displacement, geothermal fluid flow or vent has been verified at this pixel.",Lithologic contact; basin-fill model dependence on gravity; intrusive/dike boundary; processing or coverage effects. Surface-only features may instead be roads or erosion.,MODEL HYPOTHESIS ONLY — requires expert/field review
R2-A-00284,2603,1842,427600.0,4248200.0,-117.8289047,38.3790687,0.8084836,0.4969992,383.01007,2.98599,0.96464,0.99555,0.97864,100.0,"Potential-field view is in its training-reference confident tail while the surface view abstains. Deeper-than-median modelled cover, anti-aligned gravity/cover normals and cross-scale gravity persistence are consistent with a covered basin-margin discontinuity. No fault displacement, geothermal fluid flow or vent has been verified at this pixel.",Lithologic contact; basin-fill model dependence on gravity; intrusive/dike boundary; processing or coverage effects. Surface-only features may instead be roads or erosion.,MODEL HYPOTHESIS ONLY — requires expert/field review
R2-A-00285,2604,1847,428100.0,4248100.0,-117.8231706,38.3782079,0.8188127,0.4142957,575.21747,2.21055,0.97182,0.99157,0.98806,282.84,"Potential-field view is in its training-reference confident tail while the surface view abstains. Deeper-than-median modelled cover, anti-aligned gravity/cover normals and cross-scale gravity persistence are consistent with a covered basin-margin discontinuity. No fault displacement, geothermal fluid flow or vent has been verified at this pixel.",Lithologic contact; basin-fill model dependence on gravity; intrusive/dike boundary; processing or coverage effects. Surface-only features may instead be roads or erosion.,MODEL HYPOTHESIS ONLY — requires expert/field review
R2-A-00286,2607,1836,427000.0,4247800.0,-117.8357319,38.3754153,0.8297976,0.5403883,200.56334,3.32348,0.98558,0.99906,0.9927,300.0,"Potential-field view is in its training-reference confident tail while the surface view abstains. Signed normal/cover support is incomplete; do not interpret this discrepancy as proof of a buried fault. No fault displacement, geothermal fluid flow or vent has been verified at this pixel.",Lithologic contact; basin-fill model dependence on gravity; intrusive/dike boundary; processing or coverage effects. Surface-only features may instead be roads or erosion.,MODEL HYPOTHESIS ONLY — requires expert/field review
R2-A-00287,2610,1854,428800.0,4247500.0,-117.8150965,38.372857,0.8218699,0.5141323,1239.1571,3.38791,0.9879,0.99674,0.99752,600.0,"Potential-field view is in its training-reference confident tail while the surface view abstains. Deeper-than-median modelled cover, anti-aligned gravity/cover normals and cross-scale gravity persistence are consistent with a covered basin-margin discontinuity. No fault displacement, geothermal fluid flow or vent has been verified at this pixel.",Lithologic contact; basin-fill model dependence on gravity; intrusive/dike boundary; processing or coverage effects. Surface-only features may instead be roads or erosion.,MODEL HYPOTHESIS ONLY — requires expert/field review
R2-A-00288,2613,1856,429000.0,4247200.0,-117.8127769,38.3701695,0.8172762,0.4178258,1509.67944,1.04393,0.99081,0.99812,0.99681,854.4,"Potential-field view is in its training-reference confident tail while the surface view abstains. Deeper-than-median modelled cover, anti-aligned gravity/cover normals and cross-scale gravity persistence are consistent with a covered basin-margin discontinuity. No fault displacement, geothermal fluid flow or vent has been verified at this pixel.",Lithologic contact; basin-fill model dependence on gravity; intrusive/dike boundary; processing or coverage effects. Surface-only features may instead be roads or erosion.,MODEL HYPOTHESIS ONLY — requires expert/field review
R2-A-00289,2614,1848,428200.0,4247100.0,-117.8219238,38.3692045,0.8293477,0.501124,787.08179,3.11712,0.99337,0.99871,0.99393,200.0,"Potential-field view is in its training-reference confident tail while the surface view abstains. Deeper-than-median modelled cover, anti-aligned gravity/cover normals and cross-scale gravity persistence are consistent with a covered basin-margin discontinuity. No fault displacement, geothermal fluid flow or vent has been verified at this pixel.",Lithologic contact; basin-fill model dependence on gravity; intrusive/dike boundary; processing or coverage effects. Surface-only features may instead be roads or erosion.,MODEL HYPOTHESIS ONLY — requires expert/field review
R2-A-00290,2615,1842,427600.0,4247000.0,-117.8287813,38.368255,0.8130435,0.4346734,476.69666,2.41092,0.9998,0.99958,0.99233,300.0,"Potential-field view is in its training-reference confident tail while the surface view abstains. Deeper-than-median modelled cover, anti-aligned gravity/cover normals and cross-scale gravity persistence are consistent with a covered basin-margin discontinuity. No fault displacement, geothermal fluid flow or vent has been verified at this pixel.",Lithologic contact; basin-fill model dependence on gravity; intrusive/dike boundary; processing or coverage effects. Surface-only features may instead be roads or erosion.,MODEL HYPOTHESIS ONLY — requires expert/field review
R2-A-00291,2615,1852,428600.0,4247000.0,-117.8173352,38.3683354,0.8218237,0.5601971,1191.0979,3.12795,0.99179,0.99853,0.99412,600.0,"Potential-field view is in its training-reference confident tail while the surface view abstains. Deeper-than-median modelled cover, anti-aligned gravity/cover normals and cross-scale gravity persistence are consistent with a covered basin-margin discontinuity. No fault displacement, geothermal fluid flow or vent has been verified at this pixel.",Lithologic contact; basin-fill model dependence on gravity; intrusive/dike boundary; processing or coverage effects. Surface-only features may instead be roads or erosion.,MODEL HYPOTHESIS ONLY — requires expert/field review
R2-A-00292,2618,1838,427200.0,4246700.0,-117.8333288,38.3655191,0.8131465,0.4143006,304.32236,2.50107,0.99774,0.99995,0.99354,583.1,"Potential-field view is in its training-reference confident tail while the surface view abstains. Signed normal/cover support is incomplete; do not interpret this discrepancy as proof of a buried fault. No fault displacement, geothermal fluid flow or vent has been verified at this pixel.",Lithologic contact; basin-fill model dependence on gravity; intrusive/dike boundary; processing or coverage effects. Surface-only features may instead be roads or erosion.,MODEL HYPOTHESIS ONLY — requires expert/field review
R2-A-00293,2618,1841,427500.0,4246700.0,-117.8298951,38.3655435,0.8130435,0.5329971,460.74255,2.97679,0.99982,0.9998,0.99201,360.56,"Potential-field view is in its training-reference confident tail while the surface view abstains. Deeper-than-median modelled cover, anti-aligned gravity/cover normals and cross-scale gravity persistence are consistent with a covered basin-margin discontinuity. No fault displacement, geothermal fluid flow or vent has been verified at this pixel.",Lithologic contact; basin-fill model dependence on gravity; intrusive/dike boundary; processing or coverage effects. Surface-only features may instead be roads or erosion.,MODEL HYPOTHESIS ONLY — requires expert/field review
R2-A-00294,2619,1834,426800.0,4246600.0,-117.8378967,38.3645854,0.8259221,0.4843301,217.23677,3.44584,0.98729,0.99999,0.9952,447.21,"Potential-field view is in its training-reference confident tail while the surface view abstains. Signed normal/cover support is incomplete; do not interpret this discrepancy as proof of a buried fault. No fault displacement, geothermal fluid flow or vent has been verified at this pixel.",Lithologic contact; basin-fill model dependence on gravity; intrusive/dike boundary; processing or coverage effects. Surface-only features may instead be roads or erosion.,MODEL HYPOTHESIS ONLY — requires expert/field review
R2-A-00295,2619,1844,427800.0,4246600.0,-117.8264511,38.3646666,0.8200174,0.5310996,631.02325,1.698,0.99992,0.99959,0.99087,223.61,"Potential-field view is in its training-reference confident tail while the surface view abstains. Deeper-than-median modelled cover, anti-aligned gravity/cover normals and cross-scale gravity persistence are consistent with a covered basin-margin discontinuity. No fault displacement, geothermal fluid flow or vent has been verified at this pixel.",Lithologic contact; basin-fill model dependence on gravity; intrusive/dike boundary; processing or coverage effects. Surface-only features may instead be roads or erosion.,MODEL HYPOTHESIS ONLY — requires expert/field review
R2-A-00296,2621,1832,426600.0,4246400.0,-117.840165,38.3627667,0.8153276,0.5530573,192.46278,4.63324,0.98264,0.99999,0.99553,424.26,"Potential-field view is in its training-reference confident tail while the surface view abstains. Signed normal/cover support is incomplete; do not interpret this discrepancy as proof of a buried fault. No fault displacement, geothermal fluid flow or vent has been verified at this pixel.",Lithologic contact; basin-fill model dependence on gravity; intrusive/dike boundary; processing or coverage effects. Surface-only features may instead be roads or erosion.,MODEL HYPOTHESIS ONLY — requires expert/field review
R2-A-00297,2621,1854,428800.0,4246400.0,-117.8149853,38.3629444,0.8161577,0.4086123,1562.55127,0.93443,0.99679,0.99967,0.98813,500.0,"Potential-field view is in its training-reference confident tail while the surface view abstains. Deeper-than-median modelled cover, anti-aligned gravity/cover normals and cross-scale gravity persistence are consistent with a covered basin-margin discontinuity. No fault displacement, geothermal fluid flow or vent has been verified at this pixel.",Lithologic contact; basin-fill model dependence on gravity; intrusive/dike boundary; processing or coverage effects. Surface-only features may instead be roads or erosion.,MODEL HYPOTHESIS ONLY — requires expert/field review
R2-A-00298,2622,1840,427400.0,4246300.0,-117.8309984,38.3619308,0.8237283,0.4657513,448.15863,3.06672,0.99816,0.99996,0.99276,300.0,"Potential-field view is in its training-reference confident tail while the surface view abstains. Deeper-than-median modelled cover, anti-aligned gravity/cover normals and cross-scale gravity persistence are consistent with a covered basin-margin discontinuity. No fault displacement, geothermal fluid flow or vent has been verified at this pixel.",Lithologic contact; basin-fill model dependence on gravity; intrusive/dike boundary; processing or coverage effects. Surface-only features may instead be roads or erosion.,MODEL HYPOTHESIS ONLY — requires expert/field review
R2-A-00299,2623,1846,428000.0,4246200.0,-117.8241211,38.3610782,0.8209159,0.4678638,790.61414,5.73161,0.99999,1.0,0.99139,223.61,"Potential-field view is in its training-reference confident tail while the surface view abstains. Deeper-than-median modelled cover, anti-aligned gravity/cover normals and cross-scale gravity persistence are consistent with a covered basin-margin discontinuity. No fault displacement, geothermal fluid flow or vent has been verified at this pixel.",Lithologic contact; basin-fill model dependence on gravity; intrusive/dike boundary; processing or coverage effects. Surface-only features may instead be roads or erosion.,MODEL HYPOTHESIS ONLY — requires expert/field review
R2-A-00300,2625,1853,428700.0,4246000.0,-117.8160894,38.3593319,0.8124348,0.555896,1527.25281,1.71408,0.99948,0.99997,0.99131,223.61,"Potential-field view is in its training-reference confident tail while the surface view abstains. Deeper-than-median modelled cover, anti-aligned gravity/cover normals and cross-scale gravity persistence are consistent with a covered basin-margin discontinuity. No fault displacement, geothermal fluid flow or vent has been verified at this pixel.",Lithologic contact; basin-fill model dependence on gravity; intrusive/dike boundary; processing or coverage effects. Surface-only features may instead be roads or erosion.,MODEL HYPOTHESIS ONLY — requires expert/field review
R2-A-00301,2628,1833,426700.0,4245700.0,-117.8389476,38.3564669,0.8118464,0.5546089,240.17567,4.06059,0.98008,0.99987,0.99713,1077.03,"Potential-field view is in its training-reference confident tail while the surface view abstains. Signed normal/cover support is incomplete; do not interpret this discrepancy as proof of a buried fault. No fault displacement, geothermal fluid flow or vent has been verified at this pixel.",Lithologic contact; basin-fill model dependence on gravity; intrusive/dike boundary; processing or coverage effects. Surface-only features may instead be roads or erosion.,MODEL HYPOTHESIS ONLY — requires expert/field review
R2-A-00302,2630,1835,426900.0,4245500.0,-117.836638,38.354681,0.8187863,0.4715624,290.12323,2.29452,0.98587,0.9998,0.99712,1063.01,"Potential-field view is in its training-reference confident tail while the surface view abstains. Signed normal/cover support is incomplete; do not interpret this discrepancy as proof of a buried fault. No fault displacement, geothermal fluid flow or vent has been verified at this pixel.",Lithologic contact; basin-fill model dependence on gravity; intrusive/dike boundary; processing or coverage effects. Surface-only features may instead be roads or erosion.,MODEL HYPOTHESIS ONLY — requires expert/field review
R2-A-00303,2640,1833,426700.0,4244500.0,-117.8388229,38.3456533,0.8246008,0.5884899,273.38388,3.39973,0.98409,0.99888,0.99911,1513.27,"Potential-field view is in its training-reference confident tail while the surface view abstains. Signed normal/cover support is incomplete; do not interpret this discrepancy as proof of a buried fault. No fault displacement, geothermal fluid flow or vent has been verified at this pixel.",Lithologic contact; basin-fill model dependence on gravity; intrusive/dike boundary; processing or coverage effects. Surface-only features may instead be roads or erosion.,MODEL HYPOTHESIS ONLY — requires expert/field review
R2-A-00304,2644,1836,427000.0,4244100.0,-117.8353487,38.3420732,0.8295798,0.5279891,347.34851,2.5823,0.99252,0.99859,0.99798,1341.64,"Potential-field view is in its training-reference confident tail while the surface view abstains. Deeper-than-median modelled cover, anti-aligned gravity/cover normals and cross-scale gravity persistence are consistent with a covered basin-margin discontinuity. No fault displacement, geothermal fluid flow or vent has been verified at this pixel.",Lithologic contact; basin-fill model dependence on gravity; intrusive/dike boundary; processing or coverage effects. Surface-only features may instead be roads or erosion.,MODEL HYPOTHESIS ONLY — requires expert/field review
R2-A-00305,2647,1834,426800.0,4243800.0,-117.837606,38.3393535,0.8319572,0.5618334,308.49683,3.41718,0.99469,0.99793,0.99175,1655.29,"Potential-field view is in its training-reference confident tail while the surface view abstains. Signed normal/cover support is incomplete; do not interpret this discrepancy as proof of a buried fault. No fault displacement, geothermal fluid flow or vent has been verified at this pixel.",Lithologic contact; basin-fill model dependence on gravity; intrusive/dike boundary; processing or coverage effects. Surface-only features may instead be roads or erosion.,MODEL HYPOTHESIS ONLY — requires expert/field review
R2-A-00306,2650,1836,427000.0,4243500.0,-117.8352866,38.3366664,0.8169962,0.5174941,360.46515,2.61175,0.99995,0.99986,0.98698,1640.12,"Potential-field view is in its training-reference confident tail while the surface view abstains. Deeper-than-median modelled cover, anti-aligned gravity/cover normals and cross-scale gravity persistence are consistent with a covered basin-margin discontinuity. No fault displacement, geothermal fluid flow or vent has been verified at this pixel.",Lithologic contact; basin-fill model dependence on gravity; intrusive/dike boundary; processing or coverage effects. Surface-only features may instead be roads or erosion.,MODEL HYPOTHESIS ONLY — requires expert/field review
R2-A-00307,2652,1835,426900.0,4243300.0,-117.83641,38.3348559,0.8138106,0.5422605,339.44522,3.09254,0.99402,0.99936,0.98441,1843.91,"Potential-field view is in its training-reference confident tail while the surface view abstains. Deeper-than-median modelled cover, anti-aligned gravity/cover normals and cross-scale gravity persistence are consistent with a covered basin-margin discontinuity. No fault displacement, geothermal fluid flow or vent has been verified at this pixel.",Lithologic contact; basin-fill model dependence on gravity; intrusive/dike boundary; processing or coverage effects. Surface-only features may instead be roads or erosion.,MODEL HYPOTHESIS ONLY — requires expert/field review
R2-A-00308,2653,1832,426600.0,4243200.0,-117.8398319,38.3339303,0.8161254,0.558755,269.18527,3.4438,0.98605,0.99814,0.98087,1711.72,"Potential-field view is in its training-reference confident tail while the surface view abstains. Signed normal/cover support is incomplete; do not interpret this discrepancy as proof of a buried fault. No fault displacement, geothermal fluid flow or vent has been verified at this pixel.",Lithologic contact; basin-fill model dependence on gravity; intrusive/dike boundary; processing or coverage effects. Surface-only features may instead be roads or erosion.,MODEL HYPOTHESIS ONLY — requires expert/field review
R2-A-00309,2654,1838,427200.0,4243100.0,-117.8329571,38.3330781,0.8187178,0.4466203,432.952,2.4213,0.98377,0.99746,0.99118,1769.18,"Potential-field view is in its training-reference confident tail while the surface view abstains. Deeper-than-median modelled cover, anti-aligned gravity/cover normals and cross-scale gravity persistence are consistent with a covered basin-margin discontinuity. No fault displacement, geothermal fluid flow or vent has been verified at this pixel.",Lithologic contact; basin-fill model dependence on gravity; intrusive/dike boundary; processing or coverage effects. Surface-only features may instead be roads or erosion.,MODEL HYPOTHESIS ONLY — requires expert/field review
R2-A-00310,2655,1834,426800.0,4243000.0,-117.837523,38.3321443,0.8174956,0.5880243,314.67676,4.1281,0.97268,0.99549,0.98921,1900.0,"Potential-field view is in its training-reference confident tail while the surface view abstains. Signed normal/cover support is incomplete; do not interpret this discrepancy as proof of a buried fault. No fault displacement, geothermal fluid flow or vent has been verified at this pixel.",Lithologic contact; basin-fill model dependence on gravity; intrusive/dike boundary; processing or coverage effects. Surface-only features may instead be roads or erosion.,MODEL HYPOTHESIS ONLY — requires expert/field review
R2-A-00311,2657,1835,426900.0,4242800.0,-117.8363582,38.3303502,0.8416691,0.5012152,336.39197,2.97604,0.96644,0.99517,0.99373,2000.0,"Potential-field view is in its training-reference confident tail while the surface view abstains. Deeper-than-median modelled cover, anti-aligned gravity/cover normals and cross-scale gravity persistence are consistent with a covered basin-margin discontinuity. No fault displacement, geothermal fluid flow or vent has been verified at this pixel.",Lithologic contact; basin-fill model dependence on gravity; intrusive/dike boundary; processing or coverage effects. Surface-only features may instead be roads or erosion.,MODEL HYPOTHESIS ONLY — requires expert/field review
R2-A-00312,2660,1831,426500.0,4242500.0,-117.840903,38.3276141,0.824962,0.5249438,245.61403,3.05613,0.96094,0.99746,0.99416,1603.12,"Potential-field view is in its training-reference confident tail while the surface view abstains. Signed normal/cover support is incomplete; do not interpret this discrepancy as proof of a buried fault. No fault displacement, geothermal fluid flow or vent has been verified at this pixel.",Lithologic contact; basin-fill model dependence on gravity; intrusive/dike boundary; processing or coverage effects. Surface-only features may instead be roads or erosion.,MODEL HYPOTHESIS ONLY — requires expert/field review
R2-A-00313,2660,1834,426800.0,4242500.0,-117.8374711,38.3276386,0.8245201,0.5320383,312.32303,3.47436,0.96493,0.99719,0.99463,1902.63,"Potential-field view is in its training-reference confident tail while the surface view abstains. Signed normal/cover support is incomplete; do not interpret this discrepancy as proof of a buried fault. No fault displacement, geothermal fluid flow or vent has been verified at this pixel.",Lithologic contact; basin-fill model dependence on gravity; intrusive/dike boundary; processing or coverage effects. Surface-only features may instead be roads or erosion.,MODEL HYPOTHESIS ONLY — requires expert/field review
R2-A-00314,2660,1837,427100.0,4242500.0,-117.8340392,38.3276631,0.8162135,0.4591772,379.03311,2.40867,0.972,0.99767,0.99426,2193.17,"Potential-field view is in its training-reference confident tail while the surface view abstains. Deeper-than-median modelled cover, anti-aligned gravity/cover normals and cross-scale gravity persistence are consistent with a covered basin-margin discontinuity. No fault displacement, geothermal fluid flow or vent has been verified at this pixel.",Lithologic contact; basin-fill model dependence on gravity; intrusive/dike boundary; processing or coverage effects. Surface-only features may instead be roads or erosion.,MODEL HYPOTHESIS ONLY — requires expert/field review
R2-A-00315,2661,1828,426200.0,4242400.0,-117.8443245,38.3266883,0.8261375,0.5411846,179.27524,2.92032,0.95917,0.99783,0.99156,1315.29,"Potential-field view is in its training-reference confident tail while the surface view abstains. Signed normal/cover support is incomplete; do not interpret this discrepancy as proof of a buried fault. No fault displacement, geothermal fluid flow or vent has been verified at this pixel.",Lithologic contact; basin-fill model dependence on gravity; intrusive/dike boundary; processing or coverage effects. Surface-only features may instead be roads or erosion.,MODEL HYPOTHESIS ONLY — requires expert/field review
R2-A-00316,2968,1333,376700.0,4211700.0,-118.4051888,38.0446415,0.87695,0.5250963,321.32935,3.18509,0.9467,0.99996,0.98599,141.42,"Potential-field view is in its training-reference confident tail while the surface view abstains. Deeper-than-median modelled cover, anti-aligned gravity/cover normals and cross-scale gravity persistence are consistent with a covered basin-margin discontinuity. No fault displacement, geothermal fluid flow or vent has been verified at this pixel.",Lithologic contact; basin-fill model dependence on gravity; intrusive/dike boundary; processing or coverage effects. Surface-only features may instead be roads or erosion.,MODEL HYPOTHESIS ONLY — requires expert/field review
R2-A-00317,2968,1344,377800.0,4211700.0,-118.3926561,38.0447906,0.8860486,0.4578407,278.80426,3.48243,0.88848,1.0,0.97077,200.0,"Potential-field view is in its training-reference confident tail while the surface view abstains. Signed normal/cover support is incomplete; do not interpret this discrepancy as proof of a buried fault. No fault displacement, geothermal fluid flow or vent has been verified at this pixel.",Lithologic contact; basin-fill model dependence on gravity; intrusive/dike boundary; processing or coverage effects. Surface-only features may instead be roads or erosion.,MODEL HYPOTHESIS ONLY — requires expert/field review
R2-A-00318,2969,1208,364200.0,4211600.0,-118.5475804,38.0419517,0.8258983,0.5985113,765.89319,14.22996,0.89368,0.99998,0.82623,200.0,"Potential-field view is in its training-reference confident tail while the surface view abstains. Deeper-than-median modelled cover, anti-aligned gravity/cover normals and cross-scale gravity persistence are consistent with a covered basin-margin discontinuity. No fault displacement, geothermal fluid flow or vent has been verified at this pixel.",Lithologic contact; basin-fill model dependence on gravity; intrusive/dike boundary; processing or coverage effects. Surface-only features may instead be roads or erosion.,MODEL HYPOTHESIS ONLY — requires expert/field review
R2-A-00319,2969,1216,365000.0,4211600.0,-118.5384666,38.0420713,0.8196892,0.427495,778.16809,21.48658,0.9221,0.99192,0.72943,282.84,"Potential-field view is in its training-reference confident tail while the surface view abstains. Deeper-than-median modelled cover, anti-aligned gravity/cover normals and cross-scale gravity persistence are consistent with a covered basin-margin discontinuity. No fault displacement, geothermal fluid flow or vent has been verified at this pixel.",Lithologic contact; basin-fill model dependence on gravity; intrusive/dike boundary; processing or coverage effects. Surface-only features may instead be roads or erosion.,MODEL HYPOTHESIS ONLY — requires expert/field review
R2-A-00320,2969,1247,368100.0,4211600.0,-118.5031502,38.0425283,0.8543902,0.5595817,666.02185,4.34379,0.85966,0.99983,0.98129,1000.0,"Potential-field view is in its training-reference confident tail while the surface view abstains. Deeper-than-median modelled cover, anti-aligned gravity/cover normals and cross-scale gravity persistence are consistent with a covered basin-margin discontinuity. No fault displacement, geothermal fluid flow or vent has been verified at this pixel.",Lithologic contact; basin-fill model dependence on gravity; intrusive/dike boundary; processing or coverage effects. Surface-only features may instead be roads or erosion.,MODEL HYPOTHESIS ONLY — requires expert/field review
R2-A-00321,2969,1250,368400.0,4211600.0,-118.4997325,38.0425719,0.8683943,0.5729959,652.00513,6.04284,0.87656,0.99996,0.96655,806.23,"Potential-field view is in its training-reference confident tail while the surface view abstains. Deeper-than-median modelled cover, anti-aligned gravity/cover normals and cross-scale gravity persistence are consistent with a covered basin-margin discontinuity. No fault displacement, geothermal fluid flow or vent has been verified at this pixel.",Lithologic contact; basin-fill model dependence on gravity; intrusive/dike boundary; processing or coverage effects. Surface-only features may instead be roads or erosion.,MODEL HYPOTHESIS ONLY — requires expert/field review
R2-A-00322,2969,1265,369900.0,4211600.0,-118.4826436,38.0427887,0.8644882,0.4377469,602.97632,2.43528,0.82465,0.99443,0.97815,282.84,"Potential-field view is in its training-reference confident tail while the surface view abstains. Deeper-than-median modelled cover, anti-aligned gravity/cover normals and cross-scale gravity persistence are consistent with a covered basin-margin discontinuity. No fault displacement, geothermal fluid flow or vent has been verified at this pixel.",Lithologic contact; basin-fill model dependence on gravity; intrusive/dike boundary; processing or coverage effects. Surface-only features may instead be roads or erosion.,MODEL HYPOTHESIS ONLY — requires expert/field review
R2-A-00323,2969,1275,370900.0,4211600.0,-118.4712509,38.0429319,0.8704144,0.5394906,584.53918,8.52479,0.86307,0.99891,0.99097,400.0,"Potential-field view is in its training-reference confident tail while the surface view abstains. Deeper-than-median modelled cover, anti-aligned gravity/cover normals and cross-scale gravity persistence are consistent with a covered basin-margin discontinuity. No fault displacement, geothermal fluid flow or vent has been verified at this pixel.",Lithologic contact; basin-fill model dependence on gravity; intrusive/dike boundary; processing or coverage effects. Surface-only features may instead be roads or erosion.,MODEL HYPOTHESIS ONLY — requires expert/field review
R2-A-00324,2969,1281,371500.0,4211600.0,-118.4644152,38.0430173,0.8552622,0.5016847,566.53839,6.45965,0.88383,0.99942,0.99477,141.42,"Potential-field view is in its training-reference confident tail while the surface view abstains. Deeper-than-median modelled cover, anti-aligned gravity/cover normals and cross-scale gravity persistence are consistent with a covered basin-margin discontinuity. No fault displacement, geothermal fluid flow or vent has been verified at this pixel.",Lithologic contact; basin-fill model dependence on gravity; intrusive/dike boundary; processing or coverage effects. Surface-only features may instead be roads or erosion.,MODEL HYPOTHESIS ONLY — requires expert/field review
R2-A-00325,2969,1295,372900.0,4211600.0,-118.4484652,38.0432149,0.844718,0.5982684,505.15482,3.76116,0.9434,0.99992,0.9991,200.0,"Potential-field view is in its training-reference confident tail while the surface view abstains. Deeper-than-median modelled cover, anti-aligned gravity/cover normals and cross-scale gravity persistence are consistent with a covered basin-margin discontinuity. No fault displacement, geothermal fluid flow or vent has been verified at this pixel.",Lithologic contact; basin-fill model dependence on gravity; intrusive/dike boundary; processing or coverage effects. Surface-only features may instead be roads or erosion.,MODEL HYPOTHESIS ONLY — requires expert/field review
R2-A-00326,2969,1327,376100.0,4211600.0,-118.4120075,38.0436585,0.8685501,0.514715,350.99826,1.03673,0.96508,0.99957,0.99402,400.0,"Potential-field view is in its training-reference confident tail while the surface view abstains. Deeper-than-median modelled cover, anti-aligned gravity/cover normals and cross-scale gravity persistence are consistent with a covered basin-margin discontinuity. No fault displacement, geothermal fluid flow or vent has been verified at this pixel.",Lithologic contact; basin-fill model dependence on gravity; intrusive/dike boundary; processing or coverage effects. Surface-only features may instead be roads or erosion.,MODEL HYPOTHESIS ONLY — requires expert/field review
R2-A-00327,2969,1330,376400.0,4211600.0,-118.4085895,38.0436995,0.8712538,0.5439947,339.8353,7.49424,0.9594,0.99948,0.99009,282.84,"Potential-field view is in its training-reference confident tail while the surface view abstains. Deeper-than-median modelled cover, anti-aligned gravity/cover normals and cross-scale gravity persistence are consistent with a covered basin-margin discontinuity. No fault displacement, geothermal fluid flow or vent has been verified at this pixel.",Lithologic contact; basin-fill model dependence on gravity; intrusive/dike boundary; processing or coverage effects. Surface-only features may instead be roads or erosion.,MODEL HYPOTHESIS ONLY — requires expert/field review
R2-A-00328,2969,1336,377000.0,4211600.0,-118.4017536,38.0437813,0.881049,0.5922206,316.62918,5.75816,0.93567,0.99993,0.98431,141.42,"Potential-field view is in its training-reference confident tail while the surface view abstains. Signed normal/cover support is incomplete; do not interpret this discrepancy as proof of a buried fault. No fault displacement, geothermal fluid flow or vent has been verified at this pixel.",Lithologic contact; basin-fill model dependence on gravity; intrusive/dike boundary; processing or coverage effects. Surface-only features may instead be roads or erosion.,MODEL HYPOTHESIS ONLY — requires expert/field review
R2-A-00329,2969,1340,377400.0,4211600.0,-118.3971963,38.0438355,0.881049,0.5134063,300.75238,4.3225,0.92007,0.99973,0.9788,200.0,"Potential-field view is in its training-reference confident tail while the surface view abstains. Signed normal/cover support is incomplete; do not interpret this discrepancy as proof of a buried fault. No fault displacement, geothermal fluid flow or vent has been verified at this pixel.",Lithologic contact; basin-fill model dependence on gravity; intrusive/dike boundary; processing or coverage effects. Surface-only features may instead be roads or erosion.,MODEL HYPOTHESIS ONLY — requires expert/field review
R2-A-00330,2969,1347,378100.0,4211600.0,-118.389221,38.04393,0.8860486,0.4409008,274.59973,0.45767,0.88575,0.9999,0.97183,200.0,"Potential-field view is in its training-reference confident tail while the surface view abstains. Signed normal/cover support is incomplete; do not interpret this discrepancy as proof of a buried fault. No fault displacement, geothermal fluid flow or vent has been verified at this pixel.",Lithologic contact; basin-fill model dependence on gravity; intrusive/dike boundary; processing or coverage effects. Surface-only features may instead be roads or erosion.,MODEL HYPOTHESIS ONLY — requires expert/field review
R2-A-00331,2970,1199,363300.0,4211500.0,-118.5578143,38.0409153,0.8393349,0.4383845,731.32178,11.74476,0.8612,0.99965,0.96589,100.0,"Potential-field view is in its training-reference confident tail while the surface view abstains. Deeper-than-median modelled cover, anti-aligned gravity/cover normals and cross-scale gravity persistence are consistent with a covered basin-margin discontinuity. No fault displacement, geothermal fluid flow or vent has been verified at this pixel.",Lithologic contact; basin-fill model dependence on gravity; intrusive/dike boundary; processing or coverage effects. Surface-only features may instead be roads or erosion.,MODEL HYPOTHESIS ONLY — requires expert/field review
R2-A-00332,2970,1214,364800.0,4211500.0,-118.5407262,38.0411405,0.8488793,0.5984713,783.36127,18.34058,0.96889,0.97145,0.5166,200.0,"Potential-field view is in its training-reference confident tail while the surface view abstains. Deeper-than-median modelled cover, anti-aligned gravity/cover normals and cross-scale gravity persistence are consistent with a covered basin-margin discontinuity. No fault displacement, geothermal fluid flow or vent has been verified at this pixel.",Lithologic contact; basin-fill model dependence on gravity; intrusive/dike boundary; processing or coverage effects. Surface-only features may instead be roads or erosion.,MODEL HYPOTHESIS ONLY — requires expert/field review
R2-A-00333,2970,1232,366600.0,4211500.0,-118.5202203,38.0414075,0.8302227,0.5516604,744.41711,6.17392,0.8555,0.99997,0.99404,100.0,"Potential-field view is in its training-reference confident tail while the surface view abstains. Deeper-than-median modelled cover, anti-aligned gravity/cover normals and cross-scale gravity persistence are consistent with a covered basin-margin discontinuity. No fault displacement, geothermal fluid flow or vent has been verified at this pixel.",Lithologic contact; basin-fill model dependence on gravity; intrusive/dike boundary; processing or coverage effects. Surface-only features may instead be roads or erosion.,MODEL HYPOTHESIS ONLY — requires expert/field review
R2-A-00334,2970,1244,367800.0,4211500.0,-118.5065495,38.0415835,0.8478054,0.5852235,686.13849,10.48108,0.86649,1.0,0.99142,860.23,"Potential-field view is in its training-reference confident tail while the surface view abstains. Deeper-than-median modelled cover, anti-aligned gravity/cover normals and cross-scale gravity persistence are consistent with a covered basin-margin discontinuity. No fault displacement, geothermal fluid flow or vent has been verified at this pixel.",Lithologic contact; basin-fill model dependence on gravity; intrusive/dike boundary; processing or coverage effects. Surface-only features may instead be roads or erosion.,MODEL HYPOTHESIS ONLY — requires expert/field review
R2-A-00335,2970,1252,368600.0,4211500.0,-118.4974356,38.0417,0.8557479,0.5797414,649.10315,10.23476,0.91482,0.99609,0.96025,670.82,"Potential-field view is in its training-reference confident tail while the surface view abstains. Deeper-than-median modelled cover, anti-aligned gravity/cover normals and cross-scale gravity persistence are consistent with a covered basin-margin discontinuity. No fault displacement, geothermal fluid flow or vent has been verified at this pixel.",Lithologic contact; basin-fill model dependence on gravity; intrusive/dike boundary; processing or coverage effects. Surface-only features may instead be roads or erosion.,MODEL HYPOTHESIS ONLY — requires expert/field review
R2-A-00336,2970,1254,368800.0,4211500.0,-118.4951571,38.041729,0.8618658,0.5274924,641.89929,4.13608,0.93423,0.98978,0.95625,500.0,"Potential-field view is in its training-reference confident tail while the surface view abstains. Deeper-than-median modelled cover, anti-aligned gravity/cover normals and cross-scale gravity persistence are consistent with a covered basin-margin discontinuity. No fault displacement, geothermal fluid flow or vent has been verified at this pixel.",Lithologic contact; basin-fill model dependence on gravity; intrusive/dike boundary; processing or coverage effects. Surface-only features may instead be roads or erosion.,MODEL HYPOTHESIS ONLY — requires expert/field review
R2-A-00337,2970,1257,369100.0,4211500.0,-118.4917394,38.0417724,0.85495,0.4823686,631.09296,1.86782,0.94517,0.98477,0.96365,223.61,"Potential-field view is in its training-reference confident tail while the surface view abstains. Deeper-than-median modelled cover, anti-aligned gravity/cover normals and cross-scale gravity persistence are consistent with a covered basin-margin discontinuity. No fault displacement, geothermal fluid flow or vent has been verified at this pixel.",Lithologic contact; basin-fill model dependence on gravity; intrusive/dike boundary; processing or coverage effects. Surface-only features may instead be roads or erosion.,MODEL HYPOTHESIS ONLY — requires expert/field review
R2-A-00338,2970,1262,369600.0,4211500.0,-118.4860431,38.0418446,0.8523581,0.5083075,613.58813,3.81464,0.89077,0.99061,0.97918,200.0,"Potential-field view is in its training-reference confident tail while the surface view abstains. Deeper-than-median modelled cover, anti-aligned gravity/cover normals and cross-scale gravity persistence are consistent with a covered basin-margin discontinuity. No fault displacement, geothermal fluid flow or vent has been verified at this pixel.",Lithologic contact; basin-fill model dependence on gravity; intrusive/dike boundary; processing or coverage effects. Surface-only features may instead be roads or erosion.,MODEL HYPOTHESIS ONLY — requires expert/field review
R2-A-00339,2970,1267,370100.0,4211500.0,-118.4803469,38.0419165,0.8728111,0.5678704,607.39941,1.77047,0.8174,0.99403,0.98628,200.0,"Potential-field view is in its training-reference confident tail while the surface view abstains. Deeper-than-median modelled cover, anti-aligned gravity/cover normals and cross-scale gravity persistence are consistent with a covered basin-margin discontinuity. No fault displacement, geothermal fluid flow or vent has been verified at this pixel.",Lithologic contact; basin-fill model dependence on gravity; intrusive/dike boundary; processing or coverage effects. Surface-only features may instead be roads or erosion.,MODEL HYPOTHESIS ONLY — requires expert/field review
R2-A-00340,2970,1272,370600.0,4211500.0,-118.4746506,38.0419881,0.8683595,0.5101063,601.00134,2.91609,0.84399,0.99743,0.99043,223.61,"Potential-field view is in its training-reference confident tail while the surface view abstains. Deeper-than-median modelled cover, anti-aligned gravity/cover normals and cross-scale gravity persistence are consistent with a covered basin-margin discontinuity. No fault displacement, geothermal fluid flow or vent has been verified at this pixel.",Lithologic contact; basin-fill model dependence on gravity; intrusive/dike boundary; processing or coverage effects. Surface-only features may instead be roads or erosion.,MODEL HYPOTHESIS ONLY — requires expert/field review
R2-A-00341,2970,1278,371200.0,4211500.0,-118.467815,38.0420736,0.8696852,0.4787816,583.10577,5.03749,0.8733,0.99899,0.99437,141.42,"Potential-field view is in its training-reference confident tail while the surface view abstains. Deeper-than-median modelled cover, anti-aligned gravity/cover normals and cross-scale gravity persistence are consistent with a covered basin-margin discontinuity. No fault displacement, geothermal fluid flow or vent has been verified at this pixel.",Lithologic contact; basin-fill model dependence on gravity; intrusive/dike boundary; processing or coverage effects. Surface-only features may instead be roads or erosion.,MODEL HYPOTHESIS ONLY — requires expert/field review
R2-A-00342,2970,1283,371700.0,4211500.0,-118.4621187,38.0421446,0.8552622,0.5692653,566.87103,10.75383,0.89432,0.99949,0.99633,300.0,"Potential-field view is in its training-reference confident tail while the surface view abstains. Deeper-than-median modelled cover, anti-aligned gravity/cover normals and cross-scale gravity persistence are consistent with a covered basin-margin discontinuity. No fault displacement, geothermal fluid flow or vent has been verified at this pixel.",Lithologic contact; basin-fill model dependence on gravity; intrusive/dike boundary; processing or coverage effects. Surface-only features may instead be roads or erosion.,MODEL HYPOTHESIS ONLY — requires expert/field review
R2-A-00343,2970,1299,373300.0,4211500.0,-118.4438903,38.04237,0.8509223,0.541737,490.47824,5.49387,0.94729,1.0,0.9995,500.0,"Potential-field view is in its training-reference confident tail while the surface view abstains. Deeper-than-median modelled cover, anti-aligned gravity/cover normals and cross-scale gravity persistence are consistent with a covered basin-margin discontinuity. No fault displacement, geothermal fluid flow or vent has been verified at this pixel.",Lithologic contact; basin-fill model dependence on gravity; intrusive/dike boundary; processing or coverage effects. Surface-only features may instead be roads or erosion.,MODEL HYPOTHESIS ONLY — requires expert/field review
R2-A-00344,2970,1306,374000.0,4211500.0,-118.4359153,38.0424677,0.8600428,0.5644958,452.72302,3.898,0.96053,0.99997,0.99813,781.02,"Potential-field view is in its training-reference confident tail while the surface view abstains. Deeper-than-median modelled cover, anti-aligned gravity/cover normals and cross-scale gravity persistence are consistent with a covered basin-margin discontinuity. No fault displacement, geothermal fluid flow or vent has been verified at this pixel.",Lithologic contact; basin-fill model dependence on gravity; intrusive/dike boundary; processing or coverage effects. Surface-only features may instead be roads or erosion.,MODEL HYPOTHESIS ONLY — requires expert/field review
R2-A-00345,2970,1311,374500.0,4211500.0,-118.4302189,38.0425371,0.87183,0.5791667,425.9035,5.05844,0.96708,0.99992,0.99381,600.0,"Potential-field view is in its training-reference confident tail while the surface view abstains. Deeper-than-median modelled cover, anti-aligned gravity/cover normals and cross-scale gravity persistence are consistent with a covered basin-margin discontinuity. No fault displacement, geothermal fluid flow or vent has been verified at this pixel.",Lithologic contact; basin-fill model dependence on gravity; intrusive/dike boundary; processing or coverage effects. Surface-only features may instead be roads or erosion.,MODEL HYPOTHESIS ONLY — requires expert/field review
R2-A-00346,2970,1338,377200.0,4211500.0,-118.3994578,38.0429074,0.88368,0.4958124,315.70099,6.74136,0.93129,0.99967,0.98396,316.23,"Potential-field view is in its training-reference confident tail while the surface view abstains. Signed normal/cover support is incomplete; do not interpret this discrepancy as proof of a buried fault. No fault displacement, geothermal fluid flow or vent has been verified at this pixel.",Lithologic contact; basin-fill model dependence on gravity; intrusive/dike boundary; processing or coverage effects. Surface-only features may instead be roads or erosion.,MODEL HYPOTHESIS ONLY — requires expert/field review
R2-A-00347,2970,1368,380200.0,4211500.0,-118.3652782,38.0433094,0.8392062,0.4338668,217.69679,1.27908,0.88541,0.99797,0.9431,1565.25,"Potential-field view is in its training-reference confident tail while the surface view abstains. Signed normal/cover support is incomplete; do not interpret this discrepancy as proof of a buried fault. No fault displacement, geothermal fluid flow or vent has been verified at this pixel.",Lithologic contact; basin-fill model dependence on gravity; intrusive/dike boundary; processing or coverage effects. Surface-only features may instead be roads or erosion.,MODEL HYPOTHESIS ONLY — requires expert/field review
R2-A-00348,2970,1373,380700.0,4211500.0,-118.3595815,38.0433754,0.8261935,0.4698238,206.8394,3.40773,0.89274,0.968,0.849,1523.15,"Potential-field view is in its training-reference confident tail while the surface view abstains. Signed normal/cover support is incomplete; do not interpret this discrepancy as proof of a buried fault. No fault displacement, geothermal fluid flow or vent has been verified at this pixel.",Lithologic contact; basin-fill model dependence on gravity; intrusive/dike boundary; processing or coverage effects. Surface-only features may instead be roads or erosion.,MODEL HYPOTHESIS ONLY — requires expert/field review
R2-A-00349,2970,1378,381200.0,4211500.0,-118.3538848,38.0434412,0.8176695,0.4327332,209.92404,2.19541,0.34728,0.5978,0.69294,1081.67,"Potential-field view is in its training-reference confident tail while the surface view abstains. Signed normal/cover support is incomplete; do not interpret this discrepancy as proof of a buried fault. No fault displacement, geothermal fluid flow or vent has been verified at this pixel.",Lithologic contact; basin-fill model dependence on gravity; intrusive/dike boundary; processing or coverage effects. Surface-only features may instead be roads or erosion.,MODEL HYPOTHESIS ONLY — requires expert/field review
R2-A-00350,2970,1386,382000.0,4211500.0,-118.34477,38.0435458,0.8378626,0.4521105,214.28113,1.81966,-0.12403,0.92376,0.96097,608.28,"Potential-field view is in its training-reference confident tail while the surface view abstains. Signed normal/cover support is incomplete; do not interpret this discrepancy as proof of a buried fault. No fault displacement, geothermal fluid flow or vent has been verified at this pixel.",Lithologic contact; basin-fill model dependence on gravity; intrusive/dike boundary; processing or coverage effects. Surface-only features may instead be roads or erosion.,MODEL HYPOTHESIS ONLY — requires expert/field review
R2-A-00351,2970,1392,382600.0,4211500.0,-118.337934,38.0436238,0.8381954,0.5541258,216.85086,4.64287,-0.51902,0.3513,0.8382,781.02,"Potential-field view is in its training-reference confident tail while the surface view abstains. Signed normal/cover support is incomplete; do not interpret this discrepancy as proof of a buried fault. No fault displacement, geothermal fluid flow or vent has been verified at this pixel.",Lithologic contact; basin-fill model dependence on gravity; intrusive/dike boundary; processing or coverage effects. Surface-only features may instead be roads or erosion.,MODEL HYPOTHESIS ONLY — requires expert/field review
R2-A-00352,2971,1297,373100.0,4211400.0,-118.4461512,38.041441,0.8573511,0.6096507,508.29749,2.48652,0.94225,0.99999,0.99964,447.21,"Potential-field view is in its training-reference confident tail while the surface view abstains. Deeper-than-median modelled cover, anti-aligned gravity/cover normals and cross-scale gravity persistence are consistent with a covered basin-margin discontinuity. No fault displacement, geothermal fluid flow or vent has been verified at this pixel.",Lithologic contact; basin-fill model dependence on gravity; intrusive/dike boundary; processing or coverage effects. Surface-only features may instead be roads or erosion.,MODEL HYPOTHESIS ONLY — requires expert/field review
R2-A-00353,2971,1322,375600.0,4211400.0,-118.4176693,38.0417879,0.8348418,0.5926619,384.45306,3.41841,0.97356,0.99961,0.99568,600.0,"Potential-field view is in its training-reference confident tail while the surface view abstains. Deeper-than-median modelled cover, anti-aligned gravity/cover normals and cross-scale gravity persistence are consistent with a covered basin-margin discontinuity. No fault displacement, geothermal fluid flow or vent has been verified at this pixel.",Lithologic contact; basin-fill model dependence on gravity; intrusive/dike boundary; processing or coverage effects. Surface-only features may instead be roads or erosion.,MODEL HYPOTHESIS ONLY — requires expert/field review
R2-A-00354,2971,1328,376200.0,4211400.0,-118.4108336,38.0418702,0.8685501,0.5830383,361.82394,6.8592,0.96467,0.99929,0.99268,282.84,"Potential-field view is in its training-reference confident tail while the surface view abstains. Deeper-than-median modelled cover, anti-aligned gravity/cover normals and cross-scale gravity persistence are consistent with a covered basin-margin discontinuity. No fault displacement, geothermal fluid flow or vent has been verified at this pixel.",Lithologic contact; basin-fill model dependence on gravity; intrusive/dike boundary; processing or coverage effects. Surface-only features may instead be roads or erosion.,MODEL HYPOTHESIS ONLY — requires expert/field review
R2-A-00355,2971,1333,376700.0,4211400.0,-118.4051371,38.0419384,0.8824115,0.6073257,342.95322,5.30813,0.94919,0.99976,0.98832,100.0,"Potential-field view is in its training-reference confident tail while the surface view abstains. Deeper-than-median modelled cover, anti-aligned gravity/cover normals and cross-scale gravity persistence are consistent with a covered basin-margin discontinuity. No fault displacement, geothermal fluid flow or vent has been verified at this pixel.",Lithologic contact; basin-fill model dependence on gravity; intrusive/dike boundary; processing or coverage effects. Surface-only features may instead be roads or erosion.,MODEL HYPOTHESIS ONLY — requires expert/field review
R2-A-00356,2971,1344,377800.0,4211400.0,-118.3926049,38.0420876,0.8881147,0.6097797,298.6116,3.36634,0.90335,0.9998,0.98154,223.61,"Potential-field view is in its training-reference confident tail while the surface view abstains. Signed normal/cover support is incomplete; do not interpret this discrepancy as proof of a buried fault. No fault displacement, geothermal fluid flow or vent has been verified at this pixel.",Lithologic contact; basin-fill model dependence on gravity; intrusive/dike boundary; processing or coverage effects. Surface-only features may instead be roads or erosion.,MODEL HYPOTHESIS ONLY — requires expert/field review
R2-A-00357,2971,1350,378400.0,4211400.0,-118.385769,38.0421684,0.8885026,0.5399752,275.11108,2.41412,0.89439,0.99956,0.97845,141.42,"Potential-field view is in its training-reference confident tail while the surface view abstains. Signed normal/cover support is incomplete; do not interpret this discrepancy as proof of a buried fault. No fault displacement, geothermal fluid flow or vent has been verified at this pixel.",Lithologic contact; basin-fill model dependence on gravity; intrusive/dike boundary; processing or coverage effects. Surface-only features may instead be roads or erosion.,MODEL HYPOTHESIS ONLY — requires expert/field review
R2-A-00358,2971,1366,380000.0,4211400.0,-118.3675401,38.0423819,0.8174202,0.4482404,226.53375,1.68888,0.87531,0.99894,0.95965,1392.84,"Potential-field view is in its training-reference confident tail while the surface view abstains. Signed normal/cover support is incomplete; do not interpret this discrepancy as proof of a buried fault. No fault displacement, geothermal fluid flow or vent has been verified at this pixel.",Lithologic contact; basin-fill model dependence on gravity; intrusive/dike boundary; processing or coverage effects. Surface-only features may instead be roads or erosion.,MODEL HYPOTHESIS ONLY — requires expert/field review
R2-A-00359,2971,1371,380500.0,4211400.0,-118.3618435,38.042448,0.8168579,0.3989783,214.96561,1.11202,0.85323,0.99939,0.92659,1513.27,"Potential-field view is in its training-reference confident tail while the surface view abstains. Signed normal/cover support is incomplete; do not interpret this discrepancy as proof of a buried fault. No fault displacement, geothermal fluid flow or vent has been verified at this pixel.",Lithologic contact; basin-fill model dependence on gravity; intrusive/dike boundary; processing or coverage effects. Surface-only features may instead be roads or erosion.,MODEL HYPOTHESIS ONLY — requires expert/field review
R2-A-00360,2971,1376,381000.0,4211400.0,-118.3561469,38.0425139,0.8261935,0.4717088,212.81316,3.32164,0.97384,0.75114,0.62681,1208.3,"Potential-field view is in its training-reference confident tail while the surface view abstains. Signed normal/cover support is incomplete; do not interpret this discrepancy as proof of a buried fault. No fault displacement, geothermal fluid flow or vent has been verified at this pixel.",Lithologic contact; basin-fill model dependence on gravity; intrusive/dike boundary; processing or coverage effects. Surface-only features may instead be roads or erosion.,MODEL HYPOTHESIS ONLY — requires expert/field review
R2-A-00361,2971,1381,381500.0,4211400.0,-118.3504502,38.0425794,0.8384223,0.4033746,216.13332,1.20292,-0.06223,0.70057,0.87201,781.02,"Potential-field view is in its training-reference confident tail while the surface view abstains. Signed normal/cover support is incomplete; do not interpret this discrepancy as proof of a buried fault. No fault displacement, geothermal fluid flow or vent has been verified at this pixel.",Lithologic contact; basin-fill model dependence on gravity; intrusive/dike boundary; processing or coverage effects. Surface-only features may instead be roads or erosion.,MODEL HYPOTHESIS ONLY — requires expert/field review
R2-A-00362,2971,1384,381800.0,4211400.0,-118.3470322,38.0426187,0.8485553,0.4708478,217.97293,2.84185,-0.13394,0.82776,0.94884,583.1,"Potential-field view is in its training-reference confident tail while the surface view abstains. Signed normal/cover support is incomplete; do not interpret this discrepancy as proof of a buried fault. No fault displacement, geothermal fluid flow or vent has been verified at this pixel.",Lithologic contact; basin-fill model dependence on gravity; intrusive/dike boundary; processing or coverage effects. Surface-only features may instead be roads or erosion.,MODEL HYPOTHESIS ONLY — requires expert/field review
R2-A-00363,2971,1390,382400.0,4211400.0,-118.3401962,38.0426968,0.8378626,0.5592563,221.09903,3.51065,-0.31082,0.72431,0.91548,583.1,"Potential-field view is in its training-reference confident tail while the surface view abstains. Signed normal/cover support is incomplete; do not interpret this discrepancy as proof of a buried fault. No fault displacement, geothermal fluid flow or vent has been verified at this pixel.",Lithologic contact; basin-fill model dependence on gravity; intrusive/dike boundary; processing or coverage effects. Surface-only features may instead be roads or erosion.,MODEL HYPOTHESIS ONLY — requires expert/field review
R2-A-00364,2972,1231,366500.0,4211300.0,-118.5213222,38.0395908,0.8413936,0.5427614,761.13959,11.49398,0.85629,0.99994,0.99177,141.42,"Potential-field view is in its training-reference confident tail while the surface view abstains. Deeper-than-median modelled cover, anti-aligned gravity/cover normals and cross-scale gravity persistence are consistent with a covered basin-margin discontinuity. No fault displacement, geothermal fluid flow or vent has been verified at this pixel.",Lithologic contact; basin-fill model dependence on gravity; intrusive/dike boundary; processing or coverage effects. Surface-only features may instead be roads or erosion.,MODEL HYPOTHESIS ONLY — requires expert/field review
R2-A-00365,2972,1251,368500.0,4211300.0,-118.4985381,38.0398835,0.8544266,0.5151244,665.66119,5.50294,0.92683,0.9953,0.97298,854.4,"Potential-field view is in its training-reference confident tail while the surface view abstains. Deeper-than-median modelled cover, anti-aligned gravity/cover normals and cross-scale gravity persistence are consistent with a covered basin-margin discontinuity. No fault displacement, geothermal fluid flow or vent has been verified at this pixel.",Lithologic contact; basin-fill model dependence on gravity; intrusive/dike boundary; processing or coverage effects. Surface-only features may instead be roads or erosion.,MODEL HYPOTHESIS ONLY — requires expert/field review
R2-A-00366,2972,1268,370200.0,4211300.0,-118.4791714,38.0401288,0.8524626,0.5187662,620.44843,0.96239,0.82021,0.99453,0.99375,200.0,"Potential-field view is in its training-reference confident tail while the surface view abstains. Deeper-than-median modelled cover, anti-aligned gravity/cover normals and cross-scale gravity persistence are consistent with a covered basin-margin discontinuity. No fault displacement, geothermal fluid flow or vent has been verified at this pixel.",Lithologic contact; basin-fill model dependence on gravity; intrusive/dike boundary; processing or coverage effects. Surface-only features may instead be roads or erosion.,MODEL HYPOTHESIS ONLY — requires expert/field review
R2-A-00367,2972,1294,372800.0,4211300.0,-118.4495512,38.0404979,0.8468879,0.5460768,531.7934,4.30884,0.9329,0.99993,0.99955,282.84,"Potential-field view is in its training-reference confident tail while the surface view abstains. Deeper-than-median modelled cover, anti-aligned gravity/cover normals and cross-scale gravity persistence are consistent with a covered basin-margin discontinuity. No fault displacement, geothermal fluid flow or vent has been verified at this pixel.",Lithologic contact; basin-fill model dependence on gravity; intrusive/dike boundary; processing or coverage effects. Surface-only features may instead be roads or erosion.,MODEL HYPOTHESIS ONLY — requires expert/field review
R2-A-00368,2972,1309,374300.0,4211300.0,-118.4324624,38.0407074,0.8620335,0.5784814,450.12,5.01342,0.9578,0.99964,0.99533,824.62,"Potential-field view is in its training-reference confident tail while the surface view abstains. Deeper-than-median modelled cover, anti-aligned gravity/cover normals and cross-scale gravity persistence are consistent with a covered basin-margin discontinuity. No fault displacement, geothermal fluid flow or vent has been verified at this pixel.",Lithologic contact; basin-fill model dependence on gravity; intrusive/dike boundary; processing or coverage effects. Surface-only features may instead be roads or erosion.,MODEL HYPOTHESIS ONLY — requires expert/field review
R2-A-00369,2972,1315,374900.0,4211300.0,-118.4256268,38.0407905,0.8606418,0.601768,421.13034,4.63565,0.97121,0.99977,0.98975,728.01,"Potential-field view is in its training-reference confident tail while the surface view abstains. Deeper-than-median modelled cover, anti-aligned gravity/cover normals and cross-scale gravity persistence are consistent with a covered basin-margin discontinuity. No fault displacement, geothermal fluid flow or vent has been verified at this pixel.",Lithologic contact; basin-fill model dependence on gravity; intrusive/dike boundary; processing or coverage effects. Surface-only features may instead be roads or erosion.,MODEL HYPOTHESIS ONLY — requires expert/field review
R2-A-00370,2972,1325,375900.0,4211300.0,-118.4142341,38.0409281,0.8685501,0.5701666,380.34888,3.4099,0.9682,0.99969,0.99448,360.56,"Potential-field view is in its training-reference confident tail while the surface view abstains. Deeper-than-median modelled cover, anti-aligned gravity/cover normals and cross-scale gravity persistence are consistent with a covered basin-margin discontinuity. No fault displacement, geothermal fluid flow or vent has been verified at this pixel.",Lithologic contact; basin-fill model dependence on gravity; intrusive/dike boundary; processing or coverage effects. Surface-only features may instead be roads or erosion.,MODEL HYPOTHESIS ONLY — requires expert/field review
R2-A-00371,2972,1335,376900.0,4211300.0,-118.4028414,38.0410646,0.881049,0.5589468,341.98517,7.75732,0.9424,0.99991,0.9886,282.84,"Potential-field view is in its training-reference confident tail while the surface view abstains. Deeper-than-median modelled cover, anti-aligned gravity/cover normals and cross-scale gravity persistence are consistent with a covered basin-margin discontinuity. No fault displacement, geothermal fluid flow or vent has been verified at this pixel.",Lithologic contact; basin-fill model dependence on gravity; intrusive/dike boundary; processing or coverage effects. Surface-only features may instead be roads or erosion.,MODEL HYPOTHESIS ONLY — requires expert/field review
R2-A-00372,2972,1388,382200.0,4211300.0,-118.3424584,38.0417698,0.8378626,0.4786912,224.97668,2.06796,-0.19975,0.75891,0.93328,412.31,"Potential-field view is in its training-reference confident tail while the surface view abstains. Signed normal/cover support is incomplete; do not interpret this discrepancy as proof of a buried fault. No fault displacement, geothermal fluid flow or vent has been verified at this pixel.",Lithologic contact; basin-fill model dependence on gravity; intrusive/dike boundary; processing or coverage effects. Surface-only features may instead be roads or erosion.,MODEL HYPOTHESIS ONLY — requires expert/field review
R2-A-00373,2973,1212,364600.0,4211200.0,-118.5429479,38.0384078,0.816452,0.4231055,799.14331,29.00481,0.99675,0.95984,0.43837,141.42,"Potential-field view is in its training-reference confident tail while the surface view abstains. Deeper-than-median modelled cover, anti-aligned gravity/cover normals and cross-scale gravity persistence are consistent with a covered basin-margin discontinuity. No fault displacement, geothermal fluid flow or vent has been verified at this pixel.",Lithologic contact; basin-fill model dependence on gravity; intrusive/dike boundary; processing or coverage effects. Surface-only features may instead be roads or erosion.,MODEL HYPOTHESIS ONLY — requires expert/field review
R2-A-00374,2973,1248,368200.0,4211200.0,-118.5019373,38.0389389,0.8236392,0.5303205,685.77106,4.72343,0.91159,0.9987,0.98518,1166.19,"Potential-field view is in its training-reference confident tail while the surface view abstains. Deeper-than-median modelled cover, anti-aligned gravity/cover normals and cross-scale gravity persistence are consistent with a covered basin-margin discontinuity. No fault displacement, geothermal fluid flow or vent has been verified at this pixel.",Lithologic contact; basin-fill model dependence on gravity; intrusive/dike boundary; processing or coverage effects. Surface-only features may instead be roads or erosion.,MODEL HYPOTHESIS ONLY — requires expert/field review
R2-A-00375,2973,1278,371200.0,4211200.0,-118.4677611,38.0393707,0.8565188,0.4971246,605.80646,12.4494,0.87082,0.99926,0.99699,223.61,"Potential-field view is in its training-reference confident tail while the surface view abstains. Deeper-than-median modelled cover, anti-aligned gravity/cover normals and cross-scale gravity persistence are consistent with a covered basin-margin discontinuity. No fault displacement, geothermal fluid flow or vent has been verified at this pixel.",Lithologic contact; basin-fill model dependence on gravity; intrusive/dike boundary; processing or coverage effects. Surface-only features may instead be roads or erosion.,MODEL HYPOTHESIS ONLY — requires expert/field review
R2-A-00376,2973,1321,375500.0,4211200.0,-118.4187738,38.0399722,0.8645508,0.5913094,403.2067,3.3738,0.97538,0.99949,0.99398,565.69,"Potential-field view is in its training-reference confident tail while the surface view abstains. Deeper-than-median modelled cover, anti-aligned gravity/cover normals and cross-scale gravity persistence are consistent with a covered basin-margin discontinuity. No fault displacement, geothermal fluid flow or vent has been verified at this pixel.",Lithologic contact; basin-fill model dependence on gravity; intrusive/dike boundary; processing or coverage effects. Surface-only features may instead be roads or erosion.,MODEL HYPOTHESIS ONLY — requires expert/field review
R2-A-00377,2973,1338,377200.0,4211200.0,-118.3994064,38.0402043,0.8892639,0.5816702,336.73184,6.8317,0.93527,0.99982,0.98861,223.61,"Potential-field view is in its training-reference confident tail while the surface view abstains. Deeper-than-median modelled cover, anti-aligned gravity/cover normals and cross-scale gravity persistence are consistent with a covered basin-margin discontinuity. No fault displacement, geothermal fluid flow or vent has been verified at this pixel.",Lithologic contact; basin-fill model dependence on gravity; intrusive/dike boundary; processing or coverage effects. Surface-only features may instead be roads or erosion.,MODEL HYPOTHESIS ONLY — requires expert/field review
R2-A-00378,2973,1362,379600.0,4211200.0,-118.3720637,38.0405267,0.8412871,0.4872924,245.37361,3.57376,0.86699,0.99997,0.97733,1104.54,"Potential-field view is in its training-reference confident tail while the surface view abstains. Signed normal/cover support is incomplete; do not interpret this discrepancy as proof of a buried fault. No fault displacement, geothermal fluid flow or vent has been verified at this pixel.",Lithologic contact; basin-fill model dependence on gravity; intrusive/dike boundary; processing or coverage effects. Surface-only features may instead be roads or erosion.,MODEL HYPOTHESIS ONLY — requires expert/field review
R2-A-00379,2974,1198,363200.0,4211100.0,-118.5588771,38.0372964,0.8510164,0.5691136,738.88049,12.61431,0.91701,0.99981,0.98448,300.0,"Potential-field view is in its training-reference confident tail while the surface view abstains. Deeper-than-median modelled cover, anti-aligned gravity/cover normals and cross-scale gravity persistence are consistent with a covered basin-margin discontinuity. No fault displacement, geothermal fluid flow or vent has been verified at this pixel.",Lithologic contact; basin-fill model dependence on gravity; intrusive/dike boundary; processing or coverage effects. Surface-only features may instead be roads or erosion.,MODEL HYPOTHESIS ONLY — requires expert/field review
R2-A-00380,2974,1229,366300.0,4211100.0,-118.5235633,38.0377594,0.8423085,0.5240078,781.27948,12.44687,0.84884,0.99973,0.9816,100.0,"Potential-field view is in its training-reference confident tail while the surface view abstains. Deeper-than-median modelled cover, anti-aligned gravity/cover normals and cross-scale gravity persistence are consistent with a covered basin-margin discontinuity. No fault displacement, geothermal fluid flow or vent has been verified at this pixel.",Lithologic contact; basin-fill model dependence on gravity; intrusive/dike boundary; processing or coverage effects. Surface-only features may instead be roads or erosion.,MODEL HYPOTHESIS ONLY — requires expert/field review
R2-A-00381,2974,1237,367100.0,4211100.0,-118.5144499,38.0378772,0.8267924,0.5019614,744.41541,14.51787,0.87402,0.99991,0.99679,447.21,"Potential-field view is in its training-reference confident tail while the surface view abstains. Deeper-than-median modelled cover, anti-aligned gravity/cover normals and cross-scale gravity persistence are consistent with a covered basin-margin discontinuity. No fault displacement, geothermal fluid flow or vent has been verified at this pixel.",Lithologic contact; basin-fill model dependence on gravity; intrusive/dike boundary; processing or coverage effects. Surface-only features may instead be roads or erosion.,MODEL HYPOTHESIS ONLY — requires expert/field review
R2-A-00382,2974,1246,368000.0,4211100.0,-118.5041973,38.0380088,0.8487973,0.5970903,701.20734,9.40985,0.90507,0.99923,0.99112,1272.79,"Potential-field view is in its training-reference confident tail while the surface view abstains. Deeper-than-median modelled cover, anti-aligned gravity/cover normals and cross-scale gravity persistence are consistent with a covered basin-margin discontinuity. No fault displacement, geothermal fluid flow or vent has been verified at this pixel.",Lithologic contact; basin-fill model dependence on gravity; intrusive/dike boundary; processing or coverage effects. Surface-only features may instead be roads or erosion.,MODEL HYPOTHESIS ONLY — requires expert/field review
R2-A-00383,2974,1265,369900.0,4211100.0,-118.4825527,38.0382838,0.810738,0.4648979,637.47083,3.17159,0.83348,0.99431,0.99751,223.61,"Potential-field view is in its training-reference confident tail while the surface view abstains. Deeper-than-median modelled cover, anti-aligned gravity/cover normals and cross-scale gravity persistence are consistent with a covered basin-margin discontinuity. No fault displacement, geothermal fluid flow or vent has been verified at this pixel.",Lithologic contact; basin-fill model dependence on gravity; intrusive/dike boundary; processing or coverage effects. Surface-only features may instead be roads or erosion.,MODEL HYPOTHESIS ONLY — requires expert/field review
R2-A-00384,2974,1274,370800.0,4211100.0,-118.4722999,38.0384127,0.8403704,0.4516711,625.02411,4.6784,0.85638,0.99901,0.99666,223.61,"Potential-field view is in its training-reference confident tail while the surface view abstains. Deeper-than-median modelled cover, anti-aligned gravity/cover normals and cross-scale gravity persistence are consistent with a covered basin-margin discontinuity. No fault displacement, geothermal fluid flow or vent has been verified at this pixel.",Lithologic contact; basin-fill model dependence on gravity; intrusive/dike boundary; processing or coverage effects. Surface-only features may instead be roads or erosion.,MODEL HYPOTHESIS ONLY — requires expert/field review
R2-A-00385,2974,1284,371800.0,4211100.0,-118.4609078,38.0385548,0.8573096,0.4775217,592.76221,5.1598,0.89501,0.99983,0.99814,223.61,"Potential-field view is in its training-reference confident tail while the surface view abstains. Deeper-than-median modelled cover, anti-aligned gravity/cover normals and cross-scale gravity persistence are consistent with a covered basin-margin discontinuity. No fault displacement, geothermal fluid flow or vent has been verified at this pixel.",Lithologic contact; basin-fill model dependence on gravity; intrusive/dike boundary; processing or coverage effects. Surface-only features may instead be roads or erosion.,MODEL HYPOTHESIS ONLY — requires expert/field review
R2-A-00386,2974,1297,373100.0,4211100.0,-118.446098,38.038738,0.8536104,0.5785029,529.17743,1.58615,0.93529,0.99998,0.99979,608.28,"Potential-field view is in its training-reference confident tail while the surface view abstains. Deeper-than-median modelled cover, anti-aligned gravity/cover normals and cross-scale gravity persistence are consistent with a covered basin-margin discontinuity. No fault displacement, geothermal fluid flow or vent has been verified at this pixel.",Lithologic contact; basin-fill model dependence on gravity; intrusive/dike boundary; processing or coverage effects. Surface-only features may instead be roads or erosion.,MODEL HYPOTHESIS ONLY — requires expert/field review
R2-A-00387,2974,1332,376600.0,4211100.0,-118.4062247,38.0392218,0.8836117,0.5740891,368.56326,4.90745,0.95561,0.99979,0.98895,100.0,"Potential-field view is in its training-reference confident tail while the surface view abstains. Deeper-than-median modelled cover, anti-aligned gravity/cover normals and cross-scale gravity persistence are consistent with a covered basin-margin discontinuity. No fault displacement, geothermal fluid flow or vent has been verified at this pixel.",Lithologic contact; basin-fill model dependence on gravity; intrusive/dike boundary; processing or coverage effects. Surface-only features may instead be roads or erosion.,MODEL HYPOTHESIS ONLY — requires expert/field review
R2-A-00388,2974,1353,378700.0,4211100.0,-118.3823003,38.0395055,0.8885026,0.4102426,279.31677,1.73831,0.88556,1.0,0.98669,538.52,"Potential-field view is in its training-reference confident tail while the surface view abstains. Signed normal/cover support is incomplete; do not interpret this discrepancy as proof of a buried fault. No fault displacement, geothermal fluid flow or vent has been verified at this pixel.",Lithologic contact; basin-fill model dependence on gravity; intrusive/dike boundary; processing or coverage effects. Surface-only features may instead be roads or erosion.,MODEL HYPOTHESIS ONLY — requires expert/field review
R2-A-00389,2974,1366,380000.0,4211100.0,-118.3674898,38.0396788,0.8304125,0.4717117,239.45534,1.25652,0.86312,0.99966,0.97443,1118.03,"Potential-field view is in its training-reference confident tail while the surface view abstains. Signed normal/cover support is incomplete; do not interpret this discrepancy as proof of a buried fault. No fault displacement, geothermal fluid flow or vent has been verified at this pixel.",Lithologic contact; basin-fill model dependence on gravity; intrusive/dike boundary; processing or coverage effects. Surface-only features may instead be roads or erosion.,MODEL HYPOTHESIS ONLY — requires expert/field review
R2-A-00390,2974,1385,381900.0,4211100.0,-118.3458434,38.0399286,0.8435791,0.5728696,232.41939,2.46002,-0.05935,0.63088,0.78855,282.84,"Potential-field view is in its training-reference confident tail while the surface view abstains. Signed normal/cover support is incomplete; do not interpret this discrepancy as proof of a buried fault. No fault displacement, geothermal fluid flow or vent has been verified at this pixel.",Lithologic contact; basin-fill model dependence on gravity; intrusive/dike boundary; processing or coverage effects. Surface-only features may instead be roads or erosion.,MODEL HYPOTHESIS ONLY — requires expert/field review
R2-A-00391,2974,1391,382500.0,4211100.0,-118.3390077,38.0400067,0.8136151,0.5522206,237.21019,1.67336,-0.38096,0.32073,0.81825,447.21,"Potential-field view is in its training-reference confident tail while the surface view abstains. Signed normal/cover support is incomplete; do not interpret this discrepancy as proof of a buried fault. No fault displacement, geothermal fluid flow or vent has been verified at this pixel.",Lithologic contact; basin-fill model dependence on gravity; intrusive/dike boundary; processing or coverage effects. Surface-only features may instead be roads or erosion.,MODEL HYPOTHESIS ONLY — requires expert/field review
R2-A-00392,2975,1207,364100.0,4211000.0,-118.5486058,38.0365309,0.834403,0.5504668,791.94556,12.66977,0.86189,0.99866,0.89327,141.42,"Potential-field view is in its training-reference confident tail while the surface view abstains. Deeper-than-median modelled cover, anti-aligned gravity/cover normals and cross-scale gravity persistence are consistent with a covered basin-margin discontinuity. No fault displacement, geothermal fluid flow or vent has been verified at this pixel.",Lithologic contact; basin-fill model dependence on gravity; intrusive/dike boundary; processing or coverage effects. Surface-only features may instead be roads or erosion.,MODEL HYPOTHESIS ONLY — requires expert/field review
R2-A-00393,2975,1233,366700.0,4211000.0,-118.518988,38.0369174,0.8359079,0.4000712,770.29523,21.65663,0.85899,0.99995,0.99059,100.0,"Potential-field view is in its training-reference confident tail while the surface view abstains. Deeper-than-median modelled cover, anti-aligned gravity/cover normals and cross-scale gravity persistence are consistent with a covered basin-margin discontinuity. No fault displacement, geothermal fluid flow or vent has been verified at this pixel.",Lithologic contact; basin-fill model dependence on gravity; intrusive/dike boundary; processing or coverage effects. Surface-only features may instead be roads or erosion.,MODEL HYPOTHESIS ONLY — requires expert/field review
R2-A-00394,2975,1251,368500.0,4211000.0,-118.498483,38.0371806,0.8404053,0.5553891,683.98962,5.28408,0.93433,0.99572,0.98106,984.89,"Potential-field view is in its training-reference confident tail while the surface view abstains. Deeper-than-median modelled cover, anti-aligned gravity/cover normals and cross-scale gravity persistence are consistent with a covered basin-margin discontinuity. No fault displacement, geothermal fluid flow or vent has been verified at this pixel.",Lithologic contact; basin-fill model dependence on gravity; intrusive/dike boundary; processing or coverage effects. Surface-only features may instead be roads or erosion.,MODEL HYPOTHESIS ONLY — requires expert/field review
R2-A-00395,2975,1270,370400.0,4211000.0,-118.4768386,38.0374545,0.8388427,0.5643445,640.21802,0.74026,0.81572,0.99771,0.99733,141.42,"Potential-field view is in its training-reference confident tail while the surface view abstains. Deeper-than-median modelled cover, anti-aligned gravity/cover normals and cross-scale gravity persistence are consistent with a covered basin-margin discontinuity. No fault displacement, geothermal fluid flow or vent has been verified at this pixel.",Lithologic contact; basin-fill model dependence on gravity; intrusive/dike boundary; processing or coverage effects. Surface-only features may instead be roads or erosion.,MODEL HYPOTHESIS ONLY — requires expert/field review
R2-A-00396,2975,1292,372600.0,4211000.0,-118.4517763,38.0377668,0.8480424,0.5077003,564.23212,5.29095,0.91713,0.99999,0.9995,200.0,"Potential-field view is in its training-reference confident tail while the surface view abstains. Deeper-than-median modelled cover, anti-aligned gravity/cover normals and cross-scale gravity persistence are consistent with a covered basin-margin discontinuity. No fault displacement, geothermal fluid flow or vent has been verified at this pixel.",Lithologic contact; basin-fill model dependence on gravity; intrusive/dike boundary; processing or coverage effects. Surface-only features may instead be roads or erosion.,MODEL HYPOTHESIS ONLY — requires expert/field review
R2-A-00397,2975,1295,372900.0,4211000.0,-118.4483587,38.0378089,0.8468879,0.5190755,547.40796,2.22514,0.92895,1.0,0.9997,447.21,"Potential-field view is in its training-reference confident tail while the surface view abstains. Deeper-than-median modelled cover, anti-aligned gravity/cover normals and cross-scale gravity persistence are consistent with a covered basin-margin discontinuity. No fault displacement, geothermal fluid flow or vent has been verified at this pixel.",Lithologic contact; basin-fill model dependence on gravity; intrusive/dike boundary; processing or coverage effects. Surface-only features may instead be roads or erosion.,MODEL HYPOTHESIS ONLY — requires expert/field review
R2-A-00398,2975,1306,374000.0,4211000.0,-118.4358274,38.0379627,0.8520607,0.5812608,486.45169,6.24606,0.94323,0.99949,0.99774,1208.3,"Potential-field view is in its training-reference confident tail while the surface view abstains. Deeper-than-median modelled cover, anti-aligned gravity/cover normals and cross-scale gravity persistence are consistent with a covered basin-margin discontinuity. No fault displacement, geothermal fluid flow or vent has been verified at this pixel.",Lithologic contact; basin-fill model dependence on gravity; intrusive/dike boundary; processing or coverage effects. Surface-only features may instead be roads or erosion.,MODEL HYPOTHESIS ONLY — requires expert/field review
R2-A-00399,2975,1309,374300.0,4211000.0,-118.4324097,38.0380044,0.8747679,0.5424513,470.35309,3.14084,0.94666,0.9989,0.99353,1118.03,"Potential-field view is in its training-reference confident tail while the surface view abstains. Deeper-than-median modelled cover, anti-aligned gravity/cover normals and cross-scale gravity persistence are consistent with a covered basin-margin discontinuity. No fault displacement, geothermal fluid flow or vent has been verified at this pixel.",Lithologic contact; basin-fill model dependence on gravity; intrusive/dike boundary; processing or coverage effects. Surface-only features may instead be roads or erosion.,MODEL HYPOTHESIS ONLY — requires expert/field review
R2-A-00400,2975,1311,374500.0,4211000.0,-118.4301313,38.0380321,0.8680955,0.5364242,459.62067,3.51304,0.951,0.9992,0.98856,1100.0,"Potential-field view is in its training-reference confident tail while the surface view abstains. Deeper-than-median modelled cover, anti-aligned gravity/cover normals and cross-scale gravity persistence are consistent with a covered basin-margin discontinuity. No fault displacement, geothermal fluid flow or vent has been verified at this pixel.",Lithologic contact; basin-fill model dependence on gravity; intrusive/dike boundary; processing or coverage effects. Surface-only features may instead be roads or erosion.,MODEL HYPOTHESIS ONLY — requires expert/field review
R2-A-00401,2975,1330,376400.0,4211000.0,-118.408486,38.0382935,0.8824938,0.5931236,383.35724,7.78616,0.96363,0.9994,0.98917,141.42,"Potential-field view is in its training-reference confident tail while the surface view abstains. Deeper-than-median modelled cover, anti-aligned gravity/cover normals and cross-scale gravity persistence are consistent with a covered basin-margin discontinuity. No fault displacement, geothermal fluid flow or vent has been verified at this pixel.",Lithologic contact; basin-fill model dependence on gravity; intrusive/dike boundary; processing or coverage effects. Surface-only features may instead be roads or erosion.,MODEL HYPOTHESIS ONLY — requires expert/field review
R2-A-00402,2975,1372,380600.0,4211000.0,-118.3606374,38.0388571,0.8412887,0.4176392,228.7088,0.71242,0.82779,0.99428,0.92989,1104.54,"Potential-field view is in its training-reference confident tail while the surface view abstains. Signed normal/cover support is incomplete; do not interpret this discrepancy as proof of a buried fault. No fault displacement, geothermal fluid flow or vent has been verified at this pixel.",Lithologic contact; basin-fill model dependence on gravity; intrusive/dike boundary; processing or coverage effects. Surface-only features may instead be roads or erosion.,MODEL HYPOTHESIS ONLY — requires expert/field review
R2-A-00403,2975,1389,382300.0,4211000.0,-118.3412698,38.0390797,0.8470452,0.4394768,240.62549,2.12642,-0.10882,0.55903,0.77405,223.61,"Potential-field view is in its training-reference confident tail while the surface view abstains. Signed normal/cover support is incomplete; do not interpret this discrepancy as proof of a buried fault. No fault displacement, geothermal fluid flow or vent has been verified at this pixel.",Lithologic contact; basin-fill model dependence on gravity; intrusive/dike boundary; processing or coverage effects. Surface-only features may instead be roads or erosion.,MODEL HYPOTHESIS ONLY — requires expert/field review
R2-A-00404,2976,1225,365900.0,4210900.0,-118.5280825,38.0358983,0.8496413,0.4600872,809.37048,8.25866,0.80147,0.99998,0.93978,100.0,"Potential-field view is in its training-reference confident tail while the surface view abstains. Deeper-than-median modelled cover, anti-aligned gravity/cover normals and cross-scale gravity persistence are consistent with a covered basin-margin discontinuity. No fault displacement, geothermal fluid flow or vent has been verified at this pixel.",Lithologic contact; basin-fill model dependence on gravity; intrusive/dike boundary; processing or coverage effects. Surface-only features may instead be roads or erosion.,MODEL HYPOTHESIS ONLY — requires expert/field review
R2-A-00405,2976,1249,368300.0,4210900.0,-118.500743,38.0362506,0.8236392,0.5979193,699.4245,11.13492,0.92346,0.99863,0.98557,1208.3,"Potential-field view is in its training-reference confident tail while the surface view abstains. Deeper-than-median modelled cover, anti-aligned gravity/cover normals and cross-scale gravity persistence are consistent with a covered basin-margin discontinuity. No fault displacement, geothermal fluid flow or vent has been verified at this pixel.",Lithologic contact; basin-fill model dependence on gravity; intrusive/dike boundary; processing or coverage effects. Surface-only features may instead be roads or erosion.,MODEL HYPOTHESIS ONLY — requires expert/field review
R2-A-00406,2976,1280,371400.0,4210900.0,-118.4654288,38.0366961,0.8528492,0.5227911,622.75165,7.0987,0.86923,0.99973,0.99782,200.0,"Potential-field view is in its training-reference confident tail while the surface view abstains. Deeper-than-median modelled cover, anti-aligned gravity/cover normals and cross-scale gravity persistence are consistent with a covered basin-margin discontinuity. No fault displacement, geothermal fluid flow or vent has been verified at this pixel.",Lithologic contact; basin-fill model dependence on gravity; intrusive/dike boundary; processing or coverage effects. Surface-only features may instead be roads or erosion.,MODEL HYPOTHESIS ONLY — requires expert/field review
R2-A-00407,2976,1289,372300.0,4210900.0,-118.4551761,38.0368235,0.8573096,0.5364636,585.06525,3.56144,0.90194,1.0,0.99908,100.0,"Potential-field view is in its training-reference confident tail while the surface view abstains. Deeper-than-median modelled cover, anti-aligned gravity/cover normals and cross-scale gravity persistence are consistent with a covered basin-margin discontinuity. No fault displacement, geothermal fluid flow or vent has been verified at this pixel.",Lithologic contact; basin-fill model dependence on gravity; intrusive/dike boundary; processing or coverage effects. Surface-only features may instead be roads or erosion.,MODEL HYPOTHESIS ONLY — requires expert/field review
R2-A-00408,2976,1337,377100.0,4210900.0,-118.4004941,38.0374877,0.8894905,0.5745779,362.0087,17.28314,0.93508,0.99998,0.98969,100.0,"Potential-field view is in its training-reference confident tail while the surface view abstains. Deeper-than-median modelled cover, anti-aligned gravity/cover normals and cross-scale gravity persistence are consistent with a covered basin-margin discontinuity. No fault displacement, geothermal fluid flow or vent has been verified at this pixel.",Lithologic contact; basin-fill model dependence on gravity; intrusive/dike boundary; processing or coverage effects. Surface-only features may instead be roads or erosion.,MODEL HYPOTHESIS ONLY — requires expert/field review
R2-A-00409,2976,1345,377900.0,4210900.0,-118.3913803,38.037596,0.8883434,0.4601328,326.91962,7.17348,0.91077,0.99996,0.98965,223.61,"Potential-field view is in its training-reference confident tail while the surface view abstains. Deeper-than-median modelled cover, anti-aligned gravity/cover normals and cross-scale gravity persistence are consistent with a covered basin-margin discontinuity. No fault displacement, geothermal fluid flow or vent has been verified at this pixel.",Lithologic contact; basin-fill model dependence on gravity; intrusive/dike boundary; processing or coverage effects. Surface-only features may instead be roads or erosion.,MODEL HYPOTHESIS ONLY — requires expert/field review
R2-A-00410,2976,1355,378900.0,4210900.0,-118.3799879,38.0377303,0.8455963,0.4102426,282.90039,1.1394,0.86546,0.99985,0.98875,806.23,"Potential-field view is in its training-reference confident tail while the surface view abstains. Signed normal/cover support is incomplete; do not interpret this discrepancy as proof of a buried fault. No fault displacement, geothermal fluid flow or vent has been verified at this pixel.",Lithologic contact; basin-fill model dependence on gravity; intrusive/dike boundary; processing or coverage effects. Surface-only features may instead be roads or erosion.,MODEL HYPOTHESIS ONLY — requires expert/field review
R2-A-00411,2976,1376,381000.0,4210900.0,-118.3560638,38.0380087,0.8433335,0.4735801,233.42719,1.81984,0.87395,0.99644,0.84363,894.43,"Potential-field view is in its training-reference confident tail while the surface view abstains. Signed normal/cover support is incomplete; do not interpret this discrepancy as proof of a buried fault. No fault displacement, geothermal fluid flow or vent has been verified at this pixel.",Lithologic contact; basin-fill model dependence on gravity; intrusive/dike boundary; processing or coverage effects. Surface-only features may instead be roads or erosion.,MODEL HYPOTHESIS ONLY — requires expert/field review
R2-A-00412,2976,1381,381500.0,4210900.0,-118.3503675,38.0380743,0.8261935,0.5473558,237.92912,1.83082,0.86244,0.9216,0.11678,600.0,"Potential-field view is in its training-reference confident tail while the surface view abstains. Signed normal/cover support is incomplete; do not interpret this discrepancy as proof of a buried fault. No fault displacement, geothermal fluid flow or vent has been verified at this pixel.",Lithologic contact; basin-fill model dependence on gravity; intrusive/dike boundary; processing or coverage effects. Surface-only features may instead be roads or erosion.,MODEL HYPOTHESIS ONLY — requires expert/field review
R2-A-00413,2976,1384,381800.0,4210900.0,-118.3469497,38.0381135,0.8412887,0.5962107,240.71904,8.79251,0.29061,0.67029,0.42932,300.0,"Potential-field view is in its training-reference confident tail while the surface view abstains. Signed normal/cover support is incomplete; do not interpret this discrepancy as proof of a buried fault. No fault displacement, geothermal fluid flow or vent has been verified at this pixel.",Lithologic contact; basin-fill model dependence on gravity; intrusive/dike boundary; processing or coverage effects. Surface-only features may instead be roads or erosion.,MODEL HYPOTHESIS ONLY — requires expert/field review
R2-A-00414,2977,1199,363300.0,4210800.0,-118.5576807,38.0346086,0.8366343,0.527317,758.25763,6.37993,0.96128,0.99995,0.99139,100.0,"Potential-field view is in its training-reference confident tail while the surface view abstains. Deeper-than-median modelled cover, anti-aligned gravity/cover normals and cross-scale gravity persistence are consistent with a covered basin-margin discontinuity. No fault displacement, geothermal fluid flow or vent has been verified at this pixel.",Lithologic contact; basin-fill model dependence on gravity; intrusive/dike boundary; processing or coverage effects. Surface-only features may instead be roads or erosion.,MODEL HYPOTHESIS ONLY — requires expert/field review
R2-A-00415,2977,1210,364400.0,4210800.0,-118.5451505,38.034774,0.8405689,0.5915558,814.73401,17.35563,0.8195,0.99999,0.7546,200.0,"Potential-field view is in its training-reference confident tail while the surface view abstains. Deeper-than-median modelled cover, anti-aligned gravity/cover normals and cross-scale gravity persistence are consistent with a covered basin-margin discontinuity. No fault displacement, geothermal fluid flow or vent has been verified at this pixel.",Lithologic contact; basin-fill model dependence on gravity; intrusive/dike boundary; processing or coverage effects. Surface-only features may instead be roads or erosion.,MODEL HYPOTHESIS ONLY — requires expert/field review
R2-A-00416,2977,1229,366300.0,4210800.0,-118.5235073,38.0350565,0.8571911,0.5011881,799.87799,7.18652,0.82588,0.99993,0.96957,200.0,"Potential-field view is in its training-reference confident tail while the surface view abstains. Deeper-than-median modelled cover, anti-aligned gravity/cover normals and cross-scale gravity persistence are consistent with a covered basin-margin discontinuity. No fault displacement, geothermal fluid flow or vent has been verified at this pixel.",Lithologic contact; basin-fill model dependence on gravity; intrusive/dike boundary; processing or coverage effects. Surface-only features may instead be roads or erosion.,MODEL HYPOTHESIS ONLY — requires expert/field review
R2-A-00417,2977,1236,367000.0,4210800.0,-118.5155334,38.0351596,0.8367906,0.4236254,767.75269,12.40229,0.87201,0.99998,0.99131,400.0,"Potential-field view is in its training-reference confident tail while the surface view abstains. Deeper-than-median modelled cover, anti-aligned gravity/cover normals and cross-scale gravity persistence are consistent with a covered basin-margin discontinuity. No fault displacement, geothermal fluid flow or vent has been verified at this pixel.",Lithologic contact; basin-fill model dependence on gravity; intrusive/dike boundary; processing or coverage effects. Surface-only features may instead be roads or erosion.,MODEL HYPOTHESIS ONLY — requires expert/field review
R2-A-00418,2977,1246,368000.0,4210800.0,-118.504142,38.0353059,0.8583263,0.5507082,719.51532,8.34496,0.91013,0.99967,0.99071,1392.84,"Potential-field view is in its training-reference confident tail while the surface view abstains. Deeper-than-median modelled cover, anti-aligned gravity/cover normals and cross-scale gravity persistence are consistent with a covered basin-margin discontinuity. No fault displacement, geothermal fluid flow or vent has been verified at this pixel.",Lithologic contact; basin-fill model dependence on gravity; intrusive/dike boundary; processing or coverage effects. Surface-only features may instead be roads or erosion.,MODEL HYPOTHESIS ONLY — requires expert/field review
R2-A-00419,2977,1284,371800.0,4210800.0,-118.4608541,38.0358519,0.854762,0.4788149,615.38654,9.08803,0.88853,0.99993,0.99808,100.0,"Potential-field view is in its training-reference confident tail while the surface view abstains. Deeper-than-median modelled cover, anti-aligned gravity/cover normals and cross-scale gravity persistence are consistent with a covered basin-margin discontinuity. No fault displacement, geothermal fluid flow or vent has been verified at this pixel.",Lithologic contact; basin-fill model dependence on gravity; intrusive/dike boundary; processing or coverage effects. Surface-only features may instead be roads or erosion.,MODEL HYPOTHESIS ONLY — requires expert/field review
R2-A-00420,2977,1287,372100.0,4210800.0,-118.4574366,38.0358943,0.8573096,0.5298474,601.57764,3.19828,0.89556,0.99999,0.99862,282.84,"Potential-field view is in its training-reference confident tail while the surface view abstains. Deeper-than-median modelled cover, anti-aligned gravity/cover normals and cross-scale gravity persistence are consistent with a covered basin-margin discontinuity. No fault displacement, geothermal fluid flow or vent has been verified at this pixel.",Lithologic contact; basin-fill model dependence on gravity; intrusive/dike boundary; processing or coverage effects. Surface-only features may instead be roads or erosion.,MODEL HYPOTHESIS ONLY — requires expert/field review
R2-A-00421,2977,1293,372700.0,4210800.0,-118.4506016,38.0359788,0.8480424,0.5363518,572.92755,3.33015,0.9142,0.99999,0.99948,300.0,"Potential-field view is in its training-reference confident tail while the surface view abstains. Deeper-than-median modelled cover, anti-aligned gravity/cover normals and cross-scale gravity persistence are consistent with a covered basin-margin discontinuity. No fault displacement, geothermal fluid flow or vent has been verified at this pixel.",Lithologic contact; basin-fill model dependence on gravity; intrusive/dike boundary; processing or coverage effects. Surface-only features may instead be roads or erosion.,MODEL HYPOTHESIS ONLY — requires expert/field review
R2-A-00422,2977,1328,376200.0,4210800.0,-118.4107299,38.0364641,0.8835462,0.5480212,405.46399,8.20233,0.96803,0.99906,0.98873,200.0,"Potential-field view is in its training-reference confident tail while the surface view abstains. Deeper-than-median modelled cover, anti-aligned gravity/cover normals and cross-scale gravity persistence are consistent with a covered basin-margin discontinuity. No fault displacement, geothermal fluid flow or vent has been verified at this pixel.",Lithologic contact; basin-fill model dependence on gravity; intrusive/dike boundary; processing or coverage effects. Surface-only features may instead be roads or erosion.,MODEL HYPOTHESIS ONLY — requires expert/field review
R2-A-00423,2977,1339,377300.0,4210800.0,-118.3981986,38.0366138,0.8883434,0.5632324,360.48758,15.19185,0.92914,0.99986,0.98969,100.0,"Potential-field view is in its training-reference confident tail while the surface view abstains. Deeper-than-median modelled cover, anti-aligned gravity/cover normals and cross-scale gravity persistence are consistent with a covered basin-margin discontinuity. No fault displacement, geothermal fluid flow or vent has been verified at this pixel.",Lithologic contact; basin-fill model dependence on gravity; intrusive/dike boundary; processing or coverage effects. Surface-only features may instead be roads or erosion.,MODEL HYPOTHESIS ONLY — requires expert/field review
R2-A-00424,2977,1342,377600.0,4210800.0,-118.3947809,38.0366544,0.8883434,0.4556715,347.63153,11.09085,0.91897,0.99995,0.98935,141.42,"Potential-field view is in its training-reference confident tail while the surface view abstains. Deeper-than-median modelled cover, anti-aligned gravity/cover normals and cross-scale gravity persistence are consistent with a covered basin-margin discontinuity. No fault displacement, geothermal fluid flow or vent has been verified at this pixel.",Lithologic contact; basin-fill model dependence on gravity; intrusive/dike boundary; processing or coverage effects. Surface-only features may instead be roads or erosion.,MODEL HYPOTHESIS ONLY — requires expert/field review
R2-A-00425,2977,1360,379400.0,4210800.0,-118.3742749,38.036896,0.8461272,0.4011322,270.46478,2.23668,0.85208,0.99971,0.98632,700.0,"Potential-field view is in its training-reference confident tail while the surface view abstains. Signed normal/cover support is incomplete; do not interpret this discrepancy as proof of a buried fault. No fault displacement, geothermal fluid flow or vent has been verified at this pixel.",Lithologic contact; basin-fill model dependence on gravity; intrusive/dike boundary; processing or coverage effects. Surface-only features may instead be roads or erosion.,MODEL HYPOTHESIS ONLY — requires expert/field review
R2-A-00426,2977,1394,382800.0,4210800.0,-118.3355407,38.0373424,0.8419814,0.5125713,253.50282,1.05928,-0.15911,-0.03416,0.39917,223.61,"Potential-field view is in its training-reference confident tail while the surface view abstains. Signed normal/cover support is incomplete; do not interpret this discrepancy as proof of a buried fault. No fault displacement, geothermal fluid flow or vent has been verified at this pixel.",Lithologic contact; basin-fill model dependence on gravity; intrusive/dike boundary; processing or coverage effects. Surface-only features may instead be roads or erosion.,MODEL HYPOTHESIS ONLY — requires expert/field review
R2-A-00427,2978,1205,363900.0,4210700.0,-118.550827,38.033798,0.8494294,0.4888271,796.55927,10.46197,0.89112,0.99947,0.94831,100.0,"Potential-field view is in its training-reference confident tail while the surface view abstains. Deeper-than-median modelled cover, anti-aligned gravity/cover normals and cross-scale gravity persistence are consistent with a covered basin-margin discontinuity. No fault displacement, geothermal fluid flow or vent has been verified at this pixel.",Lithologic contact; basin-fill model dependence on gravity; intrusive/dike boundary; processing or coverage effects. Surface-only features may instead be roads or erosion.,MODEL HYPOTHESIS ONLY — requires expert/field review
R2-A-00428,2978,1224,365800.0,4210700.0,-118.5291842,38.0340816,0.843749,0.4072916,824.73334,15.53581,0.71658,0.99746,0.90867,141.42,"Potential-field view is in its training-reference confident tail while the surface view abstains. Deeper-than-median modelled cover, anti-aligned gravity/cover normals and cross-scale gravity persistence are consistent with a covered basin-margin discontinuity. No fault displacement, geothermal fluid flow or vent has been verified at this pixel.",Lithologic contact; basin-fill model dependence on gravity; intrusive/dike boundary; processing or coverage effects. Surface-only features may instead be roads or erosion.,MODEL HYPOTHESIS ONLY — requires expert/field review
R2-A-00429,2978,1240,367400.0,4210700.0,-118.5109583,38.0343173,0.8311298,0.5925747,753.47449,12.49644,0.8879,1.0,0.99227,800.0,"Potential-field view is in its training-reference confident tail while the surface view abstains. Deeper-than-median modelled cover, anti-aligned gravity/cover normals and cross-scale gravity persistence are consistent with a covered basin-margin discontinuity. No fault displacement, geothermal fluid flow or vent has been verified at this pixel.",Lithologic contact; basin-fill model dependence on gravity; intrusive/dike boundary; processing or coverage effects. Surface-only features may instead be roads or erosion.,MODEL HYPOTHESIS ONLY — requires expert/field review
R2-A-00430,2978,1243,367700.0,4210700.0,-118.507541,38.0343612,0.82064,0.5719445,739.13116,10.14663,0.89836,0.99996,0.99212,1100.0,"Potential-field view is in its training-reference confident tail while the surface view abstains. Deeper-than-median modelled cover, anti-aligned gravity/cover normals and cross-scale gravity persistence are consistent with a covered basin-margin discontinuity. No fault displacement, geothermal fluid flow or vent has been verified at this pixel.",Lithologic contact; basin-fill model dependence on gravity; intrusive/dike boundary; processing or coverage effects. Surface-only features may instead be roads or erosion.,MODEL HYPOTHESIS ONLY — requires expert/field review
R2-A-00431,2978,1254,368800.0,4210700.0,-118.4950106,38.0345212,0.8586992,0.5830686,691.72394,6.02533,0.93585,0.99323,0.98506,894.43,"Potential-field view is in its training-reference confident tail while the surface view abstains. Deeper-than-median modelled cover, anti-aligned gravity/cover normals and cross-scale gravity persistence are consistent with a covered basin-margin discontinuity. No fault displacement, geothermal fluid flow or vent has been verified at this pixel.",Lithologic contact; basin-fill model dependence on gravity; intrusive/dike boundary; processing or coverage effects. Surface-only features may instead be roads or erosion.,MODEL HYPOTHESIS ONLY — requires expert/field review
R2-A-00432,2978,1257,369100.0,4210700.0,-118.4915932,38.0345646,0.8528477,0.5983378,682.27667,5.47302,0.93181,0.99255,0.99338,640.31,"Potential-field view is in its training-reference confident tail while the surface view abstains. Deeper-than-median modelled cover, anti-aligned gravity/cover normals and cross-scale gravity persistence are consistent with a covered basin-margin discontinuity. No fault displacement, geothermal fluid flow or vent has been verified at this pixel.",Lithologic contact; basin-fill model dependence on gravity; intrusive/dike boundary; processing or coverage effects. Surface-only features may instead be roads or erosion.,MODEL HYPOTHESIS ONLY — requires expert/field review
R2-A-00433,2978,1268,370200.0,4210700.0,-118.4790626,38.034723,0.8269064,0.4966365,663.69843,2.82158,0.78506,0.99753,0.99876,223.61,"Potential-field view is in its training-reference confident tail while the surface view abstains. Deeper-than-median modelled cover, anti-aligned gravity/cover normals and cross-scale gravity persistence are consistent with a covered basin-margin discontinuity. No fault displacement, geothermal fluid flow or vent has been verified at this pixel.",Lithologic contact; basin-fill model dependence on gravity; intrusive/dike boundary; processing or coverage effects. Surface-only features may instead be roads or erosion.,MODEL HYPOTHESIS ONLY — requires expert/field review
R2-A-00434,2978,1276,371000.0,4210700.0,-118.4699494,38.0348373,0.8546549,0.4884618,649.79266,6.74221,0.85204,0.9996,0.99747,282.84,"Potential-field view is in its training-reference confident tail while the surface view abstains. Deeper-than-median modelled cover, anti-aligned gravity/cover normals and cross-scale gravity persistence are consistent with a covered basin-margin discontinuity. No fault displacement, geothermal fluid flow or vent has been verified at this pixel.",Lithologic contact; basin-fill model dependence on gravity; intrusive/dike boundary; processing or coverage effects. Surface-only features may instead be roads or erosion.,MODEL HYPOTHESIS ONLY — requires expert/field review
R2-A-00435,2978,1279,371300.0,4210700.0,-118.466532,38.03488,0.8551421,0.5395634,641.26129,5.66337,0.85921,0.9997,0.9977,360.56,"Potential-field view is in its training-reference confident tail while the surface view abstains. Deeper-than-median modelled cover, anti-aligned gravity/cover normals and cross-scale gravity persistence are consistent with a covered basin-margin discontinuity. No fault displacement, geothermal fluid flow or vent has been verified at this pixel.",Lithologic contact; basin-fill model dependence on gravity; intrusive/dike boundary; processing or coverage effects. Surface-only features may instead be roads or erosion.,MODEL HYPOTHESIS ONLY — requires expert/field review
R2-A-00436,2978,1309,374300.0,4210700.0,-118.4323571,38.0353014,0.8633482,0.6118693,491.11627,8.19162,0.92462,0.99693,0.9902,1118.03,"Potential-field view is in its training-reference confident tail while the surface view abstains. Deeper-than-median modelled cover, anti-aligned gravity/cover normals and cross-scale gravity persistence are consistent with a covered basin-margin discontinuity. No fault displacement, geothermal fluid flow or vent has been verified at this pixel.",Lithologic contact; basin-fill model dependence on gravity; intrusive/dike boundary; processing or coverage effects. Surface-only features may instead be roads or erosion.,MODEL HYPOTHESIS ONLY — requires expert/field review
R2-A-00437,2978,1351,378500.0,4210700.0,-118.384511,38.0358746,0.8906977,0.5639533,311.03329,2.70644,0.89504,0.99998,0.99157,761.58,"Potential-field view is in its training-reference confident tail while the surface view abstains. Signed normal/cover support is incomplete; do not interpret this discrepancy as proof of a buried fault. No fault displacement, geothermal fluid flow or vent has been verified at this pixel.",Lithologic contact; basin-fill model dependence on gravity; intrusive/dike boundary; processing or coverage effects. Surface-only features may instead be roads or erosion.,MODEL HYPOTHESIS ONLY — requires expert/field review
R2-A-00438,2978,1358,379200.0,4210700.0,-118.3765365,38.0359683,0.8526284,0.4992698,283.65128,3.28052,0.8501,0.99984,0.9893,608.28,"Potential-field view is in its training-reference confident tail while the surface view abstains. Signed normal/cover support is incomplete; do not interpret this discrepancy as proof of a buried fault. No fault displacement, geothermal fluid flow or vent has been verified at this pixel.",Lithologic contact; basin-fill model dependence on gravity; intrusive/dike boundary; processing or coverage effects. Surface-only features may instead be roads or erosion.,MODEL HYPOTHESIS ONLY — requires expert/field review
R2-A-00439,2978,1363,379700.0,4210700.0,-118.3708404,38.0360349,0.8412282,0.4487638,266.0116,0.84864,0.85875,0.99993,0.98317,632.46,"Potential-field view is in its training-reference confident tail while the surface view abstains. Signed normal/cover support is incomplete; do not interpret this discrepancy as proof of a buried fault. No fault displacement, geothermal fluid flow or vent has been verified at this pixel.",Lithologic contact; basin-fill model dependence on gravity; intrusive/dike boundary; processing or coverage effects. Surface-only features may instead be roads or erosion.,MODEL HYPOTHESIS ONLY — requires expert/field review
R2-A-00440,2978,1368,380200.0,4210700.0,-118.3651443,38.0361011,0.831293,0.4867025,252.7097,0.52849,0.86863,0.99891,0.96949,921.95,"Potential-field view is in its training-reference confident tail while the surface view abstains. Signed normal/cover support is incomplete; do not interpret this discrepancy as proof of a buried fault. No fault displacement, geothermal fluid flow or vent has been verified at this pixel.",Lithologic contact; basin-fill model dependence on gravity; intrusive/dike boundary; processing or coverage effects. Surface-only features may instead be roads or erosion.,MODEL HYPOTHESIS ONLY — requires expert/field review
R2-A-00441,2978,1371,380500.0,4210700.0,-118.3617266,38.0361408,0.8363786,0.4813415,244.72934,1.36017,0.86793,0.99775,0.94773,824.62,"Potential-field view is in its training-reference confident tail while the surface view abstains. Signed normal/cover support is incomplete; do not interpret this discrepancy as proof of a buried fault. No fault displacement, geothermal fluid flow or vent has been verified at this pixel.",Lithologic contact; basin-fill model dependence on gravity; intrusive/dike boundary; processing or coverage effects. Surface-only features may instead be roads or erosion.,MODEL HYPOTHESIS ONLY — requires expert/field review
R2-A-00442,2978,1375,380900.0,4210700.0,-118.3571697,38.0361935,0.8347344,0.5707793,241.92252,4.57444,0.88831,0.99935,0.90473,781.02,"Potential-field view is in its training-reference confident tail while the surface view abstains. Signed normal/cover support is incomplete; do not interpret this discrepancy as proof of a buried fault. No fault displacement, geothermal fluid flow or vent has been verified at this pixel.",Lithologic contact; basin-fill model dependence on gravity; intrusive/dike boundary; processing or coverage effects. Surface-only features may instead be roads or erosion.,MODEL HYPOTHESIS ONLY — requires expert/field review
R2-A-00443,2978,1400,383400.0,4210700.0,-118.3286889,38.0365189,0.8380522,0.593406,250.92192,2.08558,0.71514,0.97097,0.73564,223.61,"Potential-field view is in its training-reference confident tail while the surface view abstains. Signed normal/cover support is incomplete; do not interpret this discrepancy as proof of a buried fault. No fault displacement, geothermal fluid flow or vent has been verified at this pixel.",Lithologic contact; basin-fill model dependence on gravity; intrusive/dike boundary; processing or coverage effects. Surface-only features may instead be roads or erosion.,MODEL HYPOTHESIS ONLY — requires expert/field review
R2-A-00444,2979,1237,367100.0,4210600.0,-118.5143571,38.0333723,0.8436261,0.4527876,772.13251,7.57121,0.87689,0.99975,0.98935,509.9,"Potential-field view is in its training-reference confident tail while the surface view abstains. Deeper-than-median modelled cover, anti-aligned gravity/cover normals and cross-scale gravity persistence are consistent with a covered basin-margin discontinuity. No fault displacement, geothermal fluid flow or vent has been verified at this pixel.",Lithologic contact; basin-fill model dependence on gravity; intrusive/dike boundary; processing or coverage effects. Surface-only features may instead be roads or erosion.,MODEL HYPOTHESIS ONLY — requires expert/field review
R2-A-00445,2979,1250,368400.0,4210600.0,-118.4995487,38.0335622,0.862578,0.6036043,712.3136,14.06217,0.92141,0.99897,0.98357,1216.55,"Potential-field view is in its training-reference confident tail while the surface view abstains. Deeper-than-median modelled cover, anti-aligned gravity/cover normals and cross-scale gravity persistence are consistent with a covered basin-margin discontinuity. No fault displacement, geothermal fluid flow or vent has been verified at this pixel.",Lithologic contact; basin-fill model dependence on gravity; intrusive/dike boundary; processing or coverage effects. Surface-only features may instead be roads or erosion.,MODEL HYPOTHESIS ONLY — requires expert/field review
R2-A-00446,2979,1271,370500.0,4210600.0,-118.4756271,38.0338649,0.8454501,0.6083863,671.00275,2.45196,0.80485,0.99854,0.99764,200.0,"Potential-field view is in its training-reference confident tail while the surface view abstains. Deeper-than-median modelled cover, anti-aligned gravity/cover normals and cross-scale gravity persistence are consistent with a covered basin-margin discontinuity. No fault displacement, geothermal fluid flow or vent has been verified at this pixel.",Lithologic contact; basin-fill model dependence on gravity; intrusive/dike boundary; processing or coverage effects. Surface-only features may instead be roads or erosion.,MODEL HYPOTHESIS ONLY — requires expert/field review
R2-A-00447,2979,1281,371500.0,4210600.0,-118.4642357,38.0340074,0.8521712,0.5445945,644.87482,11.63197,0.86602,0.99976,0.99764,282.84,"Potential-field view is in its training-reference confident tail while the surface view abstains. Deeper-than-median modelled cover, anti-aligned gravity/cover normals and cross-scale gravity persistence are consistent with a covered basin-margin discontinuity. No fault displacement, geothermal fluid flow or vent has been verified at this pixel.",Lithologic contact; basin-fill model dependence on gravity; intrusive/dike boundary; processing or coverage effects. Surface-only features may instead be roads or erosion.,MODEL HYPOTHESIS ONLY — requires expert/field review
R2-A-00448,2979,1315,374900.0,4210600.0,-118.4255045,38.0344834,0.8847952,0.5286031,472.48544,6.93736,0.9589,0.99979,0.96506,707.11,"Potential-field view is in its training-reference confident tail while the surface view abstains. Deeper-than-median modelled cover, anti-aligned gravity/cover normals and cross-scale gravity persistence are consistent with a covered basin-margin discontinuity. No fault displacement, geothermal fluid flow or vent has been verified at this pixel.",Lithologic contact; basin-fill model dependence on gravity; intrusive/dike boundary; processing or coverage effects. Surface-only features may instead be roads or erosion.,MODEL HYPOTHESIS ONLY — requires expert/field review
R2-A-00449,2979,1327,376100.0,4210600.0,-118.4118345,38.0346484,0.8798705,0.5086589,428.42676,4.12242,0.97012,0.99865,0.98741,141.42,"Potential-field view is in its training-reference confident tail while the surface view abstains. Deeper-than-median modelled cover, anti-aligned gravity/cover normals and cross-scale gravity persistence are consistent with a covered basin-margin discontinuity. No fault displacement, geothermal fluid flow or vent has been verified at this pixel.",Lithologic contact; basin-fill model dependence on gravity; intrusive/dike boundary; processing or coverage effects. Surface-only features may instead be roads or erosion.,MODEL HYPOTHESIS ONLY — requires expert/field review
R2-A-00450,2979,1340,377400.0,4210600.0,-118.3970251,38.0348254,0.8873777,0.5552254,376.25748,11.09462,0.92536,0.99959,0.99039,141.42,"Potential-field view is in its training-reference confident tail while the surface view abstains. Deeper-than-median modelled cover, anti-aligned gravity/cover normals and cross-scale gravity persistence are consistent with a covered basin-margin discontinuity. No fault displacement, geothermal fluid flow or vent has been verified at this pixel.",Lithologic contact; basin-fill model dependence on gravity; intrusive/dike boundary; processing or coverage effects. Surface-only features may instead be roads or erosion.,MODEL HYPOTHESIS ONLY — requires expert/field review
R2-A-00451,2979,1343,377700.0,4210600.0,-118.3936075,38.0348659,0.8790954,0.5336417,363.05066,4.62506,0.91538,0.99989,0.99076,360.56,"Potential-field view is in its training-reference confident tail while the surface view abstains. Deeper-than-median modelled cover, anti-aligned gravity/cover normals and cross-scale gravity persistence are consistent with a covered basin-margin discontinuity. No fault displacement, geothermal fluid flow or vent has been verified at this pixel.",Lithologic contact; basin-fill model dependence on gravity; intrusive/dike boundary; processing or coverage effects. Surface-only features may instead be roads or erosion.,MODEL HYPOTHESIS ONLY — requires expert/field review
R2-A-00452,2979,1353,378700.0,4210600.0,-118.3822156,38.0350004,0.8906977,0.5749533,312.6394,4.61964,0.87887,0.99998,0.99243,670.82,"Potential-field view is in its training-reference confident tail while the surface view abstains. Signed normal/cover support is incomplete; do not interpret this discrepancy as proof of a buried fault. No fault displacement, geothermal fluid flow or vent has been verified at this pixel.",Lithologic contact; basin-fill model dependence on gravity; intrusive/dike boundary; processing or coverage effects. Surface-only features may instead be roads or erosion.,MODEL HYPOTHESIS ONLY — requires expert/field review
R2-A-00453,2979,1385,381900.0,4210600.0,-118.345761,38.0354234,0.8435791,0.5313298,261.03574,0.66339,0.75644,0.89583,0.50718,200.0,"Potential-field view is in its training-reference confident tail while the surface view abstains. Signed normal/cover support is incomplete; do not interpret this discrepancy as proof of a buried fault. No fault displacement, geothermal fluid flow or vent has been verified at this pixel.",Lithologic contact; basin-fill model dependence on gravity; intrusive/dike boundary; processing or coverage effects. Surface-only features may instead be roads or erosion.,MODEL HYPOTHESIS ONLY — requires expert/field review
R2-A-00454,2979,1390,382400.0,4210600.0,-118.3400648,38.0354885,0.8470452,0.4923267,266.62845,3.12476,0.49575,0.7501,0.59554,282.84,"Potential-field view is in its training-reference confident tail while the surface view abstains. Signed normal/cover support is incomplete; do not interpret this discrepancy as proof of a buried fault. No fault displacement, geothermal fluid flow or vent has been verified at this pixel.",Lithologic contact; basin-fill model dependence on gravity; intrusive/dike boundary; processing or coverage effects. Surface-only features may instead be roads or erosion.,MODEL HYPOTHESIS ONLY — requires expert/field review
R2-A-00455,2979,1397,383100.0,4210600.0,-118.3320903,38.0355791,0.8419814,0.5541378,264.18756,1.71736,0.89864,0.97897,0.35928,141.42,"Potential-field view is in its training-reference confident tail while the surface view abstains. Signed normal/cover support is incomplete; do not interpret this discrepancy as proof of a buried fault. No fault displacement, geothermal fluid flow or vent has been verified at this pixel.",Lithologic contact; basin-fill model dependence on gravity; intrusive/dike boundary; processing or coverage effects. Surface-only features may instead be roads or erosion.,MODEL HYPOTHESIS ONLY — requires expert/field review
R2-A-00456,2980,1209,364300.0,4210500.0,-118.5462328,38.0320562,0.8573681,0.515362,817.34576,12.32577,0.76427,0.98572,0.86544,223.61,"Potential-field view is in its training-reference confident tail while the surface view abstains. Deeper-than-median modelled cover, anti-aligned gravity/cover normals and cross-scale gravity persistence are consistent with a covered basin-margin discontinuity. No fault displacement, geothermal fluid flow or vent has been verified at this pixel.",Lithologic contact; basin-fill model dependence on gravity; intrusive/dike boundary; processing or coverage effects. Surface-only features may instead be roads or erosion.,MODEL HYPOTHESIS ONLY — requires expert/field review
R2-A-00457,2980,1287,372100.0,4210500.0,-118.457383,38.0331913,0.860534,0.5096709,627.5202,3.40934,0.88661,1.0,0.99823,141.42,"Potential-field view is in its training-reference confident tail while the surface view abstains. Deeper-than-median modelled cover, anti-aligned gravity/cover normals and cross-scale gravity persistence are consistent with a covered basin-margin discontinuity. No fault displacement, geothermal fluid flow or vent has been verified at this pixel.",Lithologic contact; basin-fill model dependence on gravity; intrusive/dike boundary; processing or coverage effects. Surface-only features may instead be roads or erosion.,MODEL HYPOTHESIS ONLY — requires expert/field review
R2-A-00458,2980,1292,372600.0,4210500.0,-118.4516874,38.0332618,0.8467247,0.5126375,603.71973,2.47246,0.89715,0.99998,0.99917,282.84,"Potential-field view is in its training-reference confident tail while the surface view abstains. Deeper-than-median modelled cover, anti-aligned gravity/cover normals and cross-scale gravity persistence are consistent with a covered basin-margin discontinuity. No fault displacement, geothermal fluid flow or vent has been verified at this pixel.",Lithologic contact; basin-fill model dependence on gravity; intrusive/dike boundary; processing or coverage effects. Surface-only features may instead be roads or erosion.,MODEL HYPOTHESIS ONLY — requires expert/field review
R2-A-00459,2980,1295,372900.0,4210500.0,-118.44827,38.0333039,0.8494722,0.5055411,586.37653,4.20372,0.90585,0.99987,0.99947,538.52,"Potential-field view is in its training-reference confident tail while the surface view abstains. Deeper-than-median modelled cover, anti-aligned gravity/cover normals and cross-scale gravity persistence are consistent with a covered basin-margin discontinuity. No fault displacement, geothermal fluid flow or vent has been verified at this pixel.",Lithologic contact; basin-fill model dependence on gravity; intrusive/dike boundary; processing or coverage effects. Surface-only features may instead be roads or erosion.,MODEL HYPOTHESIS ONLY — requires expert/field review
R2-A-00460,2980,1321,375500.0,4210500.0,-118.4186521,38.0336651,0.8684918,0.5791603,460.51004,6.01379,0.97834,0.99795,0.98243,141.42,"Potential-field view is in its training-reference confident tail while the surface view abstains. Deeper-than-median modelled cover, anti-aligned gravity/cover normals and cross-scale gravity persistence are consistent with a covered basin-margin discontinuity. No fault displacement, geothermal fluid flow or vent has been verified at this pixel.",Lithologic contact; basin-fill model dependence on gravity; intrusive/dike boundary; processing or coverage effects. Surface-only features may instead be roads or erosion.,MODEL HYPOTHESIS ONLY — requires expert/field review
R2-A-00461,2980,1325,375900.0,4210500.0,-118.4140955,38.03372,0.8791872,0.5831386,446.41821,10.26331,0.97288,0.99883,0.98642,141.42,"Potential-field view is in its training-reference confident tail while the surface view abstains. Deeper-than-median modelled cover, anti-aligned gravity/cover normals and cross-scale gravity persistence are consistent with a covered basin-margin discontinuity. No fault displacement, geothermal fluid flow or vent has been verified at this pixel.",Lithologic contact; basin-fill model dependence on gravity; intrusive/dike boundary; processing or coverage effects. Surface-only features may instead be roads or erosion.,MODEL HYPOTHESIS ONLY — requires expert/field review
R2-A-00462,2980,1332,376600.0,4210500.0,-118.4061213,38.0338157,0.889835,0.5976699,421.85565,6.053,0.95466,0.99914,0.98573,282.84,"Potential-field view is in its training-reference confident tail while the surface view abstains. Deeper-than-median modelled cover, anti-aligned gravity/cover normals and cross-scale gravity persistence are consistent with a covered basin-margin discontinuity. No fault displacement, geothermal fluid flow or vent has been verified at this pixel.",Lithologic contact; basin-fill model dependence on gravity; intrusive/dike boundary; processing or coverage effects. Surface-only features may instead be roads or erosion.,MODEL HYPOTHESIS ONLY — requires expert/field review
R2-A-00463,2980,1347,378100.0,4210500.0,-118.3890338,38.0340188,0.8905675,0.6022761,354.30377,7.83714,0.90983,0.99994,0.99349,670.82,"Potential-field view is in its training-reference confident tail while the surface view abstains. Deeper-than-median modelled cover, anti-aligned gravity/cover normals and cross-scale gravity persistence are consistent with a covered basin-margin discontinuity. No fault displacement, geothermal fluid flow or vent has been verified at this pixel.",Lithologic contact; basin-fill model dependence on gravity; intrusive/dike boundary; processing or coverage effects. Surface-only features may instead be roads or erosion.,MODEL HYPOTHESIS ONLY — requires expert/field review
R2-A-00464,2980,1356,379000.0,4210500.0,-118.3787811,38.0341395,0.8406731,0.596747,312.68109,2.6257,0.85802,1.0,0.99313,500.0,"Potential-field view is in its training-reference confident tail while the surface view abstains. Signed normal/cover support is incomplete; do not interpret this discrepancy as proof of a buried fault. No fault displacement, geothermal fluid flow or vent has been verified at this pixel.",Lithologic contact; basin-fill model dependence on gravity; intrusive/dike boundary; processing or coverage effects. Surface-only features may instead be roads or erosion.,MODEL HYPOTHESIS ONLY — requires expert/field review
R2-A-00465,2980,1392,382600.0,4210500.0,-118.33777,38.0346134,0.8447963,0.5085453,277.81119,1.82925,0.67089,0.81111,0.56729,141.42,"Potential-field view is in its training-reference confident tail while the surface view abstains. Signed normal/cover support is incomplete; do not interpret this discrepancy as proof of a buried fault. No fault displacement, geothermal fluid flow or vent has been verified at this pixel.",Lithologic contact; basin-fill model dependence on gravity; intrusive/dike boundary; processing or coverage effects. Surface-only features may instead be roads or erosion.,MODEL HYPOTHESIS ONLY — requires expert/field review
R2-A-00466,2981,1204,363800.0,4210400.0,-118.5519091,38.0310801,0.8579819,0.4938228,794.3454,2.97602,0.94668,0.99694,0.96942,200.0,"Potential-field view is in its training-reference confident tail while the surface view abstains. Deeper-than-median modelled cover, anti-aligned gravity/cover normals and cross-scale gravity persistence are consistent with a covered basin-margin discontinuity. No fault displacement, geothermal fluid flow or vent has been verified at this pixel.",Lithologic contact; basin-fill model dependence on gravity; intrusive/dike boundary; processing or coverage effects. Surface-only features may instead be roads or erosion.,MODEL HYPOTHESIS ONLY — requires expert/field review
R2-A-00467,2981,1216,365000.0,4210400.0,-118.5382404,38.0312598,0.8387199,0.4602229,835.92712,6.23839,-0.92633,0.99519,0.2948,300.0,"Potential-field view is in its training-reference confident tail while the surface view abstains. Signed normal/cover support is incomplete; do not interpret this discrepancy as proof of a buried fault. No fault displacement, geothermal fluid flow or vent has been verified at this pixel.",Lithologic contact; basin-fill model dependence on gravity; intrusive/dike boundary; processing or coverage effects. Surface-only features may instead be roads or erosion.,MODEL HYPOTHESIS ONLY — requires expert/field review
R2-A-00468,2981,1222,365600.0,4210400.0,-118.5314061,38.031349,0.8490711,0.421469,840.39862,12.53155,0.37211,0.98457,0.84334,223.61,"Potential-field view is in its training-reference confident tail while the surface view abstains. Deeper-than-median modelled cover, anti-aligned gravity/cover normals and cross-scale gravity persistence are consistent with a covered basin-margin discontinuity. No fault displacement, geothermal fluid flow or vent has been verified at this pixel.",Lithologic contact; basin-fill model dependence on gravity; intrusive/dike boundary; processing or coverage effects. Surface-only features may instead be roads or erosion.,MODEL HYPOTHESIS ONLY — requires expert/field review
R2-A-00469,2981,1240,367400.0,4210400.0,-118.5109028,38.0316144,0.8492535,0.4386034,766.01782,11.12501,0.88849,0.99994,0.98822,781.02,"Potential-field view is in its training-reference confident tail while the surface view abstains. Deeper-than-median modelled cover, anti-aligned gravity/cover normals and cross-scale gravity persistence are consistent with a covered basin-margin discontinuity. No fault displacement, geothermal fluid flow or vent has been verified at this pixel.",Lithologic contact; basin-fill model dependence on gravity; intrusive/dike boundary; processing or coverage effects. Surface-only features may instead be roads or erosion.,MODEL HYPOTHESIS ONLY — requires expert/field review
R2-A-00470,2981,1243,367700.0,4210400.0,-118.5074855,38.0316582,0.8450993,0.5957513,752.73816,4.86717,0.89695,0.99999,0.98839,1029.56,"Potential-field view is in its training-reference confident tail while the surface view abstains. Deeper-than-median modelled cover, anti-aligned gravity/cover normals and cross-scale gravity persistence are consistent with a covered basin-margin discontinuity. No fault displacement, geothermal fluid flow or vent has been verified at this pixel.",Lithologic contact; basin-fill model dependence on gravity; intrusive/dike boundary; processing or coverage effects. Surface-only features may instead be roads or erosion.,MODEL HYPOTHESIS ONLY — requires expert/field review
R2-A-00471,2981,1280,371400.0,4210400.0,-118.465339,38.0321912,0.8433953,0.5430197,666.26794,3.49825,0.85407,0.99971,0.99736,447.21,"Potential-field view is in its training-reference confident tail while the surface view abstains. Deeper-than-median modelled cover, anti-aligned gravity/cover normals and cross-scale gravity persistence are consistent with a covered basin-margin discontinuity. No fault displacement, geothermal fluid flow or vent has been verified at this pixel.",Lithologic contact; basin-fill model dependence on gravity; intrusive/dike boundary; processing or coverage effects. Surface-only features may instead be roads or erosion.,MODEL HYPOTHESIS ONLY — requires expert/field review
R2-A-00472,2981,1283,371700.0,4210400.0,-118.4619216,38.0322337,0.8435934,0.583505,655.82532,7.9628,0.87297,0.99988,0.9974,223.61,"Potential-field view is in its training-reference confident tail while the surface view abstains. Deeper-than-median modelled cover, anti-aligned gravity/cover normals and cross-scale gravity persistence are consistent with a covered basin-margin discontinuity. No fault displacement, geothermal fluid flow or vent has been verified at this pixel.",Lithologic contact; basin-fill model dependence on gravity; intrusive/dike boundary; processing or coverage effects. Surface-only features may instead be roads or erosion.,MODEL HYPOTHESIS ONLY — requires expert/field review
R2-A-00473,2981,1299,373300.0,4210400.0,-118.4436957,38.032459,0.8540463,0.5885196,571.75061,5.61069,0.90007,0.99903,0.99959,948.68,"Potential-field view is in its training-reference confident tail while the surface view abstains. Deeper-than-median modelled cover, anti-aligned gravity/cover normals and cross-scale gravity persistence are consistent with a covered basin-margin discontinuity. No fault displacement, geothermal fluid flow or vent has been verified at this pixel.",Lithologic contact; basin-fill model dependence on gravity; intrusive/dike boundary; processing or coverage effects. Surface-only features may instead be roads or erosion.,MODEL HYPOTHESIS ONLY — requires expert/field review
R2-A-00474,2981,1309,374300.0,4210400.0,-118.4323044,38.0325983,0.8629343,0.5871019,517.55048,7.53598,0.90178,0.99378,0.98352,860.23,"Potential-field view is in its training-reference confident tail while the surface view abstains. Deeper-than-median modelled cover, anti-aligned gravity/cover normals and cross-scale gravity persistence are consistent with a covered basin-margin discontinuity. No fault displacement, geothermal fluid flow or vent has been verified at this pixel.",Lithologic contact; basin-fill model dependence on gravity; intrusive/dike boundary; processing or coverage effects. Surface-only features may instead be roads or erosion.,MODEL HYPOTHESIS ONLY — requires expert/field review
R2-A-00475,2981,1316,375000.0,4210400.0,-118.4243304,38.0326952,0.885802,0.6093942,487.73572,6.7211,0.9693,0.9982,0.95456,500.0,"Potential-field view is in its training-reference confident tail while the surface view abstains. Deeper-than-median modelled cover, anti-aligned gravity/cover normals and cross-scale gravity persistence are consistent with a covered basin-margin discontinuity. No fault displacement, geothermal fluid flow or vent has been verified at this pixel.",Lithologic contact; basin-fill model dependence on gravity; intrusive/dike boundary; processing or coverage effects. Surface-only features may instead be roads or erosion.,MODEL HYPOTHESIS ONLY — requires expert/field review
R2-A-00476,2981,1319,375300.0,4210400.0,-118.420913,38.0327366,0.8806751,0.5359175,477.49924,8.13856,0.98098,0.99623,0.97328,282.84,"Potential-field view is in its training-reference confident tail while the surface view abstains. Deeper-than-median modelled cover, anti-aligned gravity/cover normals and cross-scale gravity persistence are consistent with a covered basin-margin discontinuity. No fault displacement, geothermal fluid flow or vent has been verified at this pixel.",Lithologic contact; basin-fill model dependence on gravity; intrusive/dike boundary; processing or coverage effects. Surface-only features may instead be roads or erosion.,MODEL HYPOTHESIS ONLY — requires expert/field review
R2-A-00477,2981,1336,377000.0,4210400.0,-118.4015475,38.0329691,0.8831366,0.6003835,417.00723,18.38549,0.93541,0.9998,0.98987,100.0,"Potential-field view is in its training-reference confident tail while the surface view abstains. Deeper-than-median modelled cover, anti-aligned gravity/cover normals and cross-scale gravity persistence are consistent with a covered basin-margin discontinuity. No fault displacement, geothermal fluid flow or vent has been verified at this pixel.",Lithologic contact; basin-fill model dependence on gravity; intrusive/dike boundary; processing or coverage effects. Surface-only features may instead be roads or erosion.,MODEL HYPOTHESIS ONLY — requires expert/field review
R2-A-00478,2981,1339,377300.0,4210400.0,-118.39813,38.0330098,0.8795906,0.5708292,404.34924,3.63619,0.92886,0.99943,0.99151,282.84,"Potential-field view is in its training-reference confident tail while the surface view abstains. Deeper-than-median modelled cover, anti-aligned gravity/cover normals and cross-scale gravity persistence are consistent with a covered basin-margin discontinuity. No fault displacement, geothermal fluid flow or vent has been verified at this pixel.",Lithologic contact; basin-fill model dependence on gravity; intrusive/dike boundary; processing or coverage effects. Surface-only features may instead be roads or erosion.,MODEL HYPOTHESIS ONLY — requires expert/field review
R2-A-00479,2981,1344,377800.0,4210400.0,-118.3924342,38.0330774,0.8813898,0.5611714,381.73254,9.13476,0.91518,0.99988,0.99291,565.69,"Potential-field view is in its training-reference confident tail while the surface view abstains. Deeper-than-median modelled cover, anti-aligned gravity/cover normals and cross-scale gravity persistence are consistent with a covered basin-margin discontinuity. No fault displacement, geothermal fluid flow or vent has been verified at this pixel.",Lithologic contact; basin-fill model dependence on gravity; intrusive/dike boundary; processing or coverage effects. Surface-only features may instead be roads or erosion.,MODEL HYPOTHESIS ONLY — requires expert/field review
R2-A-00480,2981,1375,380900.0,4210400.0,-118.3571199,38.0334904,0.8369148,0.5593561,271.40994,1.66812,0.92852,0.99974,0.93303,538.52,"Potential-field view is in its training-reference confident tail while the surface view abstains. Signed normal/cover support is incomplete; do not interpret this discrepancy as proof of a buried fault. No fault displacement, geothermal fluid flow or vent has been verified at this pixel.",Lithologic contact; basin-fill model dependence on gravity; intrusive/dike boundary; processing or coverage effects. Surface-only features may instead be roads or erosion.,MODEL HYPOTHESIS ONLY — requires expert/field review
R2-A-00481,2981,1386,382000.0,4210400.0,-118.3445888,38.0336344,0.8483606,0.5753252,280.32571,7.93288,0.84707,0.92604,0.70275,141.42,"Potential-field view is in its training-reference confident tail while the surface view abstains. Signed normal/cover support is incomplete; do not interpret this discrepancy as proof of a buried fault. No fault displacement, geothermal fluid flow or vent has been verified at this pixel.",Lithologic contact; basin-fill model dependence on gravity; intrusive/dike boundary; processing or coverage effects. Surface-only features may instead be roads or erosion.,MODEL HYPOTHESIS ONLY — requires expert/field review
R2-A-00482,2981,1400,383400.0,4210400.0,-118.32864,38.0338157,0.8337293,0.5374115,277.50769,2.72482,0.91648,0.99996,0.80275,282.84,"Potential-field view is in its training-reference confident tail while the surface view abstains. Signed normal/cover support is incomplete; do not interpret this discrepancy as proof of a buried fault. No fault displacement, geothermal fluid flow or vent has been verified at this pixel.",Lithologic contact; basin-fill model dependence on gravity; intrusive/dike boundary; processing or coverage effects. Surface-only features may instead be roads or erosion.,MODEL HYPOTHESIS ONLY — requires expert/field review
R2-A-00483,2982,1237,367100.0,4210300.0,-118.5143015,38.0306694,0.8501591,0.4229761,783.78058,7.95041,0.87768,0.9998,0.98518,500.0,"Potential-field view is in its training-reference confident tail while the surface view abstains. Deeper-than-median modelled cover, anti-aligned gravity/cover normals and cross-scale gravity persistence are consistent with a covered basin-margin discontinuity. No fault displacement, geothermal fluid flow or vent has been verified at this pixel.",Lithologic contact; basin-fill model dependence on gravity; intrusive/dike boundary; processing or coverage effects. Surface-only features may instead be roads or erosion.,MODEL HYPOTHESIS ONLY — requires expert/field review
R2-A-00484,2982,1245,367900.0,4210300.0,-118.5051889,38.0307865,0.8479469,0.6084299,749.15283,4.27843,0.90076,0.99984,0.9864,1140.18,"Potential-field view is in its training-reference confident tail while the surface view abstains. Deeper-than-median modelled cover, anti-aligned gravity/cover normals and cross-scale gravity persistence are consistent with a covered basin-margin discontinuity. No fault displacement, geothermal fluid flow or vent has been verified at this pixel.",Lithologic contact; basin-fill model dependence on gravity; intrusive/dike boundary; processing or coverage effects. Surface-only features may instead be roads or erosion.,MODEL HYPOTHESIS ONLY — requires expert/field review
R2-A-00485,2982,1273,370700.0,4210300.0,-118.4732947,38.0311905,0.8456724,0.5881585,694.96179,8.67759,0.81363,0.9992,0.99693,141.42,"Potential-field view is in its training-reference confident tail while the surface view abstains. Deeper-than-median modelled cover, anti-aligned gravity/cover normals and cross-scale gravity persistence are consistent with a covered basin-margin discontinuity. No fault displacement, geothermal fluid flow or vent has been verified at this pixel.",Lithologic contact; basin-fill model dependence on gravity; intrusive/dike boundary; processing or coverage effects. Surface-only features may instead be roads or erosion.,MODEL HYPOTHESIS ONLY — requires expert/field review
R2-A-00486,2982,1285,371900.0,4210300.0,-118.4596255,38.0313611,0.8540392,0.5287486,655.3526,4.20311,0.87913,0.99998,0.99748,100.0,"Potential-field view is in its training-reference confident tail while the surface view abstains. Deeper-than-median modelled cover, anti-aligned gravity/cover normals and cross-scale gravity persistence are consistent with a covered basin-margin discontinuity. No fault displacement, geothermal fluid flow or vent has been verified at this pixel.",Lithologic contact; basin-fill model dependence on gravity; intrusive/dike boundary; processing or coverage effects. Surface-only features may instead be roads or erosion.,MODEL HYPOTHESIS ONLY — requires expert/field review
R2-A-00487,2982,1306,374000.0,4210300.0,-118.4357042,38.0316557,0.8687019,0.590265,541.92102,3.85811,0.8938,0.99582,0.99398,989.95,"Potential-field view is in its training-reference confident tail while the surface view abstains. Deeper-than-median modelled cover, anti-aligned gravity/cover normals and cross-scale gravity persistence are consistent with a covered basin-margin discontinuity. No fault displacement, geothermal fluid flow or vent has been verified at this pixel.",Lithologic contact; basin-fill model dependence on gravity; intrusive/dike boundary; processing or coverage effects. Surface-only features may instead be roads or erosion.,MODEL HYPOTHESIS ONLY — requires expert/field review
R2-A-00488,2982,1324,375800.0,4210300.0,-118.4152,38.0319043,0.8780499,0.5330683,471.07162,7.10444,0.97815,0.99814,0.98345,200.0,"Potential-field view is in its training-reference confident tail while the surface view abstains. Deeper-than-median modelled cover, anti-aligned gravity/cover normals and cross-scale gravity persistence are consistent with a covered basin-margin discontinuity. No fault displacement, geothermal fluid flow or vent has been verified at this pixel.",Lithologic contact; basin-fill model dependence on gravity; intrusive/dike boundary; processing or coverage effects. Surface-only features may instead be roads or erosion.,MODEL HYPOTHESIS ONLY — requires expert/field review
R2-A-00489,2982,1329,376300.0,4210300.0,-118.4095043,38.0319727,0.8721197,0.5408618,454.86798,9.8422,0.97105,0.99718,0.98414,223.61,"Potential-field view is in its training-reference confident tail while the surface view abstains. Deeper-than-median modelled cover, anti-aligned gravity/cover normals and cross-scale gravity persistence are consistent with a covered basin-margin discontinuity. No fault displacement, geothermal fluid flow or vent has been verified at this pixel.",Lithologic contact; basin-fill model dependence on gravity; intrusive/dike boundary; processing or coverage effects. Surface-only features may instead be roads or erosion.,MODEL HYPOTHESIS ONLY — requires expert/field review
R2-A-00490,2982,1334,376800.0,4210300.0,-118.4038086,38.0320409,0.8827509,0.6063678,437.19812,8.20452,0.9445,0.9997,0.98711,282.84,"Potential-field view is in its training-reference confident tail while the surface view abstains. Deeper-than-median modelled cover, anti-aligned gravity/cover normals and cross-scale gravity persistence are consistent with a covered basin-margin discontinuity. No fault displacement, geothermal fluid flow or vent has been verified at this pixel.",Lithologic contact; basin-fill model dependence on gravity; intrusive/dike boundary; processing or coverage effects. Surface-only features may instead be roads or erosion.,MODEL HYPOTHESIS ONLY — requires expert/field review
R2-A-00491,2982,1341,377500.0,4210300.0,-118.3958346,38.0321358,0.8795906,0.5982398,407.87723,7.97602,0.92452,0.99946,0.99234,447.21,"Potential-field view is in its training-reference confident tail while the surface view abstains. Deeper-than-median modelled cover, anti-aligned gravity/cover normals and cross-scale gravity persistence are consistent with a covered basin-margin discontinuity. No fault displacement, geothermal fluid flow or vent has been verified at this pixel.",Lithologic contact; basin-fill model dependence on gravity; intrusive/dike boundary; processing or coverage effects. Surface-only features may instead be roads or erosion.,MODEL HYPOTHESIS ONLY — requires expert/field review
R2-A-00492,2982,1378,381200.0,4210300.0,-118.3536857,38.0326288,0.8369148,0.6051756,283.11313,18.80228,0.95878,0.99996,0.91218,282.84,"Potential-field view is in its training-reference confident tail while the surface view abstains. Signed normal/cover support is incomplete; do not interpret this discrepancy as proof of a buried fault. No fault displacement, geothermal fluid flow or vent has been verified at this pixel.",Lithologic contact; basin-fill model dependence on gravity; intrusive/dike boundary; processing or coverage effects. Surface-only features may instead be roads or erosion.,MODEL HYPOTHESIS ONLY — requires expert/field review
R2-A-00493,2982,1382,381600.0,4210300.0,-118.349129,38.0326812,0.8379523,0.553444,285.61328,1.82681,0.99991,0.99834,0.7921,100.0,"Potential-field view is in its training-reference confident tail while the surface view abstains. Signed normal/cover support is incomplete; do not interpret this discrepancy as proof of a buried fault. No fault displacement, geothermal fluid flow or vent has been verified at this pixel.",Lithologic contact; basin-fill model dependence on gravity; intrusive/dike boundary; processing or coverage effects. Surface-only features may instead be roads or erosion.,MODEL HYPOTHESIS ONLY — requires expert/field review
R2-A-00494,2982,1396,383000.0,4210300.0,-118.3331805,38.0328631,0.8391232,0.5339546,292.34348,1.90291,0.99857,0.99959,0.56877,282.84,"Potential-field view is in its training-reference confident tail while the surface view abstains. Signed normal/cover support is incomplete; do not interpret this discrepancy as proof of a buried fault. No fault displacement, geothermal fluid flow or vent has been verified at this pixel.",Lithologic contact; basin-fill model dependence on gravity; intrusive/dike boundary; processing or coverage effects. Surface-only features may instead be roads or erosion.,MODEL HYPOTHESIS ONLY — requires expert/field review
R2-A-00495,2983,1203,363700.0,4210200.0,-118.5530101,38.0292632,0.8616388,0.4162793,790.6463,8.64136,0.97864,0.99813,0.97682,200.0,"Potential-field view is in its training-reference confident tail while the surface view abstains. Deeper-than-median modelled cover, anti-aligned gravity/cover normals and cross-scale gravity persistence are consistent with a covered basin-margin discontinuity. No fault displacement, geothermal fluid flow or vent has been verified at this pixel.",Lithologic contact; basin-fill model dependence on gravity; intrusive/dike boundary; processing or coverage effects. Surface-only features may instead be roads or erosion.,MODEL HYPOTHESIS ONLY — requires expert/field review
R2-A-00496,2983,1208,364200.0,4210200.0,-118.547315,38.0293383,0.8573681,0.5059071,816.60907,7.84672,0.85111,0.99057,0.92021,223.61,"Potential-field view is in its training-reference confident tail while the surface view abstains. Deeper-than-median modelled cover, anti-aligned gravity/cover normals and cross-scale gravity persistence are consistent with a covered basin-margin discontinuity. No fault displacement, geothermal fluid flow or vent has been verified at this pixel.",Lithologic contact; basin-fill model dependence on gravity; intrusive/dike boundary; processing or coverage effects. Surface-only features may instead be roads or erosion.,MODEL HYPOTHESIS ONLY — requires expert/field review
R2-A-00497,2983,1224,365800.0,4210200.0,-118.5290905,38.0295768,0.8545385,0.4581757,838.54352,8.35904,0.60698,0.99553,0.90263,300.0,"Potential-field view is in its training-reference confident tail while the surface view abstains. Deeper-than-median modelled cover, anti-aligned gravity/cover normals and cross-scale gravity persistence are consistent with a covered basin-margin discontinuity. No fault displacement, geothermal fluid flow or vent has been verified at this pixel.",Lithologic contact; basin-fill model dependence on gravity; intrusive/dike boundary; processing or coverage effects. Surface-only features may instead be roads or erosion.,MODEL HYPOTHESIS ONLY — requires expert/field review
R2-A-00498,2983,1234,366800.0,4210200.0,-118.5177001,38.0297244,0.8550391,0.4447073,800.94525,8.17631,0.86038,0.99975,0.97898,200.0,"Potential-field view is in its training-reference confident tail while the surface view abstains. Deeper-than-median modelled cover, anti-aligned gravity/cover normals and cross-scale gravity persistence are consistent with a covered basin-margin discontinuity. No fault displacement, geothermal fluid flow or vent has been verified at this pixel.",Lithologic contact; basin-fill model dependence on gravity; intrusive/dike boundary; processing or coverage effects. Surface-only features may instead be roads or erosion.,MODEL HYPOTHESIS ONLY — requires expert/field review
R2-A-00499,2983,1290,372400.0,4210200.0,-118.4539122,38.0305307,0.851953,0.5135,639.90039,12.7333,0.88231,0.99996,0.99859,223.61,"Potential-field view is in its training-reference confident tail while the surface view abstains. Deeper-than-median modelled cover, anti-aligned gravity/cover normals and cross-scale gravity persistence are consistent with a covered basin-margin discontinuity. No fault displacement, geothermal fluid flow or vent has been verified at this pixel.",Lithologic contact; basin-fill model dependence on gravity; intrusive/dike boundary; processing or coverage effects. Surface-only features may instead be roads or erosion.,MODEL HYPOTHESIS ONLY — requires expert/field review
R2-A-00500,2983,1295,372900.0,4210200.0,-118.4482167,38.030601,0.8356359,0.5337283,612.47949,2.39774,0.89583,0.99974,0.99946,670.82,"Potential-field view is in its training-reference confident tail while the surface view abstains. Deeper-than-median modelled cover, anti-aligned gravity/cover normals and cross-scale gravity persistence are consistent with a covered basin-margin discontinuity. No fault displacement, geothermal fluid flow or vent has been verified at this pixel.",Lithologic contact; basin-fill model dependence on gravity; intrusive/dike boundary; processing or coverage effects. Surface-only features may instead be roads or erosion.,MODEL HYPOTHESIS ONLY — requires expert/field review
R2-A-00501,2983,1298,373200.0,4210200.0,-118.4447994,38.030643,0.8404801,0.5177446,594.83173,1.6512,0.89461,0.99908,0.99959,943.4,"Potential-field view is in its training-reference confident tail while the surface view abstains. Deeper-than-median modelled cover, anti-aligned gravity/cover normals and cross-scale gravity persistence are consistent with a covered basin-margin discontinuity. No fault displacement, geothermal fluid flow or vent has been verified at this pixel.",Lithologic contact; basin-fill model dependence on gravity; intrusive/dike boundary; processing or coverage effects. Surface-only features may instead be roads or erosion.,MODEL HYPOTHESIS ONLY — requires expert/field review
R2-A-00502,2983,1331,376500.0,4210200.0,-118.4072088,38.031099,0.8852194,0.5618849,459.8956,5.43364,0.96398,0.99798,0.98296,424.26,"Potential-field view is in its training-reference confident tail while the surface view abstains. Deeper-than-median modelled cover, anti-aligned gravity/cover normals and cross-scale gravity persistence are consistent with a covered basin-margin discontinuity. No fault displacement, geothermal fluid flow or vent has been verified at this pixel.",Lithologic contact; basin-fill model dependence on gravity; intrusive/dike boundary; processing or coverage effects. Surface-only features may instead be roads or erosion.,MODEL HYPOTHESIS ONLY — requires expert/field review
R2-A-00503,2983,1347,378100.0,4210200.0,-118.3889827,38.0313158,0.8724228,0.5921773,389.17902,13.07093,0.91425,0.99995,0.99625,538.52,"Potential-field view is in its training-reference confident tail while the surface view abstains. Deeper-than-median modelled cover, anti-aligned gravity/cover normals and cross-scale gravity persistence are consistent with a covered basin-margin discontinuity. No fault displacement, geothermal fluid flow or vent has been verified at this pixel.",Lithologic contact; basin-fill model dependence on gravity; intrusive/dike boundary; processing or coverage effects. Surface-only features may instead be roads or erosion.,MODEL HYPOTHESIS ONLY — requires expert/field review
R2-A-00504,2983,1385,381900.0,4210200.0,-118.345695,38.0318193,0.8486915,0.5671186,297.47232,3.3862,0.94856,0.96486,0.80632,300.0,"Potential-field view is in its training-reference confident tail while the surface view abstains. Signed normal/cover support is incomplete; do not interpret this discrepancy as proof of a buried fault. No fault displacement, geothermal fluid flow or vent has been verified at this pixel.",Lithologic contact; basin-fill model dependence on gravity; intrusive/dike boundary; processing or coverage effects. Surface-only features may instead be roads or erosion.,MODEL HYPOTHESIS ONLY — requires expert/field review
R2-A-00505,2983,1399,383300.0,4210200.0,-118.3297466,38.0320008,0.8351368,0.5238804,296.73346,1.88937,0.96396,0.99999,0.8218,141.42,"Potential-field view is in its training-reference confident tail while the surface view abstains. Signed normal/cover support is incomplete; do not interpret this discrepancy as proof of a buried fault. No fault displacement, geothermal fluid flow or vent has been verified at this pixel.",Lithologic contact; basin-fill model dependence on gravity; intrusive/dike boundary; processing or coverage effects. Surface-only features may instead be roads or erosion.,MODEL HYPOTHESIS ONLY — requires expert/field review
R2-A-00506,2984,1219,365300.0,4210100.0,-118.5347669,38.0286016,0.838369,0.4112443,846.80139,3.20562,-0.7717,0.99061,0.6069,200.0,"Potential-field view is in its training-reference confident tail while the surface view abstains. Signed normal/cover support is incomplete; do not interpret this discrepancy as proof of a buried fault. No fault displacement, geothermal fluid flow or vent has been verified at this pixel.",Lithologic contact; basin-fill model dependence on gravity; intrusive/dike boundary; processing or coverage effects. Surface-only features may instead be roads or erosion.,MODEL HYPOTHESIS ONLY — requires expert/field review
R2-A-00507,2984,1222,365600.0,4210100.0,-118.5313498,38.0286462,0.839009,0.3964629,848.22595,6.37303,0.28865,0.99533,0.83206,360.56,"Potential-field view is in its training-reference confident tail while the surface view abstains. Signed normal/cover support is incomplete; do not interpret this discrepancy as proof of a buried fault. No fault displacement, geothermal fluid flow or vent has been verified at this pixel.",Lithologic contact; basin-fill model dependence on gravity; intrusive/dike boundary; processing or coverage effects. Surface-only features may instead be roads or erosion.,MODEL HYPOTHESIS ONLY — requires expert/field review
R2-A-00508,2984,1231,366500.0,4210100.0,-118.5210986,38.0287793,0.8615372,0.4405425,817.08112,11.5952,0.83412,0.99972,0.96695,100.0,"Potential-field view is in its training-reference confident tail while the surface view abstains. Deeper-than-median modelled cover, anti-aligned gravity/cover normals and cross-scale gravity persistence are consistent with a covered basin-margin discontinuity. No fault displacement, geothermal fluid flow or vent has been verified at this pixel.",Lithologic contact; basin-fill model dependence on gravity; intrusive/dike boundary; processing or coverage effects. Surface-only features may instead be roads or erosion.,MODEL HYPOTHESIS ONLY — requires expert/field review
R2-A-00509,2984,1238,367200.0,4210100.0,-118.5131253,38.0288822,0.8460253,0.4891535,787.2179,6.84527,0.88597,1.0,0.98113,447.21,"Potential-field view is in its training-reference confident tail while the surface view abstains. Deeper-than-median modelled cover, anti-aligned gravity/cover normals and cross-scale gravity persistence are consistent with a covered basin-margin discontinuity. No fault displacement, geothermal fluid flow or vent has been verified at this pixel.",Lithologic contact; basin-fill model dependence on gravity; intrusive/dike boundary; processing or coverage effects. Surface-only features may instead be roads or erosion.,MODEL HYPOTHESIS ONLY — requires expert/field review
R2-A-00510,2984,1241,367500.0,4210100.0,-118.5097082,38.0289261,0.8483225,0.5315986,774.23279,6.16308,0.89113,0.99991,0.98225,707.11,"Potential-field view is in its training-reference confident tail while the surface view abstains. Deeper-than-median modelled cover, anti-aligned gravity/cover normals and cross-scale gravity persistence are consistent with a covered basin-margin discontinuity. No fault displacement, geothermal fluid flow or vent has been verified at this pixel.",Lithologic contact; basin-fill model dependence on gravity; intrusive/dike boundary; processing or coverage effects. Surface-only features may instead be roads or erosion.,MODEL HYPOTHESIS ONLY — requires expert/field review
R2-A-00511,2984,1270,370400.0,4210100.0,-118.4766758,38.0293457,0.8084584,0.5078678,715.60443,4.15061,0.74965,0.99832,0.99762,141.42,"Potential-field view is in its training-reference confident tail while the surface view abstains. Deeper-than-median modelled cover, anti-aligned gravity/cover normals and cross-scale gravity persistence are consistent with a covered basin-margin discontinuity. No fault displacement, geothermal fluid flow or vent has been verified at this pixel.",Lithologic contact; basin-fill model dependence on gravity; intrusive/dike boundary; processing or coverage effects. Surface-only features may instead be roads or erosion.,MODEL HYPOTHESIS ONLY — requires expert/field review
R2-A-00512,2984,1277,371100.0,4210100.0,-118.4687023,38.0294456,0.8399252,0.5295798,702.33093,20.505,0.83092,0.99978,0.99673,100.0,"Potential-field view is in its training-reference confident tail while the surface view abstains. Deeper-than-median modelled cover, anti-aligned gravity/cover normals and cross-scale gravity persistence are consistent with a covered basin-margin discontinuity. No fault displacement, geothermal fluid flow or vent has been verified at this pixel.",Lithologic contact; basin-fill model dependence on gravity; intrusive/dike boundary; processing or coverage effects. Surface-only features may instead be roads or erosion.,MODEL HYPOTHESIS ONLY — requires expert/field review
R2-A-00513,2984,1282,371600.0,4210100.0,-118.463007,38.0295166,0.8540392,0.6056722,688.59131,7.35719,0.85812,0.99991,0.9968,282.84,"Potential-field view is in its training-reference confident tail while the surface view abstains. Deeper-than-median modelled cover, anti-aligned gravity/cover normals and cross-scale gravity persistence are consistent with a covered basin-margin discontinuity. No fault displacement, geothermal fluid flow or vent has been verified at this pixel.",Lithologic contact; basin-fill model dependence on gravity; intrusive/dike boundary; processing or coverage effects. Surface-only features may instead be roads or erosion.,MODEL HYPOTHESIS ONLY — requires expert/field review
R2-A-00514,2984,1302,373600.0,4210100.0,-118.4402254,38.0297979,0.8672855,0.5404981,579.82501,4.53472,0.88824,0.99789,0.9977,1166.19,"Potential-field view is in its training-reference confident tail while the surface view abstains. Deeper-than-median modelled cover, anti-aligned gravity/cover normals and cross-scale gravity persistence are consistent with a covered basin-margin discontinuity. No fault displacement, geothermal fluid flow or vent has been verified at this pixel.",Lithologic contact; basin-fill model dependence on gravity; intrusive/dike boundary; processing or coverage effects. Surface-only features may instead be roads or erosion.,MODEL HYPOTHESIS ONLY — requires expert/field review
R2-A-00515,2984,1310,374400.0,4210100.0,-118.4311127,38.0299092,0.8813512,0.585976,538.88379,13.15035,0.90315,0.99363,0.95924,565.69,"Potential-field view is in its training-reference confident tail while the surface view abstains. Deeper-than-median modelled cover, anti-aligned gravity/cover normals and cross-scale gravity persistence are consistent with a covered basin-margin discontinuity. No fault displacement, geothermal fluid flow or vent has been verified at this pixel.",Lithologic contact; basin-fill model dependence on gravity; intrusive/dike boundary; processing or coverage effects. Surface-only features may instead be roads or erosion.,MODEL HYPOTHESIS ONLY — requires expert/field review
R2-A-00516,2984,1315,374900.0,4210100.0,-118.4254172,38.0299784,0.8732976,0.5831308,519.14087,4.35528,0.97327,0.99691,0.92559,316.23,"Potential-field view is in its training-reference confident tail while the surface view abstains. Deeper-than-median modelled cover, anti-aligned gravity/cover normals and cross-scale gravity persistence are consistent with a covered basin-margin discontinuity. No fault displacement, geothermal fluid flow or vent has been verified at this pixel.",Lithologic contact; basin-fill model dependence on gravity; intrusive/dike boundary; processing or coverage effects. Surface-only features may instead be roads or erosion.,MODEL HYPOTHESIS ONLY — requires expert/field review
R2-A-00517,2984,1321,375500.0,4210100.0,-118.4185826,38.0300611,0.8734253,0.5340181,501.16641,14.68356,0.98925,0.9939,0.9756,100.0,"Potential-field view is in its training-reference confident tail while the surface view abstains. Deeper-than-median modelled cover, anti-aligned gravity/cover normals and cross-scale gravity persistence are consistent with a covered basin-margin discontinuity. No fault displacement, geothermal fluid flow or vent has been verified at this pixel.",Lithologic contact; basin-fill model dependence on gravity; intrusive/dike boundary; processing or coverage effects. Surface-only features may instead be roads or erosion.,MODEL HYPOTHESIS ONLY — requires expert/field review
R2-A-00518,2984,1337,377100.0,4210100.0,-118.4003569,38.0302796,0.8878433,0.536281,448.32086,12.37612,0.93379,0.99977,0.99097,412.31,"Potential-field view is in its training-reference confident tail while the surface view abstains. Deeper-than-median modelled cover, anti-aligned gravity/cover normals and cross-scale gravity persistence are consistent with a covered basin-margin discontinuity. No fault displacement, geothermal fluid flow or vent has been verified at this pixel.",Lithologic contact; basin-fill model dependence on gravity; intrusive/dike boundary; processing or coverage effects. Surface-only features may instead be roads or erosion.,MODEL HYPOTHESIS ONLY — requires expert/field review
R2-A-00519,2984,1342,377600.0,4210100.0,-118.3946613,38.0303473,0.8795906,0.6062258,427.68326,8.25162,0.92223,0.99971,0.99346,583.1,"Potential-field view is in its training-reference confident tail while the surface view abstains. Deeper-than-median modelled cover, anti-aligned gravity/cover normals and cross-scale gravity persistence are consistent with a covered basin-margin discontinuity. No fault displacement, geothermal fluid flow or vent has been verified at this pixel.",Lithologic contact; basin-fill model dependence on gravity; intrusive/dike boundary; processing or coverage effects. Surface-only features may instead be roads or erosion.,MODEL HYPOTHESIS ONLY — requires expert/field review
R2-A-00520,2984,1349,378300.0,4210100.0,-118.3866874,38.0304417,0.8724228,0.5466612,389.74393,13.74326,0.91106,0.99994,0.99761,400.0,"Potential-field view is in its training-reference confident tail while the surface view abstains. Deeper-than-median modelled cover, anti-aligned gravity/cover normals and cross-scale gravity persistence are consistent with a covered basin-margin discontinuity. No fault displacement, geothermal fluid flow or vent has been verified at this pixel.",Lithologic contact; basin-fill model dependence on gravity; intrusive/dike boundary; processing or coverage effects. Surface-only features may instead be roads or erosion.,MODEL HYPOTHESIS ONLY — requires expert/field review
R2-A-00521,2984,1387,382100.0,4210100.0,-118.3434002,38.0309443,0.8486915,0.560151,308.58456,2.29366,0.91306,0.93875,0.86181,141.42,"Potential-field view is in its training-reference confident tail while the surface view abstains. Signed normal/cover support is incomplete; do not interpret this discrepancy as proof of a buried fault. No fault displacement, geothermal fluid flow or vent has been verified at this pixel.",Lithologic contact; basin-fill model dependence on gravity; intrusive/dike boundary; processing or coverage effects. Surface-only features may instead be roads or erosion.,MODEL HYPOTHESIS ONLY — requires expert/field review
R2-A-00522,2984,1390,382400.0,4210100.0,-118.3399828,38.0309833,0.8464624,0.5368548,311.58948,2.6136,0.87658,0.9167,0.86048,100.0,"Potential-field view is in its training-reference confident tail while the surface view abstains. Signed normal/cover support is incomplete; do not interpret this discrepancy as proof of a buried fault. No fault displacement, geothermal fluid flow or vent has been verified at this pixel.",Lithologic contact; basin-fill model dependence on gravity; intrusive/dike boundary; processing or coverage effects. Surface-only features may instead be roads or erosion.,MODEL HYPOTHESIS ONLY — requires expert/field review
R2-A-00523,2984,1393,382700.0,4210100.0,-118.3365653,38.0310222,0.8458716,0.5009215,314.59467,3.56871,0.94516,0.96287,0.76156,223.61,"Potential-field view is in its training-reference confident tail while the surface view abstains. Signed normal/cover support is incomplete; do not interpret this discrepancy as proof of a buried fault. No fault displacement, geothermal fluid flow or vent has been verified at this pixel.",Lithologic contact; basin-fill model dependence on gravity; intrusive/dike boundary; processing or coverage effects. Surface-only features may instead be roads or erosion.,MODEL HYPOTHESIS ONLY — requires expert/field review
R2-A-00524,2984,1404,383800.0,4210100.0,-118.3240345,38.031164,0.8242136,0.5360801,295.98605,0.45334,0.91118,0.99778,0.94566,223.61,"Potential-field view is in its training-reference confident tail while the surface view abstains. Signed normal/cover support is incomplete; do not interpret this discrepancy as proof of a buried fault. No fault displacement, geothermal fluid flow or vent has been verified at this pixel.",Lithologic contact; basin-fill model dependence on gravity; intrusive/dike boundary; processing or coverage effects. Surface-only features may instead be roads or erosion.,MODEL HYPOTHESIS ONLY — requires expert/field review
R2-A-00525,2985,1207,364100.0,4210000.0,-118.5484161,38.0275214,0.8528202,0.506704,813.79663,4.94738,0.93827,0.99692,0.94024,223.61,"Potential-field view is in its training-reference confident tail while the surface view abstains. Deeper-than-median modelled cover, anti-aligned gravity/cover normals and cross-scale gravity persistence are consistent with a covered basin-margin discontinuity. No fault displacement, geothermal fluid flow or vent has been verified at this pixel.",Lithologic contact; basin-fill model dependence on gravity; intrusive/dike boundary; processing or coverage effects. Surface-only features may instead be roads or erosion.,MODEL HYPOTHESIS ONLY — requires expert/field review
R2-A-00526,2985,1215,364900.0,4210000.0,-118.5393041,38.0276411,0.8455841,0.4611938,843.0719,2.75587,-0.58645,0.85768,0.2229,300.0,"Potential-field view is in its training-reference confident tail while the surface view abstains. Signed normal/cover support is incomplete; do not interpret this discrepancy as proof of a buried fault. No fault displacement, geothermal fluid flow or vent has been verified at this pixel.",Lithologic contact; basin-fill model dependence on gravity; intrusive/dike boundary; processing or coverage effects. Surface-only features may instead be roads or erosion.,MODEL HYPOTHESIS ONLY — requires expert/field review
R2-A-00527,2985,1235,366900.0,4210000.0,-118.5165239,38.0279372,0.8499399,0.4625045,803.88556,15.0257,0.88215,1.0,0.97435,141.42,"Potential-field view is in its training-reference confident tail while the surface view abstains. Deeper-than-median modelled cover, anti-aligned gravity/cover normals and cross-scale gravity persistence are consistent with a covered basin-margin discontinuity. No fault displacement, geothermal fluid flow or vent has been verified at this pixel.",Lithologic contact; basin-fill model dependence on gravity; intrusive/dike boundary; processing or coverage effects. Surface-only features may instead be roads or erosion.,MODEL HYPOTHESIS ONLY — requires expert/field review
R2-A-00528,2985,1245,367900.0,4210000.0,-118.5051336,38.0280835,0.8471135,0.5529625,763.59607,5.85869,0.89268,0.99951,0.98031,921.95,"Potential-field view is in its training-reference confident tail while the surface view abstains. Deeper-than-median modelled cover, anti-aligned gravity/cover normals and cross-scale gravity persistence are consistent with a covered basin-margin discontinuity. No fault displacement, geothermal fluid flow or vent has been verified at this pixel.",Lithologic contact; basin-fill model dependence on gravity; intrusive/dike boundary; processing or coverage effects. Surface-only features may instead be roads or erosion.,MODEL HYPOTHESIS ONLY — requires expert/field review
R2-A-00529,2985,1274,370800.0,4210000.0,-118.4721015,38.0285018,0.821007,0.5643929,719.72046,11.30697,0.80626,0.99964,0.99623,100.0,"Potential-field view is in its training-reference confident tail while the surface view abstains. Deeper-than-median modelled cover, anti-aligned gravity/cover normals and cross-scale gravity persistence are consistent with a covered basin-margin discontinuity. No fault displacement, geothermal fluid flow or vent has been verified at this pixel.",Lithologic contact; basin-fill model dependence on gravity; intrusive/dike boundary; processing or coverage effects. Surface-only features may instead be roads or erosion.,MODEL HYPOTHESIS ONLY — requires expert/field review
R2-A-00530,2985,1293,372700.0,4210000.0,-118.4504594,38.0287709,0.834802,0.4962497,641.74841,5.4027,0.88717,0.99985,0.99922,500.0,"Potential-field view is in its training-reference confident tail while the surface view abstains. Deeper-than-median modelled cover, anti-aligned gravity/cover normals and cross-scale gravity persistence are consistent with a covered basin-margin discontinuity. No fault displacement, geothermal fluid flow or vent has been verified at this pixel.",Lithologic contact; basin-fill model dependence on gravity; intrusive/dike boundary; processing or coverage effects. Surface-only features may instead be roads or erosion.,MODEL HYPOTHESIS ONLY — requires expert/field review
R2-A-00531,2985,1308,374200.0,4210000.0,-118.4333733,38.0289805,0.8772222,0.5188075,557.854,3.96353,0.8948,0.99428,0.97466,640.31,"Potential-field view is in its training-reference confident tail while the surface view abstains. Deeper-than-median modelled cover, anti-aligned gravity/cover normals and cross-scale gravity persistence are consistent with a covered basin-margin discontinuity. No fault displacement, geothermal fluid flow or vent has been verified at this pixel.",Lithologic contact; basin-fill model dependence on gravity; intrusive/dike boundary; processing or coverage effects. Surface-only features may instead be roads or erosion.,MODEL HYPOTHESIS ONLY — requires expert/field review
R2-A-00532,2985,1317,375100.0,4210000.0,-118.4231216,38.029105,0.8808758,0.4585951,522.75879,7.24487,0.99123,0.98773,0.94398,141.42,"Potential-field view is in its training-reference confident tail while the surface view abstains. Deeper-than-median modelled cover, anti-aligned gravity/cover normals and cross-scale gravity persistence are consistent with a covered basin-margin discontinuity. No fault displacement, geothermal fluid flow or vent has been verified at this pixel.",Lithologic contact; basin-fill model dependence on gravity; intrusive/dike boundary; processing or coverage effects. Surface-only features may instead be roads or erosion.,MODEL HYPOTHESIS ONLY — requires expert/field review
R2-A-00533,2985,1319,375300.0,4210000.0,-118.4208434,38.0291326,0.8813512,0.5237936,517.04498,8.15475,0.99377,0.98796,0.96515,100.0,"Potential-field view is in its training-reference confident tail while the surface view abstains. Deeper-than-median modelled cover, anti-aligned gravity/cover normals and cross-scale gravity persistence are consistent with a covered basin-margin discontinuity. No fault displacement, geothermal fluid flow or vent has been verified at this pixel.",Lithologic contact; basin-fill model dependence on gravity; intrusive/dike boundary; processing or coverage effects. Surface-only features may instead be roads or erosion.,MODEL HYPOTHESIS ONLY — requires expert/field review
R2-A-00534,2985,1327,376100.0,4210000.0,-118.4117307,38.0292424,0.8721197,0.5186537,494.27322,9.93686,0.98039,0.9959,0.98185,223.61,"Potential-field view is in its training-reference confident tail while the surface view abstains. Deeper-than-median modelled cover, anti-aligned gravity/cover normals and cross-scale gravity persistence are consistent with a covered basin-margin discontinuity. No fault displacement, geothermal fluid flow or vent has been verified at this pixel.",Lithologic contact; basin-fill model dependence on gravity; intrusive/dike boundary; processing or coverage effects. Surface-only features may instead be roads or erosion.,MODEL HYPOTHESIS ONLY — requires expert/field review
R2-A-00535,2985,1330,376400.0,4210000.0,-118.4083134,38.0292833,0.87959,0.4774757,485.75555,9.40892,0.97189,0.99636,0.98029,447.21,"Potential-field view is in its training-reference confident tail while the surface view abstains. Deeper-than-median modelled cover, anti-aligned gravity/cover normals and cross-scale gravity persistence are consistent with a covered basin-margin discontinuity. No fault displacement, geothermal fluid flow or vent has been verified at this pixel.",Lithologic contact; basin-fill model dependence on gravity; intrusive/dike boundary; processing or coverage effects. Surface-only features may instead be roads or erosion.,MODEL HYPOTHESIS ONLY — requires expert/field review
R2-A-00536,2985,1332,376600.0,4210000.0,-118.4060352,38.0293106,0.8852194,0.5583215,480.07635,8.947,0.95981,0.99846,0.98134,632.46,"Potential-field view is in its training-reference confident tail while the surface view abstains. Deeper-than-median modelled cover, anti-aligned gravity/cover normals and cross-scale gravity persistence are consistent with a covered basin-margin discontinuity. No fault displacement, geothermal fluid flow or vent has been verified at this pixel.",Lithologic contact; basin-fill model dependence on gravity; intrusive/dike boundary; processing or coverage effects. Surface-only features may instead be roads or erosion.,MODEL HYPOTHESIS ONLY — requires expert/field review
R2-A-00537,2985,1340,377400.0,4210000.0,-118.3969224,38.0294193,0.8866813,0.6085069,447.8746,3.55314,0.9268,0.99949,0.99282,538.52,"Potential-field view is in its training-reference confident tail while the surface view abstains. Deeper-than-median modelled cover, anti-aligned gravity/cover normals and cross-scale gravity persistence are consistent with a covered basin-margin discontinuity. No fault displacement, geothermal fluid flow or vent has been verified at this pixel.",Lithologic contact; basin-fill model dependence on gravity; intrusive/dike boundary; processing or coverage effects. Surface-only features may instead be roads or erosion.,MODEL HYPOTHESIS ONLY — requires expert/field review
R2-A-00538,2985,1382,381600.0,4210000.0,-118.3490794,38.0299781,0.8381177,0.5291281,313.32272,4.59464,0.99938,0.99789,0.8841,141.42,"Potential-field view is in its training-reference confident tail while the surface view abstains. Signed normal/cover support is incomplete; do not interpret this discrepancy as proof of a buried fault. No fault displacement, geothermal fluid flow or vent has been verified at this pixel.",Lithologic contact; basin-fill model dependence on gravity; intrusive/dike boundary; processing or coverage effects. Surface-only features may instead be roads or erosion.,MODEL HYPOTHESIS ONLY — requires expert/field review
R2-A-00539,2985,1396,383000.0,4210000.0,-118.3331315,38.03016,0.8394704,0.5291407,319.0314,2.93706,0.99907,0.99983,0.78737,141.42,"Potential-field view is in its training-reference confident tail while the surface view abstains. Deeper-than-median modelled cover, anti-aligned gravity/cover normals and cross-scale gravity persistence are consistent with a covered basin-margin discontinuity. No fault displacement, geothermal fluid flow or vent has been verified at this pixel.",Lithologic contact; basin-fill model dependence on gravity; intrusive/dike boundary; processing or coverage effects. Surface-only features may instead be roads or erosion.,MODEL HYPOTHESIS ONLY — requires expert/field review
R2-A-00540,2985,1406,384000.0,4210000.0,-118.32174,38.0302886,0.8247867,0.5921258,296.99774,0.8647,0.91632,0.99544,0.96798,412.31,"Potential-field view is in its training-reference confident tail while the surface view abstains. Signed normal/cover support is incomplete; do not interpret this discrepancy as proof of a buried fault. No fault displacement, geothermal fluid flow or vent has been verified at this pixel.",Lithologic contact; basin-fill model dependence on gravity; intrusive/dike boundary; processing or coverage effects. Surface-only features may instead be roads or erosion.,MODEL HYPOTHESIS ONLY — requires expert/field review
R2-A-00541,2986,1218,365200.0,4209900.0,-118.5358683,38.0267848,0.8219629,0.4354993,849.97498,4.41594,-0.89854,0.99967,0.49569,412.31,"Potential-field view is in its training-reference confident tail while the surface view abstains. Signed normal/cover support is incomplete; do not interpret this discrepancy as proof of a buried fault. No fault displacement, geothermal fluid flow or vent has been verified at this pixel.",Lithologic contact; basin-fill model dependence on gravity; intrusive/dike boundary; processing or coverage effects. Surface-only features may instead be roads or erosion.,MODEL HYPOTHESIS ONLY — requires expert/field review
R2-A-00542,2986,1225,365900.0,4209900.0,-118.5278953,38.0268887,0.8553079,0.5139737,843.52228,10.72729,0.78968,0.99978,0.9031,141.42,"Potential-field view is in its training-reference confident tail while the surface view abstains. Deeper-than-median modelled cover, anti-aligned gravity/cover normals and cross-scale gravity persistence are consistent with a covered basin-margin discontinuity. No fault displacement, geothermal fluid flow or vent has been verified at this pixel.",Lithologic contact; basin-fill model dependence on gravity; intrusive/dike boundary; processing or coverage effects. Surface-only features may instead be roads or erosion.,MODEL HYPOTHESIS ONLY — requires expert/field review
R2-A-00543,2986,1230,366400.0,4209900.0,-118.5222003,38.0269626,0.8634676,0.4145648,826.98383,7.86298,0.86644,0.99989,0.95266,282.84,"Potential-field view is in its training-reference confident tail while the surface view abstains. Deeper-than-median modelled cover, anti-aligned gravity/cover normals and cross-scale gravity persistence are consistent with a covered basin-margin discontinuity. No fault displacement, geothermal fluid flow or vent has been verified at this pixel.",Lithologic contact; basin-fill model dependence on gravity; intrusive/dike boundary; processing or coverage effects. Surface-only features may instead be roads or erosion.,MODEL HYPOTHESIS ONLY — requires expert/field review
R2-A-00544,2986,1243,367700.0,4209900.0,-118.5073932,38.0271534,0.8483225,0.5377601,775.41669,8.95648,0.89221,0.99975,0.97677,761.58,"Potential-field view is in its training-reference confident tail while the surface view abstains. Deeper-than-median modelled cover, anti-aligned gravity/cover normals and cross-scale gravity persistence are consistent with a covered basin-margin discontinuity. No fault displacement, geothermal fluid flow or vent has been verified at this pixel.",Lithologic contact; basin-fill model dependence on gravity; intrusive/dike boundary; processing or coverage effects. Surface-only features may instead be roads or erosion.,MODEL HYPOTHESIS ONLY — requires expert/field review
R2-A-00545,2986,1248,368200.0,4209900.0,-118.5016981,38.0272263,0.8471135,0.6115379,757.89996,6.9781,0.88496,0.99934,0.97732,640.31,"Potential-field view is in its training-reference confident tail while the surface view abstains. Deeper-than-median modelled cover, anti-aligned gravity/cover normals and cross-scale gravity persistence are consistent with a covered basin-margin discontinuity. No fault displacement, geothermal fluid flow or vent has been verified at this pixel.",Lithologic contact; basin-fill model dependence on gravity; intrusive/dike boundary; processing or coverage effects. Surface-only features may instead be roads or erosion.,MODEL HYPOTHESIS ONLY — requires expert/field review
R2-A-00546,2986,1290,372400.0,4209900.0,-118.4538588,38.0278277,0.846333,0.5926824,666.56104,14.90822,0.87621,0.9999,0.99846,200.0,"Potential-field view is in its training-reference confident tail while the surface view abstains. Deeper-than-median modelled cover, anti-aligned gravity/cover normals and cross-scale gravity persistence are consistent with a covered basin-margin discontinuity. No fault displacement, geothermal fluid flow or vent has been verified at this pixel.",Lithologic contact; basin-fill model dependence on gravity; intrusive/dike boundary; processing or coverage effects. Surface-only features may instead be roads or erosion.,MODEL HYPOTHESIS ONLY — requires expert/field review
R2-A-00547,2986,1296,373000.0,4209900.0,-118.4470245,38.027912,0.8352459,0.5199856,632.6236,2.6044,0.89025,0.99959,0.99957,707.11,"Potential-field view is in its training-reference confident tail while the surface view abstains. Deeper-than-median modelled cover, anti-aligned gravity/cover normals and cross-scale gravity persistence are consistent with a covered basin-margin discontinuity. No fault displacement, geothermal fluid flow or vent has been verified at this pixel.",Lithologic contact; basin-fill model dependence on gravity; intrusive/dike boundary; processing or coverage effects. Surface-only features may instead be roads or erosion.,MODEL HYPOTHESIS ONLY — requires expert/field review
R2-A-00548,2986,1299,373300.0,4209900.0,-118.4436073,38.027954,0.8638475,0.4978556,614.74719,7.35728,0.88785,0.9989,0.99886,943.4,"Potential-field view is in its training-reference confident tail while the surface view abstains. Deeper-than-median modelled cover, anti-aligned gravity/cover normals and cross-scale gravity persistence are consistent with a covered basin-margin discontinuity. No fault displacement, geothermal fluid flow or vent has been verified at this pixel.",Lithologic contact; basin-fill model dependence on gravity; intrusive/dike boundary; processing or coverage effects. Surface-only features may instead be roads or erosion.,MODEL HYPOTHESIS ONLY — requires expert/field review
R2-A-00549,2986,1305,373900.0,4209900.0,-118.4367729,38.0280377,0.8798705,0.5463053,581.66772,3.09017,0.89066,0.99766,0.98877,806.23,"Potential-field view is in its training-reference confident tail while the surface view abstains. Deeper-than-median modelled cover, anti-aligned gravity/cover normals and cross-scale gravity persistence are consistent with a covered basin-margin discontinuity. No fault displacement, geothermal fluid flow or vent has been verified at this pixel.",Lithologic contact; basin-fill model dependence on gravity; intrusive/dike boundary; processing or coverage effects. Surface-only features may instead be roads or erosion.,MODEL HYPOTHESIS ONLY — requires expert/field review
R2-A-00550,2986,1314,374800.0,4209900.0,-118.4265213,38.0281626,0.8808758,0.5944215,540.52063,12.41487,0.97323,0.99647,0.90892,200.0,"Potential-field view is in its training-reference confident tail while the surface view abstains. Deeper-than-median modelled cover, anti-aligned gravity/cover normals and cross-scale gravity persistence are consistent with a covered basin-margin discontinuity. No fault displacement, geothermal fluid flow or vent has been verified at this pixel.",Lithologic contact; basin-fill model dependence on gravity; intrusive/dike boundary; processing or coverage effects. Surface-only features may instead be roads or erosion.,MODEL HYPOTHESIS ONLY — requires expert/field review
R2-A-00551,2986,1335,376900.0,4209900.0,-118.4026007,38.0284504,0.8828636,0.4738932,480.14175,8.6769,0.9403,0.99977,0.98646,608.28,"Potential-field view is in its training-reference confident tail while the surface view abstains. Deeper-than-median modelled cover, anti-aligned gravity/cover normals and cross-scale gravity persistence are consistent with a covered basin-margin discontinuity. No fault displacement, geothermal fluid flow or vent has been verified at this pixel.",Lithologic contact; basin-fill model dependence on gravity; intrusive/dike boundary; processing or coverage effects. Surface-only features may instead be roads or erosion.,MODEL HYPOTHESIS ONLY — requires expert/field review
R2-A-00552,2986,1350,378400.0,4209900.0,-118.3855144,38.028653,0.8724228,0.5735613,406.93924,4.80548,0.90435,0.99998,0.99863,200.0,"Potential-field view is in its training-reference confident tail while the surface view abstains. Deeper-than-median modelled cover, anti-aligned gravity/cover normals and cross-scale gravity persistence are consistent with a covered basin-margin discontinuity. No fault displacement, geothermal fluid flow or vent has been verified at this pixel.",Lithologic contact; basin-fill model dependence on gravity; intrusive/dike boundary; processing or coverage effects. Surface-only features may instead be roads or erosion.,MODEL HYPOTHESIS ONLY — requires expert/field review
R2-A-00553,2986,1385,381900.0,4209900.0,-118.3456455,38.0291162,0.8437385,0.5589204,324.79974,5.93914,0.98019,0.97489,0.89276,424.26,"Potential-field view is in its training-reference confident tail while the surface view abstains. Deeper-than-median modelled cover, anti-aligned gravity/cover normals and cross-scale gravity persistence are consistent with a covered basin-margin discontinuity. No fault displacement, geothermal fluid flow or vent has been verified at this pixel.",Lithologic contact; basin-fill model dependence on gravity; intrusive/dike boundary; processing or coverage effects. Surface-only features may instead be roads or erosion.,MODEL HYPOTHESIS ONLY — requires expert/field review
R2-A-00554,2986,1392,382600.0,4209900.0,-118.3376717,38.0292072,0.8464624,0.542465,331.48376,1.70346,0.95288,0.96258,0.8641,141.42,"Potential-field view is in its training-reference confident tail while the surface view abstains. Deeper-than-median modelled cover, anti-aligned gravity/cover normals and cross-scale gravity persistence are consistent with a covered basin-margin discontinuity. No fault displacement, geothermal fluid flow or vent has been verified at this pixel.",Lithologic contact; basin-fill model dependence on gravity; intrusive/dike boundary; processing or coverage effects. Surface-only features may instead be roads or erosion.,MODEL HYPOTHESIS ONLY — requires expert/field review
R2-A-00555,2987,1206,364000.0,4209800.0,-118.5495171,38.0257045,0.8627055,0.4746183,810.39349,8.77472,0.99257,0.9993,0.94789,200.0,"Potential-field view is in its training-reference confident tail while the surface view abstains. Deeper-than-median modelled cover, anti-aligned gravity/cover normals and cross-scale gravity persistence are consistent with a covered basin-margin discontinuity. No fault displacement, geothermal fluid flow or vent has been verified at this pixel.",Lithologic contact; basin-fill model dependence on gravity; intrusive/dike boundary; processing or coverage effects. Surface-only features may instead be roads or erosion.,MODEL HYPOTHESIS ONLY — requires expert/field review
R2-A-00556,2987,1213,364700.0,4209800.0,-118.5415443,38.0258093,0.8454386,0.4564822,843.91113,2.35729,0.53627,0.9485,0.58107,100.0,"Potential-field view is in its training-reference confident tail while the surface view abstains. Deeper-than-median modelled cover, anti-aligned gravity/cover normals and cross-scale gravity persistence are consistent with a covered basin-margin discontinuity. No fault displacement, geothermal fluid flow or vent has been verified at this pixel.",Lithologic contact; basin-fill model dependence on gravity; intrusive/dike boundary; processing or coverage effects. Surface-only features may instead be roads or erosion.,MODEL HYPOTHESIS ONLY — requires expert/field review
R2-A-00557,2987,1223,365700.0,4209800.0,-118.5301545,38.0259581,0.8557358,0.4676922,852.82257,9.04979,0.82211,0.99986,0.83864,141.42,"Potential-field view is in its training-reference confident tail while the surface view abstains. Deeper-than-median modelled cover, anti-aligned gravity/cover normals and cross-scale gravity persistence are consistent with a covered basin-margin discontinuity. No fault displacement, geothermal fluid flow or vent has been verified at this pixel.",Lithologic contact; basin-fill model dependence on gravity; intrusive/dike boundary; processing or coverage effects. Surface-only features may instead be roads or erosion.,MODEL HYPOTHESIS ONLY — requires expert/field review
R2-A-00558,2987,1233,366700.0,4209800.0,-118.5187647,38.0261058,0.8634676,0.5798296,819.31158,9.17549,0.91473,0.99996,0.96012,100.0,"Potential-field view is in its training-reference confident tail while the surface view abstains. Deeper-than-median modelled cover, anti-aligned gravity/cover normals and cross-scale gravity persistence are consistent with a covered basin-margin discontinuity. No fault displacement, geothermal fluid flow or vent has been verified at this pixel.",Lithologic contact; basin-fill model dependence on gravity; intrusive/dike boundary; processing or coverage effects. Surface-only features may instead be roads or erosion.,MODEL HYPOTHESIS ONLY — requires expert/field review
R2-A-00559,2987,1240,367400.0,4209800.0,-118.5107917,38.0262085,0.8491155,0.5749403,791.10474,2.75678,0.90738,0.99999,0.97176,447.21,"Potential-field view is in its training-reference confident tail while the surface view abstains. Deeper-than-median modelled cover, anti-aligned gravity/cover normals and cross-scale gravity persistence are consistent with a covered basin-margin discontinuity. No fault displacement, geothermal fluid flow or vent has been verified at this pixel.",Lithologic contact; basin-fill model dependence on gravity; intrusive/dike boundary; processing or coverage effects. Surface-only features may instead be roads or erosion.,MODEL HYPOTHESIS ONLY — requires expert/field review
R2-A-00560,2987,1282,371600.0,4209800.0,-118.4629532,38.0268136,0.8554814,0.5472398,716.54291,7.50023,0.84939,0.99996,0.99629,141.42,"Potential-field view is in its training-reference confident tail while the surface view abstains. Deeper-than-median modelled cover, anti-aligned gravity/cover normals and cross-scale gravity persistence are consistent with a covered basin-margin discontinuity. No fault displacement, geothermal fluid flow or vent has been verified at this pixel.",Lithologic contact; basin-fill model dependence on gravity; intrusive/dike boundary; processing or coverage effects. Surface-only features may instead be roads or erosion.,MODEL HYPOTHESIS ONLY — requires expert/field review
R2-A-00561,2987,1287,372100.0,4209800.0,-118.4572581,38.0268844,0.851953,0.4918627,690.85803,1.85736,0.87195,0.99996,0.99733,100.0,"Potential-field view is in its training-reference confident tail while the surface view abstains. Deeper-than-median modelled cover, anti-aligned gravity/cover normals and cross-scale gravity persistence are consistent with a covered basin-margin discontinuity. No fault displacement, geothermal fluid flow or vent has been verified at this pixel.",Lithologic contact; basin-fill model dependence on gravity; intrusive/dike boundary; processing or coverage effects. Surface-only features may instead be roads or erosion.,MODEL HYPOTHESIS ONLY — requires expert/field review
R2-A-00562,2987,1302,373600.0,4209800.0,-118.4401725,38.0270949,0.8672855,0.4871795,605.39423,5.35411,0.88672,0.99883,0.99473,1044.03,"Potential-field view is in its training-reference confident tail while the surface view abstains. Deeper-than-median modelled cover, anti-aligned gravity/cover normals and cross-scale gravity persistence are consistent with a covered basin-margin discontinuity. No fault displacement, geothermal fluid flow or vent has been verified at this pixel.",Lithologic contact; basin-fill model dependence on gravity; intrusive/dike boundary; processing or coverage effects. Surface-only features may instead be roads or erosion.,MODEL HYPOTHESIS ONLY — requires expert/field review
R2-A-00563,2987,1312,374600.0,4209800.0,-118.428782,38.0272339,0.8859105,0.5720839,555.50165,4.83783,0.94927,0.99997,0.91256,223.61,"Potential-field view is in its training-reference confident tail while the surface view abstains. Deeper-than-median modelled cover, anti-aligned gravity/cover normals and cross-scale gravity persistence are consistent with a covered basin-margin discontinuity. No fault displacement, geothermal fluid flow or vent has been verified at this pixel.",Lithologic contact; basin-fill model dependence on gravity; intrusive/dike boundary; processing or coverage effects. Surface-only features may instead be roads or erosion.,MODEL HYPOTHESIS ONLY — requires expert/field review
R2-A-00564,2987,1323,375700.0,4209800.0,-118.4162523,38.0273855,0.8740162,0.4923773,526.50513,6.93552,0.99158,0.99257,0.98028,141.42,"Potential-field view is in its training-reference confident tail while the surface view abstains. Deeper-than-median modelled cover, anti-aligned gravity/cover normals and cross-scale gravity persistence are consistent with a covered basin-margin discontinuity. No fault displacement, geothermal fluid flow or vent has been verified at this pixel.",Lithologic contact; basin-fill model dependence on gravity; intrusive/dike boundary; processing or coverage effects. Surface-only features may instead be roads or erosion.,MODEL HYPOTHESIS ONLY — requires expert/field review
R2-A-00565,2987,1337,377100.0,4209800.0,-118.4003054,38.0275766,0.8931869,0.5508082,483.85379,6.25286,0.93149,0.99968,0.98992,538.52,"Potential-field view is in its training-reference confident tail while the surface view abstains. Deeper-than-median modelled cover, anti-aligned gravity/cover normals and cross-scale gravity persistence are consistent with a covered basin-margin discontinuity. No fault displacement, geothermal fluid flow or vent has been verified at this pixel.",Lithologic contact; basin-fill model dependence on gravity; intrusive/dike boundary; processing or coverage effects. Surface-only features may instead be roads or erosion.,MODEL HYPOTHESIS ONLY — requires expert/field review
R2-A-00566,2987,1346,378000.0,4209800.0,-118.3900537,38.0276982,0.8712845,0.6070126,441.47192,5.08144,0.91031,1.0,0.99691,200.0,"Potential-field view is in its training-reference confident tail while the surface view abstains. Deeper-than-median modelled cover, anti-aligned gravity/cover normals and cross-scale gravity persistence are consistent with a covered basin-margin discontinuity. No fault displacement, geothermal fluid flow or vent has been verified at this pixel.",Lithologic contact; basin-fill model dependence on gravity; intrusive/dike boundary; processing or coverage effects. Surface-only features may instead be roads or erosion.,MODEL HYPOTHESIS ONLY — requires expert/field review
R2-A-00567,2987,1357,379100.0,4209800.0,-118.3775238,38.0278457,0.8271383,0.5426251,385.16849,29.59954,0.86239,0.99975,0.99829,200.0,"Potential-field view is in its training-reference confident tail while the surface view abstains. Deeper-than-median modelled cover, anti-aligned gravity/cover normals and cross-scale gravity persistence are consistent with a covered basin-margin discontinuity. No fault displacement, geothermal fluid flow or vent has been verified at this pixel.",Lithologic contact; basin-fill model dependence on gravity; intrusive/dike boundary; processing or coverage effects. Surface-only features may instead be roads or erosion.,MODEL HYPOTHESIS ONLY — requires expert/field review
R2-A-00568,2987,1377,381100.0,4209800.0,-118.3547419,38.0281105,0.8372658,0.553896,330.78729,3.05369,0.96791,0.99909,0.95696,141.42,"Potential-field view is in its training-reference confident tail while the surface view abstains. Deeper-than-median modelled cover, anti-aligned gravity/cover normals and cross-scale gravity persistence are consistent with a covered basin-margin discontinuity. No fault displacement, geothermal fluid flow or vent has been verified at this pixel.",Lithologic contact; basin-fill model dependence on gravity; intrusive/dike boundary; processing or coverage effects. Surface-only features may instead be roads or erosion.,MODEL HYPOTHESIS ONLY — requires expert/field review
R2-A-00569,2987,1381,381500.0,4209800.0,-118.3501855,38.0281629,0.8372658,0.5680143,331.59378,3.7197,0.99308,0.99934,0.92624,200.0,"Potential-field view is in its training-reference confident tail while the surface view abstains. Deeper-than-median modelled cover, anti-aligned gravity/cover normals and cross-scale gravity persistence are consistent with a covered basin-margin discontinuity. No fault displacement, geothermal fluid flow or vent has been verified at this pixel.",Lithologic contact; basin-fill model dependence on gravity; intrusive/dike boundary; processing or coverage effects. Surface-only features may instead be roads or erosion.,MODEL HYPOTHESIS ONLY — requires expert/field review
R2-A-00570,2987,1388,382200.0,4209800.0,-118.3422117,38.0282542,0.84145,0.4064793,336.70312,1.20824,0.95261,0.95235,0.92853,223.61,"Potential-field view is in its training-reference confident tail while the surface view abstains. Deeper-than-median modelled cover, anti-aligned gravity/cover normals and cross-scale gravity persistence are consistent with a covered basin-margin discontinuity. No fault displacement, geothermal fluid flow or vent has been verified at this pixel.",Lithologic contact; basin-fill model dependence on gravity; intrusive/dike boundary; processing or coverage effects. Surface-only features may instead be roads or erosion.,MODEL HYPOTHESIS ONLY — requires expert/field review
R2-A-00571,2987,1401,383500.0,4209800.0,-118.3274032,38.0284224,0.8361138,0.5449268,329.14322,1.18798,0.97328,0.99986,0.92938,282.84,"Potential-field view is in its training-reference confident tail while the surface view abstains. Deeper-than-median modelled cover, anti-aligned gravity/cover normals and cross-scale gravity persistence are consistent with a covered basin-margin discontinuity. No fault displacement, geothermal fluid flow or vent has been verified at this pixel.",Lithologic contact; basin-fill model dependence on gravity; intrusive/dike boundary; processing or coverage effects. Surface-only features may instead be roads or erosion.,MODEL HYPOTHESIS ONLY — requires expert/field review
R2-A-00572,2988,1217,365100.0,4209700.0,-118.5369696,38.024968,0.8502797,0.4469334,850.46521,2.45105,0.26623,0.99147,0.51172,509.9,"Potential-field view is in its training-reference confident tail while the surface view abstains. Signed normal/cover support is incomplete; do not interpret this discrepancy as proof of a buried fault. No fault displacement, geothermal fluid flow or vent has been verified at this pixel.",Lithologic contact; basin-fill model dependence on gravity; intrusive/dike boundary; processing or coverage effects. Surface-only features may instead be roads or erosion.,MODEL HYPOTHESIS ONLY — requires expert/field review
R2-A-00573,2988,1229,366300.0,4209700.0,-118.523302,38.0251459,0.8627055,0.5891724,834.55597,13.17596,0.95019,0.99974,0.93526,200.0,"Potential-field view is in its training-reference confident tail while the surface view abstains. Deeper-than-median modelled cover, anti-aligned gravity/cover normals and cross-scale gravity persistence are consistent with a covered basin-margin discontinuity. No fault displacement, geothermal fluid flow or vent has been verified at this pixel.",Lithologic contact; basin-fill model dependence on gravity; intrusive/dike boundary; processing or coverage effects. Surface-only features may instead be roads or erosion.,MODEL HYPOTHESIS ONLY — requires expert/field review
R2-A-00574,2988,1237,367100.0,4209700.0,-118.5141902,38.0252636,0.8542205,0.4946151,805.48767,19.38005,0.93513,0.99995,0.96536,141.42,"Potential-field view is in its training-reference confident tail while the surface view abstains. Deeper-than-median modelled cover, anti-aligned gravity/cover normals and cross-scale gravity persistence are consistent with a covered basin-margin discontinuity. No fault displacement, geothermal fluid flow or vent has been verified at this pixel.",Lithologic contact; basin-fill model dependence on gravity; intrusive/dike boundary; processing or coverage effects. Surface-only features may instead be roads or erosion.,MODEL HYPOTHESIS ONLY — requires expert/field review
R2-A-00575,2988,1261,369500.0,4209700.0,-118.4868544,38.0256125,0.8158002,0.5905901,743.5531,10.32794,0.73374,0.99797,0.99797,316.23,"Potential-field view is in its training-reference confident tail while the surface view abstains. Deeper-than-median modelled cover, anti-aligned gravity/cover normals and cross-scale gravity persistence are consistent with a covered basin-margin discontinuity. No fault displacement, geothermal fluid flow or vent has been verified at this pixel.",Lithologic contact; basin-fill model dependence on gravity; intrusive/dike boundary; processing or coverage effects. Surface-only features may instead be roads or erosion.,MODEL HYPOTHESIS ONLY — requires expert/field review
R2-A-00576,2988,1274,370800.0,4209700.0,-118.4720474,38.0257989,0.8174792,0.5433823,747.36334,5.80176,0.78624,0.99975,0.99547,141.42,"Potential-field view is in its training-reference confident tail while the surface view abstains. Deeper-than-median modelled cover, anti-aligned gravity/cover normals and cross-scale gravity persistence are consistent with a covered basin-margin discontinuity. No fault displacement, geothermal fluid flow or vent has been verified at this pixel.",Lithologic contact; basin-fill model dependence on gravity; intrusive/dike boundary; processing or coverage effects. Surface-only features may instead be roads or erosion.,MODEL HYPOTHESIS ONLY — requires expert/field review
R2-A-00577,2988,1280,371400.0,4209700.0,-118.4652133,38.0258843,0.8421091,0.5199937,731.32892,1.25862,0.82855,0.99991,0.99612,223.61,"Potential-field view is in its training-reference confident tail while the surface view abstains. Deeper-than-median modelled cover, anti-aligned gravity/cover normals and cross-scale gravity persistence are consistent with a covered basin-margin discontinuity. No fault displacement, geothermal fluid flow or vent has been verified at this pixel.",Lithologic contact; basin-fill model dependence on gravity; intrusive/dike boundary; processing or coverage effects. Surface-only features may instead be roads or erosion.,MODEL HYPOTHESIS ONLY — requires expert/field review
R2-A-00578,2988,1292,372600.0,4209700.0,-118.4515451,38.0260538,0.8450661,0.5655832,673.99323,9.75089,0.87739,0.99989,0.99895,282.84,"Potential-field view is in its training-reference confident tail while the surface view abstains. Deeper-than-median modelled cover, anti-aligned gravity/cover normals and cross-scale gravity persistence are consistent with a covered basin-margin discontinuity. No fault displacement, geothermal fluid flow or vent has been verified at this pixel.",Lithologic contact; basin-fill model dependence on gravity; intrusive/dike boundary; processing or coverage effects. Surface-only features may instead be roads or erosion.,MODEL HYPOTHESIS ONLY — requires expert/field review
R2-A-00579,2988,1295,372900.0,4209700.0,-118.448128,38.026096,0.8407026,0.5560235,656.09161,3.8731,0.88556,0.99984,0.9994,500.0,"Potential-field view is in its training-reference confident tail while the surface view abstains. Deeper-than-median modelled cover, anti-aligned gravity/cover normals and cross-scale gravity persistence are consistent with a covered basin-margin discontinuity. No fault displacement, geothermal fluid flow or vent has been verified at this pixel.",Lithologic contact; basin-fill model dependence on gravity; intrusive/dike boundary; processing or coverage effects. Surface-only features may instead be roads or erosion.,MODEL HYPOTHESIS ONLY — requires expert/field review
R2-A-00580,2988,1308,374200.0,4209700.0,-118.4333206,38.0262774,0.8694437,0.548107,584.63043,5.90159,0.91064,0.99873,0.96203,447.21,"Potential-field view is in its training-reference confident tail while the surface view abstains. Deeper-than-median modelled cover, anti-aligned gravity/cover normals and cross-scale gravity persistence are consistent with a covered basin-margin discontinuity. No fault displacement, geothermal fluid flow or vent has been verified at this pixel.",Lithologic contact; basin-fill model dependence on gravity; intrusive/dike boundary; processing or coverage effects. Surface-only features may instead be roads or erosion.,MODEL HYPOTHESIS ONLY — requires expert/field review
R2-A-00581,2988,1327,376100.0,4209700.0,-118.4116788,38.0265393,0.87959,0.4142769,528.38525,8.14821,0.9849,0.99253,0.98029,447.21,"Potential-field view is in its training-reference confident tail while the surface view abstains. Deeper-than-median modelled cover, anti-aligned gravity/cover normals and cross-scale gravity persistence are consistent with a covered basin-margin discontinuity. No fault displacement, geothermal fluid flow or vent has been verified at this pixel.",Lithologic contact; basin-fill model dependence on gravity; intrusive/dike boundary; processing or coverage effects. Surface-only features may instead be roads or erosion.,MODEL HYPOTHESIS ONLY — requires expert/field review
R2-A-00582,2988,1330,376400.0,4209700.0,-118.4082616,38.0265803,0.87959,0.477319,521.22748,5.21305,0.97519,0.99377,0.97631,640.31,"Potential-field view is in its training-reference confident tail while the surface view abstains. Deeper-than-median modelled cover, anti-aligned gravity/cover normals and cross-scale gravity persistence are consistent with a covered basin-margin discontinuity. No fault displacement, geothermal fluid flow or vent has been verified at this pixel.",Lithologic contact; basin-fill model dependence on gravity; intrusive/dike boundary; processing or coverage effects. Surface-only features may instead be roads or erosion.,MODEL HYPOTHESIS ONLY — requires expert/field review
R2-A-00583,2988,1340,377400.0,4209700.0,-118.3968711,38.0267162,0.8887482,0.519851,485.24063,3.49812,0.9219,0.99932,0.99245,282.84,"Potential-field view is in its training-reference confident tail while the surface view abstains. Deeper-than-median modelled cover, anti-aligned gravity/cover normals and cross-scale gravity persistence are consistent with a covered basin-margin discontinuity. No fault displacement, geothermal fluid flow or vent has been verified at this pixel.",Lithologic contact; basin-fill model dependence on gravity; intrusive/dike boundary; processing or coverage effects. Surface-only features may instead be roads or erosion.,MODEL HYPOTHESIS ONLY — requires expert/field review
R2-A-00584,2988,1353,378700.0,4209700.0,-118.3820632,38.0268912,0.8632419,0.5934098,414.27591,17.82234,0.87982,0.99999,0.99934,100.0,"Potential-field view is in its training-reference confident tail while the surface view abstains. Deeper-than-median modelled cover, anti-aligned gravity/cover normals and cross-scale gravity persistence are consistent with a covered basin-margin discontinuity. No fault displacement, geothermal fluid flow or vent has been verified at this pixel.",Lithologic contact; basin-fill model dependence on gravity; intrusive/dike boundary; processing or coverage effects. Surface-only features may instead be roads or erosion.,MODEL HYPOTHESIS ONLY — requires expert/field review
R2-A-00585,2988,1383,381700.0,4209700.0,-118.3478908,38.027288,0.8437385,0.562824,341.72205,6.06994,0.99997,0.99413,0.92233,412.31,"Potential-field view is in its training-reference confident tail while the surface view abstains. Deeper-than-median modelled cover, anti-aligned gravity/cover normals and cross-scale gravity persistence are consistent with a covered basin-margin discontinuity. No fault displacement, geothermal fluid flow or vent has been verified at this pixel.",Lithologic contact; basin-fill model dependence on gravity; intrusive/dike boundary; processing or coverage effects. Surface-only features may instead be roads or erosion.,MODEL HYPOTHESIS ONLY — requires expert/field review
R2-A-00586,2988,1397,383100.0,4209700.0,-118.3319434,38.0274698,0.8400811,0.5636288,344.42706,3.43164,0.99671,0.99986,0.9025,141.42,"Potential-field view is in its training-reference confident tail while the surface view abstains. Deeper-than-median modelled cover, anti-aligned gravity/cover normals and cross-scale gravity persistence are consistent with a covered basin-margin discontinuity. No fault displacement, geothermal fluid flow or vent has been verified at this pixel.",Lithologic contact; basin-fill model dependence on gravity; intrusive/dike boundary; processing or coverage effects. Surface-only features may instead be roads or erosion.,MODEL HYPOTHESIS ONLY — requires expert/field review
R2-A-00587,2988,1403,383700.0,4209700.0,-118.3251088,38.027547,0.8251531,0.5388461,335.14542,2.60357,0.96479,0.99981,0.95133,447.21,"Potential-field view is in its training-reference confident tail while the surface view abstains. Deeper-than-median modelled cover, anti-aligned gravity/cover normals and cross-scale gravity persistence are consistent with a covered basin-margin discontinuity. No fault displacement, geothermal fluid flow or vent has been verified at this pixel.",Lithologic contact; basin-fill model dependence on gravity; intrusive/dike boundary; processing or coverage effects. Surface-only features may instead be roads or erosion.,MODEL HYPOTHESIS ONLY — requires expert/field review
R2-A-00588,2988,1406,384000.0,4209700.0,-118.3216914,38.0275855,0.8290824,0.5895999,323.43677,2.85291,0.95172,0.99685,0.97488,600.0,"Potential-field view is in its training-reference confident tail while the surface view abstains. Deeper-than-median modelled cover, anti-aligned gravity/cover normals and cross-scale gravity persistence are consistent with a covered basin-margin discontinuity. No fault displacement, geothermal fluid flow or vent has been verified at this pixel.",Lithologic contact; basin-fill model dependence on gravity; intrusive/dike boundary; processing or coverage effects. Surface-only features may instead be roads or erosion.,MODEL HYPOTHESIS ONLY — requires expert/field review
R2-A-00589,2989,1221,365500.0,4209600.0,-118.532395,38.0241265,0.8557358,0.4232267,854.05096,8.9607,0.84714,0.99956,0.73752,141.42,"Potential-field view is in its training-reference confident tail while the surface view abstains. Deeper-than-median modelled cover, anti-aligned gravity/cover normals and cross-scale gravity persistence are consistent with a covered basin-margin discontinuity. No fault displacement, geothermal fluid flow or vent has been verified at this pixel.",Lithologic contact; basin-fill model dependence on gravity; intrusive/dike boundary; processing or coverage effects. Surface-only features may instead be roads or erosion.,MODEL HYPOTHESIS ONLY — requires expert/field review
R2-A-00590,2989,1244,367800.0,4209600.0,-118.5061989,38.0244651,0.8499399,0.5269024,781.83008,4.07488,0.88364,1.0,0.96735,781.02,"Potential-field view is in its training-reference confident tail while the surface view abstains. Deeper-than-median modelled cover, anti-aligned gravity/cover normals and cross-scale gravity persistence are consistent with a covered basin-margin discontinuity. No fault displacement, geothermal fluid flow or vent has been verified at this pixel.",Lithologic contact; basin-fill model dependence on gravity; intrusive/dike boundary; processing or coverage effects. Surface-only features may instead be roads or erosion.,MODEL HYPOTHESIS ONLY — requires expert/field review
R2-A-00591,2989,1249,368300.0,4209600.0,-118.500504,38.0245379,0.8479747,0.5881481,767.6405,4.18701,0.83099,0.99984,0.96975,360.56,"Potential-field view is in its training-reference confident tail while the surface view abstains. Deeper-than-median modelled cover, anti-aligned gravity/cover normals and cross-scale gravity persistence are consistent with a covered basin-margin discontinuity. No fault displacement, geothermal fluid flow or vent has been verified at this pixel.",Lithologic contact; basin-fill model dependence on gravity; intrusive/dike boundary; processing or coverage effects. Surface-only features may instead be roads or erosion.,MODEL HYPOTHESIS ONLY — requires expert/field review
R2-A-00592,2989,1299,373300.0,4209600.0,-118.4435542,38.025251,0.8581796,0.5353744,641.29718,2.9645,0.88425,0.99961,0.99743,806.23,"Potential-field view is in its training-reference confident tail while the surface view abstains. Deeper-than-median modelled cover, anti-aligned gravity/cover normals and cross-scale gravity persistence are consistent with a covered basin-margin discontinuity. No fault displacement, geothermal fluid flow or vent has been verified at this pixel.",Lithologic contact; basin-fill model dependence on gravity; intrusive/dike boundary; processing or coverage effects. Surface-only features may instead be roads or erosion.,MODEL HYPOTHESIS ONLY — requires expert/field review
R2-A-00593,2989,1305,373900.0,4209600.0,-118.4367201,38.0253347,0.8702381,0.5400149,608.98822,2.09185,0.89952,0.99984,0.98189,707.11,"Potential-field view is in its training-reference confident tail while the surface view abstains. Deeper-than-median modelled cover, anti-aligned gravity/cover normals and cross-scale gravity persistence are consistent with a covered basin-margin discontinuity. No fault displacement, geothermal fluid flow or vent has been verified at this pixel.",Lithologic contact; basin-fill model dependence on gravity; intrusive/dike boundary; processing or coverage effects. Surface-only features may instead be roads or erosion.,MODEL HYPOTHESIS ONLY — requires expert/field review
R2-A-00594,2989,1317,375100.0,4209600.0,-118.4230518,38.025501,0.8802816,0.5215915,564.16589,13.2917,0.99886,0.97048,0.95111,141.42,"Potential-field view is in its training-reference confident tail while the surface view abstains. Deeper-than-median modelled cover, anti-aligned gravity/cover normals and cross-scale gravity persistence are consistent with a covered basin-margin discontinuity. No fault displacement, geothermal fluid flow or vent has been verified at this pixel.",Lithologic contact; basin-fill model dependence on gravity; intrusive/dike boundary; processing or coverage effects. Surface-only features may instead be roads or erosion.,MODEL HYPOTHESIS ONLY — requires expert/field review
R2-A-00595,2989,1332,376600.0,4209600.0,-118.4059663,38.0257066,0.8822485,0.5523214,532.33356,6.99247,0.96193,0.99662,0.97558,447.21,"Potential-field view is in its training-reference confident tail while the surface view abstains. Deeper-than-median modelled cover, anti-aligned gravity/cover normals and cross-scale gravity persistence are consistent with a covered basin-margin discontinuity. No fault displacement, geothermal fluid flow or vent has been verified at this pixel.",Lithologic contact; basin-fill model dependence on gravity; intrusive/dike boundary; processing or coverage effects. Surface-only features may instead be roads or erosion.,MODEL HYPOTHESIS ONLY — requires expert/field review
R2-A-00596,2989,1335,376900.0,4209600.0,-118.4025492,38.0257474,0.8888323,0.5256581,521.40546,3.20554,0.93845,0.99944,0.98374,400.0,"Potential-field view is in its training-reference confident tail while the surface view abstains. Deeper-than-median modelled cover, anti-aligned gravity/cover normals and cross-scale gravity persistence are consistent with a covered basin-margin discontinuity. No fault displacement, geothermal fluid flow or vent has been verified at this pixel.",Lithologic contact; basin-fill model dependence on gravity; intrusive/dike boundary; processing or coverage effects. Surface-only features may instead be roads or erosion.,MODEL HYPOTHESIS ONLY — requires expert/field review
R2-A-00597,2989,1368,380200.0,4209600.0,-118.3649604,38.0261898,0.8376102,0.5479035,370.0032,14.87381,0.92734,0.99998,0.98503,223.61,"Potential-field view is in its training-reference confident tail while the surface view abstains. Deeper-than-median modelled cover, anti-aligned gravity/cover normals and cross-scale gravity persistence are consistent with a covered basin-margin discontinuity. No fault displacement, geothermal fluid flow or vent has been verified at this pixel.",Lithologic contact; basin-fill model dependence on gravity; intrusive/dike boundary; processing or coverage effects. Surface-only features may instead be roads or erosion.,MODEL HYPOTHESIS ONLY — requires expert/field review
R2-A-00598,2989,1379,381300.0,4209600.0,-118.3524306,38.0263346,0.8342572,0.528433,352.88373,4.86654,0.98206,0.99946,0.95739,100.0,"Potential-field view is in its training-reference confident tail while the surface view abstains. Deeper-than-median modelled cover, anti-aligned gravity/cover normals and cross-scale gravity persistence are consistent with a covered basin-margin discontinuity. No fault displacement, geothermal fluid flow or vent has been verified at this pixel.",Lithologic contact; basin-fill model dependence on gravity; intrusive/dike boundary; processing or coverage effects. Surface-only features may instead be roads or erosion.,MODEL HYPOTHESIS ONLY — requires expert/field review
R2-A-00599,2990,1225,365900.0,4209500.0,-118.5278204,38.0232848,0.8504354,0.5321053,841.69214,5.54943,0.99332,1.0,0.87685,200.0,"Potential-field view is in its training-reference confident tail while the surface view abstains. Deeper-than-median modelled cover, anti-aligned gravity/cover normals and cross-scale gravity persistence are consistent with a covered basin-margin discontinuity. No fault displacement, geothermal fluid flow or vent has been verified at this pixel.",Lithologic contact; basin-fill model dependence on gravity; intrusive/dike boundary; processing or coverage effects. Surface-only features may instead be roads or erosion.,MODEL HYPOTHESIS ONLY — requires expert/field review
R2-A-00600,2990,1238,367200.0,4209500.0,-118.5130141,38.0234763,0.8537523,0.4400992,801.91467,5.1702,0.96538,0.99987,0.95996,200.0,"Potential-field view is in its training-reference confident tail while the surface view abstains. Deeper-than-median modelled cover, anti-aligned gravity/cover normals and cross-scale gravity persistence are consistent with a covered basin-margin discontinuity. No fault displacement, geothermal fluid flow or vent has been verified at this pixel.",Lithologic contact; basin-fill model dependence on gravity; intrusive/dike boundary; processing or coverage effects. Surface-only features may instead be roads or erosion.,MODEL HYPOTHESIS ONLY — requires expert/field review
R2-A-00601,2990,1246,368000.0,4209500.0,-118.5039025,38.0235932,0.8499399,0.5018325,778.52002,6.5627,0.84733,0.99999,0.96547,565.69,"Potential-field view is in its training-reference confident tail while the surface view abstains. Deeper-than-median modelled cover, anti-aligned gravity/cover normals and cross-scale gravity persistence are consistent with a covered basin-margin discontinuity. No fault displacement, geothermal fluid flow or vent has been verified at this pixel.",Lithologic contact; basin-fill model dependence on gravity; intrusive/dike boundary; processing or coverage effects. Surface-only features may instead be roads or erosion.,MODEL HYPOTHESIS ONLY — requires expert/field review
R2-A-00602,2990,1289,372300.0,4209500.0,-118.4549265,38.0242096,0.8450661,0.5274526,707.70697,2.78666,0.86676,0.99994,0.99759,100.0,"Potential-field view is in its training-reference confident tail while the surface view abstains. Deeper-than-median modelled cover, anti-aligned gravity/cover normals and cross-scale gravity persistence are consistent with a covered basin-margin discontinuity. No fault displacement, geothermal fluid flow or vent has been verified at this pixel.",Lithologic contact; basin-fill model dependence on gravity; intrusive/dike boundary; processing or coverage effects. Surface-only features may instead be roads or erosion.,MODEL HYPOTHESIS ONLY — requires expert/field review
R2-A-00603,2990,1297,373100.0,4209500.0,-118.4458146,38.024322,0.86623,0.5373203,662.26581,4.80377,0.88288,0.99991,0.99839,583.1,"Potential-field view is in its training-reference confident tail while the surface view abstains. Deeper-than-median modelled cover, anti-aligned gravity/cover normals and cross-scale gravity persistence are consistent with a covered basin-margin discontinuity. No fault displacement, geothermal fluid flow or vent has been verified at this pixel.",Lithologic contact; basin-fill model dependence on gravity; intrusive/dike boundary; processing or coverage effects. Surface-only features may instead be roads or erosion.,MODEL HYPOTHESIS ONLY — requires expert/field review
R2-A-00604,2990,1302,373600.0,4209500.0,-118.4401195,38.0243919,0.8603497,0.5348483,632.7229,8.02042,0.88752,0.99992,0.99084,1000.0,"Potential-field view is in its training-reference confident tail while the surface view abstains. Deeper-than-median modelled cover, anti-aligned gravity/cover normals and cross-scale gravity persistence are consistent with a covered basin-margin discontinuity. No fault displacement, geothermal fluid flow or vent has been verified at this pixel.",Lithologic contact; basin-fill model dependence on gravity; intrusive/dike boundary; processing or coverage effects. Surface-only features may instead be roads or erosion.,MODEL HYPOTHESIS ONLY — requires expert/field review
R2-A-00605,2990,1311,374500.0,4209500.0,-118.4298685,38.024517,0.8869088,0.5515599,590.96313,7.359,0.95322,0.99892,0.91614,100.0,"Potential-field view is in its training-reference confident tail while the surface view abstains. Deeper-than-median modelled cover, anti-aligned gravity/cover normals and cross-scale gravity persistence are consistent with a covered basin-margin discontinuity. No fault displacement, geothermal fluid flow or vent has been verified at this pixel.",Lithologic contact; basin-fill model dependence on gravity; intrusive/dike boundary; processing or coverage effects. Surface-only features may instead be roads or erosion.,MODEL HYPOTHESIS ONLY — requires expert/field review
R2-A-00606,2990,1315,374900.0,4209500.0,-118.4253124,38.0245724,0.8802816,0.5372746,579.84143,4.63368,0.99542,0.97465,0.92065,200.0,"Potential-field view is in its training-reference confident tail while the surface view abstains. Deeper-than-median modelled cover, anti-aligned gravity/cover normals and cross-scale gravity persistence are consistent with a covered basin-margin discontinuity. No fault displacement, geothermal fluid flow or vent has been verified at this pixel.",Lithologic contact; basin-fill model dependence on gravity; intrusive/dike boundary; processing or coverage effects. Surface-only features may instead be roads or erosion.,MODEL HYPOTHESIS ONLY — requires expert/field review
R2-A-00607,2990,1321,375500.0,4209500.0,-118.4184783,38.024655,0.8562374,0.5073885,568.24048,9.42204,0.99811,0.98205,0.9832,223.61,"Potential-field view is in its training-reference confident tail while the surface view abstains. Deeper-than-median modelled cover, anti-aligned gravity/cover normals and cross-scale gravity persistence are consistent with a covered basin-margin discontinuity. No fault displacement, geothermal fluid flow or vent has been verified at this pixel.",Lithologic contact; basin-fill model dependence on gravity; intrusive/dike boundary; processing or coverage effects. Surface-only features may instead be roads or erosion.,MODEL HYPOTHESIS ONLY — requires expert/field review
R2-A-00608,2990,1339,377300.0,4209500.0,-118.3979759,38.0249006,0.8887482,0.4701796,522.22046,8.99167,0.92115,0.99908,0.99122,200.0,"Potential-field view is in its training-reference confident tail while the surface view abstains. Deeper-than-median modelled cover, anti-aligned gravity/cover normals and cross-scale gravity persistence are consistent with a covered basin-margin discontinuity. No fault displacement, geothermal fluid flow or vent has been verified at this pixel.",Lithologic contact; basin-fill model dependence on gravity; intrusive/dike boundary; processing or coverage effects. Surface-only features may instead be roads or erosion.,MODEL HYPOTHESIS ONLY — requires expert/field review
R2-A-00609,2990,1345,377900.0,4209500.0,-118.3911417,38.0249817,0.8747132,0.5640141,493.88657,10.66797,0.90452,0.99995,0.99595,100.0,"Potential-field view is in its training-reference confident tail while the surface view abstains. Deeper-than-median modelled cover, anti-aligned gravity/cover normals and cross-scale gravity persistence are consistent with a covered basin-margin discontinuity. No fault displacement, geothermal fluid flow or vent has been verified at this pixel.",Lithologic contact; basin-fill model dependence on gravity; intrusive/dike boundary; processing or coverage effects. Surface-only features may instead be roads or erosion.,MODEL HYPOTHESIS ONLY — requires expert/field review
R2-A-00610,2990,1348,378200.0,4209500.0,-118.3877246,38.0250221,0.8811499,0.5644415,475.91034,15.61388,0.9005,0.99997,0.99836,100.0,"Potential-field view is in its training-reference confident tail while the surface view abstains. Deeper-than-median modelled cover, anti-aligned gravity/cover normals and cross-scale gravity persistence are consistent with a covered basin-margin discontinuity. No fault displacement, geothermal fluid flow or vent has been verified at this pixel.",Lithologic contact; basin-fill model dependence on gravity; intrusive/dike boundary; processing or coverage effects. Surface-only features may instead be roads or erosion.,MODEL HYPOTHESIS ONLY — requires expert/field review
R2-A-00611,2990,1376,381000.0,4209500.0,-118.3558312,38.0253943,0.8381177,0.5505558,365.28519,5.71902,0.97237,0.99816,0.96639,100.0,"Potential-field view is in its training-reference confident tail while the surface view abstains. Deeper-than-median modelled cover, anti-aligned gravity/cover normals and cross-scale gravity persistence are consistent with a covered basin-margin discontinuity. No fault displacement, geothermal fluid flow or vent has been verified at this pixel.",Lithologic contact; basin-fill model dependence on gravity; intrusive/dike boundary; processing or coverage effects. Surface-only features may instead be roads or erosion.,MODEL HYPOTHESIS ONLY — requires expert/field review
R2-A-00612,2990,1382,381600.0,4209500.0,-118.3489968,38.0254729,0.8367305,0.592329,363.59653,8.60888,0.99793,0.99746,0.94519,412.31,"Potential-field view is in its training-reference confident tail while the surface view abstains. Deeper-than-median modelled cover, anti-aligned gravity/cover normals and cross-scale gravity persistence are consistent with a covered basin-margin discontinuity. No fault displacement, geothermal fluid flow or vent has been verified at this pixel.",Lithologic contact; basin-fill model dependence on gravity; intrusive/dike boundary; processing or coverage effects. Surface-only features may instead be roads or erosion.,MODEL HYPOTHESIS ONLY — requires expert/field review
R2-A-00613,2990,1386,382000.0,4209500.0,-118.3444405,38.0255251,0.8423905,0.4544653,365.39822,1.42316,0.98976,0.97743,0.94953,500.0,"Potential-field view is in its training-reference confident tail while the surface view abstains. Deeper-than-median modelled cover, anti-aligned gravity/cover normals and cross-scale gravity persistence are consistent with a covered basin-margin discontinuity. No fault displacement, geothermal fluid flow or vent has been verified at this pixel.",Lithologic contact; basin-fill model dependence on gravity; intrusive/dike boundary; processing or coverage effects. Surface-only features may instead be roads or erosion.,MODEL HYPOTHESIS ONLY — requires expert/field review
R2-A-00614,2990,1389,382300.0,4209500.0,-118.3410233,38.0255641,0.840086,0.5193938,367.41818,1.23957,0.97894,0.96917,0.95847,200.0,"Potential-field view is in its training-reference confident tail while the surface view abstains. Deeper-than-median modelled cover, anti-aligned gravity/cover normals and cross-scale gravity persistence are consistent with a covered basin-margin discontinuity. No fault displacement, geothermal fluid flow or vent has been verified at this pixel.",Lithologic contact; basin-fill model dependence on gravity; intrusive/dike boundary; processing or coverage effects. Surface-only features may instead be roads or erosion.,MODEL HYPOTHESIS ONLY — requires expert/field review
R2-A-00615,2990,1394,382800.0,4209500.0,-118.335328,38.0256289,0.8451335,0.555134,368.60046,5.9661,0.99854,0.99626,0.92002,282.84,"Potential-field view is in its training-reference confident tail while the surface view abstains. Deeper-than-median modelled cover, anti-aligned gravity/cover normals and cross-scale gravity persistence are consistent with a covered basin-margin discontinuity. No fault displacement, geothermal fluid flow or vent has been verified at this pixel.",Lithologic contact; basin-fill model dependence on gravity; intrusive/dike boundary; processing or coverage effects. Surface-only features may instead be roads or erosion.,MODEL HYPOTHESIS ONLY — requires expert/field review
R2-A-00616,2990,1399,383300.0,4209500.0,-118.3296326,38.0256935,0.840921,0.6084943,360.71527,10.63931,0.99384,0.99879,0.94319,424.26,"Potential-field view is in its training-reference confident tail while the surface view abstains. Deeper-than-median modelled cover, anti-aligned gravity/cover normals and cross-scale gravity persistence are consistent with a covered basin-margin discontinuity. No fault displacement, geothermal fluid flow or vent has been verified at this pixel.",Lithologic contact; basin-fill model dependence on gravity; intrusive/dike boundary; processing or coverage effects. Surface-only features may instead be roads or erosion.,MODEL HYPOTHESIS ONLY — requires expert/field review
R2-A-00617,2991,1219,365300.0,4209400.0,-118.5346353,38.0222949,0.8474659,0.4144655,843.60126,1.78841,0.7533,0.99989,0.70373,223.61,"Potential-field view is in its training-reference confident tail while the surface view abstains. Deeper-than-median modelled cover, anti-aligned gravity/cover normals and cross-scale gravity persistence are consistent with a covered basin-margin discontinuity. No fault displacement, geothermal fluid flow or vent has been verified at this pixel.",Lithologic contact; basin-fill model dependence on gravity; intrusive/dike boundary; processing or coverage effects. Surface-only features may instead be roads or erosion.,MODEL HYPOTHESIS ONLY — requires expert/field review
R2-A-00618,2991,1229,366300.0,4209400.0,-118.523246,38.022443,0.8595426,0.4708679,829.05023,1.54415,0.99518,0.99986,0.92394,200.0,"Potential-field view is in its training-reference confident tail while the surface view abstains. Deeper-than-median modelled cover, anti-aligned gravity/cover normals and cross-scale gravity persistence are consistent with a covered basin-margin discontinuity. No fault displacement, geothermal fluid flow or vent has been verified at this pixel.",Lithologic contact; basin-fill model dependence on gravity; intrusive/dike boundary; processing or coverage effects. Surface-only features may instead be roads or erosion.,MODEL HYPOTHESIS ONLY — requires expert/field review
R2-A-00619,2991,1250,368400.0,4209400.0,-118.4993283,38.0227505,0.8456457,0.5990275,772.05542,4.63723,0.74884,0.99967,0.96406,200.0,"Potential-field view is in its training-reference confident tail while the surface view abstains. Deeper-than-median modelled cover, anti-aligned gravity/cover normals and cross-scale gravity persistence are consistent with a covered basin-margin discontinuity. No fault displacement, geothermal fluid flow or vent has been verified at this pixel.",Lithologic contact; basin-fill model dependence on gravity; intrusive/dike boundary; processing or coverage effects. Surface-only features may instead be roads or erosion.,MODEL HYPOTHESIS ONLY — requires expert/field review
R2-A-00620,2991,1280,371400.0,4209400.0,-118.4651595,38.0231813,0.8461428,0.506387,759.79327,2.84283,0.81861,0.99985,0.99527,100.0,"Potential-field view is in its training-reference confident tail while the surface view abstains. Deeper-than-median modelled cover, anti-aligned gravity/cover normals and cross-scale gravity persistence are consistent with a covered basin-margin discontinuity. No fault displacement, geothermal fluid flow or vent has been verified at this pixel.",Lithologic contact; basin-fill model dependence on gravity; intrusive/dike boundary; processing or coverage effects. Surface-only features may instead be roads or erosion.,MODEL HYPOTHESIS ONLY — requires expert/field review
R2-A-00621,2991,1284,371800.0,4209400.0,-118.4606036,38.023238,0.8584859,0.4881018,743.64996,3.47024,0.85609,0.99998,0.99542,200.0,"Potential-field view is in its training-reference confident tail while the surface view abstains. Deeper-than-median modelled cover, anti-aligned gravity/cover normals and cross-scale gravity persistence are consistent with a covered basin-margin discontinuity. No fault displacement, geothermal fluid flow or vent has been verified at this pixel.",Lithologic contact; basin-fill model dependence on gravity; intrusive/dike boundary; processing or coverage effects. Surface-only features may instead be roads or erosion.,MODEL HYPOTHESIS ONLY — requires expert/field review
R2-A-00622,2991,1293,372700.0,4209400.0,-118.4503528,38.0233649,0.8450661,0.5033711,694.81677,5.31405,0.87375,0.99999,0.9983,200.0,"Potential-field view is in its training-reference confident tail while the surface view abstains. Deeper-than-median modelled cover, anti-aligned gravity/cover normals and cross-scale gravity persistence are consistent with a covered basin-margin discontinuity. No fault displacement, geothermal fluid flow or vent has been verified at this pixel.",Lithologic contact; basin-fill model dependence on gravity; intrusive/dike boundary; processing or coverage effects. Surface-only features may instead be roads or erosion.,MODEL HYPOTHESIS ONLY — requires expert/field review
R2-A-00623,2991,1308,374200.0,4209400.0,-118.433268,38.0235744,0.8777624,0.5416612,614.90295,4.09802,0.92488,0.99983,0.95449,412.31,"Potential-field view is in its training-reference confident tail while the surface view abstains. Deeper-than-median modelled cover, anti-aligned gravity/cover normals and cross-scale gravity persistence are consistent with a covered basin-margin discontinuity. No fault displacement, geothermal fluid flow or vent has been verified at this pixel.",Lithologic contact; basin-fill model dependence on gravity; intrusive/dike boundary; processing or coverage effects. Surface-only features may instead be roads or erosion.,MODEL HYPOTHESIS ONLY — requires expert/field review
R2-A-00624,2991,1313,374700.0,4209400.0,-118.427573,38.0236437,0.8813512,0.5166778,594.56787,3.34576,0.98208,0.98782,0.90268,141.42,"Potential-field view is in its training-reference confident tail while the surface view abstains. Deeper-than-median modelled cover, anti-aligned gravity/cover normals and cross-scale gravity persistence are consistent with a covered basin-margin discontinuity. No fault displacement, geothermal fluid flow or vent has been verified at this pixel.",Lithologic contact; basin-fill model dependence on gravity; intrusive/dike boundary; processing or coverage effects. Surface-only features may instead be roads or erosion.,MODEL HYPOTHESIS ONLY — requires expert/field review
R2-A-00625,2991,1336,377000.0,4209400.0,-118.4013758,38.0239589,0.8888323,0.5244293,550.03113,6.68158,0.93042,0.99935,0.98483,200.0,"Potential-field view is in its training-reference confident tail while the surface view abstains. Deeper-than-median modelled cover, anti-aligned gravity/cover normals and cross-scale gravity persistence are consistent with a covered basin-margin discontinuity. No fault displacement, geothermal fluid flow or vent has been verified at this pixel.",Lithologic contact; basin-fill model dependence on gravity; intrusive/dike boundary; processing or coverage effects. Surface-only features may instead be roads or erosion.,MODEL HYPOTHESIS ONLY — requires expert/field review
R2-A-00626,2991,1354,378800.0,4209400.0,-118.3808734,38.0242015,0.8334184,0.6083979,457.87457,1.52287,0.87342,0.99999,0.99951,141.42,"Potential-field view is in its training-reference confident tail while the surface view abstains. Deeper-than-median modelled cover, anti-aligned gravity/cover normals and cross-scale gravity persistence are consistent with a covered basin-margin discontinuity. No fault displacement, geothermal fluid flow or vent has been verified at this pixel.",Lithologic contact; basin-fill model dependence on gravity; intrusive/dike boundary; processing or coverage effects. Surface-only features may instead be roads or erosion.,MODEL HYPOTHESIS ONLY — requires expert/field review
R2-A-00627,2991,1372,380600.0,4209400.0,-118.3603707,38.0244406,0.8358728,0.5305437,382.01471,10.27634,0.95524,0.99989,0.97196,200.0,"Potential-field view is in its training-reference confident tail while the surface view abstains. Deeper-than-median modelled cover, anti-aligned gravity/cover normals and cross-scale gravity persistence are consistent with a covered basin-margin discontinuity. No fault displacement, geothermal fluid flow or vent has been verified at this pixel.",Lithologic contact; basin-fill model dependence on gravity; intrusive/dike boundary; processing or coverage effects. Surface-only features may instead be roads or erosion.,MODEL HYPOTHESIS ONLY — requires expert/field review
R2-A-00628,2991,1402,383600.0,4209400.0,-118.3261991,38.024831,0.8361138,0.5718582,365.63058,4.98788,0.9858,0.99957,0.9572,300.0,"Potential-field view is in its training-reference confident tail while the surface view abstains. Deeper-than-median modelled cover, anti-aligned gravity/cover normals and cross-scale gravity persistence are consistent with a covered basin-margin discontinuity. No fault displacement, geothermal fluid flow or vent has been verified at this pixel.",Lithologic contact; basin-fill model dependence on gravity; intrusive/dike boundary; processing or coverage effects. Surface-only features may instead be roads or erosion.,MODEL HYPOTHESIS ONLY — requires expert/field review
R2-A-00629,2991,1408,384200.0,4209400.0,-118.3193647,38.0249079,0.823922,0.5426335,343.07022,1.16126,0.97502,0.9974,0.98957,360.56,"Potential-field view is in its training-reference confident tail while the surface view abstains. Deeper-than-median modelled cover, anti-aligned gravity/cover normals and cross-scale gravity persistence are consistent with a covered basin-margin discontinuity. No fault displacement, geothermal fluid flow or vent has been verified at this pixel.",Lithologic contact; basin-fill model dependence on gravity; intrusive/dike boundary; processing or coverage effects. Surface-only features may instead be roads or erosion.,MODEL HYPOTHESIS ONLY — requires expert/field review
R2-A-00630,2992,1224,365800.0,4209300.0,-118.5289219,38.0214681,0.8672407,0.5267071,838.72595,5.6871,0.92489,0.99937,0.85076,223.61,"Potential-field view is in its training-reference confident tail while the surface view abstains. Deeper-than-median modelled cover, anti-aligned gravity/cover normals and cross-scale gravity persistence are consistent with a covered basin-margin discontinuity. No fault displacement, geothermal fluid flow or vent has been verified at this pixel.",Lithologic contact; basin-fill model dependence on gravity; intrusive/dike boundary; processing or coverage effects. Surface-only features may instead be roads or erosion.,MODEL HYPOTHESIS ONLY — requires expert/field review
R2-A-00631,2992,1239,367300.0,4209300.0,-118.5118381,38.021689,0.8519207,0.5071208,799.25671,11.45912,0.98043,1.0,0.95343,300.0,"Potential-field view is in its training-reference confident tail while the surface view abstains. Deeper-than-median modelled cover, anti-aligned gravity/cover normals and cross-scale gravity persistence are consistent with a covered basin-margin discontinuity. No fault displacement, geothermal fluid flow or vent has been verified at this pixel.",Lithologic contact; basin-fill model dependence on gravity; intrusive/dike boundary; processing or coverage effects. Surface-only features may instead be roads or erosion.,MODEL HYPOTHESIS ONLY — requires expert/field review
R2-A-00632,2992,1242,367600.0,4209300.0,-118.5084214,38.0217329,0.8254347,0.3964595,790.8092,21.78288,0.92304,0.99998,0.95426,600.0,"Potential-field view is in its training-reference confident tail while the surface view abstains. Deeper-than-median modelled cover, anti-aligned gravity/cover normals and cross-scale gravity persistence are consistent with a covered basin-margin discontinuity. No fault displacement, geothermal fluid flow or vent has been verified at this pixel.",Lithologic contact; basin-fill model dependence on gravity; intrusive/dike boundary; processing or coverage effects. Surface-only features may instead be roads or erosion.,MODEL HYPOTHESIS ONLY — requires expert/field review
R2-A-00633,2992,1276,371000.0,4209300.0,-118.4696974,38.0222234,0.8518685,0.4809226,779.92847,3.82199,0.78756,0.99982,0.99426,223.61,"Potential-field view is in its training-reference confident tail while the surface view abstains. Deeper-than-median modelled cover, anti-aligned gravity/cover normals and cross-scale gravity persistence are consistent with a covered basin-margin discontinuity. No fault displacement, geothermal fluid flow or vent has been verified at this pixel.",Lithologic contact; basin-fill model dependence on gravity; intrusive/dike boundary; processing or coverage effects. Surface-only features may instead be roads or erosion.,MODEL HYPOTHESIS ONLY — requires expert/field review
R2-A-00634,2992,1300,373400.0,4209300.0,-118.4423622,38.022562,0.8592761,0.4895959,662.92157,4.00102,0.87931,1.0,0.99286,806.23,"Potential-field view is in its training-reference confident tail while the surface view abstains. Deeper-than-median modelled cover, anti-aligned gravity/cover normals and cross-scale gravity persistence are consistent with a covered basin-margin discontinuity. No fault displacement, geothermal fluid flow or vent has been verified at this pixel.",Lithologic contact; basin-fill model dependence on gravity; intrusive/dike boundary; processing or coverage effects. Surface-only features may instead be roads or erosion.,MODEL HYPOTHESIS ONLY — requires expert/field review
R2-A-00635,2992,1303,373700.0,4209300.0,-118.4389453,38.0226039,0.8641239,0.5064584,646.67365,4.83753,0.89065,0.99978,0.98428,921.95,"Potential-field view is in its training-reference confident tail while the surface view abstains. Deeper-than-median modelled cover, anti-aligned gravity/cover normals and cross-scale gravity persistence are consistent with a covered basin-margin discontinuity. No fault displacement, geothermal fluid flow or vent has been verified at this pixel.",Lithologic contact; basin-fill model dependence on gravity; intrusive/dike boundary; processing or coverage effects. Surface-only features may instead be roads or erosion.,MODEL HYPOTHESIS ONLY — requires expert/field review
R2-A-00636,2992,1328,376200.0,4209300.0,-118.4104706,38.0229489,0.8689976,0.4189079,584.87152,9.90149,0.98536,0.98709,0.97589,608.28,"Potential-field view is in its training-reference confident tail while the surface view abstains. Deeper-than-median modelled cover, anti-aligned gravity/cover normals and cross-scale gravity persistence are consistent with a covered basin-margin discontinuity. No fault displacement, geothermal fluid flow or vent has been verified at this pixel.",Lithologic contact; basin-fill model dependence on gravity; intrusive/dike boundary; processing or coverage effects. Surface-only features may instead be roads or erosion.,MODEL HYPOTHESIS ONLY — requires expert/field review
R2-A-00637,2992,1331,376500.0,4209300.0,-118.4070537,38.0229899,0.8705484,0.5740533,581.19775,7.76493,0.97003,0.99223,0.96901,316.23,"Potential-field view is in its training-reference confident tail while the surface view abstains. Deeper-than-median modelled cover, anti-aligned gravity/cover normals and cross-scale gravity persistence are consistent with a covered basin-margin discontinuity. No fault displacement, geothermal fluid flow or vent has been verified at this pixel.",Lithologic contact; basin-fill model dependence on gravity; intrusive/dike boundary; processing or coverage effects. Surface-only features may instead be roads or erosion.,MODEL HYPOTHESIS ONLY — requires expert/field review
R2-A-00638,2992,1334,376800.0,4209300.0,-118.4036367,38.0230307,0.8909421,0.5587406,573.70111,6.75426,0.94284,0.9985,0.97593,100.0,"Potential-field view is in its training-reference confident tail while the surface view abstains. Deeper-than-median modelled cover, anti-aligned gravity/cover normals and cross-scale gravity persistence are consistent with a covered basin-margin discontinuity. No fault displacement, geothermal fluid flow or vent has been verified at this pixel.",Lithologic contact; basin-fill model dependence on gravity; intrusive/dike boundary; processing or coverage effects. Surface-only features may instead be roads or erosion.,MODEL HYPOTHESIS ONLY — requires expert/field review
R2-A-00639,2992,1370,380400.0,4209300.0,-118.3626321,38.0235132,0.8393134,0.5484503,402.72235,16.98298,0.94886,1.0,0.98011,141.42,"Potential-field view is in its training-reference confident tail while the surface view abstains. Deeper-than-median modelled cover, anti-aligned gravity/cover normals and cross-scale gravity persistence are consistent with a covered basin-margin discontinuity. No fault displacement, geothermal fluid flow or vent has been verified at this pixel.",Lithologic contact; basin-fill model dependence on gravity; intrusive/dike boundary; processing or coverage effects. Surface-only features may instead be roads or erosion.,MODEL HYPOTHESIS ONLY — requires expert/field review
R2-A-00640,2992,1388,382200.0,4209300.0,-118.3421295,38.023749,0.8430092,0.6002591,387.35724,9.7432,0.98893,0.97515,0.97005,300.0,"Potential-field view is in its training-reference confident tail while the surface view abstains. Deeper-than-median modelled cover, anti-aligned gravity/cover normals and cross-scale gravity persistence are consistent with a covered basin-margin discontinuity. No fault displacement, geothermal fluid flow or vent has been verified at this pixel.",Lithologic contact; basin-fill model dependence on gravity; intrusive/dike boundary; processing or coverage effects. Surface-only features may instead be roads or erosion.,MODEL HYPOTHESIS ONLY — requires expert/field review
R2-A-00641,2992,1405,383900.0,4209300.0,-118.3227657,38.0239685,0.8335937,0.526251,365.31909,2.51427,0.97892,0.99904,0.97751,200.0,"Potential-field view is in its training-reference confident tail while the surface view abstains. Deeper-than-median modelled cover, anti-aligned gravity/cover normals and cross-scale gravity persistence are consistent with a covered basin-margin discontinuity. No fault displacement, geothermal fluid flow or vent has been verified at this pixel.",Lithologic contact; basin-fill model dependence on gravity; intrusive/dike boundary; processing or coverage effects. Surface-only features may instead be roads or erosion.,MODEL HYPOTHESIS ONLY — requires expert/field review
R2-A-00642,2992,1423,385700.0,4209300.0,-118.3022626,38.0241974,0.8445117,0.4752521,282.51688,1.3336,0.97578,0.99951,0.91944,412.31,"Potential-field view is in its training-reference confident tail while the surface view abstains. Signed normal/cover support is incomplete; do not interpret this discrepancy as proof of a buried fault. No fault displacement, geothermal fluid flow or vent has been verified at this pixel.",Lithologic contact; basin-fill model dependence on gravity; intrusive/dike boundary; processing or coverage effects. Surface-only features may instead be roads or erosion.,MODEL HYPOTHESIS ONLY — requires expert/field review
R2-A-00643,2993,1213,364700.0,4209200.0,-118.541431,38.0204035,0.8364586,0.4464415,825.09283,8.97484,0.93847,0.9925,0.72805,282.84,"Potential-field view is in its training-reference confident tail while the surface view abstains. Deeper-than-median modelled cover, anti-aligned gravity/cover normals and cross-scale gravity persistence are consistent with a covered basin-margin discontinuity. No fault displacement, geothermal fluid flow or vent has been verified at this pixel.",Lithologic contact; basin-fill model dependence on gravity; intrusive/dike boundary; processing or coverage effects. Surface-only features may instead be roads or erosion.,MODEL HYPOTHESIS ONLY — requires expert/field review
R2-A-00644,2993,1248,368200.0,4209200.0,-118.5015694,38.0209194,0.8456956,0.5304649,782.46246,11.12342,0.70489,0.99929,0.9519,223.61,"Potential-field view is in its training-reference confident tail while the surface view abstains. Deeper-than-median modelled cover, anti-aligned gravity/cover normals and cross-scale gravity persistence are consistent with a covered basin-margin discontinuity. No fault displacement, geothermal fluid flow or vent has been verified at this pixel.",Lithologic contact; basin-fill model dependence on gravity; intrusive/dike boundary; processing or coverage effects. Surface-only features may instead be roads or erosion.,MODEL HYPOTHESIS ONLY — requires expert/field review
R2-A-00645,2993,1258,369200.0,4209200.0,-118.4901802,38.0210644,0.8176929,0.6094041,779.17566,5.35495,0.61231,0.99497,0.98877,100.0,"Potential-field view is in its training-reference confident tail while the surface view abstains. Deeper-than-median modelled cover, anti-aligned gravity/cover normals and cross-scale gravity persistence are consistent with a covered basin-margin discontinuity. No fault displacement, geothermal fluid flow or vent has been verified at this pixel.",Lithologic contact; basin-fill model dependence on gravity; intrusive/dike boundary; processing or coverage effects. Surface-only features may instead be roads or erosion.,MODEL HYPOTHESIS ONLY — requires expert/field review
R2-A-00646,2993,1274,370800.0,4209200.0,-118.4719573,38.0212939,0.817915,0.5253372,794.7243,11.00577,0.75646,0.99954,0.99301,447.21,"Potential-field view is in its training-reference confident tail while the surface view abstains. Deeper-than-median modelled cover, anti-aligned gravity/cover normals and cross-scale gravity persistence are consistent with a covered basin-margin discontinuity. No fault displacement, geothermal fluid flow or vent has been verified at this pixel.",Lithologic contact; basin-fill model dependence on gravity; intrusive/dike boundary; processing or coverage effects. Surface-only features may instead be roads or erosion.,MODEL HYPOTHESIS ONLY — requires expert/field review
R2-A-00647,2993,1289,372300.0,4209200.0,-118.4548731,38.0215066,0.8453014,0.4511433,734.90955,2.74429,0.86141,0.99999,0.99597,223.61,"Potential-field view is in its training-reference confident tail while the surface view abstains. Deeper-than-median modelled cover, anti-aligned gravity/cover normals and cross-scale gravity persistence are consistent with a covered basin-margin discontinuity. No fault displacement, geothermal fluid flow or vent has been verified at this pixel.",Lithologic contact; basin-fill model dependence on gravity; intrusive/dike boundary; processing or coverage effects. Surface-only features may instead be roads or erosion.,MODEL HYPOTHESIS ONLY — requires expert/field review
R2-A-00648,2993,1297,373100.0,4209200.0,-118.4457614,38.021619,0.8596678,0.5521031,689.48657,9.38736,0.87443,0.99999,0.99571,500.0,"Potential-field view is in its training-reference confident tail while the surface view abstains. Deeper-than-median modelled cover, anti-aligned gravity/cover normals and cross-scale gravity persistence are consistent with a covered basin-margin discontinuity. No fault displacement, geothermal fluid flow or vent has been verified at this pixel.",Lithologic contact; basin-fill model dependence on gravity; intrusive/dike boundary; processing or coverage effects. Surface-only features may instead be roads or erosion.,MODEL HYPOTHESIS ONLY — requires expert/field review
R2-A-00649,2993,1307,374100.0,4209200.0,-118.4343718,38.0217585,0.8730534,0.5739085,639.28119,1.17592,0.91843,0.99875,0.96003,583.1,"Potential-field view is in its training-reference confident tail while the surface view abstains. Deeper-than-median modelled cover, anti-aligned gravity/cover normals and cross-scale gravity persistence are consistent with a covered basin-margin discontinuity. No fault displacement, geothermal fluid flow or vent has been verified at this pixel.",Lithologic contact; basin-fill model dependence on gravity; intrusive/dike boundary; processing or coverage effects. Surface-only features may instead be roads or erosion.,MODEL HYPOTHESIS ONLY — requires expert/field review
R2-A-00650,2993,1310,374400.0,4209200.0,-118.4309549,38.0218002,0.8788222,0.5256141,626.69128,1.82162,0.94677,0.99765,0.92385,360.56,"Potential-field view is in its training-reference confident tail while the surface view abstains. Deeper-than-median modelled cover, anti-aligned gravity/cover normals and cross-scale gravity persistence are consistent with a covered basin-margin discontinuity. No fault displacement, geothermal fluid flow or vent has been verified at this pixel.",Lithologic contact; basin-fill model dependence on gravity; intrusive/dike boundary; processing or coverage effects. Surface-only features may instead be roads or erosion.,MODEL HYPOTHESIS ONLY — requires expert/field review
R2-A-00651,2993,1341,377500.0,4209200.0,-118.3956465,38.0222246,0.8908599,0.5516918,564.44904,12.91878,0.90829,0.99892,0.99112,100.0,"Potential-field view is in its training-reference confident tail while the surface view abstains. Deeper-than-median modelled cover, anti-aligned gravity/cover normals and cross-scale gravity persistence are consistent with a covered basin-margin discontinuity. No fault displacement, geothermal fluid flow or vent has been verified at this pixel.",Lithologic contact; basin-fill model dependence on gravity; intrusive/dike boundary; processing or coverage effects. Surface-only features may instead be roads or erosion.,MODEL HYPOTHESIS ONLY — requires expert/field review
R2-A-00652,2993,1349,378300.0,4209200.0,-118.3865346,38.0223325,0.8721374,0.549616,519.03632,0.64827,0.89486,0.9999,0.99827,141.42,"Potential-field view is in its training-reference confident tail while the surface view abstains. Deeper-than-median modelled cover, anti-aligned gravity/cover normals and cross-scale gravity persistence are consistent with a covered basin-margin discontinuity. No fault displacement, geothermal fluid flow or vent has been verified at this pixel.",Lithologic contact; basin-fill model dependence on gravity; intrusive/dike boundary; processing or coverage effects. Surface-only features may instead be roads or erosion.,MODEL HYPOTHESIS ONLY — requires expert/field review
R2-A-00653,2993,1378,381200.0,4209200.0,-118.3535033,38.0227174,0.8373672,0.457864,399.93939,5.95142,0.98564,0.99809,0.97204,200.0,"Potential-field view is in its training-reference confident tail while the surface view abstains. Deeper-than-median modelled cover, anti-aligned gravity/cover normals and cross-scale gravity persistence are consistent with a covered basin-margin discontinuity. No fault displacement, geothermal fluid flow or vent has been verified at this pixel.",Lithologic contact; basin-fill model dependence on gravity; intrusive/dike boundary; processing or coverage effects. Surface-only features may instead be roads or erosion.,MODEL HYPOTHESIS ONLY — requires expert/field review
R2-A-00654,2993,1381,381500.0,4209200.0,-118.3500863,38.0227567,0.8389249,0.5858952,397.44684,9.97493,0.995,0.99817,0.9639,282.84,"Potential-field view is in its training-reference confident tail while the surface view abstains. Deeper-than-median modelled cover, anti-aligned gravity/cover normals and cross-scale gravity persistence are consistent with a covered basin-margin discontinuity. No fault displacement, geothermal fluid flow or vent has been verified at this pixel.",Lithologic contact; basin-fill model dependence on gravity; intrusive/dike boundary; processing or coverage effects. Surface-only features may instead be roads or erosion.,MODEL HYPOTHESIS ONLY — requires expert/field review
R2-A-00655,2993,1384,381800.0,4209200.0,-118.3466692,38.0227959,0.8430092,0.5705832,396.22513,5.14437,0.9998,0.99071,0.95935,200.0,"Potential-field view is in its training-reference confident tail while the surface view abstains. Deeper-than-median modelled cover, anti-aligned gravity/cover normals and cross-scale gravity persistence are consistent with a covered basin-margin discontinuity. No fault displacement, geothermal fluid flow or vent has been verified at this pixel.",Lithologic contact; basin-fill model dependence on gravity; intrusive/dike boundary; processing or coverage effects. Surface-only features may instead be roads or erosion.,MODEL HYPOTHESIS ONLY — requires expert/field review
R2-A-00656,2993,1390,382400.0,4209200.0,-118.339835,38.022874,0.8449002,0.546155,398.38348,5.03753,0.99163,0.97987,0.97144,200.0,"Potential-field view is in its training-reference confident tail while the surface view abstains. Deeper-than-median modelled cover, anti-aligned gravity/cover normals and cross-scale gravity persistence are consistent with a covered basin-margin discontinuity. No fault displacement, geothermal fluid flow or vent has been verified at this pixel.",Lithologic contact; basin-fill model dependence on gravity; intrusive/dike boundary; processing or coverage effects. Surface-only features may instead be roads or erosion.,MODEL HYPOTHESIS ONLY — requires expert/field review
R2-A-00657,2993,1393,382700.0,4209200.0,-118.3364179,38.0229129,0.8449002,0.5712547,399.46436,2.71568,0.99828,0.99344,0.95448,200.0,"Potential-field view is in its training-reference confident tail while the surface view abstains. Deeper-than-median modelled cover, anti-aligned gravity/cover normals and cross-scale gravity persistence are consistent with a covered basin-margin discontinuity. No fault displacement, geothermal fluid flow or vent has been verified at this pixel.",Lithologic contact; basin-fill model dependence on gravity; intrusive/dike boundary; processing or coverage effects. Surface-only features may instead be roads or erosion.,MODEL HYPOTHESIS ONLY — requires expert/field review
R2-A-00658,2993,1396,383000.0,4209200.0,-118.3330008,38.0229517,0.8401811,0.5276799,394.65466,7.12761,0.99947,0.99878,0.95412,200.0,"Potential-field view is in its training-reference confident tail while the surface view abstains. Deeper-than-median modelled cover, anti-aligned gravity/cover normals and cross-scale gravity persistence are consistent with a covered basin-margin discontinuity. No fault displacement, geothermal fluid flow or vent has been verified at this pixel.",Lithologic contact; basin-fill model dependence on gravity; intrusive/dike boundary; processing or coverage effects. Surface-only features may instead be roads or erosion.,MODEL HYPOTHESIS ONLY — requires expert/field review
R2-A-00659,2993,1409,384300.0,4209200.0,-118.3181934,38.0231186,0.8337148,0.5798485,357.06839,1.75925,0.98446,0.99721,0.99329,223.61,"Potential-field view is in its training-reference confident tail while the surface view abstains. Deeper-than-median modelled cover, anti-aligned gravity/cover normals and cross-scale gravity persistence are consistent with a covered basin-margin discontinuity. No fault displacement, geothermal fluid flow or vent has been verified at this pixel.",Lithologic contact; basin-fill model dependence on gravity; intrusive/dike boundary; processing or coverage effects. Surface-only features may instead be roads or erosion.,MODEL HYPOTHESIS ONLY — requires expert/field review
R2-A-00660,2994,1216,365000.0,4209100.0,-118.5379955,38.0195473,0.8536278,0.4649912,827.33502,16.83927,0.88347,0.996,0.77388,316.23,"Potential-field view is in its training-reference confident tail while the surface view abstains. Deeper-than-median modelled cover, anti-aligned gravity/cover normals and cross-scale gravity persistence are consistent with a covered basin-margin discontinuity. No fault displacement, geothermal fluid flow or vent has been verified at this pixel.",Lithologic contact; basin-fill model dependence on gravity; intrusive/dike boundary; processing or coverage effects. Surface-only features may instead be roads or erosion.,MODEL HYPOTHESIS ONLY — requires expert/field review
R2-A-00661,2994,1225,365900.0,4209100.0,-118.5277456,38.019681,0.8683781,0.5836924,831.15656,6.88862,0.89871,0.99806,0.8736,100.0,"Potential-field view is in its training-reference confident tail while the surface view abstains. Deeper-than-median modelled cover, anti-aligned gravity/cover normals and cross-scale gravity persistence are consistent with a covered basin-margin discontinuity. No fault displacement, geothermal fluid flow or vent has been verified at this pixel.",Lithologic contact; basin-fill model dependence on gravity; intrusive/dike boundary; processing or coverage effects. Surface-only features may instead be roads or erosion.,MODEL HYPOTHESIS ONLY — requires expert/field review
R2-A-00662,2994,1229,366300.0,4209100.0,-118.52319,38.0197401,0.8672603,0.4939176,823.54462,1.30823,0.93036,0.99965,0.91435,223.61,"Potential-field view is in its training-reference confident tail while the surface view abstains. Deeper-than-median modelled cover, anti-aligned gravity/cover normals and cross-scale gravity persistence are consistent with a covered basin-margin discontinuity. No fault displacement, geothermal fluid flow or vent has been verified at this pixel.",Lithologic contact; basin-fill model dependence on gravity; intrusive/dike boundary; processing or coverage effects. Surface-only features may instead be roads or erosion.,MODEL HYPOTHESIS ONLY — requires expert/field review
R2-A-00663,2994,1282,371600.0,4209100.0,-118.4628278,38.0205067,0.8216839,0.522491,782.87628,1.95956,0.8334,0.99982,0.99348,223.61,"Potential-field view is in its training-reference confident tail while the surface view abstains. Deeper-than-median modelled cover, anti-aligned gravity/cover normals and cross-scale gravity persistence are consistent with a covered basin-margin discontinuity. No fault displacement, geothermal fluid flow or vent has been verified at this pixel.",Lithologic contact; basin-fill model dependence on gravity; intrusive/dike boundary; processing or coverage effects. Surface-only features may instead be roads or erosion.,MODEL HYPOTHESIS ONLY — requires expert/field review
R2-A-00664,2994,1295,372900.0,4209100.0,-118.4480216,38.02069,0.8499719,0.5581908,710.06476,8.75802,0.86861,0.99995,0.99544,300.0,"Potential-field view is in its training-reference confident tail while the surface view abstains. Deeper-than-median modelled cover, anti-aligned gravity/cover normals and cross-scale gravity persistence are consistent with a covered basin-margin discontinuity. No fault displacement, geothermal fluid flow or vent has been verified at this pixel.",Lithologic contact; basin-fill model dependence on gravity; intrusive/dike boundary; processing or coverage effects. Surface-only features may instead be roads or erosion.,MODEL HYPOTHESIS ONLY — requires expert/field review
R2-A-00665,2994,1304,373800.0,4209100.0,-118.4377711,38.0208158,0.8572955,0.4912555,661.401,2.72473,0.89061,0.99883,0.97529,894.43,"Potential-field view is in its training-reference confident tail while the surface view abstains. Deeper-than-median modelled cover, anti-aligned gravity/cover normals and cross-scale gravity persistence are consistent with a covered basin-margin discontinuity. No fault displacement, geothermal fluid flow or vent has been verified at this pixel.",Lithologic contact; basin-fill model dependence on gravity; intrusive/dike boundary; processing or coverage effects. Surface-only features may instead be roads or erosion.,MODEL HYPOTHESIS ONLY — requires expert/field review
R2-A-00666,2994,1314,374800.0,4209100.0,-118.4263816,38.0209545,0.8631038,0.524949,626.1687,1.80213,0.99169,0.97373,0.90659,141.42,"Potential-field view is in its training-reference confident tail while the surface view abstains. Deeper-than-median modelled cover, anti-aligned gravity/cover normals and cross-scale gravity persistence are consistent with a covered basin-margin discontinuity. No fault displacement, geothermal fluid flow or vent has been verified at this pixel.",Lithologic contact; basin-fill model dependence on gravity; intrusive/dike boundary; processing or coverage effects. Surface-only features may instead be roads or erosion.,MODEL HYPOTHESIS ONLY — requires expert/field review
R2-A-00667,2994,1319,375300.0,4209100.0,-118.4206868,38.0210235,0.8415029,0.5925817,621.24323,3.30981,0.99968,0.97003,0.98117,282.84,"Potential-field view is in its training-reference confident tail while the surface view abstains. Deeper-than-median modelled cover, anti-aligned gravity/cover normals and cross-scale gravity persistence are consistent with a covered basin-margin discontinuity. No fault displacement, geothermal fluid flow or vent has been verified at this pixel.",Lithologic contact; basin-fill model dependence on gravity; intrusive/dike boundary; processing or coverage effects. Surface-only features may instead be roads or erosion.,MODEL HYPOTHESIS ONLY — requires expert/field review
R2-A-00668,2994,1324,375800.0,4209100.0,-118.414992,38.0210922,0.8593227,0.4967299,616.8775,10.76504,0.99363,0.98678,0.98514,670.82,"Potential-field view is in its training-reference confident tail while the surface view abstains. Deeper-than-median modelled cover, anti-aligned gravity/cover normals and cross-scale gravity persistence are consistent with a covered basin-margin discontinuity. No fault displacement, geothermal fluid flow or vent has been verified at this pixel.",Lithologic contact; basin-fill model dependence on gravity; intrusive/dike boundary; processing or coverage effects. Surface-only features may instead be roads or erosion.,MODEL HYPOTHESIS ONLY — requires expert/field review
R2-A-00669,2994,1338,377200.0,4209100.0,-118.3990464,38.021283,0.8903143,0.5554981,591.74536,7.80387,0.91371,0.99898,0.98652,100.0,"Potential-field view is in its training-reference confident tail while the surface view abstains. Deeper-than-median modelled cover, anti-aligned gravity/cover normals and cross-scale gravity persistence are consistent with a covered basin-margin discontinuity. No fault displacement, geothermal fluid flow or vent has been verified at this pixel.",Lithologic contact; basin-fill model dependence on gravity; intrusive/dike boundary; processing or coverage effects. Surface-only features may instead be roads or erosion.,MODEL HYPOTHESIS ONLY — requires expert/field review
R2-A-00670,2994,1372,380600.0,4209100.0,-118.3603208,38.0217375,0.8356283,0.5639462,420.50919,4.21054,0.96633,0.99973,0.97513,100.0,"Potential-field view is in its training-reference confident tail while the surface view abstains. Deeper-than-median modelled cover, anti-aligned gravity/cover normals and cross-scale gravity persistence are consistent with a covered basin-margin discontinuity. No fault displacement, geothermal fluid flow or vent has been verified at this pixel.",Lithologic contact; basin-fill model dependence on gravity; intrusive/dike boundary; processing or coverage effects. Surface-only features may instead be roads or erosion.,MODEL HYPOTHESIS ONLY — requires expert/field review
R2-A-00671,2994,1424,385800.0,4209100.0,-118.3010917,38.0224079,0.8445117,0.4821927,298.99521,1.90593,0.9512,0.99999,0.91374,316.23,"Potential-field view is in its training-reference confident tail while the surface view abstains. Signed normal/cover support is incomplete; do not interpret this discrepancy as proof of a buried fault. No fault displacement, geothermal fluid flow or vent has been verified at this pixel.",Lithologic contact; basin-fill model dependence on gravity; intrusive/dike boundary; processing or coverage effects. Surface-only features may instead be roads or erosion.,MODEL HYPOTHESIS ONLY — requires expert/field review
R2-A-00672,2995,1221,365500.0,4209000.0,-118.5322824,38.0187207,0.8340303,0.414265,833.84198,5.16509,0.84976,0.9999,0.81239,141.42,"Potential-field view is in its training-reference confident tail while the surface view abstains. Deeper-than-median modelled cover, anti-aligned gravity/cover normals and cross-scale gravity persistence are consistent with a covered basin-margin discontinuity. No fault displacement, geothermal fluid flow or vent has been verified at this pixel.",Lithologic contact; basin-fill model dependence on gravity; intrusive/dike boundary; processing or coverage effects. Surface-only features may instead be roads or erosion.,MODEL HYPOTHESIS ONLY — requires expert/field review
R2-A-00673,2995,1239,367300.0,4209000.0,-118.5117826,38.0189861,0.8666083,0.4919965,800.39752,9.24727,0.99591,0.99927,0.93299,300.0,"Potential-field view is in its training-reference confident tail while the surface view abstains. Deeper-than-median modelled cover, anti-aligned gravity/cover normals and cross-scale gravity persistence are consistent with a covered basin-margin discontinuity. No fault displacement, geothermal fluid flow or vent has been verified at this pixel.",Lithologic contact; basin-fill model dependence on gravity; intrusive/dike boundary; processing or coverage effects. Surface-only features may instead be roads or erosion.,MODEL HYPOTHESIS ONLY — requires expert/field review
R2-A-00674,2995,1247,368100.0,4209000.0,-118.5026715,38.0191029,0.856073,0.4718128,789.3988,7.59111,0.61122,0.99858,0.93033,316.23,"Potential-field view is in its training-reference confident tail while the surface view abstains. Deeper-than-median modelled cover, anti-aligned gravity/cover normals and cross-scale gravity persistence are consistent with a covered basin-margin discontinuity. No fault displacement, geothermal fluid flow or vent has been verified at this pixel.",Lithologic contact; basin-fill model dependence on gravity; intrusive/dike boundary; processing or coverage effects. Surface-only features may instead be roads or erosion.,MODEL HYPOTHESIS ONLY — requires expert/field review
R2-A-00675,2995,1286,372000.0,4209000.0,-118.4582542,38.0196623,0.8540162,0.5123751,769.89709,2.4971,0.85899,1.0,0.99325,141.42,"Potential-field view is in its training-reference confident tail while the surface view abstains. Deeper-than-median modelled cover, anti-aligned gravity/cover normals and cross-scale gravity persistence are consistent with a covered basin-margin discontinuity. No fault displacement, geothermal fluid flow or vent has been verified at this pixel.",Lithologic contact; basin-fill model dependence on gravity; intrusive/dike boundary; processing or coverage effects. Surface-only features may instead be roads or erosion.,MODEL HYPOTHESIS ONLY — requires expert/field review
R2-A-00676,2995,1300,373400.0,4209000.0,-118.4423092,38.019859,0.8330166,0.5063785,690.49353,1.93291,0.86304,0.99998,0.9873,800.0,"Potential-field view is in its training-reference confident tail while the surface view abstains. Deeper-than-median modelled cover, anti-aligned gravity/cover normals and cross-scale gravity persistence are consistent with a covered basin-margin discontinuity. No fault displacement, geothermal fluid flow or vent has been verified at this pixel.",Lithologic contact; basin-fill model dependence on gravity; intrusive/dike boundary; processing or coverage effects. Surface-only features may instead be roads or erosion.,MODEL HYPOTHESIS ONLY — requires expert/field review
R2-A-00677,2995,1328,376200.0,4209000.0,-118.4104188,38.0202459,0.8462246,0.4961358,629.02557,12.69133,0.98569,0.98274,0.96898,424.26,"Potential-field view is in its training-reference confident tail while the surface view abstains. Deeper-than-median modelled cover, anti-aligned gravity/cover normals and cross-scale gravity persistence are consistent with a covered basin-margin discontinuity. No fault displacement, geothermal fluid flow or vent has been verified at this pixel.",Lithologic contact; basin-fill model dependence on gravity; intrusive/dike boundary; processing or coverage effects. Surface-only features may instead be roads or erosion.,MODEL HYPOTHESIS ONLY — requires expert/field review
R2-A-00678,2995,1331,376500.0,4209000.0,-118.407002,38.0202869,0.8650609,0.5578697,627.96558,7.47053,0.96785,0.98981,0.95833,282.84,"Potential-field view is in its training-reference confident tail while the surface view abstains. Deeper-than-median modelled cover, anti-aligned gravity/cover normals and cross-scale gravity persistence are consistent with a covered basin-margin discontinuity. No fault displacement, geothermal fluid flow or vent has been verified at this pixel.",Lithologic contact; basin-fill model dependence on gravity; intrusive/dike boundary; processing or coverage effects. Surface-only features may instead be roads or erosion.,MODEL HYPOTHESIS ONLY — requires expert/field review
R2-A-00679,2995,1335,376900.0,4209000.0,-118.4024461,38.0203413,0.8703318,0.4389945,618.59949,4.63152,0.92599,0.99901,0.97295,200.0,"Potential-field view is in its training-reference confident tail while the surface view abstains. Deeper-than-median modelled cover, anti-aligned gravity/cover normals and cross-scale gravity persistence are consistent with a covered basin-margin discontinuity. No fault displacement, geothermal fluid flow or vent has been verified at this pixel.",Lithologic contact; basin-fill model dependence on gravity; intrusive/dike boundary; processing or coverage effects. Surface-only features may instead be roads or erosion.,MODEL HYPOTHESIS ONLY — requires expert/field review
R2-A-00680,2995,1343,377700.0,4209000.0,-118.3933344,38.0204496,0.8830445,0.4935402,589.51019,0.66723,0.8949,0.99952,0.99114,141.42,"Potential-field view is in its training-reference confident tail while the surface view abstains. Deeper-than-median modelled cover, anti-aligned gravity/cover normals and cross-scale gravity persistence are consistent with a covered basin-margin discontinuity. No fault displacement, geothermal fluid flow or vent has been verified at this pixel.",Lithologic contact; basin-fill model dependence on gravity; intrusive/dike boundary; processing or coverage effects. Surface-only features may instead be roads or erosion.,MODEL HYPOTHESIS ONLY — requires expert/field review
R2-A-00681,2995,1346,378000.0,4209000.0,-118.3899175,38.0204901,0.8721374,0.5191802,570.64545,2.25055,0.89233,0.99991,0.99469,200.0,"Potential-field view is in its training-reference confident tail while the surface view abstains. Deeper-than-median modelled cover, anti-aligned gravity/cover normals and cross-scale gravity persistence are consistent with a covered basin-margin discontinuity. No fault displacement, geothermal fluid flow or vent has been verified at this pixel.",Lithologic contact; basin-fill model dependence on gravity; intrusive/dike boundary; processing or coverage effects. Surface-only features may instead be roads or erosion.,MODEL HYPOTHESIS ONLY — requires expert/field review
R2-A-00682,2995,1354,378800.0,4209000.0,-118.3808058,38.0205974,0.8569242,0.5859732,521.58789,6.89399,0.87849,1.0,0.99854,200.0,"Potential-field view is in its training-reference confident tail while the surface view abstains. Deeper-than-median modelled cover, anti-aligned gravity/cover normals and cross-scale gravity persistence are consistent with a covered basin-margin discontinuity. No fault displacement, geothermal fluid flow or vent has been verified at this pixel.",Lithologic contact; basin-fill model dependence on gravity; intrusive/dike boundary; processing or coverage effects. Surface-only features may instead be roads or erosion.,MODEL HYPOTHESIS ONLY — requires expert/field review
R2-A-00683,2995,1367,380100.0,4209000.0,-118.365999,38.0207704,0.8393134,0.5366718,455.65961,4.69341,0.948,0.99991,0.98866,141.42,"Potential-field view is in its training-reference confident tail while the surface view abstains. Deeper-than-median modelled cover, anti-aligned gravity/cover normals and cross-scale gravity persistence are consistent with a covered basin-margin discontinuity. No fault displacement, geothermal fluid flow or vent has been verified at this pixel.",Lithologic contact; basin-fill model dependence on gravity; intrusive/dike boundary; processing or coverage effects. Surface-only features may instead be roads or erosion.,MODEL HYPOTHESIS ONLY — requires expert/field review
R2-A-00684,2995,1375,380900.0,4209000.0,-118.3568871,38.0208759,0.8421538,0.528946,427.01144,4.34281,0.9816,0.99735,0.9735,282.84,"Potential-field view is in its training-reference confident tail while the surface view abstains. Deeper-than-median modelled cover, anti-aligned gravity/cover normals and cross-scale gravity persistence are consistent with a covered basin-margin discontinuity. No fault displacement, geothermal fluid flow or vent has been verified at this pixel.",Lithologic contact; basin-fill model dependence on gravity; intrusive/dike boundary; processing or coverage effects. Surface-only features may instead be roads or erosion.,MODEL HYPOTHESIS ONLY — requires expert/field review
R2-A-00685,2995,1430,386400.0,4209000.0,-118.2942416,38.0215823,0.8225921,0.4760962,294.4201,3.14934,0.92158,0.99984,0.96826,100.0,"Potential-field view is in its training-reference confident tail while the surface view abstains. Signed normal/cover support is incomplete; do not interpret this discrepancy as proof of a buried fault. No fault displacement, geothermal fluid flow or vent has been verified at this pixel.",Lithologic contact; basin-fill model dependence on gravity; intrusive/dike boundary; processing or coverage effects. Surface-only features may instead be roads or erosion.,MODEL HYPOTHESIS ONLY — requires expert/field review
R2-A-00686,2996,1217,365100.0,4208900.0,-118.536819,38.0177603,0.8510169,0.4556555,822.25848,5.39907,0.90937,0.99967,0.8367,141.42,"Potential-field view is in its training-reference confident tail while the surface view abstains. Deeper-than-median modelled cover, anti-aligned gravity/cover normals and cross-scale gravity persistence are consistent with a covered basin-margin discontinuity. No fault displacement, geothermal fluid flow or vent has been verified at this pixel.",Lithologic contact; basin-fill model dependence on gravity; intrusive/dike boundary; processing or coverage effects. Surface-only features may instead be roads or erosion.,MODEL HYPOTHESIS ONLY — requires expert/field review
R2-A-00687,2996,1223,365700.0,4208900.0,-118.5299859,38.0178494,0.8641255,0.4788757,828.89459,4.34943,0.85798,0.9982,0.85007,300.0,"Potential-field view is in its training-reference confident tail while the surface view abstains. Deeper-than-median modelled cover, anti-aligned gravity/cover normals and cross-scale gravity persistence are consistent with a covered basin-margin discontinuity. No fault displacement, geothermal fluid flow or vent has been verified at this pixel.",Lithologic contact; basin-fill model dependence on gravity; intrusive/dike boundary; processing or coverage effects. Surface-only features may instead be roads or erosion.,MODEL HYPOTHESIS ONLY — requires expert/field review
R2-A-00688,2996,1228,366200.0,4208900.0,-118.5242916,38.0179234,0.8702757,0.497808,821.3783,4.32222,0.86838,0.99914,0.90558,141.42,"Potential-field view is in its training-reference confident tail while the surface view abstains. Deeper-than-median modelled cover, anti-aligned gravity/cover normals and cross-scale gravity persistence are consistent with a covered basin-margin discontinuity. No fault displacement, geothermal fluid flow or vent has been verified at this pixel.",Lithologic contact; basin-fill model dependence on gravity; intrusive/dike boundary; processing or coverage effects. Surface-only features may instead be roads or erosion.,MODEL HYPOTHESIS ONLY — requires expert/field review
R2-A-00689,2996,1244,367800.0,4208900.0,-118.5060697,38.0181582,0.8609167,0.4455832,793.96356,5.13766,0.88057,0.99915,0.91561,632.46,"Potential-field view is in its training-reference confident tail while the surface view abstains. Deeper-than-median modelled cover, anti-aligned gravity/cover normals and cross-scale gravity persistence are consistent with a covered basin-margin discontinuity. No fault displacement, geothermal fluid flow or vent has been verified at this pixel.",Lithologic contact; basin-fill model dependence on gravity; intrusive/dike boundary; processing or coverage effects. Surface-only features may instead be roads or erosion.,MODEL HYPOTHESIS ONLY — requires expert/field review
R2-A-00690,2996,1250,368400.0,4208900.0,-118.4992365,38.0182456,0.846985,0.5336478,790.19098,5.92477,0.34201,0.99808,0.92058,200.0,"Potential-field view is in its training-reference confident tail while the surface view abstains. Deeper-than-median modelled cover, anti-aligned gravity/cover normals and cross-scale gravity persistence are consistent with a covered basin-margin discontinuity. No fault displacement, geothermal fluid flow or vent has been verified at this pixel.",Lithologic contact; basin-fill model dependence on gravity; intrusive/dike boundary; processing or coverage effects. Surface-only features may instead be roads or erosion.,MODEL HYPOTHESIS ONLY — requires expert/field review
R2-A-00691,2996,1273,370700.0,4208900.0,-118.4730421,38.0185767,0.8457546,0.6026307,825.79205,5.52704,0.70897,0.99887,0.9901,632.46,"Potential-field view is in its training-reference confident tail while the surface view abstains. Deeper-than-median modelled cover, anti-aligned gravity/cover normals and cross-scale gravity persistence are consistent with a covered basin-margin discontinuity. No fault displacement, geothermal fluid flow or vent has been verified at this pixel.",Lithologic contact; basin-fill model dependence on gravity; intrusive/dike boundary; processing or coverage effects. Surface-only features may instead be roads or erosion.,MODEL HYPOTHESIS ONLY — requires expert/field review
R2-A-00692,2996,1277,371100.0,4208900.0,-118.4684865,38.0186337,0.8503517,0.5615841,815.18738,6.27071,0.78168,0.99975,0.99185,282.84,"Potential-field view is in its training-reference confident tail while the surface view abstains. Deeper-than-median modelled cover, anti-aligned gravity/cover normals and cross-scale gravity persistence are consistent with a covered basin-margin discontinuity. No fault displacement, geothermal fluid flow or vent has been verified at this pixel.",Lithologic contact; basin-fill model dependence on gravity; intrusive/dike boundary; processing or coverage effects. Surface-only features may instead be roads or erosion.,MODEL HYPOTHESIS ONLY — requires expert/field review
R2-A-00693,2996,1294,372800.0,4208900.0,-118.4491251,38.018874,0.823823,0.5486763,733.73004,5.66944,0.85592,0.99999,0.99323,200.0,"Potential-field view is in its training-reference confident tail while the surface view abstains. Deeper-than-median modelled cover, anti-aligned gravity/cover normals and cross-scale gravity persistence are consistent with a covered basin-margin discontinuity. No fault displacement, geothermal fluid flow or vent has been verified at this pixel.",Lithologic contact; basin-fill model dependence on gravity; intrusive/dike boundary; processing or coverage effects. Surface-only features may instead be roads or erosion.,MODEL HYPOTHESIS ONLY — requires expert/field review
R2-A-00694,2996,1320,375400.0,4208900.0,-118.419513,38.0192352,0.8289575,0.568394,645.29871,4.08205,0.99938,0.97362,0.98327,500.0,"Potential-field view is in its training-reference confident tail while the surface view abstains. Deeper-than-median modelled cover, anti-aligned gravity/cover normals and cross-scale gravity persistence are consistent with a covered basin-margin discontinuity. No fault displacement, geothermal fluid flow or vent has been verified at this pixel.",Lithologic contact; basin-fill model dependence on gravity; intrusive/dike boundary; processing or coverage effects. Surface-only features may instead be roads or erosion.,MODEL HYPOTHESIS ONLY — requires expert/field review
R2-A-00695,2996,1325,375900.0,4208900.0,-118.4138184,38.0193039,0.8527812,0.5415809,643.92908,16.3088,0.99221,0.98413,0.97958,500.0,"Potential-field view is in its training-reference confident tail while the surface view abstains. Deeper-than-median modelled cover, anti-aligned gravity/cover normals and cross-scale gravity persistence are consistent with a covered basin-margin discontinuity. No fault displacement, geothermal fluid flow or vent has been verified at this pixel.",Lithologic contact; basin-fill model dependence on gravity; intrusive/dike boundary; processing or coverage effects. Surface-only features may instead be roads or erosion.,MODEL HYPOTHESIS ONLY — requires expert/field review
R2-A-00696,2996,1338,377200.0,4208900.0,-118.3990121,38.019481,0.8814064,0.4240093,624.58478,1.1729,0.90166,0.99907,0.98298,100.0,"Potential-field view is in its training-reference confident tail while the surface view abstains. Deeper-than-median modelled cover, anti-aligned gravity/cover normals and cross-scale gravity persistence are consistent with a covered basin-margin discontinuity. No fault displacement, geothermal fluid flow or vent has been verified at this pixel.",Lithologic contact; basin-fill model dependence on gravity; intrusive/dike boundary; processing or coverage effects. Surface-only features may instead be roads or erosion.,MODEL HYPOTHESIS ONLY — requires expert/field review
R2-A-00697,2996,1351,378500.0,4208900.0,-118.3842057,38.0196562,0.8555149,0.5427228,555.46014,3.31248,0.88301,0.99996,0.99735,200.0,"Potential-field view is in its training-reference confident tail while the surface view abstains. Deeper-than-median modelled cover, anti-aligned gravity/cover normals and cross-scale gravity persistence are consistent with a covered basin-margin discontinuity. No fault displacement, geothermal fluid flow or vent has been verified at this pixel.",Lithologic contact; basin-fill model dependence on gravity; intrusive/dike boundary; processing or coverage effects. Surface-only features may instead be roads or erosion.,MODEL HYPOTHESIS ONLY — requires expert/field review
R2-A-00698,2996,1377,381100.0,4208900.0,-118.3545926,38.0200012,0.8151308,0.528841,436.53799,4.01287,0.98808,0.997,0.97612,141.42,"Potential-field view is in its training-reference confident tail while the surface view abstains. Deeper-than-median modelled cover, anti-aligned gravity/cover normals and cross-scale gravity persistence are consistent with a covered basin-margin discontinuity. No fault displacement, geothermal fluid flow or vent has been verified at this pixel.",Lithologic contact; basin-fill model dependence on gravity; intrusive/dike boundary; processing or coverage effects. Surface-only features may instead be roads or erosion.,MODEL HYPOTHESIS ONLY — requires expert/field review
R2-A-00699,2996,1400,383400.0,4208900.0,-118.3283959,38.0203001,0.8457434,0.5765413,417.19492,3.4918,0.99659,0.99709,0.96405,100.0,"Potential-field view is in its training-reference confident tail while the surface view abstains. Deeper-than-median modelled cover, anti-aligned gravity/cover normals and cross-scale gravity persistence are consistent with a covered basin-margin discontinuity. No fault displacement, geothermal fluid flow or vent has been verified at this pixel.",Lithologic contact; basin-fill model dependence on gravity; intrusive/dike boundary; processing or coverage effects. Surface-only features may instead be roads or erosion.,MODEL HYPOTHESIS ONLY — requires expert/field review
R2-A-00700,2996,1403,383700.0,4208900.0,-118.3249789,38.0203387,0.8341387,0.59941,412.19418,3.32078,0.99162,0.99997,0.96779,200.0,"Potential-field view is in its training-reference confident tail while the surface view abstains. Deeper-than-median modelled cover, anti-aligned gravity/cover normals and cross-scale gravity persistence are consistent with a covered basin-margin discontinuity. No fault displacement, geothermal fluid flow or vent has been verified at this pixel.",Lithologic contact; basin-fill model dependence on gravity; intrusive/dike boundary; processing or coverage effects. Surface-only features may instead be roads or erosion.,MODEL HYPOTHESIS ONLY — requires expert/field review
R2-A-00701,2996,1406,384000.0,4208900.0,-118.3215619,38.0203771,0.8327479,0.5392061,398.51123,6.90829,0.98818,0.99739,0.98494,141.42,"Potential-field view is in its training-reference confident tail while the surface view abstains. Deeper-than-median modelled cover, anti-aligned gravity/cover normals and cross-scale gravity persistence are consistent with a covered basin-margin discontinuity. No fault displacement, geothermal fluid flow or vent has been verified at this pixel.",Lithologic contact; basin-fill model dependence on gravity; intrusive/dike boundary; processing or coverage effects. Surface-only features may instead be roads or erosion.,MODEL HYPOTHESIS ONLY — requires expert/field review
R2-A-00702,2997,1242,367600.0,4208800.0,-118.508329,38.0172281,0.8722289,0.4261068,796.32001,4.7806,0.92258,0.99968,0.90792,600.0,"Potential-field view is in its training-reference confident tail while the surface view abstains. Deeper-than-median modelled cover, anti-aligned gravity/cover normals and cross-scale gravity persistence are consistent with a covered basin-margin discontinuity. No fault displacement, geothermal fluid flow or vent has been verified at this pixel.",Lithologic contact; basin-fill model dependence on gravity; intrusive/dike boundary; processing or coverage effects. Surface-only features may instead be roads or erosion.,MODEL HYPOTHESIS ONLY — requires expert/field review
R2-A-00703,2997,1254,368800.0,4208800.0,-118.4946627,38.0174026,0.8378286,0.5499293,797.39612,4.24216,0.15441,0.99498,0.93087,300.0,"Potential-field view is in its training-reference confident tail while the surface view abstains. Signed normal/cover support is incomplete; do not interpret this discrepancy as proof of a buried fault. No fault displacement, geothermal fluid flow or vent has been verified at this pixel.",Lithologic contact; basin-fill model dependence on gravity; intrusive/dike boundary; processing or coverage effects. Surface-only features may instead be roads or erosion.,MODEL HYPOTHESIS ONLY — requires expert/field review
R2-A-00704,2997,1282,371600.0,4208800.0,-118.4627741,38.0178037,0.8522742,0.5607953,811.35181,6.85379,0.83098,0.99985,0.99123,141.42,"Potential-field view is in its training-reference confident tail while the surface view abstains. Deeper-than-median modelled cover, anti-aligned gravity/cover normals and cross-scale gravity persistence are consistent with a covered basin-margin discontinuity. No fault displacement, geothermal fluid flow or vent has been verified at this pixel.",Lithologic contact; basin-fill model dependence on gravity; intrusive/dike boundary; processing or coverage effects. Surface-only features may instead be roads or erosion.,MODEL HYPOTHESIS ONLY — requires expert/field review
R2-A-00705,2997,1297,373100.0,4208800.0,-118.4456906,38.018015,0.8355331,0.5887848,725.78094,11.66205,0.84638,0.99999,0.98984,509.9,"Potential-field view is in its training-reference confident tail while the surface view abstains. Deeper-than-median modelled cover, anti-aligned gravity/cover normals and cross-scale gravity persistence are consistent with a covered basin-margin discontinuity. No fault displacement, geothermal fluid flow or vent has been verified at this pixel.",Lithologic contact; basin-fill model dependence on gravity; intrusive/dike boundary; processing or coverage effects. Surface-only features may instead be roads or erosion.,MODEL HYPOTHESIS ONLY — requires expert/field review
R2-A-00706,2997,1303,373700.0,4208800.0,-118.4388572,38.0180989,0.8694832,0.4969546,693.63202,1.92037,0.84873,0.99961,0.97033,1000.0,"Potential-field view is in its training-reference confident tail while the surface view abstains. Deeper-than-median modelled cover, anti-aligned gravity/cover normals and cross-scale gravity persistence are consistent with a covered basin-margin discontinuity. No fault displacement, geothermal fluid flow or vent has been verified at this pixel.",Lithologic contact; basin-fill model dependence on gravity; intrusive/dike boundary; processing or coverage effects. Surface-only features may instead be roads or erosion.,MODEL HYPOTHESIS ONLY — requires expert/field review
R2-A-00707,2997,1311,374500.0,4208800.0,-118.4297459,38.01821,0.8390917,0.4680303,664.53595,2.91125,0.9402,0.99467,0.88313,565.69,"Potential-field view is in its training-reference confident tail while the surface view abstains. Deeper-than-median modelled cover, anti-aligned gravity/cover normals and cross-scale gravity persistence are consistent with a covered basin-margin discontinuity. No fault displacement, geothermal fluid flow or vent has been verified at this pixel.",Lithologic contact; basin-fill model dependence on gravity; intrusive/dike boundary; processing or coverage effects. Surface-only features may instead be roads or erosion.,MODEL HYPOTHESIS ONLY — requires expert/field review
R2-A-00708,2997,1316,375000.0,4208800.0,-118.4240513,38.0182791,0.8591737,0.5189964,658.91754,3.12109,0.99859,0.95557,0.92836,412.31,"Potential-field view is in its training-reference confident tail while the surface view abstains. Deeper-than-median modelled cover, anti-aligned gravity/cover normals and cross-scale gravity persistence are consistent with a covered basin-margin discontinuity. No fault displacement, geothermal fluid flow or vent has been verified at this pixel.",Lithologic contact; basin-fill model dependence on gravity; intrusive/dike boundary; processing or coverage effects. Surface-only features may instead be roads or erosion.,MODEL HYPOTHESIS ONLY — requires expert/field review
R2-A-00709,2997,1328,376200.0,4208800.0,-118.4103843,38.0184439,0.8589718,0.6102863,658.46167,7.47921,0.98624,0.97753,0.95944,282.84,"Potential-field view is in its training-reference confident tail while the surface view abstains. Deeper-than-median modelled cover, anti-aligned gravity/cover normals and cross-scale gravity persistence are consistent with a covered basin-margin discontinuity. No fault displacement, geothermal fluid flow or vent has been verified at this pixel.",Lithologic contact; basin-fill model dependence on gravity; intrusive/dike boundary; processing or coverage effects. Surface-only features may instead be roads or erosion.,MODEL HYPOTHESIS ONLY — requires expert/field review
R2-A-00710,2997,1334,376800.0,4208800.0,-118.4035507,38.0185257,0.8544527,0.5387447,654.32831,3.11486,0.92583,0.99798,0.95838,100.0,"Potential-field view is in its training-reference confident tail while the surface view abstains. Deeper-than-median modelled cover, anti-aligned gravity/cover normals and cross-scale gravity persistence are consistent with a covered basin-margin discontinuity. No fault displacement, geothermal fluid flow or vent has been verified at this pixel.",Lithologic contact; basin-fill model dependence on gravity; intrusive/dike boundary; processing or coverage effects. Surface-only features may instead be roads or erosion.,MODEL HYPOTHESIS ONLY — requires expert/field review
R2-A-00711,2997,1342,377600.0,4208800.0,-118.3944392,38.0186341,0.8569094,0.4140624,627.6792,1.29786,0.8815,0.99933,0.98738,282.84,"Potential-field view is in its training-reference confident tail while the surface view abstains. Deeper-than-median modelled cover, anti-aligned gravity/cover normals and cross-scale gravity persistence are consistent with a covered basin-margin discontinuity. No fault displacement, geothermal fluid flow or vent has been verified at this pixel.",Lithologic contact; basin-fill model dependence on gravity; intrusive/dike boundary; processing or coverage effects. Surface-only features may instead be roads or erosion.,MODEL HYPOTHESIS ONLY — requires expert/field review
R2-A-00712,2997,1349,378300.0,4208800.0,-118.3864667,38.0187284,0.8555149,0.5180623,584.52673,1.66774,0.8807,0.99997,0.99548,200.0,"Potential-field view is in its training-reference confident tail while the surface view abstains. Deeper-than-median modelled cover, anti-aligned gravity/cover normals and cross-scale gravity persistence are consistent with a covered basin-margin discontinuity. No fault displacement, geothermal fluid flow or vent has been verified at this pixel.",Lithologic contact; basin-fill model dependence on gravity; intrusive/dike boundary; processing or coverage effects. Surface-only features may instead be roads or erosion.,MODEL HYPOTHESIS ONLY — requires expert/field review
R2-A-00713,2997,1370,380400.0,4208800.0,-118.3625487,38.019008,0.8393134,0.5195352,468.63104,14.62418,0.96806,0.99996,0.98318,300.0,"Potential-field view is in its training-reference confident tail while the surface view abstains. Deeper-than-median modelled cover, anti-aligned gravity/cover normals and cross-scale gravity persistence are consistent with a covered basin-margin discontinuity. No fault displacement, geothermal fluid flow or vent has been verified at this pixel.",Lithologic contact; basin-fill model dependence on gravity; intrusive/dike boundary; processing or coverage effects. Surface-only features may instead be roads or erosion.,MODEL HYPOTHESIS ONLY — requires expert/field review
R2-A-00714,2997,1373,380700.0,4208800.0,-118.3591318,38.0190476,0.8392887,0.555201,454.71838,1.23483,0.97928,0.99896,0.97655,200.0,"Potential-field view is in its training-reference confident tail while the surface view abstains. Deeper-than-median modelled cover, anti-aligned gravity/cover normals and cross-scale gravity persistence are consistent with a covered basin-margin discontinuity. No fault displacement, geothermal fluid flow or vent has been verified at this pixel.",Lithologic contact; basin-fill model dependence on gravity; intrusive/dike boundary; processing or coverage effects. Surface-only features may instead be roads or erosion.,MODEL HYPOTHESIS ONLY — requires expert/field review
R2-A-00715,2997,1385,381900.0,4208800.0,-118.3454643,38.0192048,0.8398634,0.5945505,439.06342,8.68021,0.99965,0.9876,0.97028,200.0,"Potential-field view is in its training-reference confident tail while the surface view abstains. Deeper-than-median modelled cover, anti-aligned gravity/cover normals and cross-scale gravity persistence are consistent with a covered basin-margin discontinuity. No fault displacement, geothermal fluid flow or vent has been verified at this pixel.",Lithologic contact; basin-fill model dependence on gravity; intrusive/dike boundary; processing or coverage effects. Surface-only features may instead be roads or erosion.,MODEL HYPOTHESIS ONLY — requires expert/field review
R2-A-00716,2997,1389,382300.0,4208800.0,-118.3409084,38.0192568,0.8350266,0.5937204,438.83035,2.96204,0.99694,0.98144,0.98193,200.0,"Potential-field view is in its training-reference confident tail while the surface view abstains. Deeper-than-median modelled cover, anti-aligned gravity/cover normals and cross-scale gravity persistence are consistent with a covered basin-margin discontinuity. No fault displacement, geothermal fluid flow or vent has been verified at this pixel.",Lithologic contact; basin-fill model dependence on gravity; intrusive/dike boundary; processing or coverage effects. Surface-only features may instead be roads or erosion.,MODEL HYPOTHESIS ONLY — requires expert/field review
R2-A-00717,2997,1427,386100.0,4208800.0,-118.2976269,38.0197425,0.8184665,0.4547488,323.07999,1.08995,0.886,0.9971,0.93702,282.84,"Potential-field view is in its training-reference confident tail while the surface view abstains. Deeper-than-median modelled cover, anti-aligned gravity/cover normals and cross-scale gravity persistence are consistent with a covered basin-margin discontinuity. No fault displacement, geothermal fluid flow or vent has been verified at this pixel.",Lithologic contact; basin-fill model dependence on gravity; intrusive/dike boundary; processing or coverage effects. Surface-only features may instead be roads or erosion.,MODEL HYPOTHESIS ONLY — requires expert/field review
R2-A-00718,2998,1219,365300.0,4208700.0,-118.5345037,38.0159881,0.8337228,0.4094998,817.29419,6.95354,0.91615,0.99972,0.87125,141.42,"Potential-field view is in its training-reference confident tail while the surface view abstains. Deeper-than-median modelled cover, anti-aligned gravity/cover normals and cross-scale gravity persistence are consistent with a covered basin-margin discontinuity. No fault displacement, geothermal fluid flow or vent has been verified at this pixel.",Lithologic contact; basin-fill model dependence on gravity; intrusive/dike boundary; processing or coverage effects. Surface-only features may instead be roads or erosion.,MODEL HYPOTHESIS ONLY — requires expert/field review
R2-A-00719,2998,1306,374000.0,4208700.0,-118.4354229,38.0172396,0.8730534,0.5230472,691.91626,2.66572,0.85675,0.99868,0.94719,761.58,"Potential-field view is in its training-reference confident tail while the surface view abstains. Deeper-than-median modelled cover, anti-aligned gravity/cover normals and cross-scale gravity persistence are consistent with a covered basin-margin discontinuity. No fault displacement, geothermal fluid flow or vent has been verified at this pixel.",Lithologic contact; basin-fill model dependence on gravity; intrusive/dike boundary; processing or coverage effects. Surface-only features may instead be roads or erosion.,MODEL HYPOTHESIS ONLY — requires expert/field review
R2-A-00720,2998,1347,378100.0,4208700.0,-118.3887275,38.0178005,0.8747206,0.4582043,613.92902,3.34212,0.87383,0.99998,0.99253,316.23,"Potential-field view is in its training-reference confident tail while the surface view abstains. Deeper-than-median modelled cover, anti-aligned gravity/cover normals and cross-scale gravity persistence are consistent with a covered basin-margin discontinuity. No fault displacement, geothermal fluid flow or vent has been verified at this pixel.",Lithologic contact; basin-fill model dependence on gravity; intrusive/dike boundary; processing or coverage effects. Surface-only features may instead be roads or erosion.,MODEL HYPOTHESIS ONLY — requires expert/field review
R2-A-00721,2998,1353,378700.0,4208700.0,-118.381894,38.017881,0.826165,0.5824385,575.12469,5.24841,0.87378,1.0,0.99639,412.31,"Potential-field view is in its training-reference confident tail while the surface view abstains. Deeper-than-median modelled cover, anti-aligned gravity/cover normals and cross-scale gravity persistence are consistent with a covered basin-margin discontinuity. No fault displacement, geothermal fluid flow or vent has been verified at this pixel.",Lithologic contact; basin-fill model dependence on gravity; intrusive/dike boundary; processing or coverage effects. Surface-only features may instead be roads or erosion.,MODEL HYPOTHESIS ONLY — requires expert/field review
R2-A-00722,2998,1365,379900.0,4208700.0,-118.3682267,38.0180408,0.8453276,0.5430551,506.34644,4.28265,0.94753,0.99978,0.98958,223.61,"Potential-field view is in its training-reference confident tail while the surface view abstains. Deeper-than-median modelled cover, anti-aligned gravity/cover normals and cross-scale gravity persistence are consistent with a covered basin-margin discontinuity. No fault displacement, geothermal fluid flow or vent has been verified at this pixel.",Lithologic contact; basin-fill model dependence on gravity; intrusive/dike boundary; processing or coverage effects. Surface-only features may instead be roads or erosion.,MODEL HYPOTHESIS ONLY — requires expert/field review
R2-A-00723,2998,1368,380200.0,4208700.0,-118.3648099,38.0180806,0.8422909,0.5380253,491.31503,13.12836,0.96391,0.9999,0.98761,200.0,"Potential-field view is in its training-reference confident tail while the surface view abstains. Deeper-than-median modelled cover, anti-aligned gravity/cover normals and cross-scale gravity persistence are consistent with a covered basin-margin discontinuity. No fault displacement, geothermal fluid flow or vent has been verified at this pixel.",Lithologic contact; basin-fill model dependence on gravity; intrusive/dike boundary; processing or coverage effects. Surface-only features may instead be roads or erosion.,MODEL HYPOTHESIS ONLY — requires expert/field review
R2-A-00724,2998,1378,381200.0,4208700.0,-118.3534204,38.0182122,0.8100834,0.5480627,457.91617,10.56213,0.99167,0.99752,0.97767,100.0,"Potential-field view is in its training-reference confident tail while the surface view abstains. Deeper-than-median modelled cover, anti-aligned gravity/cover normals and cross-scale gravity persistence are consistent with a covered basin-margin discontinuity. No fault displacement, geothermal fluid flow or vent has been verified at this pixel.",Lithologic contact; basin-fill model dependence on gravity; intrusive/dike boundary; processing or coverage effects. Surface-only features may instead be roads or erosion.,MODEL HYPOTHESIS ONLY — requires expert/field review
R2-A-00725,2998,1387,382100.0,4208700.0,-118.3431699,38.0183298,0.8373728,0.5652344,448.39191,1.59557,0.99834,0.98209,0.9779,300.0,"Potential-field view is in its training-reference confident tail while the surface view abstains. Deeper-than-median modelled cover, anti-aligned gravity/cover normals and cross-scale gravity persistence are consistent with a covered basin-margin discontinuity. No fault displacement, geothermal fluid flow or vent has been verified at this pixel.",Lithologic contact; basin-fill model dependence on gravity; intrusive/dike boundary; processing or coverage effects. Surface-only features may instead be roads or erosion.,MODEL HYPOTHESIS ONLY — requires expert/field review
R2-A-00726,2998,1393,382700.0,4208700.0,-118.3363361,38.0184077,0.8397334,0.5602596,447.25787,4.80909,0.99972,0.99288,0.97554,200.0,"Potential-field view is in its training-reference confident tail while the surface view abstains. Deeper-than-median modelled cover, anti-aligned gravity/cover normals and cross-scale gravity persistence are consistent with a covered basin-margin discontinuity. No fault displacement, geothermal fluid flow or vent has been verified at this pixel.",Lithologic contact; basin-fill model dependence on gravity; intrusive/dike boundary; processing or coverage effects. Surface-only features may instead be roads or erosion.,MODEL HYPOTHESIS ONLY — requires expert/field review
R2-A-00727,2998,1396,383000.0,4208700.0,-118.3329192,38.0184464,0.8449002,0.5538578,442.21381,4.57479,0.9997,0.99645,0.97304,300.0,"Potential-field view is in its training-reference confident tail while the surface view abstains. Deeper-than-median modelled cover, anti-aligned gravity/cover normals and cross-scale gravity persistence are consistent with a covered basin-margin discontinuity. No fault displacement, geothermal fluid flow or vent has been verified at this pixel.",Lithologic contact; basin-fill model dependence on gravity; intrusive/dike boundary; processing or coverage effects. Surface-only features may instead be roads or erosion.,MODEL HYPOTHESIS ONLY — requires expert/field review
R2-A-00728,2998,1407,384100.0,4208700.0,-118.3203906,38.0185878,0.8418337,0.5233639,411.37772,4.01419,0.99168,0.99501,0.9869,282.84,"Potential-field view is in its training-reference confident tail while the surface view abstains. Deeper-than-median modelled cover, anti-aligned gravity/cover normals and cross-scale gravity persistence are consistent with a covered basin-margin discontinuity. No fault displacement, geothermal fluid flow or vent has been verified at this pixel.",Lithologic contact; basin-fill model dependence on gravity; intrusive/dike boundary; processing or coverage effects. Surface-only features may instead be roads or erosion.,MODEL HYPOTHESIS ONLY — requires expert/field review
R2-A-00729,2998,1422,385600.0,4208700.0,-118.3033059,38.0187785,0.809889,0.5992102,345.15045,2.39252,0.95477,0.99768,0.85805,424.26,"Potential-field view is in its training-reference confident tail while the surface view abstains. Deeper-than-median modelled cover, anti-aligned gravity/cover normals and cross-scale gravity persistence are consistent with a covered basin-margin discontinuity. No fault displacement, geothermal fluid flow or vent has been verified at this pixel.",Lithologic contact; basin-fill model dependence on gravity; intrusive/dike boundary; processing or coverage effects. Surface-only features may instead be roads or erosion.,MODEL HYPOTHESIS ONLY — requires expert/field review
R2-A-00730,2999,1222,365600.0,4208600.0,-118.5310685,38.0151317,0.8590822,0.4993858,814.41754,9.72568,0.88552,0.99969,0.88075,360.56,"Potential-field view is in its training-reference confident tail while the surface view abstains. Deeper-than-median modelled cover, anti-aligned gravity/cover normals and cross-scale gravity persistence are consistent with a covered basin-margin discontinuity. No fault displacement, geothermal fluid flow or vent has been verified at this pixel.",Lithologic contact; basin-fill model dependence on gravity; intrusive/dike boundary; processing or coverage effects. Surface-only features may instead be roads or erosion.,MODEL HYPOTHESIS ONLY — requires expert/field review
R2-A-00731,2999,1225,365900.0,4208600.0,-118.5276521,38.0151761,0.8646322,0.5336141,811.67761,5.73242,0.85816,0.9984,0.90213,100.0,"Potential-field view is in its training-reference confident tail while the surface view abstains. Deeper-than-median modelled cover, anti-aligned gravity/cover normals and cross-scale gravity persistence are consistent with a covered basin-margin discontinuity. No fault displacement, geothermal fluid flow or vent has been verified at this pixel.",Lithologic contact; basin-fill model dependence on gravity; intrusive/dike boundary; processing or coverage effects. Surface-only features may instead be roads or erosion.,MODEL HYPOTHESIS ONLY — requires expert/field review
R2-A-00732,2999,1229,366300.0,4208600.0,-118.5230968,38.0152352,0.8598183,0.4437658,808.02081,5.69445,0.82177,0.99984,0.91732,100.0,"Potential-field view is in its training-reference confident tail while the surface view abstains. Deeper-than-median modelled cover, anti-aligned gravity/cover normals and cross-scale gravity persistence are consistent with a covered basin-margin discontinuity. No fault displacement, geothermal fluid flow or vent has been verified at this pixel.",Lithologic contact; basin-fill model dependence on gravity; intrusive/dike boundary; processing or coverage effects. Surface-only features may instead be roads or erosion.,MODEL HYPOTHESIS ONLY — requires expert/field review
R2-A-00733,2999,1240,367400.0,4208600.0,-118.5105697,38.0153969,0.8609226,0.4028243,794.52222,8.16748,0.6483,0.99996,0.90456,412.31,"Potential-field view is in its training-reference confident tail while the surface view abstains. Deeper-than-median modelled cover, anti-aligned gravity/cover normals and cross-scale gravity persistence are consistent with a covered basin-margin discontinuity. No fault displacement, geothermal fluid flow or vent has been verified at this pixel.",Lithologic contact; basin-fill model dependence on gravity; intrusive/dike boundary; processing or coverage effects. Surface-only features may instead be roads or erosion.,MODEL HYPOTHESIS ONLY — requires expert/field review
R2-A-00734,2999,1247,368100.0,4208600.0,-118.5025979,38.015499,0.833311,0.5687049,794.25354,5.47692,-0.99349,0.99998,0.86225,583.1,"Potential-field view is in its training-reference confident tail while the surface view abstains. Signed normal/cover support is incomplete; do not interpret this discrepancy as proof of a buried fault. No fault displacement, geothermal fluid flow or vent has been verified at this pixel.",Lithologic contact; basin-fill model dependence on gravity; intrusive/dike boundary; processing or coverage effects. Surface-only features may instead be roads or erosion.,MODEL HYPOTHESIS ONLY — requires expert/field review
R2-A-00735,2999,1250,368400.0,4208600.0,-118.4991814,38.0155426,0.8264122,0.5822188,795.26599,3.24214,-0.60676,0.99983,0.85762,500.0,"Potential-field view is in its training-reference confident tail while the surface view abstains. Signed normal/cover support is incomplete; do not interpret this discrepancy as proof of a buried fault. No fault displacement, geothermal fluid flow or vent has been verified at this pixel.",Lithologic contact; basin-fill model dependence on gravity; intrusive/dike boundary; processing or coverage effects. Surface-only features may instead be roads or erosion.,MODEL HYPOTHESIS ONLY — requires expert/field review
R2-A-00736,2999,1282,371600.0,4208600.0,-118.4627382,38.0160017,0.8476567,0.4716236,826.33582,1.04791,0.83001,0.99985,0.98974,100.0,"Potential-field view is in its training-reference confident tail while the surface view abstains. Deeper-than-median modelled cover, anti-aligned gravity/cover normals and cross-scale gravity persistence are consistent with a covered basin-margin discontinuity. No fault displacement, geothermal fluid flow or vent has been verified at this pixel.",Lithologic contact; basin-fill model dependence on gravity; intrusive/dike boundary; processing or coverage effects. Surface-only features may instead be roads or erosion.,MODEL HYPOTHESIS ONLY — requires expert/field review
R2-A-00737,2999,1293,372700.0,4208600.0,-118.4502107,38.0161569,0.823577,0.5362051,763.46667,11.69289,0.83506,0.99994,0.99091,316.23,"Potential-field view is in its training-reference confident tail while the surface view abstains. Deeper-than-median modelled cover, anti-aligned gravity/cover normals and cross-scale gravity persistence are consistent with a covered basin-margin discontinuity. No fault displacement, geothermal fluid flow or vent has been verified at this pixel.",Lithologic contact; basin-fill model dependence on gravity; intrusive/dike boundary; processing or coverage effects. Surface-only features may instead be roads or erosion.,MODEL HYPOTHESIS ONLY — requires expert/field review
R2-A-00738,2999,1314,374800.0,4208600.0,-118.4262942,38.0164495,0.8494459,0.4656915,680.30487,2.36075,0.98592,0.96122,0.84923,600.0,"Potential-field view is in its training-reference confident tail while the surface view abstains. Deeper-than-median modelled cover, anti-aligned gravity/cover normals and cross-scale gravity persistence are consistent with a covered basin-margin discontinuity. No fault displacement, geothermal fluid flow or vent has been verified at this pixel.",Lithologic contact; basin-fill model dependence on gravity; intrusive/dike boundary; processing or coverage effects. Surface-only features may instead be roads or erosion.,MODEL HYPOTHESIS ONLY — requires expert/field review
R2-A-00739,2999,1317,375100.0,4208600.0,-118.4228776,38.0164909,0.8537381,0.4648318,681.04047,4.34801,0.9999,0.94367,0.93404,509.9,"Potential-field view is in its training-reference confident tail while the surface view abstains. Deeper-than-median modelled cover, anti-aligned gravity/cover normals and cross-scale gravity persistence are consistent with a covered basin-margin discontinuity. No fault displacement, geothermal fluid flow or vent has been verified at this pixel.",Lithologic contact; basin-fill model dependence on gravity; intrusive/dike boundary; processing or coverage effects. Surface-only features may instead be roads or erosion.,MODEL HYPOTHESIS ONLY — requires expert/field review
R2-A-00740,2999,1320,375400.0,4208600.0,-118.4194609,38.0165322,0.8544947,0.5681591,681.77332,4.78594,0.99992,0.964,0.97162,500.0,"Potential-field view is in its training-reference confident tail while the surface view abstains. Deeper-than-median modelled cover, anti-aligned gravity/cover normals and cross-scale gravity persistence are consistent with a covered basin-margin discontinuity. No fault displacement, geothermal fluid flow or vent has been verified at this pixel.",Lithologic contact; basin-fill model dependence on gravity; intrusive/dike boundary; processing or coverage effects. Surface-only features may instead be roads or erosion.,MODEL HYPOTHESIS ONLY — requires expert/field review
R2-A-00741,2999,1323,375700.0,4208600.0,-118.4160442,38.0165734,0.8550581,0.5707747,682.87982,6.88193,0.99777,0.97532,0.97271,316.23,"Potential-field view is in its training-reference confident tail while the surface view abstains. Deeper-than-median modelled cover, anti-aligned gravity/cover normals and cross-scale gravity persistence are consistent with a covered basin-margin discontinuity. No fault displacement, geothermal fluid flow or vent has been verified at this pixel.",Lithologic contact; basin-fill model dependence on gravity; intrusive/dike boundary; processing or coverage effects. Surface-only features may instead be roads or erosion.,MODEL HYPOTHESIS ONLY — requires expert/field review
R2-A-00742,2999,1326,376000.0,4208600.0,-118.4126275,38.0166145,0.8635568,0.5678108,685.36975,4.52178,0.99341,0.97092,0.96035,223.61,"Potential-field view is in its training-reference confident tail while the surface view abstains. Deeper-than-median modelled cover, anti-aligned gravity/cover normals and cross-scale gravity persistence are consistent with a covered basin-margin discontinuity. No fault displacement, geothermal fluid flow or vent has been verified at this pixel.",Lithologic contact; basin-fill model dependence on gravity; intrusive/dike boundary; processing or coverage effects. Surface-only features may instead be roads or erosion.,MODEL HYPOTHESIS ONLY — requires expert/field review
R2-A-00743,2999,1336,377000.0,4208600.0,-118.4012385,38.0167508,0.874573,0.4792825,680.01685,0.93266,0.88572,0.99903,0.96247,300.0,"Potential-field view is in its training-reference confident tail while the surface view abstains. Deeper-than-median modelled cover, anti-aligned gravity/cover normals and cross-scale gravity persistence are consistent with a covered basin-margin discontinuity. No fault displacement, geothermal fluid flow or vent has been verified at this pixel.",Lithologic contact; basin-fill model dependence on gravity; intrusive/dike boundary; processing or coverage effects. Surface-only features may instead be roads or erosion.,MODEL HYPOTHESIS ONLY — requires expert/field review
R2-A-00744,2999,1344,377800.0,4208600.0,-118.3921273,38.016859,0.866383,0.5630105,650.59973,2.54422,0.86192,0.99978,0.98639,400.0,"Potential-field view is in its training-reference confident tail while the surface view abstains. Deeper-than-median modelled cover, anti-aligned gravity/cover normals and cross-scale gravity persistence are consistent with a covered basin-margin discontinuity. No fault displacement, geothermal fluid flow or vent has been verified at this pixel.",Lithologic contact; basin-fill model dependence on gravity; intrusive/dike boundary; processing or coverage effects. Surface-only features may instead be roads or erosion.,MODEL HYPOTHESIS ONLY — requires expert/field review
R2-A-00745,2999,1357,379100.0,4208600.0,-118.3773214,38.0170334,0.8515511,0.5580731,566.42303,3.89793,0.88532,0.99996,0.99509,141.42,"Potential-field view is in its training-reference confident tail while the surface view abstains. Deeper-than-median modelled cover, anti-aligned gravity/cover normals and cross-scale gravity persistence are consistent with a covered basin-margin discontinuity. No fault displacement, geothermal fluid flow or vent has been verified at this pixel.",Lithologic contact; basin-fill model dependence on gravity; intrusive/dike boundary; processing or coverage effects. Surface-only features may instead be roads or erosion.,MODEL HYPOTHESIS ONLY — requires expert/field review
R2-A-00746,2999,1360,379400.0,4208600.0,-118.3739046,38.0170734,0.8652356,0.5394652,548.04163,10.91235,0.90692,0.99997,0.99243,100.0,"Potential-field view is in its training-reference confident tail while the surface view abstains. Deeper-than-median modelled cover, anti-aligned gravity/cover normals and cross-scale gravity persistence are consistent with a covered basin-margin discontinuity. No fault displacement, geothermal fluid flow or vent has been verified at this pixel.",Lithologic contact; basin-fill model dependence on gravity; intrusive/dike boundary; processing or coverage effects. Surface-only features may instead be roads or erosion.,MODEL HYPOTHESIS ONLY — requires expert/field review
R2-A-00747,2999,1363,379700.0,4208600.0,-118.3704878,38.0171133,0.8504354,0.5488765,529.89221,1.5754,0.93484,0.99992,0.98975,200.0,"Potential-field view is in its training-reference confident tail while the surface view abstains. Deeper-than-median modelled cover, anti-aligned gravity/cover normals and cross-scale gravity persistence are consistent with a covered basin-margin discontinuity. No fault displacement, geothermal fluid flow or vent has been verified at this pixel.",Lithologic contact; basin-fill model dependence on gravity; intrusive/dike boundary; processing or coverage effects. Surface-only features may instead be roads or erosion.,MODEL HYPOTHESIS ONLY — requires expert/field review
R2-A-00748,2999,1382,381600.0,4208600.0,-118.3488481,38.0173635,0.8398466,0.5346844,459.80365,6.31596,0.99822,0.99663,0.96935,100.0,"Potential-field view is in its training-reference confident tail while the surface view abstains. Deeper-than-median modelled cover, anti-aligned gravity/cover normals and cross-scale gravity persistence are consistent with a covered basin-margin discontinuity. No fault displacement, geothermal fluid flow or vent has been verified at this pixel.",Lithologic contact; basin-fill model dependence on gravity; intrusive/dike boundary; processing or coverage effects. Surface-only features may instead be roads or erosion.,MODEL HYPOTHESIS ONLY — requires expert/field review
R2-A-00749,2999,1398,383200.0,4208600.0,-118.330625,38.0175712,0.8460597,0.539531,445.74091,3.22222,0.9994,0.99393,0.96976,400.0,"Potential-field view is in its training-reference confident tail while the surface view abstains. Deeper-than-median modelled cover, anti-aligned gravity/cover normals and cross-scale gravity persistence are consistent with a covered basin-margin discontinuity. No fault displacement, geothermal fluid flow or vent has been verified at this pixel.",Lithologic contact; basin-fill model dependence on gravity; intrusive/dike boundary; processing or coverage effects. Surface-only features may instead be roads or erosion.,MODEL HYPOTHESIS ONLY — requires expert/field review
R2-A-00750,2999,1401,383500.0,4208600.0,-118.3272081,38.0176098,0.8468978,0.5754521,440.60846,4.91069,0.9978,0.99627,0.95923,412.31,"Potential-field view is in its training-reference confident tail while the surface view abstains. Deeper-than-median modelled cover, anti-aligned gravity/cover normals and cross-scale gravity persistence are consistent with a covered basin-margin discontinuity. No fault displacement, geothermal fluid flow or vent has been verified at this pixel.",Lithologic contact; basin-fill model dependence on gravity; intrusive/dike boundary; processing or coverage effects. Surface-only features may instead be roads or erosion.,MODEL HYPOTHESIS ONLY — requires expert/field review
R2-A-00751,2999,1404,383800.0,4208600.0,-118.3237913,38.0176484,0.8396649,0.512964,432.69379,1.39358,0.99442,0.99978,0.9671,500.0,"Potential-field view is in its training-reference confident tail while the surface view abstains. Deeper-than-median modelled cover, anti-aligned gravity/cover normals and cross-scale gravity persistence are consistent with a covered basin-margin discontinuity. No fault displacement, geothermal fluid flow or vent has been verified at this pixel.",Lithologic contact; basin-fill model dependence on gravity; intrusive/dike boundary; processing or coverage effects. Surface-only features may instead be roads or erosion.,MODEL HYPOTHESIS ONLY — requires expert/field review
R2-A-00752,3000,1232,366600.0,4208500.0,-118.5196617,38.0143785,0.8601486,0.4840218,799.62622,4.2989,0.77207,0.99981,0.92064,200.0,"Potential-field view is in its training-reference confident tail while the surface view abstains. Deeper-than-median modelled cover, anti-aligned gravity/cover normals and cross-scale gravity persistence are consistent with a covered basin-margin discontinuity. No fault displacement, geothermal fluid flow or vent has been verified at this pixel.",Lithologic contact; basin-fill model dependence on gravity; intrusive/dike boundary; processing or coverage effects. Surface-only features may instead be roads or erosion.,MODEL HYPOTHESIS ONLY — requires expert/field review
R2-A-00753,3000,1243,367700.0,4208500.0,-118.5071348,38.0145397,0.865582,0.4888285,790.34064,11.41456,0.2469,0.99998,0.87901,728.01,"Potential-field view is in its training-reference confident tail while the surface view abstains. Signed normal/cover support is incomplete; do not interpret this discrepancy as proof of a buried fault. No fault displacement, geothermal fluid flow or vent has been verified at this pixel.",Lithologic contact; basin-fill model dependence on gravity; intrusive/dike boundary; processing or coverage effects. Surface-only features may instead be roads or erosion.,MODEL HYPOTHESIS ONLY — requires expert/field review
R2-A-00754,3000,1279,371300.0,4208500.0,-118.4661369,38.0150582,0.8514656,0.5813234,840.37628,4.95683,0.78744,0.99959,0.98901,141.42,"Potential-field view is in its training-reference confident tail while the surface view abstains. Deeper-than-median modelled cover, anti-aligned gravity/cover normals and cross-scale gravity persistence are consistent with a covered basin-margin discontinuity. No fault displacement, geothermal fluid flow or vent has been verified at this pixel.",Lithologic contact; basin-fill model dependence on gravity; intrusive/dike boundary; processing or coverage effects. Surface-only features may instead be roads or erosion.,MODEL HYPOTHESIS ONLY — requires expert/field review
R2-A-00755,3000,1297,373100.0,4208500.0,-118.4456375,38.015312,0.8421378,0.5293038,748.75916,11.6228,0.81433,0.99992,0.98664,640.31,"Potential-field view is in its training-reference confident tail while the surface view abstains. Deeper-than-median modelled cover, anti-aligned gravity/cover normals and cross-scale gravity persistence are consistent with a covered basin-margin discontinuity. No fault displacement, geothermal fluid flow or vent has been verified at this pixel.",Lithologic contact; basin-fill model dependence on gravity; intrusive/dike boundary; processing or coverage effects. Surface-only features may instead be roads or erosion.,MODEL HYPOTHESIS ONLY — requires expert/field review
R2-A-00756,3000,1332,376600.0,4208500.0,-118.4057769,38.0157954,0.8642141,0.511822,705.6701,3.12855,0.94358,0.98555,0.91742,200.0,"Potential-field view is in its training-reference confident tail while the surface view abstains. Deeper-than-median modelled cover, anti-aligned gravity/cover normals and cross-scale gravity persistence are consistent with a covered basin-margin discontinuity. No fault displacement, geothermal fluid flow or vent has been verified at this pixel.",Lithologic contact; basin-fill model dependence on gravity; intrusive/dike boundary; processing or coverage effects. Surface-only features may instead be roads or erosion.,MODEL HYPOTHESIS ONLY — requires expert/field review
R2-A-00757,3000,1350,378400.0,4208500.0,-118.3852768,38.0160387,0.8747206,0.5989226,626.97906,6.51554,0.8642,0.99994,0.99163,300.0,"Potential-field view is in its training-reference confident tail while the surface view abstains. Deeper-than-median modelled cover, anti-aligned gravity/cover normals and cross-scale gravity persistence are consistent with a covered basin-margin discontinuity. No fault displacement, geothermal fluid flow or vent has been verified at this pixel.",Lithologic contact; basin-fill model dependence on gravity; intrusive/dike boundary; processing or coverage effects. Surface-only features may instead be roads or erosion.,MODEL HYPOTHESIS ONLY — requires expert/field review
R2-A-00758,3000,1354,378800.0,4208500.0,-118.3807212,38.0160923,0.8582217,0.5411667,600.38904,4.44767,0.87259,0.99999,0.99398,223.61,"Potential-field view is in its training-reference confident tail while the surface view abstains. Deeper-than-median modelled cover, anti-aligned gravity/cover normals and cross-scale gravity persistence are consistent with a covered basin-margin discontinuity. No fault displacement, geothermal fluid flow or vent has been verified at this pixel.",Lithologic contact; basin-fill model dependence on gravity; intrusive/dike boundary; processing or coverage effects. Surface-only features may instead be roads or erosion.,MODEL HYPOTHESIS ONLY — requires expert/field review
R2-A-00759,3000,1377,381100.0,4208500.0,-118.3545262,38.016397,0.8151308,0.5570682,480.18887,7.98903,0.99213,0.99716,0.97941,100.0,"Potential-field view is in its training-reference confident tail while the surface view abstains. Deeper-than-median modelled cover, anti-aligned gravity/cover normals and cross-scale gravity persistence are consistent with a covered basin-margin discontinuity. No fault displacement, geothermal fluid flow or vent has been verified at this pixel.",Lithologic contact; basin-fill model dependence on gravity; intrusive/dike boundary; processing or coverage effects. Surface-only features may instead be roads or erosion.,MODEL HYPOTHESIS ONLY — requires expert/field review
R2-A-00760,3000,1380,381400.0,4208500.0,-118.3511095,38.0164364,0.82866,0.5466408,473.34744,7.16073,0.99539,0.99818,0.97443,200.0,"Potential-field view is in its training-reference confident tail while the surface view abstains. Deeper-than-median modelled cover, anti-aligned gravity/cover normals and cross-scale gravity persistence are consistent with a covered basin-margin discontinuity. No fault displacement, geothermal fluid flow or vent has been verified at this pixel.",Lithologic contact; basin-fill model dependence on gravity; intrusive/dike boundary; processing or coverage effects. Surface-only features may instead be roads or erosion.,MODEL HYPOTHESIS ONLY — requires expert/field review
R2-A-00761,3000,1385,381900.0,4208500.0,-118.3454148,38.0165017,0.8449002,0.5904657,465.55011,7.58505,0.99992,0.98768,0.96927,223.61,"Potential-field view is in its training-reference confident tail while the surface view abstains. Deeper-than-median modelled cover, anti-aligned gravity/cover normals and cross-scale gravity persistence are consistent with a covered basin-margin discontinuity. No fault displacement, geothermal fluid flow or vent has been verified at this pixel.",Lithologic contact; basin-fill model dependence on gravity; intrusive/dike boundary; processing or coverage effects. Surface-only features may instead be roads or erosion.,MODEL HYPOTHESIS ONLY — requires expert/field review
R2-A-00762,3000,1409,384300.0,4208500.0,-118.3180804,38.0168113,0.8332322,0.5952884,414.82568,6.80126,0.99471,0.99095,0.98473,316.23,"Potential-field view is in its training-reference confident tail while the surface view abstains. Deeper-than-median modelled cover, anti-aligned gravity/cover normals and cross-scale gravity persistence are consistent with a covered basin-margin discontinuity. No fault displacement, geothermal fluid flow or vent has been verified at this pixel.",Lithologic contact; basin-fill model dependence on gravity; intrusive/dike boundary; processing or coverage effects. Surface-only features may instead be roads or erosion.,MODEL HYPOTHESIS ONLY — requires expert/field review
R2-A-00763,3001,1241,367500.0,4208400.0,-118.5093939,38.0136095,0.8577827,0.4448543,786.86615,7.2902,0.4488,0.99994,0.89574,583.1,"Potential-field view is in its training-reference confident tail while the surface view abstains. Deeper-than-median modelled cover, anti-aligned gravity/cover normals and cross-scale gravity persistence are consistent with a covered basin-margin discontinuity. No fault displacement, geothermal fluid flow or vent has been verified at this pixel.",Lithologic contact; basin-fill model dependence on gravity; intrusive/dike boundary; processing or coverage effects. Surface-only features may instead be roads or erosion.,MODEL HYPOTHESIS ONLY — requires expert/field review
R2-A-00764,3001,1251,368500.0,4208400.0,-118.4980059,38.0137552,0.823909,0.5598547,795.72559,5.3074,-0.9551,0.9995,0.78772,400.0,"Potential-field view is in its training-reference confident tail while the surface view abstains. Signed normal/cover support is incomplete; do not interpret this discrepancy as proof of a buried fault. No fault displacement, geothermal fluid flow or vent has been verified at this pixel.",Lithologic contact; basin-fill model dependence on gravity; intrusive/dike boundary; processing or coverage effects. Surface-only features may instead be roads or erosion.,MODEL HYPOTHESIS ONLY — requires expert/field review
R2-A-00765,3001,1258,369200.0,4208400.0,-118.4900342,38.0138565,0.8139806,0.5352266,815.80035,5.66367,-0.17066,0.98338,0.948,141.42,"Potential-field view is in its training-reference confident tail while the surface view abstains. Signed normal/cover support is incomplete; do not interpret this discrepancy as proof of a buried fault. No fault displacement, geothermal fluid flow or vent has been verified at this pixel.",Lithologic contact; basin-fill model dependence on gravity; intrusive/dike boundary; processing or coverage effects. Surface-only features may instead be roads or erosion.,MODEL HYPOTHESIS ONLY — requires expert/field review
R2-A-00766,3001,1261,369500.0,4208400.0,-118.4866178,38.0138998,0.8306211,0.4899452,825.01245,9.40696,0.03935,0.98684,0.9893,360.56,"Potential-field view is in its training-reference confident tail while the surface view abstains. Signed normal/cover support is incomplete; do not interpret this discrepancy as proof of a buried fault. No fault displacement, geothermal fluid flow or vent has been verified at this pixel.",Lithologic contact; basin-fill model dependence on gravity; intrusive/dike boundary; processing or coverage effects. Surface-only features may instead be roads or erosion.,MODEL HYPOTHESIS ONLY — requires expert/field review
R2-A-00767,3001,1267,370100.0,4208400.0,-118.4797848,38.013986,0.8116506,0.5540099,845.90131,5.86785,0.2573,0.98618,0.99304,538.52,"Potential-field view is in its training-reference confident tail while the surface view abstains. Signed normal/cover support is incomplete; do not interpret this discrepancy as proof of a buried fault. No fault displacement, geothermal fluid flow or vent has been verified at this pixel.",Lithologic contact; basin-fill model dependence on gravity; intrusive/dike boundary; processing or coverage effects. Surface-only features may instead be roads or erosion.,MODEL HYPOTHESIS ONLY — requires expert/field review
R2-A-00768,3001,1287,372100.0,4208400.0,-118.4570082,38.0142704,0.8276781,0.5811315,811.45557,14.53712,0.85127,0.99999,0.98889,447.21,"Potential-field view is in its training-reference confident tail while the surface view abstains. Deeper-than-median modelled cover, anti-aligned gravity/cover normals and cross-scale gravity persistence are consistent with a covered basin-margin discontinuity. No fault displacement, geothermal fluid flow or vent has been verified at this pixel.",Lithologic contact; basin-fill model dependence on gravity; intrusive/dike boundary; processing or coverage effects. Surface-only features may instead be roads or erosion.,MODEL HYPOTHESIS ONLY — requires expert/field review
R2-A-00769,3001,1330,376400.0,4208400.0,-118.4080375,38.0148671,0.8635568,0.6102569,718.12994,4.84611,0.97596,0.95817,0.89937,100.0,"Potential-field view is in its training-reference confident tail while the surface view abstains. Deeper-than-median modelled cover, anti-aligned gravity/cover normals and cross-scale gravity persistence are consistent with a covered basin-margin discontinuity. No fault displacement, geothermal fluid flow or vent has been verified at this pixel.",Lithologic contact; basin-fill model dependence on gravity; intrusive/dike boundary; processing or coverage effects. Surface-only features may instead be roads or erosion.,MODEL HYPOTHESIS ONLY — requires expert/field review
R2-A-00770,3001,1345,377900.0,4208400.0,-118.3909543,38.0150705,0.866383,0.5650643,677.97504,2.03074,0.84729,0.99946,0.9809,200.0,"Potential-field view is in its training-reference confident tail while the surface view abstains. Deeper-than-median modelled cover, anti-aligned gravity/cover normals and cross-scale gravity persistence are consistent with a covered basin-margin discontinuity. No fault displacement, geothermal fluid flow or vent has been verified at this pixel.",Lithologic contact; basin-fill model dependence on gravity; intrusive/dike boundary; processing or coverage effects. Surface-only features may instead be roads or erosion.,MODEL HYPOTHESIS ONLY — requires expert/field review
R2-A-00771,3001,1348,378200.0,4208400.0,-118.3875376,38.0151109,0.866383,0.4861911,657.14484,1.05166,0.85617,0.99975,0.98603,200.0,"Potential-field view is in its training-reference confident tail while the surface view abstains. Deeper-than-median modelled cover, anti-aligned gravity/cover normals and cross-scale gravity persistence are consistent with a covered basin-margin discontinuity. No fault displacement, geothermal fluid flow or vent has been verified at this pixel.",Lithologic contact; basin-fill model dependence on gravity; intrusive/dike boundary; processing or coverage effects. Surface-only features may instead be roads or erosion.,MODEL HYPOTHESIS ONLY — requires expert/field review
R2-A-00772,3001,1352,378600.0,4208400.0,-118.3829821,38.0151645,0.8300395,0.5977378,629.37366,8.00753,0.86515,0.99985,0.99025,200.0,"Potential-field view is in its training-reference confident tail while the surface view abstains. Deeper-than-median modelled cover, anti-aligned gravity/cover normals and cross-scale gravity persistence are consistent with a covered basin-margin discontinuity. No fault displacement, geothermal fluid flow or vent has been verified at this pixel.",Lithologic contact; basin-fill model dependence on gravity; intrusive/dike boundary; processing or coverage effects. Surface-only features may instead be roads or erosion.,MODEL HYPOTHESIS ONLY — requires expert/field review
R2-A-00773,3001,1389,382300.0,4208400.0,-118.3408427,38.0156527,0.8219682,0.5618268,471.09601,0.68027,0.99864,0.98021,0.98049,223.61,"Potential-field view is in its training-reference confident tail while the surface view abstains. Deeper-than-median modelled cover, anti-aligned gravity/cover normals and cross-scale gravity persistence are consistent with a covered basin-margin discontinuity. No fault displacement, geothermal fluid flow or vent has been verified at this pixel.",Lithologic contact; basin-fill model dependence on gravity; intrusive/dike boundary; processing or coverage effects. Surface-only features may instead be roads or erosion.,MODEL HYPOTHESIS ONLY — requires expert/field review
R2-A-00774,3001,1394,382800.0,4208400.0,-118.3351481,38.0157175,0.8219682,0.5053218,466.54349,6.84755,0.99987,0.98984,0.97881,200.0,"Potential-field view is in its training-reference confident tail while the surface view abstains. Deeper-than-median modelled cover, anti-aligned gravity/cover normals and cross-scale gravity persistence are consistent with a covered basin-margin discontinuity. No fault displacement, geothermal fluid flow or vent has been verified at this pixel.",Lithologic contact; basin-fill model dependence on gravity; intrusive/dike boundary; processing or coverage effects. Surface-only features may instead be roads or erosion.,MODEL HYPOTHESIS ONLY — requires expert/field review
R2-A-00775,3001,1412,384600.0,4208400.0,-118.3146474,38.0159485,0.8449002,0.5432733,406.44824,2.73472,0.99852,0.98941,0.96827,282.84,"Potential-field view is in its training-reference confident tail while the surface view abstains. Deeper-than-median modelled cover, anti-aligned gravity/cover normals and cross-scale gravity persistence are consistent with a covered basin-margin discontinuity. No fault displacement, geothermal fluid flow or vent has been verified at this pixel.",Lithologic contact; basin-fill model dependence on gravity; intrusive/dike boundary; processing or coverage effects. Surface-only features may instead be roads or erosion.,MODEL HYPOTHESIS ONLY — requires expert/field review
R2-A-00776,3001,1420,385400.0,4208400.0,-118.3055359,38.01605,0.8195493,0.5893145,376.04944,20.19447,0.97632,0.98519,0.81057,100.0,"Potential-field view is in its training-reference confident tail while the surface view abstains. Deeper-than-median modelled cover, anti-aligned gravity/cover normals and cross-scale gravity persistence are consistent with a covered basin-margin discontinuity. No fault displacement, geothermal fluid flow or vent has been verified at this pixel.",Lithologic contact; basin-fill model dependence on gravity; intrusive/dike boundary; processing or coverage effects. Surface-only features may instead be roads or erosion.,MODEL HYPOTHESIS ONLY — requires expert/field review
R2-A-00777,3002,1222,365600.0,4208300.0,-118.5310123,38.0124288,0.8596898,0.5402446,792.23877,10.49225,0.90146,0.99967,0.91793,223.61,"Potential-field view is in its training-reference confident tail while the surface view abstains. Deeper-than-median modelled cover, anti-aligned gravity/cover normals and cross-scale gravity persistence are consistent with a covered basin-margin discontinuity. No fault displacement, geothermal fluid flow or vent has been verified at this pixel.",Lithologic contact; basin-fill model dependence on gravity; intrusive/dike boundary; processing or coverage effects. Surface-only features may instead be roads or erosion.,MODEL HYPOTHESIS ONLY — requires expert/field review
R2-A-00778,3002,1233,366700.0,4208300.0,-118.5184857,38.0125913,0.8601486,0.478596,788.17432,16.09893,0.74082,0.99917,0.92894,282.84,"Potential-field view is in its training-reference confident tail while the surface view abstains. Deeper-than-median modelled cover, anti-aligned gravity/cover normals and cross-scale gravity persistence are consistent with a covered basin-margin discontinuity. No fault displacement, geothermal fluid flow or vent has been verified at this pixel.",Lithologic contact; basin-fill model dependence on gravity; intrusive/dike boundary; processing or coverage effects. Surface-only features may instead be roads or erosion.,MODEL HYPOTHESIS ONLY — requires expert/field review
R2-A-00779,3002,1236,367000.0,4208300.0,-118.5150694,38.0126353,0.8425171,0.4133662,786.49835,1.87772,0.67648,0.99867,0.9242,223.61,"Potential-field view is in its training-reference confident tail while the surface view abstains. Deeper-than-median modelled cover, anti-aligned gravity/cover normals and cross-scale gravity persistence are consistent with a covered basin-margin discontinuity. No fault displacement, geothermal fluid flow or vent has been verified at this pixel.",Lithologic contact; basin-fill model dependence on gravity; intrusive/dike boundary; processing or coverage effects. Surface-only features may instead be roads or erosion.,MODEL HYPOTHESIS ONLY — requires expert/field review
R2-A-00780,3002,1246,368000.0,4208300.0,-118.5036815,38.0127815,0.8361407,0.4504693,789.18994,12.61757,-0.35854,0.99973,0.82156,824.62,"Potential-field view is in its training-reference confident tail while the surface view abstains. Signed normal/cover support is incomplete; do not interpret this discrepancy as proof of a buried fault. No fault displacement, geothermal fluid flow or vent has been verified at this pixel.",Lithologic contact; basin-fill model dependence on gravity; intrusive/dike boundary; processing or coverage effects. Surface-only features may instead be roads or erosion.,MODEL HYPOTHESIS ONLY — requires expert/field review
R2-A-00781,3002,1312,374600.0,4208300.0,-118.4285195,38.0137188,0.8600242,0.5901813,709.67883,3.84165,0.91374,0.97187,0.73767,300.0,"Potential-field view is in its training-reference confident tail while the surface view abstains. Deeper-than-median modelled cover, anti-aligned gravity/cover normals and cross-scale gravity persistence are consistent with a covered basin-margin discontinuity. No fault displacement, geothermal fluid flow or vent has been verified at this pixel.",Lithologic contact; basin-fill model dependence on gravity; intrusive/dike boundary; processing or coverage effects. Surface-only features may instead be roads or erosion.,MODEL HYPOTHESIS ONLY — requires expert/field review
R2-A-00782,3002,1317,375100.0,4208300.0,-118.4228253,38.0137879,0.8763837,0.4688862,713.93958,2.6333,0.99892,0.89435,0.88572,223.61,"Potential-field view is in its training-reference confident tail while the surface view abstains. Deeper-than-median modelled cover, anti-aligned gravity/cover normals and cross-scale gravity persistence are consistent with a covered basin-margin discontinuity. No fault displacement, geothermal fluid flow or vent has been verified at this pixel.",Lithologic contact; basin-fill model dependence on gravity; intrusive/dike boundary; processing or coverage effects. Surface-only features may instead be roads or erosion.,MODEL HYPOTHESIS ONLY — requires expert/field review
R2-A-00783,3002,1320,375400.0,4208300.0,-118.4194088,38.0138292,0.8708906,0.5552837,717.0816,5.69575,0.99859,0.93562,0.93966,200.0,"Potential-field view is in its training-reference confident tail while the surface view abstains. Deeper-than-median modelled cover, anti-aligned gravity/cover normals and cross-scale gravity persistence are consistent with a covered basin-margin discontinuity. No fault displacement, geothermal fluid flow or vent has been verified at this pixel.",Lithologic contact; basin-fill model dependence on gravity; intrusive/dike boundary; processing or coverage effects. Surface-only features may instead be roads or erosion.,MODEL HYPOTHESIS ONLY — requires expert/field review
R2-A-00784,3002,1371,380500.0,4208300.0,-118.3613264,38.014516,0.8439725,0.5014204,523.1524,1.98582,0.98747,0.99894,0.98484,200.0,"Potential-field view is in its training-reference confident tail while the surface view abstains. Deeper-than-median modelled cover, anti-aligned gravity/cover normals and cross-scale gravity persistence are consistent with a covered basin-margin discontinuity. No fault displacement, geothermal fluid flow or vent has been verified at this pixel.",Lithologic contact; basin-fill model dependence on gravity; intrusive/dike boundary; processing or coverage effects. Surface-only features may instead be roads or erosion.,MODEL HYPOTHESIS ONLY — requires expert/field review
R2-A-00785,3002,1397,383100.0,4208300.0,-118.331715,38.0148552,0.8449002,0.5421847,468.25247,5.32145,1.0,0.98429,0.96807,360.56,"Potential-field view is in its training-reference confident tail while the surface view abstains. Deeper-than-median modelled cover, anti-aligned gravity/cover normals and cross-scale gravity persistence are consistent with a covered basin-margin discontinuity. No fault displacement, geothermal fluid flow or vent has been verified at this pixel.",Lithologic contact; basin-fill model dependence on gravity; intrusive/dike boundary; processing or coverage effects. Surface-only features may instead be roads or erosion.,MODEL HYPOTHESIS ONLY — requires expert/field review
R2-A-00786,3002,1401,383500.0,4208300.0,-118.3271594,38.0149067,0.8460597,0.5534387,461.2254,6.13161,0.99928,0.98995,0.94009,600.0,"Potential-field view is in its training-reference confident tail while the surface view abstains. Deeper-than-median modelled cover, anti-aligned gravity/cover normals and cross-scale gravity persistence are consistent with a covered basin-margin discontinuity. No fault displacement, geothermal fluid flow or vent has been verified at this pixel.",Lithologic contact; basin-fill model dependence on gravity; intrusive/dike boundary; processing or coverage effects. Surface-only features may instead be roads or erosion.,MODEL HYPOTHESIS ONLY — requires expert/field review
R2-A-00787,3002,1403,383700.0,4208300.0,-118.3248816,38.0149324,0.8405066,0.5514207,457.71204,3.95903,0.99749,0.99864,0.94063,600.0,"Potential-field view is in its training-reference confident tail while the surface view abstains. Deeper-than-median modelled cover, anti-aligned gravity/cover normals and cross-scale gravity persistence are consistent with a covered basin-margin discontinuity. No fault displacement, geothermal fluid flow or vent has been verified at this pixel.",Lithologic contact; basin-fill model dependence on gravity; intrusive/dike boundary; processing or coverage effects. Surface-only features may instead be roads or erosion.,MODEL HYPOTHESIS ONLY — requires expert/field review
R2-A-00788,3002,1406,384000.0,4208300.0,-118.3214648,38.0149708,0.8460597,0.5370816,443.03406,5.03785,0.99483,0.99696,0.96082,600.0,"Potential-field view is in its training-reference confident tail while the surface view abstains. Deeper-than-median modelled cover, anti-aligned gravity/cover normals and cross-scale gravity persistence are consistent with a covered basin-margin discontinuity. No fault displacement, geothermal fluid flow or vent has been verified at this pixel.",Lithologic contact; basin-fill model dependence on gravity; intrusive/dike boundary; processing or coverage effects. Surface-only features may instead be roads or erosion.,MODEL HYPOTHESIS ONLY — requires expert/field review
R2-A-00789,3002,1414,384800.0,4208300.0,-118.3123535,38.0150729,0.8197111,0.5797521,404.07742,2.6043,1.0,0.98933,0.94182,282.84,"Potential-field view is in its training-reference confident tail while the surface view abstains. Deeper-than-median modelled cover, anti-aligned gravity/cover normals and cross-scale gravity persistence are consistent with a covered basin-margin discontinuity. No fault displacement, geothermal fluid flow or vent has been verified at this pixel.",Lithologic contact; basin-fill model dependence on gravity; intrusive/dike boundary; processing or coverage effects. Surface-only features may instead be roads or erosion.,MODEL HYPOTHESIS ONLY — requires expert/field review
R2-A-00790,3003,1227,366100.0,4208200.0,-118.5252997,38.0116018,0.8644658,0.4457005,784.10779,7.88147,0.84996,0.99891,0.94217,223.61,"Potential-field view is in its training-reference confident tail while the surface view abstains. Deeper-than-median modelled cover, anti-aligned gravity/cover normals and cross-scale gravity persistence are consistent with a covered basin-margin discontinuity. No fault displacement, geothermal fluid flow or vent has been verified at this pixel.",Lithologic contact; basin-fill model dependence on gravity; intrusive/dike boundary; processing or coverage effects. Surface-only features may instead be roads or erosion.,MODEL HYPOTHESIS ONLY — requires expert/field review
R2-A-00791,3003,1286,372000.0,4208200.0,-118.4581114,38.0124543,0.8320729,0.5352821,830.88123,8.98974,0.84962,0.99992,0.98568,500.0,"Potential-field view is in its training-reference confident tail while the surface view abstains. Deeper-than-median modelled cover, anti-aligned gravity/cover normals and cross-scale gravity persistence are consistent with a covered basin-margin discontinuity. No fault displacement, geothermal fluid flow or vent has been verified at this pixel.",Lithologic contact; basin-fill model dependence on gravity; intrusive/dike boundary; processing or coverage effects. Surface-only features may instead be roads or erosion.,MODEL HYPOTHESIS ONLY — requires expert/field review
R2-A-00792,3003,1302,373600.0,4208200.0,-118.4398903,38.0126789,0.8731093,0.4397615,744.58496,18.40236,0.72546,0.99953,0.95832,600.0,"Potential-field view is in its training-reference confident tail while the surface view abstains. Deeper-than-median modelled cover, anti-aligned gravity/cover normals and cross-scale gravity persistence are consistent with a covered basin-margin discontinuity. No fault displacement, geothermal fluid flow or vent has been verified at this pixel.",Lithologic contact; basin-fill model dependence on gravity; intrusive/dike boundary; processing or coverage effects. Surface-only features may instead be roads or erosion.,MODEL HYPOTHESIS ONLY — requires expert/field review
R2-A-00793,3003,1306,374000.0,4208200.0,-118.435335,38.0127346,0.8623024,0.5788792,734.20551,14.37669,0.72386,0.99541,0.90771,360.56,"Potential-field view is in its training-reference confident tail while the surface view abstains. Deeper-than-median modelled cover, anti-aligned gravity/cover normals and cross-scale gravity persistence are consistent with a covered basin-margin discontinuity. No fault displacement, geothermal fluid flow or vent has been verified at this pixel.",Lithologic contact; basin-fill model dependence on gravity; intrusive/dike boundary; processing or coverage effects. Surface-only features may instead be roads or erosion.,MODEL HYPOTHESIS ONLY — requires expert/field review
R2-A-00794,3003,1315,374900.0,4208200.0,-118.4250856,38.0128593,0.8749853,0.5914573,722.27435,4.51828,0.99914,0.85544,0.74786,200.0,"Potential-field view is in its training-reference confident tail while the surface view abstains. Deeper-than-median modelled cover, anti-aligned gravity/cover normals and cross-scale gravity persistence are consistent with a covered basin-margin discontinuity. No fault displacement, geothermal fluid flow or vent has been verified at this pixel.",Lithologic contact; basin-fill model dependence on gravity; intrusive/dike boundary; processing or coverage effects. Surface-only features may instead be roads or erosion.,MODEL HYPOTHESIS ONLY — requires expert/field review
R2-A-00795,3003,1322,375600.0,4208200.0,-118.4171137,38.0129556,0.8727885,0.5693448,731.47949,5.3394,0.99858,0.93524,0.9218,100.0,"Potential-field view is in its training-reference confident tail while the surface view abstains. Deeper-than-median modelled cover, anti-aligned gravity/cover normals and cross-scale gravity persistence are consistent with a covered basin-margin discontinuity. No fault displacement, geothermal fluid flow or vent has been verified at this pixel.",Lithologic contact; basin-fill model dependence on gravity; intrusive/dike boundary; processing or coverage effects. Surface-only features may instead be roads or erosion.,MODEL HYPOTHESIS ONLY — requires expert/field review
R2-A-00796,3003,1363,379700.0,4208200.0,-118.3704207,38.0135092,0.8376324,0.5481886,583.98621,3.26219,0.95399,0.99868,0.98404,200.0,"Potential-field view is in its training-reference confident tail while the surface view abstains. Deeper-than-median modelled cover, anti-aligned gravity/cover normals and cross-scale gravity persistence are consistent with a covered basin-margin discontinuity. No fault displacement, geothermal fluid flow or vent has been verified at this pixel.",Lithologic contact; basin-fill model dependence on gravity; intrusive/dike boundary; processing or coverage effects. Surface-only features may instead be roads or erosion.,MODEL HYPOTHESIS ONLY — requires expert/field review
R2-A-00797,3003,1368,380200.0,4208200.0,-118.3647264,38.0135754,0.8439725,0.4972984,553.28595,3.59048,0.98372,0.99836,0.98697,223.61,"Potential-field view is in its training-reference confident tail while the surface view abstains. Deeper-than-median modelled cover, anti-aligned gravity/cover normals and cross-scale gravity persistence are consistent with a covered basin-margin discontinuity. No fault displacement, geothermal fluid flow or vent has been verified at this pixel.",Lithologic contact; basin-fill model dependence on gravity; intrusive/dike boundary; processing or coverage effects. Surface-only features may instead be roads or erosion.,MODEL HYPOTHESIS ONLY — requires expert/field review
R2-A-00798,3003,1373,380700.0,4208200.0,-118.359032,38.0136414,0.849267,0.5149293,523.0965,1.12954,0.99291,0.99736,0.98314,200.0,"Potential-field view is in its training-reference confident tail while the surface view abstains. Deeper-than-median modelled cover, anti-aligned gravity/cover normals and cross-scale gravity persistence are consistent with a covered basin-margin discontinuity. No fault displacement, geothermal fluid flow or vent has been verified at this pixel.",Lithologic contact; basin-fill model dependence on gravity; intrusive/dike boundary; processing or coverage effects. Surface-only features may instead be roads or erosion.,MODEL HYPOTHESIS ONLY — requires expert/field review
R2-A-00799,3003,1391,382500.0,4208200.0,-118.3385321,38.0138765,0.8397334,0.5784805,484.36914,3.06594,0.9991,0.97871,0.97463,141.42,"Potential-field view is in its training-reference confident tail while the surface view abstains. Deeper-than-median modelled cover, anti-aligned gravity/cover normals and cross-scale gravity persistence are consistent with a covered basin-margin discontinuity. No fault displacement, geothermal fluid flow or vent has been verified at this pixel.",Lithologic contact; basin-fill model dependence on gravity; intrusive/dike boundary; processing or coverage effects. Surface-only features may instead be roads or erosion.,MODEL HYPOTHESIS ONLY — requires expert/field review
R2-A-00800,3003,1409,384300.0,4208200.0,-118.3180319,38.0141081,0.8460597,0.5350253,434.51489,4.21952,0.99449,0.98892,0.96006,509.9,"Potential-field view is in its training-reference confident tail while the surface view abstains. Deeper-than-median modelled cover, anti-aligned gravity/cover normals and cross-scale gravity persistence are consistent with a covered basin-margin discontinuity. No fault displacement, geothermal fluid flow or vent has been verified at this pixel.",Lithologic contact; basin-fill model dependence on gravity; intrusive/dike boundary; processing or coverage effects. Surface-only features may instead be roads or erosion.,MODEL HYPOTHESIS ONLY — requires expert/field review
R2-A-00801,3003,1417,385100.0,4208200.0,-118.3089207,38.0142099,0.8197111,0.5500403,400.87112,8.3202,0.99592,0.98116,0.86114,223.61,"Potential-field view is in its training-reference confident tail while the surface view abstains. Deeper-than-median modelled cover, anti-aligned gravity/cover normals and cross-scale gravity persistence are consistent with a covered basin-margin discontinuity. No fault displacement, geothermal fluid flow or vent has been verified at this pixel.",Lithologic contact; basin-fill model dependence on gravity; intrusive/dike boundary; processing or coverage effects. Surface-only features may instead be roads or erosion.,MODEL HYPOTHESIS ONLY — requires expert/field review
R2-A-00802,3003,1436,387000.0,4208200.0,-118.2872813,38.0144488,0.8349273,0.3999087,390.00653,1.51491,0.95193,0.99778,0.93746,412.31,"Potential-field view is in its training-reference confident tail while the surface view abstains. Deeper-than-median modelled cover, anti-aligned gravity/cover normals and cross-scale gravity persistence are consistent with a covered basin-margin discontinuity. No fault displacement, geothermal fluid flow or vent has been verified at this pixel.",Lithologic contact; basin-fill model dependence on gravity; intrusive/dike boundary; processing or coverage effects. Surface-only features may instead be roads or erosion.,MODEL HYPOTHESIS ONLY — requires expert/field review
R2-A-00803,3004,1289,372300.0,4208100.0,-118.4546771,38.0115957,0.848562,0.4272683,820.91406,14.47709,0.83202,0.99999,0.98455,500.0,"Potential-field view is in its training-reference confident tail while the surface view abstains. Deeper-than-median modelled cover, anti-aligned gravity/cover normals and cross-scale gravity persistence are consistent with a covered basin-margin discontinuity. No fault displacement, geothermal fluid flow or vent has been verified at this pixel.",Lithologic contact; basin-fill model dependence on gravity; intrusive/dike boundary; processing or coverage effects. Surface-only features may instead be roads or erosion.,MODEL HYPOTHESIS ONLY — requires expert/field review
R2-A-00804,3004,1292,372600.0,4208100.0,-118.4512607,38.0116379,0.8639395,0.5783294,804.07642,8.85812,0.80891,0.99998,0.98367,500.0,"Potential-field view is in its training-reference confident tail while the surface view abstains. Deeper-than-median modelled cover, anti-aligned gravity/cover normals and cross-scale gravity persistence are consistent with a covered basin-margin discontinuity. No fault displacement, geothermal fluid flow or vent has been verified at this pixel.",Lithologic contact; basin-fill model dependence on gravity; intrusive/dike boundary; processing or coverage effects. Surface-only features may instead be roads or erosion.,MODEL HYPOTHESIS ONLY — requires expert/field review
R2-A-00805,3004,1328,376200.0,4208100.0,-118.4102634,38.0121368,0.8721341,0.4461424,757.60303,19.70906,0.99795,0.87371,0.8395,200.0,"Potential-field view is in its training-reference confident tail while the surface view abstains. Deeper-than-median modelled cover, anti-aligned gravity/cover normals and cross-scale gravity persistence are consistent with a covered basin-margin discontinuity. No fault displacement, geothermal fluid flow or vent has been verified at this pixel.",Lithologic contact; basin-fill model dependence on gravity; intrusive/dike boundary; processing or coverage effects. Surface-only features may instead be roads or erosion.,MODEL HYPOTHESIS ONLY — requires expert/field review
R2-A-00806,3004,1335,376900.0,4208100.0,-118.4022916,38.0122321,0.874046,0.578282,762.77777,5.21971,0.82099,0.98817,0.88408,200.0,"Potential-field view is in its training-reference confident tail while the surface view abstains. Deeper-than-median modelled cover, anti-aligned gravity/cover normals and cross-scale gravity persistence are consistent with a covered basin-margin discontinuity. No fault displacement, geothermal fluid flow or vent has been verified at this pixel.",Lithologic contact; basin-fill model dependence on gravity; intrusive/dike boundary; processing or coverage effects. Surface-only features may instead be roads or erosion.,MODEL HYPOTHESIS ONLY — requires expert/field review
R2-A-00807,3004,1357,379100.0,4208100.0,-118.377237,38.0125283,0.8146268,0.5512846,640.901,6.26377,0.89976,0.99896,0.97867,141.42,"Potential-field view is in its training-reference confident tail while the surface view abstains. Deeper-than-median modelled cover, anti-aligned gravity/cover normals and cross-scale gravity persistence are consistent with a covered basin-margin discontinuity. No fault displacement, geothermal fluid flow or vent has been verified at this pixel.",Lithologic contact; basin-fill model dependence on gravity; intrusive/dike boundary; processing or coverage effects. Surface-only features may instead be roads or erosion.,MODEL HYPOTHESIS ONLY — requires expert/field review
R2-A-00808,3004,1375,380900.0,4208100.0,-118.3567376,38.0127666,0.849267,0.5893779,527.77008,5.70022,0.99575,0.99596,0.98091,200.0,"Potential-field view is in its training-reference confident tail while the surface view abstains. Deeper-than-median modelled cover, anti-aligned gravity/cover normals and cross-scale gravity persistence are consistent with a covered basin-margin discontinuity. No fault displacement, geothermal fluid flow or vent has been verified at this pixel.",Lithologic contact; basin-fill model dependence on gravity; intrusive/dike boundary; processing or coverage effects. Surface-only features may instead be roads or erosion.,MODEL HYPOTHESIS ONLY — requires expert/field review
R2-A-00809,3004,1381,381500.0,4208100.0,-118.3499044,38.0128453,0.8457434,0.536645,508.0163,3.03682,0.99808,0.99698,0.96252,200.0,"Potential-field view is in its training-reference confident tail while the surface view abstains. Deeper-than-median modelled cover, anti-aligned gravity/cover normals and cross-scale gravity persistence are consistent with a covered basin-margin discontinuity. No fault displacement, geothermal fluid flow or vent has been verified at this pixel.",Lithologic contact; basin-fill model dependence on gravity; intrusive/dike boundary; processing or coverage effects. Surface-only features may instead be roads or erosion.,MODEL HYPOTHESIS ONLY — requires expert/field review
R2-A-00810,3005,1283,371700.0,4208000.0,-118.461492,38.0106099,0.8484792,0.4004011,861.38586,17.42914,0.8305,0.99931,0.98134,447.21,"Potential-field view is in its training-reference confident tail while the surface view abstains. Deeper-than-median modelled cover, anti-aligned gravity/cover normals and cross-scale gravity persistence are consistent with a covered basin-margin discontinuity. No fault displacement, geothermal fluid flow or vent has been verified at this pixel.",Lithologic contact; basin-fill model dependence on gravity; intrusive/dike boundary; processing or coverage effects. Surface-only features may instead be roads or erosion.,MODEL HYPOTHESIS ONLY — requires expert/field review
R2-A-00811,3005,1308,374200.0,4208000.0,-118.4330223,38.0109604,0.8610882,0.6100584,746.95435,10.40172,0.62643,0.9918,0.79831,100.0,"Potential-field view is in its training-reference confident tail while the surface view abstains. Deeper-than-median modelled cover, anti-aligned gravity/cover normals and cross-scale gravity persistence are consistent with a covered basin-margin discontinuity. No fault displacement, geothermal fluid flow or vent has been verified at this pixel.",Lithologic contact; basin-fill model dependence on gravity; intrusive/dike boundary; processing or coverage effects. Surface-only features may instead be roads or erosion.,MODEL HYPOTHESIS ONLY — requires expert/field review
R2-A-00812,3005,1325,375900.0,4208000.0,-118.4136626,38.0111947,0.8732915,0.4474919,763.76086,10.81566,0.99532,0.85477,0.82841,100.0,"Potential-field view is in its training-reference confident tail while the surface view abstains. Deeper-than-median modelled cover, anti-aligned gravity/cover normals and cross-scale gravity persistence are consistent with a covered basin-margin discontinuity. No fault displacement, geothermal fluid flow or vent has been verified at this pixel.",Lithologic contact; basin-fill model dependence on gravity; intrusive/dike boundary; processing or coverage effects. Surface-only features may instead be roads or erosion.,MODEL HYPOTHESIS ONLY — requires expert/field review
R2-A-00813,3005,1333,376700.0,4208000.0,-118.4045521,38.0113039,0.8721341,0.566389,782.49957,10.20795,0.8637,0.95722,0.8077,200.0,"Potential-field view is in its training-reference confident tail while the surface view abstains. Deeper-than-median modelled cover, anti-aligned gravity/cover normals and cross-scale gravity persistence are consistent with a covered basin-margin discontinuity. No fault displacement, geothermal fluid flow or vent has been verified at this pixel.",Lithologic contact; basin-fill model dependence on gravity; intrusive/dike boundary; processing or coverage effects. Surface-only features may instead be roads or erosion.,MODEL HYPOTHESIS ONLY — requires expert/field review
R2-A-00814,3005,1364,379800.0,4208000.0,-118.3692483,38.0117204,0.8298175,0.5858437,604.44086,5.4335,0.97188,0.99729,0.97816,223.61,"Potential-field view is in its training-reference confident tail while the surface view abstains. Deeper-than-median modelled cover, anti-aligned gravity/cover normals and cross-scale gravity persistence are consistent with a covered basin-margin discontinuity. No fault displacement, geothermal fluid flow or vent has been verified at this pixel.",Lithologic contact; basin-fill model dependence on gravity; intrusive/dike boundary; processing or coverage effects. Surface-only features may instead be roads or erosion.,MODEL HYPOTHESIS ONLY — requires expert/field review
R2-A-00815,3005,1367,380100.0,4208000.0,-118.3658318,38.0117601,0.8365817,0.5048864,584.66553,3.3709,0.98853,0.99684,0.9834,200.0,"Potential-field view is in its training-reference confident tail while the surface view abstains. Deeper-than-median modelled cover, anti-aligned gravity/cover normals and cross-scale gravity persistence are consistent with a covered basin-margin discontinuity. No fault displacement, geothermal fluid flow or vent has been verified at this pixel.",Lithologic contact; basin-fill model dependence on gravity; intrusive/dike boundary; processing or coverage effects. Surface-only features may instead be roads or erosion.,MODEL HYPOTHESIS ONLY — requires expert/field review
R2-A-00816,3005,1378,381200.0,4208000.0,-118.3533044,38.011905,0.8376033,0.5995638,527.88776,13.3445,0.99742,0.99715,0.97135,200.0,"Potential-field view is in its training-reference confident tail while the surface view abstains. Deeper-than-median modelled cover, anti-aligned gravity/cover normals and cross-scale gravity persistence are consistent with a covered basin-margin discontinuity. No fault displacement, geothermal fluid flow or vent has been verified at this pixel.",Lithologic contact; basin-fill model dependence on gravity; intrusive/dike boundary; processing or coverage effects. Surface-only features may instead be roads or erosion.,MODEL HYPOTHESIS ONLY — requires expert/field review
R2-A-00817,3005,1397,383100.0,4208000.0,-118.3316661,38.012152,0.8498578,0.5805023,489.05316,6.97853,0.99994,0.96557,0.92211,200.0,"Potential-field view is in its training-reference confident tail while the surface view abstains. Deeper-than-median modelled cover, anti-aligned gravity/cover normals and cross-scale gravity persistence are consistent with a covered basin-margin discontinuity. No fault displacement, geothermal fluid flow or vent has been verified at this pixel.",Lithologic contact; basin-fill model dependence on gravity; intrusive/dike boundary; processing or coverage effects. Surface-only features may instead be roads or erosion.,MODEL HYPOTHESIS ONLY — requires expert/field review
R2-A-00818,3005,1403,383700.0,4208000.0,-118.3248329,38.0122292,0.8486328,0.5885057,478.23712,5.77538,0.99474,0.99847,0.8649,300.0,"Potential-field view is in its training-reference confident tail while the surface view abstains. Deeper-than-median modelled cover, anti-aligned gravity/cover normals and cross-scale gravity persistence are consistent with a covered basin-margin discontinuity. No fault displacement, geothermal fluid flow or vent has been verified at this pixel.",Lithologic contact; basin-fill model dependence on gravity; intrusive/dike boundary; processing or coverage effects. Surface-only features may instead be roads or erosion.,MODEL HYPOTHESIS ONLY — requires expert/field review
R2-A-00819,3005,1416,385000.0,4208000.0,-118.3100275,38.0123951,0.8317715,0.5196424,417.81357,6.68285,0.99877,0.97487,0.8385,447.21,"Potential-field view is in its training-reference confident tail while the surface view abstains. Deeper-than-median modelled cover, anti-aligned gravity/cover normals and cross-scale gravity persistence are consistent with a covered basin-margin discontinuity. No fault displacement, geothermal fluid flow or vent has been verified at this pixel.",Lithologic contact; basin-fill model dependence on gravity; intrusive/dike boundary; processing or coverage effects. Surface-only features may instead be roads or erosion.,MODEL HYPOTHESIS ONLY — requires expert/field review
R2-A-00820,3006,1227,366100.0,4207900.0,-118.5252437,38.0088989,0.8633,0.5014942,764.80145,3.59772,0.86884,0.99924,0.95973,282.84,"Potential-field view is in its training-reference confident tail while the surface view abstains. Deeper-than-median modelled cover, anti-aligned gravity/cover normals and cross-scale gravity persistence are consistent with a covered basin-margin discontinuity. No fault displacement, geothermal fluid flow or vent has been verified at this pixel.",Lithologic contact; basin-fill model dependence on gravity; intrusive/dike boundary; processing or coverage effects. Surface-only features may instead be roads or erosion.,MODEL HYPOTHESIS ONLY — requires expert/field review
R2-A-00821,3006,1295,372900.0,4207900.0,-118.4478089,38.009878,0.8640218,0.4940877,802.94476,6.83332,0.76879,0.99999,0.975,300.0,"Potential-field view is in its training-reference confident tail while the surface view abstains. Deeper-than-median modelled cover, anti-aligned gravity/cover normals and cross-scale gravity persistence are consistent with a covered basin-margin discontinuity. No fault displacement, geothermal fluid flow or vent has been verified at this pixel.",Lithologic contact; basin-fill model dependence on gravity; intrusive/dike boundary; processing or coverage effects. Surface-only features may instead be roads or erosion.,MODEL HYPOTHESIS ONLY — requires expert/field review
R2-A-00822,3006,1323,375700.0,4207900.0,-118.4159229,38.0102663,0.8727885,0.4434909,771.04993,11.72269,0.96774,0.80905,0.73183,100.0,"Potential-field view is in its training-reference confident tail while the surface view abstains. Deeper-than-median modelled cover, anti-aligned gravity/cover normals and cross-scale gravity persistence are consistent with a covered basin-margin discontinuity. No fault displacement, geothermal fluid flow or vent has been verified at this pixel.",Lithologic contact; basin-fill model dependence on gravity; intrusive/dike boundary; processing or coverage effects. Surface-only features may instead be roads or erosion.,MODEL HYPOTHESIS ONLY — requires expert/field review
R2-A-00823,3006,1382,381600.0,4207900.0,-118.3487325,38.0110563,0.8457434,0.5840413,522.69348,12.79875,0.99962,0.99547,0.94248,100.0,"Potential-field view is in its training-reference confident tail while the surface view abstains. Deeper-than-median modelled cover, anti-aligned gravity/cover normals and cross-scale gravity persistence are consistent with a covered basin-margin discontinuity. No fault displacement, geothermal fluid flow or vent has been verified at this pixel.",Lithologic contact; basin-fill model dependence on gravity; intrusive/dike boundary; processing or coverage effects. Surface-only features may instead be roads or erosion.,MODEL HYPOTHESIS ONLY — requires expert/field review
R2-A-00824,3006,1388,382200.0,4207900.0,-118.3418995,38.0111345,0.8383625,0.5957584,511.14658,16.64445,0.99959,0.97193,0.92257,200.0,"Potential-field view is in its training-reference confident tail while the surface view abstains. Deeper-than-median modelled cover, anti-aligned gravity/cover normals and cross-scale gravity persistence are consistent with a covered basin-margin discontinuity. No fault displacement, geothermal fluid flow or vent has been verified at this pixel.",Lithologic contact; basin-fill model dependence on gravity; intrusive/dike boundary; processing or coverage effects. Surface-only features may instead be roads or erosion.,MODEL HYPOTHESIS ONLY — requires expert/field review
R2-A-00825,3006,1393,382700.0,4207900.0,-118.3362052,38.0111993,0.8498578,0.5435797,503.25235,3.67741,0.99985,0.97141,0.91526,200.0,"Potential-field view is in its training-reference confident tail while the surface view abstains. Deeper-than-median modelled cover, anti-aligned gravity/cover normals and cross-scale gravity persistence are consistent with a covered basin-margin discontinuity. No fault displacement, geothermal fluid flow or vent has been verified at this pixel.",Lithologic contact; basin-fill model dependence on gravity; intrusive/dike boundary; processing or coverage effects. Surface-only features may instead be roads or erosion.,MODEL HYPOTHESIS ONLY — requires expert/field review
R2-A-00826,3006,1405,383900.0,4207900.0,-118.322539,38.0113538,0.8539522,0.5410441,475.06711,4.19457,0.98575,0.99483,0.8431,200.0,"Potential-field view is in its training-reference confident tail while the surface view abstains. Deeper-than-median modelled cover, anti-aligned gravity/cover normals and cross-scale gravity persistence are consistent with a covered basin-margin discontinuity. No fault displacement, geothermal fluid flow or vent has been verified at this pixel.",Lithologic contact; basin-fill model dependence on gravity; intrusive/dike boundary; processing or coverage effects. Surface-only features may instead be roads or erosion.,MODEL HYPOTHESIS ONLY — requires expert/field review
R2-A-00827,3006,1408,384200.0,4207900.0,-118.3191224,38.0113922,0.853146,0.570592,459.4198,6.28633,0.98616,0.97935,0.88217,282.84,"Potential-field view is in its training-reference confident tail while the surface view abstains. Deeper-than-median modelled cover, anti-aligned gravity/cover normals and cross-scale gravity persistence are consistent with a covered basin-margin discontinuity. No fault displacement, geothermal fluid flow or vent has been verified at this pixel.",Lithologic contact; basin-fill model dependence on gravity; intrusive/dike boundary; processing or coverage effects. Surface-only features may instead be roads or erosion.,MODEL HYPOTHESIS ONLY — requires expert/field review
R2-A-00828,3006,1413,384700.0,4207900.0,-118.3134281,38.011456,0.8490655,0.5647886,433.34198,17.03348,0.9967,0.96879,0.87133,282.84,"Potential-field view is in its training-reference confident tail while the surface view abstains. Deeper-than-median modelled cover, anti-aligned gravity/cover normals and cross-scale gravity persistence are consistent with a covered basin-margin discontinuity. No fault displacement, geothermal fluid flow or vent has been verified at this pixel.",Lithologic contact; basin-fill model dependence on gravity; intrusive/dike boundary; processing or coverage effects. Surface-only features may instead be roads or erosion.,MODEL HYPOTHESIS ONLY — requires expert/field review
R2-A-00829,3006,1421,385500.0,4207900.0,-118.3043172,38.0115574,0.8173947,0.5460688,411.11935,2.9109,0.90444,0.98588,0.61717,141.42,"Potential-field view is in its training-reference confident tail while the surface view abstains. Deeper-than-median modelled cover, anti-aligned gravity/cover normals and cross-scale gravity persistence are consistent with a covered basin-margin discontinuity. No fault displacement, geothermal fluid flow or vent has been verified at this pixel.",Lithologic contact; basin-fill model dependence on gravity; intrusive/dike boundary; processing or coverage effects. Surface-only features may instead be roads or erosion.,MODEL HYPOTHESIS ONLY — requires expert/field review
R2-A-00830,3007,1247,368100.0,4207800.0,-118.5024508,38.0082912,0.8601768,0.4107086,784.27167,6.47092,0.14478,1.0,0.80642,707.11,"Potential-field view is in its training-reference confident tail while the surface view abstains. Signed normal/cover support is incomplete; do not interpret this discrepancy as proof of a buried fault. No fault displacement, geothermal fluid flow or vent has been verified at this pixel.",Lithologic contact; basin-fill model dependence on gravity; intrusive/dike boundary; processing or coverage effects. Surface-only features may instead be roads or erosion.,MODEL HYPOTHESIS ONLY — requires expert/field review
R2-A-00831,3007,1272,370600.0,4207800.0,-118.4739824,38.0086516,0.8144442,0.5880139,897.51685,19.67406,0.13459,0.98324,0.9585,200.0,"Potential-field view is in its training-reference confident tail while the surface view abstains. Signed normal/cover support is incomplete; do not interpret this discrepancy as proof of a buried fault. No fault displacement, geothermal fluid flow or vent has been verified at this pixel.",Lithologic contact; basin-fill model dependence on gravity; intrusive/dike boundary; processing or coverage effects. Surface-only features may instead be roads or erosion.,MODEL HYPOTHESIS ONLY — requires expert/field review
R2-A-00832,3007,1284,371800.0,4207800.0,-118.4603175,38.0088221,0.8395457,0.3956476,869.44104,12.47024,0.85004,0.99973,0.97887,282.84,"Potential-field view is in its training-reference confident tail while the surface view abstains. Deeper-than-median modelled cover, anti-aligned gravity/cover normals and cross-scale gravity persistence are consistent with a covered basin-margin discontinuity. No fault displacement, geothermal fluid flow or vent has been verified at this pixel.",Lithologic contact; basin-fill model dependence on gravity; intrusive/dike boundary; processing or coverage effects. Surface-only features may instead be roads or erosion.,MODEL HYPOTHESIS ONLY — requires expert/field review
R2-A-00833,3007,1291,372500.0,4207800.0,-118.4523462,38.0089208,0.8492111,0.4095162,830.664,9.22489,0.81015,0.99993,0.97903,200.0,"Potential-field view is in its training-reference confident tail while the surface view abstains. Deeper-than-median modelled cover, anti-aligned gravity/cover normals and cross-scale gravity persistence are consistent with a covered basin-margin discontinuity. No fault displacement, geothermal fluid flow or vent has been verified at this pixel.",Lithologic contact; basin-fill model dependence on gravity; intrusive/dike boundary; processing or coverage effects. Surface-only features may instead be roads or erosion.,MODEL HYPOTHESIS ONLY — requires expert/field review
R2-A-00834,3007,1308,374200.0,4207800.0,-118.4329872,38.0091584,0.8721752,0.5868652,764.66235,4.85521,0.36088,0.99884,0.73785,200.0,"Potential-field view is in its training-reference confident tail while the surface view abstains. Deeper-than-median modelled cover, anti-aligned gravity/cover normals and cross-scale gravity persistence are consistent with a covered basin-margin discontinuity. No fault displacement, geothermal fluid flow or vent has been verified at this pixel.",Lithologic contact; basin-fill model dependence on gravity; intrusive/dike boundary; processing or coverage effects. Surface-only features may instead be roads or erosion.,MODEL HYPOTHESIS ONLY — requires expert/field review
R2-A-00835,3007,1311,374500.0,4207800.0,-118.4295709,38.0091999,0.8561365,0.5589356,759.59839,2.12317,0.37158,0.9882,0.43051,100.0,"Potential-field view is in its training-reference confident tail while the surface view abstains. Deeper-than-median modelled cover, anti-aligned gravity/cover normals and cross-scale gravity persistence are consistent with a covered basin-margin discontinuity. No fault displacement, geothermal fluid flow or vent has been verified at this pixel.",Lithologic contact; basin-fill model dependence on gravity; intrusive/dike boundary; processing or coverage effects. Surface-only features may instead be roads or erosion.,MODEL HYPOTHESIS ONLY — requires expert/field review
R2-A-00836,3007,1319,375300.0,4207800.0,-118.4204607,38.0093104,0.8763614,0.509869,773.54352,16.6693,0.83719,0.4158,0.52016,282.84,"Potential-field view is in its training-reference confident tail while the surface view abstains. Signed normal/cover support is incomplete; do not interpret this discrepancy as proof of a buried fault. No fault displacement, geothermal fluid flow or vent has been verified at this pixel.",Lithologic contact; basin-fill model dependence on gravity; intrusive/dike boundary; processing or coverage effects. Surface-only features may instead be roads or erosion.,MODEL HYPOTHESIS ONLY — requires expert/field review
R2-A-00837,3007,1328,376200.0,4207800.0,-118.4102116,38.0094337,0.8746243,0.5777086,799.94836,1.31748,0.99334,0.51762,0.61572,223.61,"Potential-field view is in its training-reference confident tail while the surface view abstains. Deeper-than-median modelled cover, anti-aligned gravity/cover normals and cross-scale gravity persistence are consistent with a covered basin-margin discontinuity. No fault displacement, geothermal fluid flow or vent has been verified at this pixel.",Lithologic contact; basin-fill model dependence on gravity; intrusive/dike boundary; processing or coverage effects. Surface-only features may instead be roads or erosion.,MODEL HYPOTHESIS ONLY — requires expert/field review
R2-A-00838,3007,1335,376900.0,4207800.0,-118.4022401,38.0095291,0.875397,0.5877911,810.62347,6.89608,0.66056,0.9681,0.77448,400.0,"Potential-field view is in its training-reference confident tail while the surface view abstains. Deeper-than-median modelled cover, anti-aligned gravity/cover normals and cross-scale gravity persistence are consistent with a covered basin-margin discontinuity. No fault displacement, geothermal fluid flow or vent has been verified at this pixel.",Lithologic contact; basin-fill model dependence on gravity; intrusive/dike boundary; processing or coverage effects. Surface-only features may instead be roads or erosion.,MODEL HYPOTHESIS ONLY — requires expert/field review
R2-A-00839,3007,1338,377200.0,4207800.0,-118.3988237,38.0095698,0.8732915,0.5938957,806.09326,6.32421,0.59066,0.98684,0.83446,412.31,"Potential-field view is in its training-reference confident tail while the surface view abstains. Deeper-than-median modelled cover, anti-aligned gravity/cover normals and cross-scale gravity persistence are consistent with a covered basin-margin discontinuity. No fault displacement, geothermal fluid flow or vent has been verified at this pixel.",Lithologic contact; basin-fill model dependence on gravity; intrusive/dike boundary; processing or coverage effects. Surface-only features may instead be roads or erosion.,MODEL HYPOTHESIS ONLY — requires expert/field review
R2-A-00840,3007,1370,380400.0,4207800.0,-118.3623819,38.0099977,0.849267,0.5864519,588.77734,6.40985,0.99982,0.99632,0.98339,223.61,"Potential-field view is in its training-reference confident tail while the surface view abstains. Deeper-than-median modelled cover, anti-aligned gravity/cover normals and cross-scale gravity persistence are consistent with a covered basin-margin discontinuity. No fault displacement, geothermal fluid flow or vent has been verified at this pixel.",Lithologic contact; basin-fill model dependence on gravity; intrusive/dike boundary; processing or coverage effects. Surface-only features may instead be roads or erosion.,MODEL HYPOTHESIS ONLY — requires expert/field review
R2-A-00841,3007,1402,383600.0,4207800.0,-118.3259393,38.0104143,0.843905,0.575695,493.75375,11.86731,0.98159,0.99986,0.72618,100.0,"Potential-field view is in its training-reference confident tail while the surface view abstains. Deeper-than-median modelled cover, anti-aligned gravity/cover normals and cross-scale gravity persistence are consistent with a covered basin-margin discontinuity. No fault displacement, geothermal fluid flow or vent has been verified at this pixel.",Lithologic contact; basin-fill model dependence on gravity; intrusive/dike boundary; processing or coverage effects. Surface-only features may instead be roads or erosion.,MODEL HYPOTHESIS ONLY — requires expert/field review
R2-A-00842,3007,1410,384400.0,4207800.0,-118.3168286,38.0105167,0.8511972,0.5912507,455.50449,17.11457,0.98313,0.9568,0.85325,100.0,"Potential-field view is in its training-reference confident tail while the surface view abstains. Deeper-than-median modelled cover, anti-aligned gravity/cover normals and cross-scale gravity persistence are consistent with a covered basin-margin discontinuity. No fault displacement, geothermal fluid flow or vent has been verified at this pixel.",Lithologic contact; basin-fill model dependence on gravity; intrusive/dike boundary; processing or coverage effects. Surface-only features may instead be roads or erosion.,MODEL HYPOTHESIS ONLY — requires expert/field review
R2-A-00843,3007,1439,387300.0,4207800.0,-118.2838017,38.010882,0.8304215,0.4897242,456.06894,1.5321,0.92934,0.97995,0.82902,608.28,"Potential-field view is in its training-reference confident tail while the surface view abstains. Deeper-than-median modelled cover, anti-aligned gravity/cover normals and cross-scale gravity persistence are consistent with a covered basin-margin discontinuity. No fault displacement, geothermal fluid flow or vent has been verified at this pixel.",Lithologic contact; basin-fill model dependence on gravity; intrusive/dike boundary; processing or coverage effects. Surface-only features may instead be roads or erosion.,MODEL HYPOTHESIS ONLY — requires expert/field review
R2-A-00844,3008,1252,368600.0,4207700.0,-118.4967388,38.0074628,0.8242895,0.4846729,796.98633,6.88616,0.0417,0.98684,0.61458,282.84,"Potential-field view is in its training-reference confident tail while the surface view abstains. Signed normal/cover support is incomplete; do not interpret this discrepancy as proof of a buried fault. No fault displacement, geothermal fluid flow or vent has been verified at this pixel.",Lithologic contact; basin-fill model dependence on gravity; intrusive/dike boundary; processing or coverage effects. Surface-only features may instead be roads or erosion.,MODEL HYPOTHESIS ONLY — requires expert/field review
R2-A-00845,3008,1298,373200.0,4207700.0,-118.4443572,38.008118,0.8475492,0.5029428,800.59125,4.47627,0.69582,0.99966,0.96447,100.0,"Potential-field view is in its training-reference confident tail while the surface view abstains. Deeper-than-median modelled cover, anti-aligned gravity/cover normals and cross-scale gravity persistence are consistent with a covered basin-margin discontinuity. No fault displacement, geothermal fluid flow or vent has been verified at this pixel.",Lithologic contact; basin-fill model dependence on gravity; intrusive/dike boundary; processing or coverage effects. Surface-only features may instead be roads or erosion.,MODEL HYPOTHESIS ONLY — requires expert/field review
R2-A-00846,3008,1314,374800.0,4207700.0,-118.4261371,38.0083404,0.8656905,0.5098067,769.99744,1.82957,0.81599,-0.69439,0.17919,100.0,"Potential-field view is in its training-reference confident tail while the surface view abstains. Signed normal/cover support is incomplete; do not interpret this discrepancy as proof of a buried fault. No fault displacement, geothermal fluid flow or vent has been verified at this pixel.",Lithologic contact; basin-fill model dependence on gravity; intrusive/dike boundary; processing or coverage effects. Surface-only features may instead be roads or erosion.,MODEL HYPOTHESIS ONLY — requires expert/field review
R2-A-00847,3008,1330,376400.0,4207700.0,-118.4079168,38.00856,0.8710741,0.5495363,818.89221,1.1913,0.99119,0.37543,0.5007,100.0,"Potential-field view is in its training-reference confident tail while the surface view abstains. Signed normal/cover support is incomplete; do not interpret this discrepancy as proof of a buried fault. No fault displacement, geothermal fluid flow or vent has been verified at this pixel.",Lithologic contact; basin-fill model dependence on gravity; intrusive/dike boundary; processing or coverage effects. Surface-only features may instead be roads or erosion.,MODEL HYPOTHESIS ONLY — requires expert/field review
R2-A-00848,3008,1343,377700.0,4207700.0,-118.3931127,38.0087364,0.8647205,0.5870796,810.87927,4.31261,0.57959,0.99669,0.85305,360.56,"Potential-field view is in its training-reference confident tail while the surface view abstains. Deeper-than-median modelled cover, anti-aligned gravity/cover normals and cross-scale gravity persistence are consistent with a covered basin-margin discontinuity. No fault displacement, geothermal fluid flow or vent has been verified at this pixel.",Lithologic contact; basin-fill model dependence on gravity; intrusive/dike boundary; processing or coverage effects. Surface-only features may instead be roads or erosion.,MODEL HYPOTHESIS ONLY — requires expert/field review
R2-A-00849,3008,1351,378500.0,4207700.0,-118.3840024,38.008844,0.8712546,0.5335176,746.51025,3.4705,0.75989,0.99965,0.903,223.61,"Potential-field view is in its training-reference confident tail while the surface view abstains. Deeper-than-median modelled cover, anti-aligned gravity/cover normals and cross-scale gravity persistence are consistent with a covered basin-margin discontinuity. No fault displacement, geothermal fluid flow or vent has been verified at this pixel.",Lithologic contact; basin-fill model dependence on gravity; intrusive/dike boundary; processing or coverage effects. Surface-only features may instead be roads or erosion.,MODEL HYPOTHESIS ONLY — requires expert/field review
R2-A-00850,3008,1382,381600.0,4207700.0,-118.3486995,38.0092542,0.83276,0.5674343,536.99213,11.83993,0.99974,0.99708,0.91884,100.0,"Potential-field view is in its training-reference confident tail while the surface view abstains. Deeper-than-median modelled cover, anti-aligned gravity/cover normals and cross-scale gravity persistence are consistent with a covered basin-margin discontinuity. No fault displacement, geothermal fluid flow or vent has been verified at this pixel.",Lithologic contact; basin-fill model dependence on gravity; intrusive/dike boundary; processing or coverage effects. Surface-only features may instead be roads or erosion.,MODEL HYPOTHESIS ONLY — requires expert/field review
R2-A-00851,3008,1415,384900.0,4207700.0,-118.3111183,38.0096793,0.8423138,0.5459464,438.45703,2.51704,0.99831,0.92195,0.73786,200.0,"Potential-field view is in its training-reference confident tail while the surface view abstains. Deeper-than-median modelled cover, anti-aligned gravity/cover normals and cross-scale gravity persistence are consistent with a covered basin-margin discontinuity. No fault displacement, geothermal fluid flow or vent has been verified at this pixel.",Lithologic contact; basin-fill model dependence on gravity; intrusive/dike boundary; processing or coverage effects. Surface-only features may instead be roads or erosion.,MODEL HYPOTHESIS ONLY — requires expert/field review
R2-A-00852,3008,1418,385200.0,4207700.0,-118.3077017,38.0097173,0.8376876,0.5496365,431.42957,2.76829,0.98832,0.90994,0.51873,282.84,"Potential-field view is in its training-reference confident tail while the surface view abstains. Deeper-than-median modelled cover, anti-aligned gravity/cover normals and cross-scale gravity persistence are consistent with a covered basin-margin discontinuity. No fault displacement, geothermal fluid flow or vent has been verified at this pixel.",Lithologic contact; basin-fill model dependence on gravity; intrusive/dike boundary; processing or coverage effects. Surface-only features may instead be roads or erosion.,MODEL HYPOTHESIS ONLY — requires expert/field review
R2-A-00853,3009,1320,375400.0,4207600.0,-118.4192871,38.0075221,0.8395467,0.5340989,794.04065,1.44932,0.28923,-0.09795,0.18436,412.31,"Potential-field view is in its training-reference confident tail while the surface view abstains. Signed normal/cover support is incomplete; do not interpret this discrepancy as proof of a buried fault. No fault displacement, geothermal fluid flow or vent has been verified at this pixel.",Lithologic contact; basin-fill model dependence on gravity; intrusive/dike boundary; processing or coverage effects. Surface-only features may instead be roads or erosion.,MODEL HYPOTHESIS ONLY — requires expert/field review
R2-A-00854,3009,1323,375700.0,4207600.0,-118.4158709,38.0075633,0.8430155,0.5586077,803.16534,3.97956,0.52116,-0.31079,0.11845,223.61,"Potential-field view is in its training-reference confident tail while the surface view abstains. Signed normal/cover support is incomplete; do not interpret this discrepancy as proof of a buried fault. No fault displacement, geothermal fluid flow or vent has been verified at this pixel.",Lithologic contact; basin-fill model dependence on gravity; intrusive/dike boundary; processing or coverage effects. Surface-only features may instead be roads or erosion.,MODEL HYPOTHESIS ONLY — requires expert/field review
R2-A-00855,3009,1334,376800.0,4207600.0,-118.4033445,38.0077135,0.869446,0.5561225,836.92548,5.53689,0.50204,0.88846,0.6145,300.0,"Potential-field view is in its training-reference confident tail while the surface view abstains. Deeper-than-median modelled cover, anti-aligned gravity/cover normals and cross-scale gravity persistence are consistent with a covered basin-margin discontinuity. No fault displacement, geothermal fluid flow or vent has been verified at this pixel.",Lithologic contact; basin-fill model dependence on gravity; intrusive/dike boundary; processing or coverage effects. Surface-only features may instead be roads or erosion.,MODEL HYPOTHESIS ONLY — requires expert/field review
R2-A-00856,3009,1345,377900.0,4207600.0,-118.3908181,38.0078623,0.8643293,0.5427493,807.505,3.46333,0.58207,0.99833,0.84621,200.0,"Potential-field view is in its training-reference confident tail while the surface view abstains. Deeper-than-median modelled cover, anti-aligned gravity/cover normals and cross-scale gravity persistence are consistent with a covered basin-margin discontinuity. No fault displacement, geothermal fluid flow or vent has been verified at this pixel.",Lithologic contact; basin-fill model dependence on gravity; intrusive/dike boundary; processing or coverage effects. Surface-only features may instead be roads or erosion.,MODEL HYPOTHESIS ONLY — requires expert/field review
R2-A-00857,3009,1377,381100.0,4207600.0,-118.354377,38.0082877,0.8226628,0.5273969,561.18262,1.38935,0.99729,0.99782,0.95584,200.0,"Potential-field view is in its training-reference confident tail while the surface view abstains. Deeper-than-median modelled cover, anti-aligned gravity/cover normals and cross-scale gravity persistence are consistent with a covered basin-margin discontinuity. No fault displacement, geothermal fluid flow or vent has been verified at this pixel.",Lithologic contact; basin-fill model dependence on gravity; intrusive/dike boundary; processing or coverage effects. Surface-only features may instead be roads or erosion.,MODEL HYPOTHESIS ONLY — requires expert/field review
R2-A-00858,3009,1406,384000.0,4207600.0,-118.3213516,38.0086635,0.8542577,0.4976309,481.45627,19.40166,0.9369,0.93114,0.70835,100.0,"Potential-field view is in its training-reference confident tail while the surface view abstains. Deeper-than-median modelled cover, anti-aligned gravity/cover normals and cross-scale gravity persistence are consistent with a covered basin-margin discontinuity. No fault displacement, geothermal fluid flow or vent has been verified at this pixel.",Lithologic contact; basin-fill model dependence on gravity; intrusive/dike boundary; processing or coverage effects. Surface-only features may instead be roads or erosion.,MODEL HYPOTHESIS ONLY — requires expert/field review
R2-A-00859,3009,1423,385700.0,4207600.0,-118.3019916,38.0088795,0.8366974,0.4345431,423.36853,2.06931,0.62667,0.98882,0.75537,223.61,"Potential-field view is in its training-reference confident tail while the surface view abstains. Deeper-than-median modelled cover, anti-aligned gravity/cover normals and cross-scale gravity persistence are consistent with a covered basin-margin discontinuity. No fault displacement, geothermal fluid flow or vent has been verified at this pixel.",Lithologic contact; basin-fill model dependence on gravity; intrusive/dike boundary; processing or coverage effects. Surface-only features may instead be roads or erosion.,MODEL HYPOTHESIS ONLY — requires expert/field review
R2-A-00860,3009,1431,386500.0,4207600.0,-118.2928809,38.00898,0.8287018,0.5086476,438.2489,14.94553,0.72519,0.97736,0.88561,200.0,"Potential-field view is in its training-reference confident tail while the surface view abstains. Deeper-than-median modelled cover, anti-aligned gravity/cover normals and cross-scale gravity persistence are consistent with a covered basin-margin discontinuity. No fault displacement, geothermal fluid flow or vent has been verified at this pixel.",Lithologic contact; basin-fill model dependence on gravity; intrusive/dike boundary; processing or coverage effects. Surface-only features may instead be roads or erosion.,MODEL HYPOTHESIS ONLY — requires expert/field review
R2-A-00861,3010,1249,368300.0,4207500.0,-118.5001182,38.0056174,0.8223127,0.4326527,775.34937,12.65412,0.45453,0.99877,0.85834,640.31,"Potential-field view is in its training-reference confident tail while the surface view abstains. Deeper-than-median modelled cover, anti-aligned gravity/cover normals and cross-scale gravity persistence are consistent with a covered basin-margin discontinuity. No fault displacement, geothermal fluid flow or vent has been verified at this pixel.",Lithologic contact; basin-fill model dependence on gravity; intrusive/dike boundary; processing or coverage effects. Surface-only features may instead be roads or erosion.,MODEL HYPOTHESIS ONLY — requires expert/field review
R2-A-00862,3010,1309,374300.0,4207500.0,-118.4317958,38.0064692,0.8502347,0.5248855,781.73456,4.04344,-0.27525,0.99301,0.68401,100.0,"Potential-field view is in its training-reference confident tail while the surface view abstains. Signed normal/cover support is incomplete; do not interpret this discrepancy as proof of a buried fault. No fault displacement, geothermal fluid flow or vent has been verified at this pixel.",Lithologic contact; basin-fill model dependence on gravity; intrusive/dike boundary; processing or coverage effects. Surface-only features may instead be roads or erosion.,MODEL HYPOTHESIS ONLY — requires expert/field review
R2-A-00863,3010,1312,374600.0,4207500.0,-118.4283796,38.0065108,0.8254765,0.5525097,778.78131,2.93772,-0.79719,0.9284,0.30245,200.0,"Potential-field view is in its training-reference confident tail while the surface view abstains. Signed normal/cover support is incomplete; do not interpret this discrepancy as proof of a buried fault. No fault displacement, geothermal fluid flow or vent has been verified at this pixel.",Lithologic contact; basin-fill model dependence on gravity; intrusive/dike boundary; processing or coverage effects. Surface-only features may instead be roads or erosion.,MODEL HYPOTHESIS ONLY — requires expert/field review
R2-A-00864,3010,1317,375100.0,4207500.0,-118.422686,38.0065798,0.8269394,0.543005,793.08197,2.63342,-0.2555,0.13256,0.44958,447.21,"Potential-field view is in its training-reference confident tail while the surface view abstains. Signed normal/cover support is incomplete; do not interpret this discrepancy as proof of a buried fault. No fault displacement, geothermal fluid flow or vent has been verified at this pixel.",Lithologic contact; basin-fill model dependence on gravity; intrusive/dike boundary; processing or coverage effects. Surface-only features may instead be roads or erosion.,MODEL HYPOTHESIS ONLY — requires expert/field review
R2-A-00865,3010,1338,377200.0,4207500.0,-118.3987723,38.0068667,0.8187047,0.5250102,845.07507,3.40764,0.26909,0.96451,0.72135,424.26,"Potential-field view is in its training-reference confident tail while the surface view abstains. Signed normal/cover support is incomplete; do not interpret this discrepancy as proof of a buried fault. No fault displacement, geothermal fluid flow or vent has been verified at this pixel.",Lithologic contact; basin-fill model dependence on gravity; intrusive/dike boundary; processing or coverage effects. Surface-only features may instead be roads or erosion.,MODEL HYPOTHESIS ONLY — requires expert/field review
R2-A-00866,3010,1342,377600.0,4207500.0,-118.3942173,38.0069208,0.8439966,0.5234782,841.83466,3.31954,0.37337,0.99198,0.79263,223.61,"Potential-field view is in its training-reference confident tail while the surface view abstains. Deeper-than-median modelled cover, anti-aligned gravity/cover normals and cross-scale gravity persistence are consistent with a covered basin-margin discontinuity. No fault displacement, geothermal fluid flow or vent has been verified at this pixel.",Lithologic contact; basin-fill model dependence on gravity; intrusive/dike boundary; processing or coverage effects. Surface-only features may instead be roads or erosion.,MODEL HYPOTHESIS ONLY — requires expert/field review
R2-A-00867,3010,1385,381900.0,4207500.0,-118.3452501,38.0074913,0.8378959,0.5709527,531.86932,13.34597,0.99659,0.9932,0.82697,282.84,"Potential-field view is in its training-reference confident tail while the surface view abstains. Deeper-than-median modelled cover, anti-aligned gravity/cover normals and cross-scale gravity persistence are consistent with a covered basin-margin discontinuity. No fault displacement, geothermal fluid flow or vent has been verified at this pixel.",Lithologic contact; basin-fill model dependence on gravity; intrusive/dike boundary; processing or coverage effects. Surface-only features may instead be roads or erosion.,MODEL HYPOTHESIS ONLY — requires expert/field review
R2-A-00868,3010,1390,382400.0,4207500.0,-118.3395562,38.0075563,0.8508742,0.5836067,521.43274,2.29979,0.99736,0.99848,0.6357,200.0,"Potential-field view is in its training-reference confident tail while the surface view abstains. Deeper-than-median modelled cover, anti-aligned gravity/cover normals and cross-scale gravity persistence are consistent with a covered basin-margin discontinuity. No fault displacement, geothermal fluid flow or vent has been verified at this pixel.",Lithologic contact; basin-fill model dependence on gravity; intrusive/dike boundary; processing or coverage effects. Surface-only features may instead be roads or erosion.,MODEL HYPOTHESIS ONLY — requires expert/field review
R2-A-00869,3010,1395,382900.0,4207500.0,-118.3338622,38.007621,0.8564299,0.5258467,511.57648,4.61853,0.93036,0.98981,0.36718,200.0,"Potential-field view is in its training-reference confident tail while the surface view abstains. Deeper-than-median modelled cover, anti-aligned gravity/cover normals and cross-scale gravity persistence are consistent with a covered basin-margin discontinuity. No fault displacement, geothermal fluid flow or vent has been verified at this pixel.",Lithologic contact; basin-fill model dependence on gravity; intrusive/dike boundary; processing or coverage effects. Surface-only features may instead be roads or erosion.,MODEL HYPOTHESIS ONLY — requires expert/field review
R2-A-00870,3010,1400,383400.0,4207500.0,-118.3281682,38.0076855,0.8564299,0.5399956,502.60742,22.4106,0.78971,0.91952,0.33236,100.0,"Potential-field view is in its training-reference confident tail while the surface view abstains. Deeper-than-median modelled cover, anti-aligned gravity/cover normals and cross-scale gravity persistence are consistent with a covered basin-margin discontinuity. No fault displacement, geothermal fluid flow or vent has been verified at this pixel.",Lithologic contact; basin-fill model dependence on gravity; intrusive/dike boundary; processing or coverage effects. Surface-only features may instead be roads or erosion.,MODEL HYPOTHESIS ONLY — requires expert/field review
R2-A-00871,3011,1286,372000.0,4207400.0,-118.4579686,38.0052464,0.8177875,0.4384213,871.02991,5.40345,0.89641,0.99996,0.97944,141.42,"Potential-field view is in its training-reference confident tail while the surface view abstains. Deeper-than-median modelled cover, anti-aligned gravity/cover normals and cross-scale gravity persistence are consistent with a covered basin-margin discontinuity. No fault displacement, geothermal fluid flow or vent has been verified at this pixel.",Lithologic contact; basin-fill model dependence on gravity; intrusive/dike boundary; processing or coverage effects. Surface-only features may instead be roads or erosion.,MODEL HYPOTHESIS ONLY — requires expert/field review
R2-A-00872,3011,1291,372500.0,4207400.0,-118.4522751,38.0053168,0.8359182,0.4889227,844.76801,1.93008,0.83437,0.99962,0.98069,200.0,"Potential-field view is in its training-reference confident tail while the surface view abstains. Deeper-than-median modelled cover, anti-aligned gravity/cover normals and cross-scale gravity persistence are consistent with a covered basin-margin discontinuity. No fault displacement, geothermal fluid flow or vent has been verified at this pixel.",Lithologic contact; basin-fill model dependence on gravity; intrusive/dike boundary; processing or coverage effects. Surface-only features may instead be roads or erosion.,MODEL HYPOTHESIS ONLY — requires expert/field review
R2-A-00873,3011,1297,373100.0,4207400.0,-118.4454429,38.005401,0.8188732,0.4555401,816.40881,3.24493,0.70285,0.999,0.9736,200.0,"Potential-field view is in its training-reference confident tail while the surface view abstains. Deeper-than-median modelled cover, anti-aligned gravity/cover normals and cross-scale gravity persistence are consistent with a covered basin-margin discontinuity. No fault displacement, geothermal fluid flow or vent has been verified at this pixel.",Lithologic contact; basin-fill model dependence on gravity; intrusive/dike boundary; processing or coverage effects. Surface-only features may instead be roads or erosion.,MODEL HYPOTHESIS ONLY — requires expert/field review
R2-A-00874,3011,1307,374100.0,4207400.0,-118.4340557,38.0055404,0.8502347,0.4904511,788.98492,2.49943,-0.20016,0.99496,0.8308,200.0,"Potential-field view is in its training-reference confident tail while the surface view abstains. Signed normal/cover support is incomplete; do not interpret this discrepancy as proof of a buried fault. No fault displacement, geothermal fluid flow or vent has been verified at this pixel.",Lithologic contact; basin-fill model dependence on gravity; intrusive/dike boundary; processing or coverage effects. Surface-only features may instead be roads or erosion.,MODEL HYPOTHESIS ONLY — requires expert/field review
R2-A-00875,3011,1314,374800.0,4207400.0,-118.4260847,38.0056374,0.8254765,0.5270914,790.79315,0.78829,-0.90674,0.62332,0.36503,223.61,"Potential-field view is in its training-reference confident tail while the surface view abstains. Signed normal/cover support is incomplete; do not interpret this discrepancy as proof of a buried fault. No fault displacement, geothermal fluid flow or vent has been verified at this pixel.",Lithologic contact; basin-fill model dependence on gravity; intrusive/dike boundary; processing or coverage effects. Surface-only features may instead be roads or erosion.,MODEL HYPOTHESIS ONLY — requires expert/field review
R2-A-00876,3011,1330,376400.0,4207400.0,-118.4078651,38.005857,0.8228278,0.4873872,850.30463,3.77158,0.92293,-0.98699,0.24772,100.0,"Potential-field view is in its training-reference confident tail while the surface view abstains. Signed normal/cover support is incomplete; do not interpret this discrepancy as proof of a buried fault. No fault displacement, geothermal fluid flow or vent has been verified at this pixel.",Lithologic contact; basin-fill model dependence on gravity; intrusive/dike boundary; processing or coverage effects. Surface-only features may instead be roads or erosion.,MODEL HYPOTHESIS ONLY — requires expert/field review
R2-A-00877,3011,1335,376900.0,4207400.0,-118.4021714,38.005925,0.8189983,0.5010024,859.12878,4.15069,0.18145,0.84963,0.51947,316.23,"Potential-field view is in its training-reference confident tail while the surface view abstains. Signed normal/cover support is incomplete; do not interpret this discrepancy as proof of a buried fault. No fault displacement, geothermal fluid flow or vent has been verified at this pixel.",Lithologic contact; basin-fill model dependence on gravity; intrusive/dike boundary; processing or coverage effects. Surface-only features may instead be roads or erosion.,MODEL HYPOTHESIS ONLY — requires expert/field review
R2-A-00878,3011,1351,378500.0,4207400.0,-118.3839515,38.0061409,0.8622012,0.5632184,779.34503,4.30234,0.66647,0.99834,0.83027,360.56,"Potential-field view is in its training-reference confident tail while the surface view abstains. Deeper-than-median modelled cover, anti-aligned gravity/cover normals and cross-scale gravity persistence are consistent with a covered basin-margin discontinuity. No fault displacement, geothermal fluid flow or vent has been verified at this pixel.",Lithologic contact; basin-fill model dependence on gravity; intrusive/dike boundary; processing or coverage effects. Surface-only features may instead be roads or erosion.,MODEL HYPOTHESIS ONLY — requires expert/field review
R2-A-00879,3011,1382,381600.0,4207400.0,-118.34865,38.0065511,0.8567638,0.464169,542.33893,4.28557,0.98511,0.99776,0.8762,400.0,"Potential-field view is in its training-reference confident tail while the surface view abstains. Deeper-than-median modelled cover, anti-aligned gravity/cover normals and cross-scale gravity persistence are consistent with a covered basin-margin discontinuity. No fault displacement, geothermal fluid flow or vent has been verified at this pixel.",Lithologic contact; basin-fill model dependence on gravity; intrusive/dike boundary; processing or coverage effects. Surface-only features may instead be roads or erosion.,MODEL HYPOTHESIS ONLY — requires expert/field review
R2-A-00880,3011,1403,383700.0,4207400.0,-118.3247356,38.006823,0.8683727,0.4528341,497.97339,5.60363,0.8117,0.87628,0.57039,200.0,"Potential-field view is in its training-reference confident tail while the surface view abstains. Deeper-than-median modelled cover, anti-aligned gravity/cover normals and cross-scale gravity persistence are consistent with a covered basin-margin discontinuity. No fault displacement, geothermal fluid flow or vent has been verified at this pixel.",Lithologic contact; basin-fill model dependence on gravity; intrusive/dike boundary; processing or coverage effects. Surface-only features may instead be roads or erosion.,MODEL HYPOTHESIS ONLY — requires expert/field review
R2-A-00881,3011,1420,385400.0,4207400.0,-118.3053761,38.0070395,0.8537865,0.6040243,435.89853,2.31553,0.78541,0.95756,0.4894,141.42,"Potential-field view is in its training-reference confident tail while the surface view abstains. Deeper-than-median modelled cover, anti-aligned gravity/cover normals and cross-scale gravity persistence are consistent with a covered basin-margin discontinuity. No fault displacement, geothermal fluid flow or vent has been verified at this pixel.",Lithologic contact; basin-fill model dependence on gravity; intrusive/dike boundary; processing or coverage effects. Surface-only features may instead be roads or erosion.,MODEL HYPOTHESIS ONLY — requires expert/field review
R2-A-00882,3011,1424,385800.0,4207400.0,-118.3008209,38.00709,0.8527808,0.5349565,432.00223,3.97484,0.57953,0.97526,0.86058,223.61,"Potential-field view is in its training-reference confident tail while the surface view abstains. Deeper-than-median modelled cover, anti-aligned gravity/cover normals and cross-scale gravity persistence are consistent with a covered basin-margin discontinuity. No fault displacement, geothermal fluid flow or vent has been verified at this pixel.",Lithologic contact; basin-fill model dependence on gravity; intrusive/dike boundary; processing or coverage effects. Surface-only features may instead be roads or erosion.,MODEL HYPOTHESIS ONLY — requires expert/field review
R2-A-00883,3011,1427,386100.0,4207400.0,-118.2974045,38.0071277,0.846657,0.574721,440.17679,1.36758,0.65118,0.96939,0.91063,141.42,"Potential-field view is in its training-reference confident tail while the surface view abstains. Deeper-than-median modelled cover, anti-aligned gravity/cover normals and cross-scale gravity persistence are consistent with a covered basin-margin discontinuity. No fault displacement, geothermal fluid flow or vent has been verified at this pixel.",Lithologic contact; basin-fill model dependence on gravity; intrusive/dike boundary; processing or coverage effects. Surface-only features may instead be roads or erosion.,MODEL HYPOTHESIS ONLY — requires expert/field review
R2-A-00884,3012,1295,372900.0,4207300.0,-118.4477025,38.004472,0.8460568,0.4680741,829.08997,5.70499,0.75697,0.99928,0.97844,300.0,"Potential-field view is in its training-reference confident tail while the surface view abstains. Deeper-than-median modelled cover, anti-aligned gravity/cover normals and cross-scale gravity persistence are consistent with a covered basin-margin discontinuity. No fault displacement, geothermal fluid flow or vent has been verified at this pixel.",Lithologic contact; basin-fill model dependence on gravity; intrusive/dike boundary; processing or coverage effects. Surface-only features may instead be roads or erosion.,MODEL HYPOTHESIS ONLY — requires expert/field review
R2-A-00885,3012,1300,373400.0,4207300.0,-118.4420091,38.004542,0.823301,0.4352507,806.49182,3.29697,0.55597,0.99932,0.96501,300.0,"Potential-field view is in its training-reference confident tail while the surface view abstains. Deeper-than-median modelled cover, anti-aligned gravity/cover normals and cross-scale gravity persistence are consistent with a covered basin-margin discontinuity. No fault displacement, geothermal fluid flow or vent has been verified at this pixel.",Lithologic contact; basin-fill model dependence on gravity; intrusive/dike boundary; processing or coverage effects. Surface-only features may instead be roads or erosion.,MODEL HYPOTHESIS ONLY — requires expert/field review
R2-A-00886,3012,1304,373800.0,4207300.0,-118.4374543,38.0045977,0.8496636,0.4858383,795.77533,2.60514,0.06581,0.99785,0.92308,223.61,"Potential-field view is in its training-reference confident tail while the surface view abstains. Signed normal/cover support is incomplete; do not interpret this discrepancy as proof of a buried fault. No fault displacement, geothermal fluid flow or vent has been verified at this pixel.",Lithologic contact; basin-fill model dependence on gravity; intrusive/dike boundary; processing or coverage effects. Surface-only features may instead be roads or erosion.,MODEL HYPOTHESIS ONLY — requires expert/field review
R2-A-00887,3012,1319,375300.0,4207300.0,-118.4203737,38.0048053,0.8267702,0.5208106,815.30493,3.14201,-0.35097,0.64418,0.70457,223.61,"Potential-field view is in its training-reference confident tail while the surface view abstains. Signed normal/cover support is incomplete; do not interpret this discrepancy as proof of a buried fault. No fault displacement, geothermal fluid flow or vent has been verified at this pixel.",Lithologic contact; basin-fill model dependence on gravity; intrusive/dike boundary; processing or coverage effects. Surface-only features may instead be roads or erosion.,MODEL HYPOTHESIS ONLY — requires expert/field review
R2-A-00888,3012,1349,378300.0,4207300.0,-118.3862121,38.005213,0.8521193,0.6048247,808.74701,11.6431,0.57982,0.99377,0.7872,282.84,"Potential-field view is in its training-reference confident tail while the surface view abstains. Deeper-than-median modelled cover, anti-aligned gravity/cover normals and cross-scale gravity persistence are consistent with a covered basin-margin discontinuity. No fault displacement, geothermal fluid flow or vent has been verified at this pixel.",Lithologic contact; basin-fill model dependence on gravity; intrusive/dike boundary; processing or coverage effects. Surface-only features may instead be roads or erosion.,MODEL HYPOTHESIS ONLY — requires expert/field review
R2-A-00889,3012,1354,378800.0,4207300.0,-118.3805184,38.00528,0.816552,0.5446327,761.70306,4.64908,0.74643,0.99605,0.80046,670.82,"Potential-field view is in its training-reference confident tail while the surface view abstains. Deeper-than-median modelled cover, anti-aligned gravity/cover normals and cross-scale gravity persistence are consistent with a covered basin-margin discontinuity. No fault displacement, geothermal fluid flow or vent has been verified at this pixel.",Lithologic contact; basin-fill model dependence on gravity; intrusive/dike boundary; processing or coverage effects. Surface-only features may instead be roads or erosion.,MODEL HYPOTHESIS ONLY — requires expert/field review
R2-A-00890,3012,1398,383200.0,4207300.0,-118.3304132,38.0058576,0.8468568,0.5508916,507.51611,9.06266,0.74676,0.87745,0.49554,200.0,"Potential-field view is in its training-reference confident tail while the surface view abstains. Deeper-than-median modelled cover, anti-aligned gravity/cover normals and cross-scale gravity persistence are consistent with a covered basin-margin discontinuity. No fault displacement, geothermal fluid flow or vent has been verified at this pixel.",Lithologic contact; basin-fill model dependence on gravity; intrusive/dike boundary; processing or coverage effects. Surface-only features may instead be roads or erosion.,MODEL HYPOTHESIS ONLY — requires expert/field review
R2-A-00891,3012,1410,384400.0,4207300.0,-118.316748,38.0060115,0.8498504,0.5138804,465.03873,2.88877,0.92694,0.8952,0.74061,200.0,"Potential-field view is in its training-reference confident tail while the surface view abstains. Deeper-than-median modelled cover, anti-aligned gravity/cover normals and cross-scale gravity persistence are consistent with a covered basin-margin discontinuity. No fault displacement, geothermal fluid flow or vent has been verified at this pixel.",Lithologic contact; basin-fill model dependence on gravity; intrusive/dike boundary; processing or coverage effects. Surface-only features may instead be roads or erosion.,MODEL HYPOTHESIS ONLY — requires expert/field review
R2-A-00892,3012,1415,384900.0,4207300.0,-118.3110541,38.0060751,0.8304574,0.5843735,446.63556,9.27397,0.96021,0.65191,0.48907,141.42,"Potential-field view is in its training-reference confident tail while the surface view abstains. Deeper-than-median modelled cover, anti-aligned gravity/cover normals and cross-scale gravity persistence are consistent with a covered basin-margin discontinuity. No fault displacement, geothermal fluid flow or vent has been verified at this pixel.",Lithologic contact; basin-fill model dependence on gravity; intrusive/dike boundary; processing or coverage effects. Surface-only features may instead be roads or erosion.,MODEL HYPOTHESIS ONLY — requires expert/field review
R2-A-00893,3012,1437,387100.0,4207300.0,-118.2860007,38.0063518,0.8679449,0.5976311,489.64746,11.99525,0.75958,0.9499,0.8657,316.23,"Potential-field view is in its training-reference confident tail while the surface view abstains. Deeper-than-median modelled cover, anti-aligned gravity/cover normals and cross-scale gravity persistence are consistent with a covered basin-margin discontinuity. No fault displacement, geothermal fluid flow or vent has been verified at this pixel.",Lithologic contact; basin-fill model dependence on gravity; intrusive/dike boundary; processing or coverage effects. Surface-only features may instead be roads or erosion.,MODEL HYPOTHESIS ONLY — requires expert/field review
R2-A-00894,3013,1283,371700.0,4207200.0,-118.4613489,38.003402,0.8212726,0.4357364,891.76031,6.27528,0.90788,0.99836,0.97339,300.0,"Potential-field view is in its training-reference confident tail while the surface view abstains. Deeper-than-median modelled cover, anti-aligned gravity/cover normals and cross-scale gravity persistence are consistent with a covered basin-margin discontinuity. No fault displacement, geothermal fluid flow or vent has been verified at this pixel.",Lithologic contact; basin-fill model dependence on gravity; intrusive/dike boundary; processing or coverage effects. Surface-only features may instead be roads or erosion.,MODEL HYPOTHESIS ONLY — requires expert/field review
R2-A-00895,3013,1288,372200.0,4207200.0,-118.4556555,38.0034726,0.8181526,0.4451319,866.26874,5.96362,0.90153,0.99997,0.98024,400.0,"Potential-field view is in its training-reference confident tail while the surface view abstains. Deeper-than-median modelled cover, anti-aligned gravity/cover normals and cross-scale gravity persistence are consistent with a covered basin-margin discontinuity. No fault displacement, geothermal fluid flow or vent has been verified at this pixel.",Lithologic contact; basin-fill model dependence on gravity; intrusive/dike boundary; processing or coverage effects. Surface-only features may instead be roads or erosion.,MODEL HYPOTHESIS ONLY — requires expert/field review
R2-A-00896,3013,1302,373600.0,4207200.0,-118.4397141,38.0036689,0.8453724,0.490109,801.55804,3.00206,0.32341,0.99942,0.95198,200.0,"Potential-field view is in its training-reference confident tail while the surface view abstains. Deeper-than-median modelled cover, anti-aligned gravity/cover normals and cross-scale gravity persistence are consistent with a covered basin-margin discontinuity. No fault displacement, geothermal fluid flow or vent has been verified at this pixel.",Lithologic contact; basin-fill model dependence on gravity; intrusive/dike boundary; processing or coverage effects. Surface-only features may instead be roads or erosion.,MODEL HYPOTHESIS ONLY — requires expert/field review
R2-A-00897,3013,1346,378000.0,4207200.0,-118.3896113,38.0042717,0.8322607,0.5086446,848.85956,4.17325,0.42244,0.985,0.74193,200.0,"Potential-field view is in its training-reference confident tail while the surface view abstains. Deeper-than-median modelled cover, anti-aligned gravity/cover normals and cross-scale gravity persistence are consistent with a covered basin-margin discontinuity. No fault displacement, geothermal fluid flow or vent has been verified at this pixel.",Lithologic contact; basin-fill model dependence on gravity; intrusive/dike boundary; processing or coverage effects. Surface-only features may instead be roads or erosion.,MODEL HYPOTHESIS ONLY — requires expert/field review
R2-A-00898,3013,1395,382900.0,4207200.0,-118.3338132,38.0049179,0.8371338,0.4923511,513.40112,6.86957,0.9318,0.9537,0.57556,500.0,"Potential-field view is in its training-reference confident tail while the surface view abstains. Deeper-than-median modelled cover, anti-aligned gravity/cover normals and cross-scale gravity persistence are consistent with a covered basin-margin discontinuity. No fault displacement, geothermal fluid flow or vent has been verified at this pixel.",Lithologic contact; basin-fill model dependence on gravity; intrusive/dike boundary; processing or coverage effects. Surface-only features may instead be roads or erosion.,MODEL HYPOTHESIS ONLY — requires expert/field review
R2-A-00899,3013,1404,383800.0,4207200.0,-118.3235644,38.0050337,0.8369873,0.6057723,495.06952,6.17366,0.84662,0.91869,0.74361,223.61,"Potential-field view is in its training-reference confident tail while the surface view abstains. Deeper-than-median modelled cover, anti-aligned gravity/cover normals and cross-scale gravity persistence are consistent with a covered basin-margin discontinuity. No fault displacement, geothermal fluid flow or vent has been verified at this pixel.",Lithologic contact; basin-fill model dependence on gravity; intrusive/dike boundary; processing or coverage effects. Surface-only features may instead be roads or erosion.,MODEL HYPOTHESIS ONLY — requires expert/field review
R2-A-00900,3013,1413,384700.0,4207200.0,-118.3133155,38.0051486,0.8426139,0.5780963,452.10297,5.5071,0.92428,0.80326,0.66202,316.23,"Potential-field view is in its training-reference confident tail while the surface view abstains. Deeper-than-median modelled cover, anti-aligned gravity/cover normals and cross-scale gravity persistence are consistent with a covered basin-margin discontinuity. No fault displacement, geothermal fluid flow or vent has been verified at this pixel.",Lithologic contact; basin-fill model dependence on gravity; intrusive/dike boundary; processing or coverage effects. Surface-only features may instead be roads or erosion.,MODEL HYPOTHESIS ONLY — requires expert/field review
R2-A-00901,3013,1430,386400.0,4207200.0,-118.2939564,38.0053632,0.8401033,0.5880785,460.46967,2.11754,0.71448,0.98394,0.93775,141.42,"Potential-field view is in its training-reference confident tail while the surface view abstains. Deeper-than-median modelled cover, anti-aligned gravity/cover normals and cross-scale gravity persistence are consistent with a covered basin-margin discontinuity. No fault displacement, geothermal fluid flow or vent has been verified at this pixel.",Lithologic contact; basin-fill model dependence on gravity; intrusive/dike boundary; processing or coverage effects. Surface-only features may instead be roads or erosion.,MODEL HYPOTHESIS ONLY — requires expert/field review
R2-A-00902,3014,1247,368100.0,4207100.0,-118.502322,38.0019844,0.8519365,0.3959664,743.17719,4.53724,0.6694,0.99994,0.94925,728.01,"Potential-field view is in its training-reference confident tail while the surface view abstains. Deeper-than-median modelled cover, anti-aligned gravity/cover normals and cross-scale gravity persistence are consistent with a covered basin-margin discontinuity. No fault displacement, geothermal fluid flow or vent has been verified at this pixel.",Lithologic contact; basin-fill model dependence on gravity; intrusive/dike boundary; processing or coverage effects. Surface-only features may instead be roads or erosion.,MODEL HYPOTHESIS ONLY — requires expert/field review
R2-A-00903,3014,1255,368900.0,4207100.0,-118.493213,38.0021004,0.8240826,0.578031,787.95636,5.1716,0.84605,0.93479,0.90441,141.42,"Potential-field view is in its training-reference confident tail while the surface view abstains. Deeper-than-median modelled cover, anti-aligned gravity/cover normals and cross-scale gravity persistence are consistent with a covered basin-margin discontinuity. No fault displacement, geothermal fluid flow or vent has been verified at this pixel.",Lithologic contact; basin-fill model dependence on gravity; intrusive/dike boundary; processing or coverage effects. Surface-only features may instead be roads or erosion.,MODEL HYPOTHESIS ONLY — requires expert/field review
R2-A-00904,3014,1285,371900.0,4207100.0,-118.4590537,38.0025292,0.8201746,0.5151435,884.20496,9.32531,0.93658,0.99923,0.97578,400.0,"Potential-field view is in its training-reference confident tail while the surface view abstains. Deeper-than-median modelled cover, anti-aligned gravity/cover normals and cross-scale gravity persistence are consistent with a covered basin-margin discontinuity. No fault displacement, geothermal fluid flow or vent has been verified at this pixel.",Lithologic contact; basin-fill model dependence on gravity; intrusive/dike boundary; processing or coverage effects. Surface-only features may instead be roads or erosion.,MODEL HYPOTHESIS ONLY — requires expert/field review
R2-A-00905,3014,1312,374600.0,4207100.0,-118.4283097,38.0029067,0.8165441,0.5093936,804.71814,5.33361,-0.99148,0.96202,0.63293,200.0,"Potential-field view is in its training-reference confident tail while the surface view abstains. Signed normal/cover support is incomplete; do not interpret this discrepancy as proof of a buried fault. No fault displacement, geothermal fluid flow or vent has been verified at this pixel.",Lithologic contact; basin-fill model dependence on gravity; intrusive/dike boundary; processing or coverage effects. Surface-only features may instead be roads or erosion.,MODEL HYPOTHESIS ONLY — requires expert/field review
R2-A-00906,3014,1315,374900.0,4207100.0,-118.4248937,38.0029482,0.8298929,0.5336106,815.54816,1.98852,-0.76286,0.80363,0.72731,360.56,"Potential-field view is in its training-reference confident tail while the surface view abstains. Signed normal/cover support is incomplete; do not interpret this discrepancy as proof of a buried fault. No fault displacement, geothermal fluid flow or vent has been verified at this pixel.",Lithologic contact; basin-fill model dependence on gravity; intrusive/dike boundary; processing or coverage effects. Surface-only features may instead be roads or erosion.,MODEL HYPOTHESIS ONLY — requires expert/field review
R2-A-00907,3014,1344,377800.0,4207100.0,-118.3918717,38.0033437,0.8217299,0.57767,880.92792,5.70717,0.22101,0.97799,0.72341,200.0,"Potential-field view is in its training-reference confident tail while the surface view abstains. Signed normal/cover support is incomplete; do not interpret this discrepancy as proof of a buried fault. No fault displacement, geothermal fluid flow or vent has been verified at this pixel.",Lithologic contact; basin-fill model dependence on gravity; intrusive/dike boundary; processing or coverage effects. Surface-only features may instead be roads or erosion.,MODEL HYPOTHESIS ONLY — requires expert/field review
R2-A-00908,3014,1380,381400.0,4207100.0,-118.3508779,38.0038218,0.8179185,0.5966399,558.71045,19.40504,0.93595,0.98965,0.85126,700.0,"Potential-field view is in its training-reference confident tail while the surface view abstains. Deeper-than-median modelled cover, anti-aligned gravity/cover normals and cross-scale gravity persistence are consistent with a covered basin-margin discontinuity. No fault displacement, geothermal fluid flow or vent has been verified at this pixel.",Lithologic contact; basin-fill model dependence on gravity; intrusive/dike boundary; processing or coverage effects. Surface-only features may instead be roads or erosion.,MODEL HYPOTHESIS ONLY — requires expert/field review
R2-A-00909,3014,1392,382600.0,4207100.0,-118.3372131,38.003978,0.833823,0.4732445,519.96808,5.72752,0.99901,0.99497,0.62904,600.0,"Potential-field view is in its training-reference confident tail while the surface view abstains. Deeper-than-median modelled cover, anti-aligned gravity/cover normals and cross-scale gravity persistence are consistent with a covered basin-margin discontinuity. No fault displacement, geothermal fluid flow or vent has been verified at this pixel.",Lithologic contact; basin-fill model dependence on gravity; intrusive/dike boundary; processing or coverage effects. Surface-only features may instead be roads or erosion.,MODEL HYPOTHESIS ONLY — requires expert/field review
R2-A-00910,3014,1397,383100.0,4207100.0,-118.3315194,38.0040426,0.833823,0.462213,510.56122,3.06921,0.94204,0.94071,0.76949,360.56,"Potential-field view is in its training-reference confident tail while the surface view abstains. Deeper-than-median modelled cover, anti-aligned gravity/cover normals and cross-scale gravity persistence are consistent with a covered basin-margin discontinuity. No fault displacement, geothermal fluid flow or vent has been verified at this pixel.",Lithologic contact; basin-fill model dependence on gravity; intrusive/dike boundary; processing or coverage effects. Surface-only features may instead be roads or erosion.,MODEL HYPOTHESIS ONLY — requires expert/field review
R2-A-00911,3015,1289,372300.0,4207000.0,-118.4544813,38.0016847,0.8175519,0.4404524,867.06726,5.38038,0.92778,1.0,0.97997,600.0,"Potential-field view is in its training-reference confident tail while the surface view abstains. Deeper-than-median modelled cover, anti-aligned gravity/cover normals and cross-scale gravity persistence are consistent with a covered basin-margin discontinuity. No fault displacement, geothermal fluid flow or vent has been verified at this pixel.",Lithologic contact; basin-fill model dependence on gravity; intrusive/dike boundary; processing or coverage effects. Surface-only features may instead be roads or erosion.,MODEL HYPOTHESIS ONLY — requires expert/field review
R2-A-00912,3015,1292,372600.0,4207000.0,-118.4510653,38.0017269,0.8271797,0.4517092,852.23224,5.08258,0.87854,0.99979,0.98049,600.0,"Potential-field view is in its training-reference confident tail while the surface view abstains. Deeper-than-median modelled cover, anti-aligned gravity/cover normals and cross-scale gravity persistence are consistent with a covered basin-margin discontinuity. No fault displacement, geothermal fluid flow or vent has been verified at this pixel.",Lithologic contact; basin-fill model dependence on gravity; intrusive/dike boundary; processing or coverage effects. Surface-only features may instead be roads or erosion.,MODEL HYPOTHESIS ONLY — requires expert/field review
R2-A-00913,3015,1297,373100.0,4207000.0,-118.4453721,38.001797,0.841215,0.4287634,830.97772,1.70059,0.75284,0.9995,0.97723,223.61,"Potential-field view is in its training-reference confident tail while the surface view abstains. Deeper-than-median modelled cover, anti-aligned gravity/cover normals and cross-scale gravity persistence are consistent with a covered basin-margin discontinuity. No fault displacement, geothermal fluid flow or vent has been verified at this pixel.",Lithologic contact; basin-fill model dependence on gravity; intrusive/dike boundary; processing or coverage effects. Surface-only features may instead be roads or erosion.,MODEL HYPOTHESIS ONLY — requires expert/field review
R2-A-00914,3015,1310,374400.0,4207000.0,-118.4305696,38.001978,0.8161249,0.4325319,810.7691,5.18952,-0.86187,0.99473,0.75356,200.0,"Potential-field view is in its training-reference confident tail while the surface view abstains. Signed normal/cover support is incomplete; do not interpret this discrepancy as proof of a buried fault. No fault displacement, geothermal fluid flow or vent has been verified at this pixel.",Lithologic contact; basin-fill model dependence on gravity; intrusive/dike boundary; processing or coverage effects. Surface-only features may instead be roads or erosion.,MODEL HYPOTHESIS ONLY — requires expert/field review
R2-A-00915,3015,1323,375700.0,4207000.0,-118.4157669,38.0021572,0.8086981,0.4599497,856.70709,2.04761,-0.35561,0.77598,0.85877,223.61,"Potential-field view is in its training-reference confident tail while the surface view abstains. Signed normal/cover support is incomplete; do not interpret this discrepancy as proof of a buried fault. No fault displacement, geothermal fluid flow or vent has been verified at this pixel.",Lithologic contact; basin-fill model dependence on gravity; intrusive/dike boundary; processing or coverage effects. Surface-only features may instead be roads or erosion.,MODEL HYPOTHESIS ONLY — requires expert/field review
R2-A-00916,3015,1389,382300.0,4207000.0,-118.3406129,38.0030381,0.8150382,0.5069163,528.41614,3.86128,0.92636,0.99897,0.67491,700.0,"Potential-field view is in its training-reference confident tail while the surface view abstains. Deeper-than-median modelled cover, anti-aligned gravity/cover normals and cross-scale gravity persistence are consistent with a covered basin-margin discontinuity. No fault displacement, geothermal fluid flow or vent has been verified at this pixel.",Lithologic contact; basin-fill model dependence on gravity; intrusive/dike boundary; processing or coverage effects. Surface-only features may instead be roads or erosion.,MODEL HYPOTHESIS ONLY — requires expert/field review
R2-A-00917,3015,1400,383400.0,4207000.0,-118.3280869,38.0031802,0.8186424,0.5436196,506.08429,3.53866,0.95994,0.94725,0.87329,200.0,"Potential-field view is in its training-reference confident tail while the surface view abstains. Deeper-than-median modelled cover, anti-aligned gravity/cover normals and cross-scale gravity persistence are consistent with a covered basin-margin discontinuity. No fault displacement, geothermal fluid flow or vent has been verified at this pixel.",Lithologic contact; basin-fill model dependence on gravity; intrusive/dike boundary; processing or coverage effects. Surface-only features may instead be roads or erosion.,MODEL HYPOTHESIS ONLY — requires expert/field review
R2-A-00918,3015,1410,384400.0,4207000.0,-118.3166996,38.0033083,0.8249687,0.4902899,469.20087,3.62073,0.94819,0.98982,0.79436,447.21,"Potential-field view is in its training-reference confident tail while the surface view abstains. Deeper-than-median modelled cover, anti-aligned gravity/cover normals and cross-scale gravity persistence are consistent with a covered basin-margin discontinuity. No fault displacement, geothermal fluid flow or vent has been verified at this pixel.",Lithologic contact; basin-fill model dependence on gravity; intrusive/dike boundary; processing or coverage effects. Surface-only features may instead be roads or erosion.,MODEL HYPOTHESIS ONLY — requires expert/field review
R2-A-00919,3015,1425,385900.0,4207000.0,-118.2996185,38.0034983,0.836841,0.5299803,451.96646,1.60112,0.7691,0.99596,0.94889,223.61,"Potential-field view is in its training-reference confident tail while the surface view abstains. Deeper-than-median modelled cover, anti-aligned gravity/cover normals and cross-scale gravity persistence are consistent with a covered basin-margin discontinuity. No fault displacement, geothermal fluid flow or vent has been verified at this pixel.",Lithologic contact; basin-fill model dependence on gravity; intrusive/dike boundary; processing or coverage effects. Surface-only features may instead be roads or erosion.,MODEL HYPOTHESIS ONLY — requires expert/field review
R2-A-00920,3016,1306,374000.0,4206900.0,-118.4351066,38.0010215,0.8094538,0.4783616,814.94183,0.98378,-0.52242,0.99706,0.89925,200.0,"Potential-field view is in its training-reference confident tail while the surface view abstains. Signed normal/cover support is incomplete; do not interpret this discrepancy as proof of a buried fault. No fault displacement, geothermal fluid flow or vent has been verified at this pixel.",Lithologic contact; basin-fill model dependence on gravity; intrusive/dike boundary; processing or coverage effects. Surface-only features may instead be roads or erosion.,MODEL HYPOTHESIS ONLY — requires expert/field review
R2-A-00921,3016,1404,383800.0,4206900.0,-118.3235158,38.0023305,0.8127218,0.593311,497.56262,5.41191,0.96473,0.98396,0.87397,200.0,"Potential-field view is in its training-reference confident tail while the surface view abstains. Deeper-than-median modelled cover, anti-aligned gravity/cover normals and cross-scale gravity persistence are consistent with a covered basin-margin discontinuity. No fault displacement, geothermal fluid flow or vent has been verified at this pixel.",Lithologic contact; basin-fill model dependence on gravity; intrusive/dike boundary; processing or coverage effects. Surface-only features may instead be roads or erosion.,MODEL HYPOTHESIS ONLY — requires expert/field review
R2-A-00922,3018,1244,367800.0,4206700.0,-118.5056642,37.9983368,0.8093489,0.4172476,698.55103,5.61005,0.77702,0.99986,0.98086,1004.99,"Potential-field view is in its training-reference confident tail while the surface view abstains. Deeper-than-median modelled cover, anti-aligned gravity/cover normals and cross-scale gravity persistence are consistent with a covered basin-margin discontinuity. No fault displacement, geothermal fluid flow or vent has been verified at this pixel.",Lithologic contact; basin-fill model dependence on gravity; intrusive/dike boundary; processing or coverage effects. Surface-only features may instead be roads or erosion.,MODEL HYPOTHESIS ONLY — requires expert/field review
R2-A-00923,3133,1755,418900.0,4195200.0,-117.9224661,37.9007123,0.8203403,0.5889306,35.02095,2.37303,0.99557,1.0,0.98216,282.84,"Potential-field view is in its training-reference confident tail while the surface view abstains. Signed normal/cover support is incomplete; do not interpret this discrepancy as proof of a buried fault. No fault displacement, geothermal fluid flow or vent has been verified at this pixel.",Lithologic contact; basin-fill model dependence on gravity; intrusive/dike boundary; processing or coverage effects. Surface-only features may instead be roads or erosion.,MODEL HYPOTHESIS ONLY — requires expert/field review
R2-A-00924,3254,1709,414300.0,4183100.0,-117.9733473,37.7912475,0.8417693,0.4992488,237.76241,5.57161,0.60796,0.98311,0.94272,223.61,"Potential-field view is in its training-reference confident tail while the surface view abstains. Signed normal/cover support is incomplete; do not interpret this discrepancy as proof of a buried fault. No fault displacement, geothermal fluid flow or vent has been verified at this pixel.",Lithologic contact; basin-fill model dependence on gravity; intrusive/dike boundary; processing or coverage effects. Surface-only features may instead be roads or erosion.,MODEL HYPOTHESIS ONLY — requires expert/field review
R2-A-00925,3288,1660,409400.0,4179700.0,-118.0285669,37.7601345,0.8125067,0.6012219,234.53955,3.65768,0.99999,0.99389,0.97921,141.42,"Potential-field view is in its training-reference confident tail while the surface view abstains. Signed normal/cover support is incomplete; do not interpret this discrepancy as proof of a buried fault. No fault displacement, geothermal fluid flow or vent has been verified at this pixel.",Lithologic contact; basin-fill model dependence on gravity; intrusive/dike boundary; processing or coverage effects. Surface-only features may instead be roads or erosion.,MODEL HYPOTHESIS ONLY — requires expert/field review
