segment,pixels,row_range,col_range,east_m,north_m,stratum,stratum_counts,cover_depth_rank,slope_rank,scarp_rank,grav_step,mag_step,px_to_visible_catalogue,touches_visible_catalogue,field_mass,claim
61,993,"[89, 146]","[408, 489]",45694.00805639476,231719.83887210474,B-only,"{""silent"": 28, ""concordant"": 22, ""A-only"": 0, ""B-only"": 943}",213.7686,8.9299,15.4422,4.7372,218.5894,22.35,False,0.9935,"surface-view only: scarp with no field offset; the catalogue was built from this same surface expression, so an uncatalogued scarp here is more likely a road cut, canal levee, quarry face or erosion line than a fault - down-weighted, and emitted only if it clears the metric bar"
624,594,"[873, 935]","[1136, 1214]",117493.43434343435,152172.22222222222,B-only,"{""silent"": 0, ""concordant"": 0, ""A-only"": 0, ""B-only"": 594}",122.6512,8.8198,17.1532,3.3368,19.7678,19.45,False,0.99395,"surface-view only: scarp with no field offset; the catalogue was built from this same surface expression, so an uncatalogued scarp here is more likely a road cut, canal levee, quarry face or erosion line than a fault - down-weighted, and emitted only if it clears the metric bar"
28,536,"[1, 60]","[634, 680]",65569.40298507462,240356.3432835821,B-only,"{""silent"": 9, ""concordant"": 0, ""A-only"": 0, ""B-only"": 527}",98.9522,10.0904,17.18,1.2956,196.3819,37.37,False,0.99535,"surface-view only: scarp with no field offset; the catalogue was built from this same surface expression, so an uncatalogued scarp here is more likely a road cut, canal levee, quarry face or erosion line than a fault - down-weighted, and emitted only if it clears the metric bar"
225,523,"[394, 470]","[257, 286]",26548.0879541109,200451.05162523902,B-only,"{""silent"": 158, ""concordant"": 0, ""A-only"": 0, ""B-only"": 365}",163.937,6.5277,13.8832,1.9583,132.1578,10.85,False,0.99364,"surface-view only: scarp with no field offset; the catalogue was built from this same surface expression, so an uncatalogued scarp here is more likely a road cut, canal levee, quarry face or erosion line than a fault - down-weighted, and emitted only if it clears the metric bar"
1074,499,"[1968, 2102]","[925, 1016]",97297.49498997997,39669.73947895793,A-only,"{""silent"": 172, ""concordant"": 88, ""A-only"": 120, ""B-only"": 119}",52.6495,22.476,21.5538,7.1688,148.7817,2.17,False,0.99401,"field-view only: potential-field offset (gravity step 7.169, magnetic step 148.782) with no corresponding scarp (surface rank 21.554); cover depth rank 52.650 is deep enough that a scarp would be buried, so this is a buried range-front fault the LiDAR-derived catalogue cannot contain"
596,497,"[855, 937]","[0, 25]",874.5472837022132,154971.02615694166,B-only,"{""silent"": 48, ""concordant"": 181, ""A-only"": 28, ""B-only"": 240}",166.8499,12.1614,15.2216,16.2065,167.3823,10.3,False,0.99261,"surface-view only: scarp with no field offset; the catalogue was built from this same surface expression, so an uncatalogued scarp here is more likely a road cut, canal levee, quarry face or erosion line than a fault - down-weighted, and emitted only if it clears the metric bar"
629,481,"[885, 917]","[359, 427]",39103.01455301455,153177.75467775468,B-only,"{""silent"": 18, ""concordant"": 15, ""A-only"": 3, ""B-only"": 445}",55.8164,7.6246,12.5192,2.908,71.8163,87.09,False,0.99136,"surface-view only: scarp with no field offset; the catalogue was built from this same surface expression, so an uncatalogued scarp here is more likely a road cut, canal levee, quarry face or erosion line than a fault - down-weighted, and emitted only if it clears the metric bar"
956,479,"[1588, 1616]","[664, 771]",71820.5636743215,83203.54906054278,B-only,"{""silent"": 0, ""concordant"": 0, ""A-only"": 0, ""B-only"": 479}",1378.9778,5.4834,12.4571,0.9701,108.528,27.9,False,0.98983,"surface-view only: scarp with no field offset; the catalogue was built from this same surface expression, so an uncatalogued scarp here is more likely a road cut, canal levee, quarry face or erosion line than a fault - down-weighted, and emitted only if it clears the metric bar"
749,474,"[1188, 1346]","[1738, 1767]",175333.1223628692,116664.76793248946,B-only,"{""silent"": 374, ""concordant"": 0, ""A-only"": 0, ""B-only"": 100}",750.9863,22.7091,21.0056,10.9576,169.6998,2.58,False,0.99377,"surface-view only: scarp with no field offset; the catalogue was built from this same surface expression, so an uncatalogued scarp here is more likely a road cut, canal levee, quarry face or erosion line than a fault - down-weighted, and emitted only if it clears the metric bar"
399,462,"[593, 640]","[2776, 2802]",278946.5367965368,182216.66666666666,B-only,"{""silent"": 71, ""concordant"": 0, ""A-only"": 0, ""B-only"": 391}",780.6718,7.6476,13.5847,2.0944,39.3004,27.46,False,0.99266,"surface-view only: scarp with no field offset; the catalogue was built from this same surface expression, so an uncatalogued scarp here is more likely a road cut, canal levee, quarry face or erosion line than a fault - down-weighted, and emitted only if it clears the metric bar"
585,400,"[836, 875]","[331, 375]",35389.75,157687.25,B-only,"{""silent"": 53, ""concordant"": 0, ""A-only"": 0, ""B-only"": 347}",35.7592,8.9618,14.3313,1.6192,87.8793,81.68,False,0.99286,"surface-view only: scarp with no field offset; the catalogue was built from this same surface expression, so an uncatalogued scarp here is more likely a road cut, canal levee, quarry face or erosion line than a fault - down-weighted, and emitted only if it clears the metric bar"
766,376,"[1226, 1259]","[435, 487]",46458.24468085106,119376.32978723405,B-only,"{""silent"": 60, ""concordant"": 26, ""A-only"": 0, ""B-only"": 290}",768.2194,9.5867,13.3677,2.5347,184.1973,16.8,False,0.99352,"surface-view only: scarp with no field offset; the catalogue was built from this same surface expression, so an uncatalogued scarp here is more likely a road cut, canal levee, quarry face or erosion line than a fault - down-weighted, and emitted only if it clears the metric bar"
1072,369,"[1964, 2000]","[1552, 1590]",157012.33062330622,45472.35772357724,B-only,"{""silent"": 49, ""concordant"": 0, ""A-only"": 0, ""B-only"": 320}",96.1467,11.3061,15.3776,2.8229,148.0071,13.7,False,0.99369,"surface-view only: scarp with no field offset; the catalogue was built from this same surface expression, so an uncatalogued scarp here is more likely a road cut, canal levee, quarry face or erosion line than a fault - down-weighted, and emitted only if it clears the metric bar"
657,362,"[917, 966]","[437, 474]",45513.25966850829,149099.17127071822,B-only,"{""silent"": 22, ""concordant"": 103, ""A-only"": 15, ""B-only"": 222}",303.6739,8.2041,13.6454,4.1469,71.3853,28.6,False,0.99232,"surface-view only: scarp with no field offset; the catalogue was built from this same surface expression, so an uncatalogued scarp here is more likely a road cut, canal levee, quarry face or erosion line than a fault - down-weighted, and emitted only if it clears the metric bar"
470,359,"[681, 796]","[226, 258]",24249.1643454039,169483.00835654596,B-only,"{""silent"": 299, ""concordant"": 0, ""A-only"": 0, ""B-only"": 60}",106.8826,20.8373,20.1635,7.5658,294.8034,2.51,False,0.99303,"surface-view only: scarp with no field offset; the catalogue was built from this same surface expression, so an uncatalogued scarp here is more likely a road cut, canal levee, quarry face or erosion line than a fault - down-weighted, and emitted only if it clears the metric bar"
1541,346,"[3711, 3729]","[1860, 1953]",191500.86705202312,-129160.1156069364,concordant,"{""silent"": 13, ""concordant"": 172, ""A-only"": 59, ""B-only"": 102}",3.2109,18.43,19.8076,15.6574,94.601,2.67,False,0.99395,"both views agree: continuation of a mapped structure beyond the end or the side of the mapped trace, the case where the catalogue is truncated by mapping convention rather than by data"
1078,342,"[1982, 2063]","[1101, 1126]",111429.82456140351,41599.41520467837,B-only,"{""silent"": 17, ""concordant"": 60, ""A-only"": 21, ""B-only"": 244}",225.087,8.7203,13.3939,4.3327,78.9105,33.56,False,0.99031,"surface-view only: scarp with no field offset; the catalogue was built from this same surface expression, so an uncatalogued scarp here is more likely a road cut, canal levee, quarry face or erosion line than a fault - down-weighted, and emitted only if it clears the metric bar"
795,335,"[1261, 1290]","[350, 388]",37030.89552238806,115416.41791044777,B-only,"{""silent"": 3, ""concordant"": 0, ""A-only"": 0, ""B-only"": 332}",1434.5294,8.5775,13.293,0.8615,175.8637,49.7,False,0.99218,"surface-view only: scarp with no field offset; the catalogue was built from this same surface expression, so an uncatalogued scarp here is more likely a road cut, canal levee, quarry face or erosion line than a fault - down-weighted, and emitted only if it clears the metric bar"
655,330,"[909, 934]","[510, 539]",52336.969696969696,150958.48484848486,concordant,"{""silent"": 6, ""concordant"": 288, ""A-only"": 15, ""B-only"": 21}",387.5491,6.8027,13.2988,8.5578,61.591,21.2,False,0.99373,"both views agree: continuation of a mapped structure beyond the end or the side of the mapped trace, the case where the catalogue is truncated by mapping convention rather than by data"
944,317,"[1571, 1610]","[1350, 1365]",135806.4668769716,84027.4447949527,concordant,"{""silent"": 5, ""concordant"": 205, ""A-only"": 10, ""B-only"": 97}",343.4621,8.2899,14.7316,2.1903,157.8764,21.34,False,0.99354,"both views agree: continuation of a mapped structure beyond the end or the side of the mapped trace, the case where the catalogue is truncated by mapping convention rather than by data"
744,304,"[1158, 1186]","[1708, 1739]",172716.44736842107,126143.75,B-only,"{""silent"": 98, ""concordant"": 0, ""A-only"": 0, ""B-only"": 206}",1330.8723,11.3534,13.1459,5.8721,118.1682,11.82,False,0.99169,"surface-view only: scarp with no field offset; the catalogue was built from this same surface expression, so an uncatalogued scarp here is more likely a road cut, canal levee, quarry face or erosion line than a fault - down-weighted, and emitted only if it clears the metric bar"
1224,303,"[2516, 2557]","[1549, 1566]",155981.02310231022,-10407.590759075887,concordant,"{""silent"": 6, ""concordant"": 143, ""A-only"": 51, ""B-only"": 103}",131.6211,9.9278,12.8275,3.1081,178.3615,13.68,False,0.99089,"both views agree: continuation of a mapped structure beyond the end or the side of the mapped trace, the case where the catalogue is truncated by mapping convention rather than by data"
738,287,"[1132, 1171]","[632, 676]",65225.60975609756,127711.14982578397,B-only,"{""silent"": 16, ""concordant"": 0, ""A-only"": 0, ""B-only"": 271}",1004.9373,8.2009,13.4418,1.6141,401.6023,19.87,False,0.99113,"surface-view only: scarp with no field offset; the catalogue was built from this same surface expression, so an uncatalogued scarp here is more likely a road cut, canal levee, quarry face or erosion line than a fault - down-weighted, and emitted only if it clears the metric bar"
1259,286,"[2770, 2828]","[2013, 2036]",202943.70629370632,-36064.33566433564,B-only,"{""silent"": 29, ""concordant"": 0, ""A-only"": 0, ""B-only"": 257}",200.6666,9.2422,14.4789,1.038,73.933,129.84,False,0.99039,"surface-view only: scarp with no field offset; the catalogue was built from this same surface expression, so an uncatalogued scarp here is more likely a road cut, canal levee, quarry face or erosion line than a fault - down-weighted, and emitted only if it clears the metric bar"
40,279,"[33, 83]","[3270, 3287]",328129.5698924731,237372.40143369176,B-only,"{""silent"": 47, ""concordant"": 0, ""A-only"": 0, ""B-only"": 232}",16.8264,6.8795,13.0112,2.754,34.7706,77.6,False,0.99282,"surface-view only: scarp with no field offset; the catalogue was built from this same surface expression, so an uncatalogued scarp here is more likely a road cut, canal levee, quarry face or erosion line than a fault - down-weighted, and emitted only if it clears the metric bar"
227,270,"[402, 449]","[604, 619]",61300.0,200745.55555555556,B-only,"{""silent"": 29, ""concordant"": 0, ""A-only"": 0, ""B-only"": 241}",190.8313,8.5025,14.8062,1.9476,89.5508,14.89,False,0.99325,"surface-view only: scarp with no field offset; the catalogue was built from this same surface expression, so an uncatalogued scarp here is more likely a road cut, canal levee, quarry face or erosion line than a fault - down-weighted, and emitted only if it clears the metric bar"
479,265,"[697, 738]","[257, 291]",28033.01886792453,171411.69811320753,B-only,"{""silent"": 32, ""concordant"": 0, ""A-only"": 0, ""B-only"": 233}",114.7766,8.0369,13.785,1.4273,208.232,43.52,False,0.99194,"surface-view only: scarp with no field offset; the catalogue was built from this same surface expression, so an uncatalogued scarp here is more likely a road cut, canal levee, quarry face or erosion line than a fault - down-weighted, and emitted only if it clears the metric bar"
932,262,"[1556, 1578]","[446, 487]",46916.41221374046,86433.96946564884,B-only,"{""silent"": 47, ""concordant"": 29, ""A-only"": 41, ""B-only"": 145}",682.3408,8.8936,11.3715,4.6877,111.9539,8.55,False,0.99112,"surface-view only: scarp with no field offset; the catalogue was built from this same surface expression, so an uncatalogued scarp here is more likely a road cut, canal levee, quarry face or erosion line than a fault - down-weighted, and emitted only if it clears the metric bar"
902,247,"[1513, 1557]","[1732, 1749]",174189.27125506074,89938.46153846156,B-only,"{""silent"": 25, ""concordant"": 81, ""A-only"": 22, ""B-only"": 119}",2789.1621,11.1713,16.2878,21.3599,64.8308,3.46,False,0.99297,"surface-view only: scarp with no field offset; the catalogue was built from this same surface expression, so an uncatalogued scarp here is more likely a road cut, canal levee, quarry face or erosion line than a fault - down-weighted, and emitted only if it clears the metric bar"
341,242,"[541, 609]","[2527, 2535]",253240.0826446281,186275.20661157026,B-only,"{""silent"": 47, ""concordant"": 0, ""A-only"": 0, ""B-only"": 195}",2073.104,14.1702,17.2175,1.2713,30.3202,16.31,False,0.99314,"surface-view only: scarp with no field offset; the catalogue was built from this same surface expression, so an uncatalogued scarp here is more likely a road cut, canal levee, quarry face or erosion line than a fault - down-weighted, and emitted only if it clears the metric bar"
1424,232,"[3263, 3302]","[1999, 2011]",200784.05172413794,-85042.6724137931,B-only,"{""silent"": 38, ""concordant"": 0, ""A-only"": 0, ""B-only"": 194}",341.2255,5.483,10.8253,2.0579,6.3696,56.06,False,0.99093,"surface-view only: scarp with no field offset; the catalogue was built from this same surface expression, so an uncatalogued scarp here is more likely a road cut, canal levee, quarry face or erosion line than a fault - down-weighted, and emitted only if it clears the metric bar"
1204,229,"[2452, 2480]","[1243, 1264]",125297.5982532751,-3355.4585152838554,B-only,"{""silent"": 31, ""concordant"": 0, ""A-only"": 0, ""B-only"": 198}",255.7199,7.2187,11.1471,2.2708,154.9676,47.77,False,0.99066,"surface-view only: scarp with no field offset; the catalogue was built from this same surface expression, so an uncatalogued scarp here is more likely a road cut, canal levee, quarry face or erosion line than a fault - down-weighted, and emitted only if it clears the metric bar"
580,228,"[827, 849]","[601, 627]",61269.29824561404,159694.73684210528,B-only,"{""silent"": 12, ""concordant"": 0, ""A-only"": 0, ""B-only"": 216}",115.702,10.7128,15.3986,3.3108,132.3867,28.45,False,0.99364,"surface-view only: scarp with no field offset; the catalogue was built from this same surface expression, so an uncatalogued scarp here is more likely a road cut, canal levee, quarry face or erosion line than a fault - down-weighted, and emitted only if it clears the metric bar"
821,219,"[1293, 1334]","[272, 299]",28795.205479452055,111512.78538812784,B-only,"{""silent"": 91, ""concordant"": 21, ""A-only"": 17, ""B-only"": 90}",79.6254,9.5438,11.2749,4.0499,147.5669,4.55,False,0.99115,"surface-view only: scarp with no field offset; the catalogue was built from this same surface expression, so an uncatalogued scarp here is more likely a road cut, canal levee, quarry face or erosion line than a fault - down-weighted, and emitted only if it clears the metric bar"
1473,216,"[3357, 3388]","[1666, 1682]",167294.90740740742,-94306.94444444444,B-only,"{""silent"": 124, ""concordant"": 0, ""A-only"": 0, ""B-only"": 92}",115.3611,6.628,9.5665,3.222,14.6395,28.42,False,0.98843,"surface-view only: scarp with no field offset; the catalogue was built from this same surface expression, so an uncatalogued scarp here is more likely a road cut, canal levee, quarry face or erosion line than a fault - down-weighted, and emitted only if it clears the metric bar"
396,209,"[590, 620]","[2718, 2737]",272952.3923444976,182651.1961722488,B-only,"{""silent"": 5, ""concordant"": 0, ""A-only"": 0, ""B-only"": 204}",770.9059,8.0414,13.8897,1.8577,53.2236,15.23,False,0.99134,"surface-view only: scarp with no field offset; the catalogue was built from this same surface expression, so an uncatalogued scarp here is more likely a road cut, canal levee, quarry face or erosion line than a fault - down-weighted, and emitted only if it clears the metric bar"
404,208,"[597, 632]","[2734, 2747]",274140.8653846154,181959.61538461538,B-only,"{""silent"": 20, ""concordant"": 0, ""A-only"": 0, ""B-only"": 188}",869.265,8.1432,13.8514,3.2197,35.0866,22.28,False,0.99172,"surface-view only: scarp with no field offset; the catalogue was built from this same surface expression, so an uncatalogued scarp here is more likely a road cut, canal levee, quarry face or erosion line than a fault - down-weighted, and emitted only if it clears the metric bar"
121,201,"[172, 186]","[2899, 2942]",292180.34825870645,225463.18407960198,B-only,"{""silent"": 0, ""concordant"": 0, ""A-only"": 0, ""B-only"": 201}",140.3926,6.2532,13.3422,0.5934,118.0847,73.65,False,0.99182,"surface-view only: scarp with no field offset; the catalogue was built from this same surface expression, so an uncatalogued scarp here is more likely a road cut, canal levee, quarry face or erosion line than a fault - down-weighted, and emitted only if it clears the metric bar"
461,195,"[671, 711]","[2866, 2876]",287304.35897435894,174006.6666666667,B-only,"{""silent"": 4, ""concordant"": 0, ""A-only"": 0, ""B-only"": 191}",373.0375,7.9118,15.4421,2.2491,66.8544,40.43,False,0.99229,"surface-view only: scarp with no field offset; the catalogue was built from this same surface expression, so an uncatalogued scarp here is more likely a road cut, canal levee, quarry face or erosion line than a fault - down-weighted, and emitted only if it clears the metric bar"
510,191,"[734, 762]","[303, 324]",31558.90052356021,168663.87434554973,B-only,"{""silent"": 30, ""concordant"": 0, ""A-only"": 0, ""B-only"": 161}",154.4089,5.9103,13.0813,0.8643,106.8301,71.48,False,0.99303,"surface-view only: scarp with no field offset; the catalogue was built from this same surface expression, so an uncatalogued scarp here is more likely a road cut, canal levee, quarry face or erosion line than a fault - down-weighted, and emitted only if it clears the metric bar"
594,190,"[851, 875]","[574, 601]",58818.42105263159,157323.15789473685,B-only,"{""silent"": 5, ""concordant"": 7, ""A-only"": 0, ""B-only"": 178}",162.311,7.7813,14.3658,3.2873,118.9818,33.48,False,0.99354,"surface-view only: scarp with no field offset; the catalogue was built from this same surface expression, so an uncatalogued scarp here is more likely a road cut, canal levee, quarry face or erosion line than a fault - down-weighted, and emitted only if it clears the metric bar"
1243,188,"[2613, 2637]","[1921, 1947]",193375.53191489363,-19018.617021276557,B-only,"{""silent"": 40, ""concordant"": 0, ""A-only"": 0, ""B-only"": 148}",685.1716,9.8797,14.2125,4.9743,107.1587,49.28,False,0.99079,"surface-view only: scarp with no field offset; the catalogue was built from this same surface expression, so an uncatalogued scarp here is more likely a road cut, canal levee, quarry face or erosion line than a fault - down-weighted, and emitted only if it clears the metric bar"
502,186,"[715, 756]","[439, 455]",44708.06451612903,169902.688172043,B-only,"{""silent"": 9, ""concordant"": 0, ""A-only"": 0, ""B-only"": 177}",37.6015,13.9582,16.4131,2.0133,80.9286,10.24,False,0.99414,"surface-view only: scarp with no field offset; the catalogue was built from this same surface expression, so an uncatalogued scarp here is more likely a road cut, canal levee, quarry face or erosion line than a fault - down-weighted, and emitted only if it clears the metric bar"
1332,186,"[3041, 3088]","[1791, 1805]",180158.06451612903,-63057.526881720405,B-only,"{""silent"": 11, ""concordant"": 0, ""A-only"": 0, ""B-only"": 175}",300.6019,6.8132,12.9007,2.0784,42.9019,33.77,False,0.99018,"surface-view only: scarp with no field offset; the catalogue was built from this same surface expression, so an uncatalogued scarp here is more likely a road cut, canal levee, quarry face or erosion line than a fault - down-weighted, and emitted only if it clears the metric bar"
136,183,"[195, 216]","[2863, 2903]",288616.6666666666,222726.22950819673,B-only,"{""silent"": 0, ""concordant"": 0, ""A-only"": 0, ""B-only"": 183}",262.9397,6.34,12.6314,0.9092,87.6267,33.06,False,0.99083,"surface-view only: scarp with no field offset; the catalogue was built from this same surface expression, so an uncatalogued scarp here is more likely a road cut, canal levee, quarry face or erosion line than a fault - down-weighted, and emitted only if it clears the metric bar"
1226,181,"[2524, 2544]","[1191, 1223]",120952.76243093921,-10449.723756906082,B-only,"{""silent"": 51, ""concordant"": 0, ""A-only"": 0, ""B-only"": 130}",496.3092,7.2723,10.378,1.2932,196.0329,19.66,False,0.99043,"surface-view only: scarp with no field offset; the catalogue was built from this same surface expression, so an uncatalogued scarp here is more likely a road cut, canal levee, quarry face or erosion line than a fault - down-weighted, and emitted only if it clears the metric bar"
350,179,"[553, 583]","[196, 226]",21337.150837988826,186564.80446927375,B-only,"{""silent"": 52, ""concordant"": 0, ""A-only"": 0, ""B-only"": 127}",35.1828,3.631,9.9691,1.1376,131.1195,13.35,False,0.99109,"surface-view only: scarp with no field offset; the catalogue was built from this same surface expression, so an uncatalogued scarp here is more likely a road cut, canal levee, quarry face or erosion line than a fault - down-weighted, and emitted only if it clears the metric bar"
253,174,"[436, 474]","[281, 295]",28999.42528735632,197582.183908046,B-only,"{""silent"": 38, ""concordant"": 0, ""A-only"": 0, ""B-only"": 136}",147.5246,7.4744,12.8699,0.8653,273.0543,32.82,False,0.99056,"surface-view only: scarp with no field offset; the catalogue was built from this same surface expression, so an uncatalogued scarp here is more likely a road cut, canal levee, quarry face or erosion line than a fault - down-weighted, and emitted only if it clears the metric bar"
522,170,"[758, 772]","[2078, 2119]",209705.29411764705,166382.35294117648,B-only,"{""silent"": 111, ""concordant"": 0, ""A-only"": 0, ""B-only"": 59}",33.0774,20.6053,19.6941,4.1494,44.0156,3.45,False,0.99379,"surface-view only: scarp with no field offset; the catalogue was built from this same surface expression, so an uncatalogued scarp here is more likely a road cut, canal levee, quarry face or erosion line than a fault - down-weighted, and emitted only if it clears the metric bar"
723,165,"[1092, 1123]","[604, 627]",62014.242424242424,132477.57575757575,B-only,"{""silent"": 28, ""concordant"": 0, ""A-only"": 0, ""B-only"": 137}",2138.8188,6.3195,12.6757,0.995,308.9656,15.53,False,0.99118,"surface-view only: scarp with no field offset; the catalogue was built from this same surface expression, so an uncatalogued scarp here is more likely a road cut, canal levee, quarry face or erosion line than a fault - down-weighted, and emitted only if it clears the metric bar"
676,162,"[959, 980]","[301, 318]",31066.04938271605,146347.53086419753,B-only,"{""silent"": 28, ""concordant"": 0, ""A-only"": 0, ""B-only"": 134}",133.4306,7.9675,13.3022,4.6165,254.6675,28.03,False,0.9902,"surface-view only: scarp with no field offset; the catalogue was built from this same surface expression, so an uncatalogued scarp here is more likely a road cut, canal levee, quarry face or erosion line than a fault - down-weighted, and emitted only if it clears the metric bar"
696,162,"[1006, 1044]","[265, 282]",27369.135802469133,141247.53086419753,B-only,"{""silent"": 51, ""concordant"": 0, ""A-only"": 0, ""B-only"": 111}",179.2929,7.8715,11.6512,6.9643,165.6243,8.34,False,0.98929,"surface-view only: scarp with no field offset; the catalogue was built from this same surface expression, so an uncatalogued scarp here is more likely a road cut, canal levee, quarry face or erosion line than a fault - down-weighted, and emitted only if it clears the metric bar"
322,161,"[519, 550]","[319, 327]",32517.080745341616,189778.88198757765,B-only,"{""silent"": 34, ""concordant"": 0, ""A-only"": 0, ""B-only"": 127}",134.9766,6.689,12.7619,0.7132,166.4402,15.74,False,0.99237,"surface-view only: scarp with no field offset; the catalogue was built from this same surface expression, so an uncatalogued scarp here is more likely a road cut, canal levee, quarry face or erosion line than a fault - down-weighted, and emitted only if it clears the metric bar"
73,159,"[115, 142]","[2556, 2595]",257718.5534591195,230535.22012578617,B-only,"{""silent"": 17, ""concordant"": 0, ""A-only"": 0, ""B-only"": 142}",70.1642,5.2736,11.4816,1.7158,53.5553,38.78,False,0.9907,"surface-view only: scarp with no field offset; the catalogue was built from this same surface expression, so an uncatalogued scarp here is more likely a road cut, canal levee, quarry face or erosion line than a fault - down-weighted, and emitted only if it clears the metric bar"
174,152,"[299, 340]","[577, 583]",58190.13157894737,211409.2105263158,B-only,"{""silent"": 33, ""concordant"": 0, ""A-only"": 0, ""B-only"": 119}",629.5656,8.1732,14.3585,0.8056,36.0236,26.21,False,0.9892,"surface-view only: scarp with no field offset; the catalogue was built from this same surface expression, so an uncatalogued scarp here is more likely a road cut, canal levee, quarry face or erosion line than a fault - down-weighted, and emitted only if it clears the metric bar"
134,151,"[190, 240]","[3286, 3291]",329122.84768211923,221982.11920529802,B-only,"{""silent"": 9, ""concordant"": 0, ""A-only"": 0, ""B-only"": 142}",843.8873,10.2946,14.3575,7.2009,108.5693,95.86,False,0.99212,"surface-view only: scarp with no field offset; the catalogue was built from this same surface expression, so an uncatalogued scarp here is more likely a road cut, canal levee, quarry face or erosion line than a fault - down-weighted, and emitted only if it clears the metric bar"
648,151,"[903, 921]","[299, 328]",31555.960264900667,151951.65562913907,B-only,"{""silent"": 6, ""concordant"": 0, ""A-only"": 0, ""B-only"": 145}",37.4557,5.0862,10.3004,1.2124,86.7878,45.95,False,0.99001,"surface-view only: scarp with no field offset; the catalogue was built from this same surface expression, so an uncatalogued scarp here is more likely a road cut, canal levee, quarry face or erosion line than a fault - down-weighted, and emitted only if it clears the metric bar"
276,150,"[471, 502]","[538, 545]",54336.666666666664,194878.6666666667,B-only,"{""silent"": 27, ""concordant"": 0, ""A-only"": 0, ""B-only"": 123}",1153.7325,9.4332,14.2336,1.4347,102.1891,39.84,False,0.99172,"surface-view only: scarp with no field offset; the catalogue was built from this same surface expression, so an uncatalogued scarp here is more likely a road cut, canal levee, quarry face or erosion line than a fault - down-weighted, and emitted only if it clears the metric bar"
1102,148,"[2044, 2074]","[1817, 1839]",182931.0810810811,37541.21621621621,B-only,"{""silent"": 2, ""concordant"": 0, ""A-only"": 0, ""B-only"": 146}",7.1552,11.1845,17.1589,0.892,162.0632,3.71,False,0.99087,"surface-view only: scarp with no field offset; the catalogue was built from this same surface expression, so an uncatalogued scarp here is more likely a road cut, canal levee, quarry face or erosion line than a fault - down-weighted, and emitted only if it clears the metric bar"
23,146,"[0, 5]","[3095, 3151]",312197.94520547945,243197.2602739726,B-only,"{""silent"": 3, ""concordant"": 0, ""A-only"": 0, ""B-only"": 143}",125.0993,14.9584,18.0137,14.5444,70.0668,41.15,False,0.99208,"surface-view only: scarp with no field offset; the catalogue was built from this same surface expression, so an uncatalogued scarp here is more likely a road cut, canal levee, quarry face or erosion line than a fault - down-weighted, and emitted only if it clears the metric bar"
1180,142,"[2388, 2405]","[1348, 1370]",136178.87323943662,3524.647887323954,B-only,"{""silent"": 1, ""concordant"": 0, ""A-only"": 0, ""B-only"": 141}",69.8461,8.07,12.7221,2.4046,60.4417,21.03,False,0.99143,"surface-view only: scarp with no field offset; the catalogue was built from this same surface expression, so an uncatalogued scarp here is more likely a road cut, canal levee, quarry face or erosion line than a fault - down-weighted, and emitted only if it clears the metric bar"
551,138,"[773, 801]","[438, 449]",44315.21739130435,164839.1304347826,B-only,"{""silent"": 7, ""concordant"": 0, ""A-only"": 0, ""B-only"": 131}",119.1925,15.2919,15.7012,1.6075,77.3249,10.2,False,0.99408,"surface-view only: scarp with no field offset; the catalogue was built from this same surface expression, so an uncatalogued scarp here is more likely a road cut, canal levee, quarry face or erosion line than a fault - down-weighted, and emitted only if it clears the metric bar"
302,137,"[495, 515]","[401, 415]",40815.69343065693,192653.28467153283,B-only,"{""silent"": 16, ""concordant"": 0, ""A-only"": 0, ""B-only"": 121}",20.6523,9.739,14.8201,1.2319,77.7166,17.35,False,0.99277,"surface-view only: scarp with no field offset; the catalogue was built from this same surface expression, so an uncatalogued scarp here is more likely a road cut, canal levee, quarry face or erosion line than a fault - down-weighted, and emitted only if it clears the metric bar"
743,136,"[1157, 1175]","[687, 710]",69937.5,126724.26470588235,B-only,"{""silent"": 7, ""concordant"": 0, ""A-only"": 0, ""B-only"": 129}",578.2349,8.1191,13.9833,0.7266,213.8521,14.18,False,0.99112,"surface-view only: scarp with no field offset; the catalogue was built from this same surface expression, so an uncatalogued scarp here is more likely a road cut, canal levee, quarry face or erosion line than a fault - down-weighted, and emitted only if it clears the metric bar"
1448,136,"[3299, 3310]","[1969, 1997]",198382.35294117648,-87122.0588235294,B-only,"{""silent"": 1, ""concordant"": 0, ""A-only"": 0, ""B-only"": 135}",610.1836,7.7207,11.7428,3.0928,6.7053,38.81,False,0.99013,"surface-view only: scarp with no field offset; the catalogue was built from this same surface expression, so an uncatalogued scarp here is more likely a road cut, canal levee, quarry face or erosion line than a fault - down-weighted, and emitted only if it clears the metric bar"
239,135,"[420, 442]","[855, 873]",86595.92592592593,200217.77777777778,B-only,"{""silent"": 10, ""concordant"": 0, ""A-only"": 0, ""B-only"": 125}",117.4175,12.653,16.1199,2.3985,52.8668,11.02,False,0.99277,"surface-view only: scarp with no field offset; the catalogue was built from this same surface expression, so an uncatalogued scarp here is more likely a road cut, canal levee, quarry face or erosion line than a fault - down-weighted, and emitted only if it clears the metric bar"
578,132,"[825, 839]","[409, 425]",41817.42424242424,160055.30303030304,B-only,"{""silent"": 20, ""concordant"": 4, ""A-only"": 4, ""B-only"": 104}",26.7472,5.601,9.7804,1.6825,108.1808,25.22,False,0.99024,"surface-view only: scarp with no field offset; the catalogue was built from this same surface expression, so an uncatalogued scarp here is more likely a road cut, canal levee, quarry face or erosion line than a fault - down-weighted, and emitted only if it clears the metric bar"
1463,131,"[3333, 3360]","[1949, 1959]",195631.67938931298,-91519.84732824424,B-only,"{""silent"": 17, ""concordant"": 0, ""A-only"": 0, ""B-only"": 114}",1015.5615,7.4169,10.9004,3.2799,37.1177,31.41,False,0.98937,"surface-view only: scarp with no field offset; the catalogue was built from this same surface expression, so an uncatalogued scarp here is more likely a road cut, canal levee, quarry face or erosion line than a fault - down-weighted, and emitted only if it clears the metric bar"
287,129,"[486, 518]","[315, 322]",31943.023255813954,193189.1472868217,B-only,"{""silent"": 66, ""concordant"": 0, ""A-only"": 0, ""B-only"": 63}",153.3504,5.6935,11.6151,1.3685,154.8206,25.75,False,0.9892,"surface-view only: scarp with no field offset; the catalogue was built from this same surface expression, so an uncatalogued scarp here is more likely a road cut, canal levee, quarry face or erosion line than a fault - down-weighted, and emitted only if it clears the metric bar"
1194,129,"[2426, 2452]","[1234, 1247]",124016.66666666667,-517.8294573643652,B-only,"{""silent"": 20, ""concordant"": 0, ""A-only"": 0, ""B-only"": 109}",221.2948,4.1294,9.3406,2.6524,120.8794,61.0,False,0.98971,"surface-view only: scarp with no field offset; the catalogue was built from this same surface expression, so an uncatalogued scarp here is more likely a road cut, canal levee, quarry face or erosion line than a fault - down-weighted, and emitted only if it clears the metric bar"
458,127,"[671, 694]","[247, 257]",25346.062992125986,175077.16535433073,B-only,"{""silent"": 20, ""concordant"": 0, ""A-only"": 0, ""B-only"": 107}",178.6431,9.5649,14.4452,1.3196,321.1667,25.84,False,0.99219,"surface-view only: scarp with no field offset; the catalogue was built from this same surface expression, so an uncatalogued scarp here is more likely a road cut, canal levee, quarry face or erosion line than a fault - down-weighted, and emitted only if it clears the metric bar"
906,127,"[1532, 1551]","[440, 466]",45085.43307086614,89373.22834645669,A-only,"{""silent"": 1, ""concordant"": 30, ""A-only"": 59, ""B-only"": 37}",250.8703,4.5395,9.6082,3.495,122.8303,15.43,False,0.98948,"field-view only: potential-field offset (gravity step 3.495, magnetic step 122.830) with no corresponding scarp (surface rank 9.608); cover depth rank 250.870 is deep enough that a scarp would be buried, so this is a buried range-front fault the LiDAR-derived catalogue cannot contain"
628,125,"[883, 896]","[319, 355]",33858.0,154237.59999999998,B-only,"{""silent"": 1, ""concordant"": 0, ""A-only"": 0, ""B-only"": 124}",33.604,5.2398,11.0626,1.1037,78.7857,73.15,False,0.98961,"surface-view only: scarp with no field offset; the catalogue was built from this same surface expression, so an uncatalogued scarp here is more likely a road cut, canal levee, quarry face or erosion line than a fault - down-weighted, and emitted only if it clears the metric bar"
274,122,"[466, 492]","[629, 639]",63392.62295081967,195538.52459016393,B-only,"{""silent"": 38, ""concordant"": 0, ""A-only"": 0, ""B-only"": 84}",559.2966,8.3,12.4456,2.8091,79.2928,19.3,False,0.99113,"surface-view only: scarp with no field offset; the catalogue was built from this same surface expression, so an uncatalogued scarp here is more likely a road cut, canal levee, quarry face or erosion line than a fault - down-weighted, and emitted only if it clears the metric bar"
1474,121,"[3358, 3378]","[1904, 1922]",191707.02479338844,-93654.54545454547,B-only,"{""silent"": 23, ""concordant"": 0, ""A-only"": 0, ""B-only"": 98}",809.8864,9.9915,13.3139,2.9015,48.4237,65.64,False,0.99204,"surface-view only: scarp with no field offset; the catalogue was built from this same surface expression, so an uncatalogued scarp here is more likely a road cut, canal levee, quarry face or erosion line than a fault - down-weighted, and emitted only if it clears the metric bar"
98,120,"[150, 167]","[2956, 2995]",297627.5,227380.83333333334,B-only,"{""silent"": 0, ""concordant"": 0, ""A-only"": 0, ""B-only"": 120}",154.7876,2.909,10.92,1.1113,47.8682,60.23,False,0.98846,"surface-view only: scarp with no field offset; the catalogue was built from this same surface expression, so an uncatalogued scarp here is more likely a road cut, canal levee, quarry face or erosion line than a fault - down-weighted, and emitted only if it clears the metric bar"
545,120,"[772, 798]","[311, 333]",32253.333333333336,164781.6666666667,B-only,"{""silent"": 17, ""concordant"": 9, ""A-only"": 10, ""B-only"": 84}",62.9666,6.4166,10.7166,3.0227,299.5195,69.28,False,0.98926,"surface-view only: scarp with no field offset; the catalogue was built from this same surface expression, so an uncatalogued scarp here is more likely a road cut, canal levee, quarry face or erosion line than a fault - down-weighted, and emitted only if it clears the metric bar"
459,119,"[671, 708]","[438, 448]",44563.445378151264,174546.21848739497,B-only,"{""silent"": 13, ""concordant"": 0, ""A-only"": 0, ""B-only"": 106}",15.2566,13.7065,16.6381,1.6149,77.5143,9.22,False,0.99478,"surface-view only: scarp with no field offset; the catalogue was built from this same surface expression, so an uncatalogued scarp here is more likely a road cut, canal levee, quarry face or erosion line than a fault - down-weighted, and emitted only if it clears the metric bar"
915,118,"[1547, 1565]","[1587, 1595]",159247.45762711862,87741.5254237288,concordant,"{""silent"": 28, ""concordant"": 75, ""A-only"": 6, ""B-only"": 9}",44.2524,9.5054,14.0966,2.2904,93.0788,11.32,False,0.99341,"both views agree: continuation of a mapped structure beyond the end or the side of the mapped trace, the case where the catalogue is truncated by mapping convention rather than by data"
988,118,"[1632, 1648]","[937, 960]",95260.16949152542,79372.03389830509,B-only,"{""silent"": 0, ""concordant"": 0, ""A-only"": 0, ""B-only"": 118}",224.3879,6.9015,14.7039,1.1619,115.8904,22.59,False,0.99047,"surface-view only: scarp with no field offset; the catalogue was built from this same surface expression, so an uncatalogued scarp here is more likely a road cut, canal levee, quarry face or erosion line than a fault - down-weighted, and emitted only if it clears the metric bar"
1142,116,"[2195, 2211]","[1625, 1644]",163892.24137931035,23116.37931034484,B-only,"{""silent"": 15, ""concordant"": 0, ""A-only"": 0, ""B-only"": 101}",958.5574,7.7484,11.795,1.457,192.7569,22.49,False,0.99033,"surface-view only: scarp with no field offset; the catalogue was built from this same surface expression, so an uncatalogued scarp here is more likely a road cut, canal levee, quarry face or erosion line than a fault - down-weighted, and emitted only if it clears the metric bar"
1320,116,"[3030, 3039]","[2104, 2131]",211866.37931034484,-60204.310344827594,B-only,"{""silent"": 0, ""concordant"": 0, ""A-only"": 0, ""B-only"": 116}",1.3944,11.8524,17.8813,2.0239,96.5018,24.66,False,0.99195,"surface-view only: scarp with no field offset; the catalogue was built from this same surface expression, so an uncatalogued scarp here is more likely a road cut, canal levee, quarry face or erosion line than a fault - down-weighted, and emitted only if it clears the metric bar"
1246,114,"[2655, 2683]","[1937, 1948]",194364.0350877193,-23645.614035087754,B-only,"{""silent"": 5, ""concordant"": 0, ""A-only"": 0, ""B-only"": 109}",170.4047,9.5818,15.2028,3.1092,42.7829,50.33,False,0.99039,"surface-view only: scarp with no field offset; the catalogue was built from this same surface expression, so an uncatalogued scarp here is more likely a road cut, canal levee, quarry face or erosion line than a fault - down-weighted, and emitted only if it clears the metric bar"
351,113,"[553, 583]","[223, 238]",23050.88495575221,186548.67256637168,B-only,"{""silent"": 26, ""concordant"": 0, ""A-only"": 0, ""B-only"": 87}",34.7478,4.7101,11.2756,1.5519,193.8345,29.92,False,0.99199,"surface-view only: scarp with no field offset; the catalogue was built from this same surface expression, so an uncatalogued scarp here is more likely a road cut, canal levee, quarry face or erosion line than a fault - down-weighted, and emitted only if it clears the metric bar"
837,112,"[1332, 1357]","[1301, 1309]",130630.35714285713,109163.39285714287,B-only,"{""silent"": 4, ""concordant"": 0, ""A-only"": 0, ""B-only"": 108}",492.0442,5.5156,13.9645,1.0579,514.8872,13.94,False,0.99265,"surface-view only: scarp with no field offset; the catalogue was built from this same surface expression, so an uncatalogued scarp here is more likely a road cut, canal levee, quarry face or erosion line than a fault - down-weighted, and emitted only if it clears the metric bar"
1349,108,"[3095, 3112]","[1268, 1293]",128333.33333333333,-67190.74074074073,A-only,"{""silent"": 0, ""concordant"": 46, ""A-only"": 62, ""B-only"": 0}",484.0879,9.444,12.0142,16.4579,53.9495,3.44,False,0.99141,"field-view only: potential-field offset (gravity step 16.458, magnetic step 53.950) with no corresponding scarp (surface rank 12.014); cover depth rank 484.088 is deep enough that a scarp would be buried, so this is a buried range-front fault the LiDAR-derived catalogue cannot contain"
335,106,"[535, 570]","[271, 275]",27423.58490566038,187926.41509433964,B-only,"{""silent"": 22, ""concordant"": 0, ""A-only"": 0, ""B-only"": 84}",39.4746,6.4262,11.4176,0.6247,167.9579,18.22,False,0.98978,"surface-view only: scarp with no field offset; the catalogue was built from this same surface expression, so an uncatalogued scarp here is more likely a road cut, canal levee, quarry face or erosion line than a fault - down-weighted, and emitted only if it clears the metric bar"
619,106,"[867, 885]","[186, 205]",19922.64150943396,155581.1320754717,B-only,"{""silent"": 5, ""concordant"": 0, ""A-only"": 0, ""B-only"": 101}",26.2915,15.6687,18.6298,1.3165,160.5835,10.07,False,0.99385,"surface-view only: scarp with no field offset; the catalogue was built from this same surface expression, so an uncatalogued scarp here is more likely a road cut, canal levee, quarry face or erosion line than a fault - down-weighted, and emitted only if it clears the metric bar"
280,100,"[479, 492]","[2248, 2275]",226178.00000000003,195084.0,B-only,"{""silent"": 13, ""concordant"": 0, ""A-only"": 0, ""B-only"": 87}",769.2367,7.4138,11.5174,0.6978,49.5671,68.74,False,0.98906,"surface-view only: scarp with no field offset; the catalogue was built from this same surface expression, so an uncatalogued scarp here is more likely a road cut, canal levee, quarry face or erosion line than a fault - down-weighted, and emitted only if it clears the metric bar"
186,99,"[342, 371]","[453, 458]",45686.36363636364,207675.75757575757,B-only,"{""silent"": 13, ""concordant"": 0, ""A-only"": 0, ""B-only"": 86}",857.3303,6.2783,12.7956,4.5266,65.1076,73.35,False,0.99008,"surface-view only: scarp with no field offset; the catalogue was built from this same surface expression, so an uncatalogued scarp here is more likely a road cut, canal levee, quarry face or erosion line than a fault - down-weighted, and emitted only if it clears the metric bar"
1410,99,"[3228, 3252]","[1819, 1829]",182603.53535353535,-80672.72727272724,B-only,"{""silent"": 6, ""concordant"": 0, ""A-only"": 0, ""B-only"": 93}",13.8153,11.2524,16.3694,3.5783,43.8308,31.2,False,0.9911,"surface-view only: scarp with no field offset; the catalogue was built from this same surface expression, so an uncatalogued scarp here is more likely a road cut, canal levee, quarry face or erosion line than a fault - down-weighted, and emitted only if it clears the metric bar"
171,98,"[284, 291]","[2472, 2503]",249120.4081632653,214524.48979591837,B-only,"{""silent"": 5, ""concordant"": 0, ""A-only"": 0, ""B-only"": 93}",914.4165,5.4535,11.3981,2.3601,424.0713,70.32,False,0.98842,"surface-view only: scarp with no field offset; the catalogue was built from this same surface expression, so an uncatalogued scarp here is more likely a road cut, canal levee, quarry face or erosion line than a fault - down-weighted, and emitted only if it clears the metric bar"
506,98,"[724, 740]","[1347, 1358]",135380.61224489796,170142.85714285716,B-only,"{""silent"": 5, ""concordant"": 0, ""A-only"": 0, ""B-only"": 93}",158.02,8.6622,14.3233,3.493,36.5364,15.01,False,0.99073,"surface-view only: scarp with no field offset; the catalogue was built from this same surface expression, so an uncatalogued scarp here is more likely a road cut, canal levee, quarry face or erosion line than a fault - down-weighted, and emitted only if it clears the metric bar"
1009,98,"[1676, 1691]","[1286, 1303]",129510.20408163265,74987.75510204083,B-only,"{""silent"": 4, ""concordant"": 0, ""A-only"": 0, ""B-only"": 94}",601.6043,7.4009,13.4871,2.1323,354.5519,35.04,False,0.99029,"surface-view only: scarp with no field offset; the catalogue was built from this same surface expression, so an uncatalogued scarp here is more likely a road cut, canal levee, quarry face or erosion line than a fault - down-weighted, and emitted only if it clears the metric bar"
263,97,"[448, 468]","[2296, 2303]",230060.3092783505,197450.51546391752,B-only,"{""silent"": 6, ""concordant"": 0, ""A-only"": 0, ""B-only"": 91}",571.0957,8.9553,14.1244,0.3365,54.9229,71.08,False,0.99089,"surface-view only: scarp with no field offset; the catalogue was built from this same surface expression, so an uncatalogued scarp here is more likely a road cut, canal levee, quarry face or erosion line than a fault - down-weighted, and emitted only if it clears the metric bar"
727,97,"[1107, 1126]","[1461, 1474]",146789.17525773196,131745.36082474227,B-only,"{""silent"": 3, ""concordant"": 0, ""A-only"": 0, ""B-only"": 94}",116.3937,10.9516,15.8971,3.2338,16.0592,13.28,False,0.99178,"surface-view only: scarp with no field offset; the catalogue was built from this same surface expression, so an uncatalogued scarp here is more likely a road cut, canal levee, quarry face or erosion line than a fault - down-weighted, and emitted only if it clears the metric bar"
381,95,"[580, 602]","[644, 651]",64888.94736842105,184348.42105263157,B-only,"{""silent"": 37, ""concordant"": 0, ""A-only"": 0, ""B-only"": 58}",4.8457,14.7188,18.5781,0.6957,46.4162,18.8,False,0.99192,"surface-view only: scarp with no field offset; the catalogue was built from this same surface expression, so an uncatalogued scarp here is more likely a road cut, canal levee, quarry face or erosion line than a fault - down-weighted, and emitted only if it clears the metric bar"
686,94,"[986, 1007]","[490, 501]",49761.70212765957,143832.97872340426,B-only,"{""silent"": 21, ""concordant"": 0, ""A-only"": 0, ""B-only"": 73}",312.8528,10.5956,13.4104,3.5862,120.7732,10.31,False,0.98991,"surface-view only: scarp with no field offset; the catalogue was built from this same surface expression, so an uncatalogued scarp here is more likely a road cut, canal levee, quarry face or erosion line than a fault - down-weighted, and emitted only if it clears the metric bar"
796,94,"[1261, 1281]","[1385, 1398]",139235.10638297873,116160.63829787233,B-only,"{""silent"": 0, ""concordant"": 0, ""A-only"": 0, ""B-only"": 94}",338.0377,8.1545,13.6412,1.5153,198.1113,23.49,False,0.98754,"surface-view only: scarp with no field offset; the catalogue was built from this same surface expression, so an uncatalogued scarp here is more likely a road cut, canal levee, quarry face or erosion line than a fault - down-weighted, and emitted only if it clears the metric bar"
35,93,"[9, 16]","[2711, 2742]",272924.1935483871,242016.12903225806,B-only,"{""silent"": 25, ""concordant"": 0, ""A-only"": 0, ""B-only"": 68}",30.7491,9.6778,17.5682,0.8642,162.3683,27.91,False,0.99309,"surface-view only: scarp with no field offset; the catalogue was built from this same surface expression, so an uncatalogued scarp here is more likely a road cut, canal levee, quarry face or erosion line than a fault - down-weighted, and emitted only if it clears the metric bar"
598,90,"[855, 862]","[158, 182]",17351.111111111113,157531.11111111112,B-only,"{""silent"": 30, ""concordant"": 0, ""A-only"": 0, ""B-only"": 60}",14.5278,22.1159,20.5439,7.5752,131.5635,2.83,False,0.99316,"surface-view only: scarp with no field offset; the catalogue was built from this same surface expression, so an uncatalogued scarp here is more likely a road cut, canal levee, quarry face or erosion line than a fault - down-weighted, and emitted only if it clears the metric bar"
1312,89,"[3018, 3025]","[1533, 1559]",154888.20224719102,-58858.42696629214,B-only,"{""silent"": 0, ""concordant"": 0, ""A-only"": 0, ""B-only"": 89}",124.244,6.0731,11.2781,1.231,123.8539,19.21,False,0.99102,"surface-view only: scarp with no field offset; the catalogue was built from this same surface expression, so an uncatalogued scarp here is more likely a road cut, canal levee, quarry face or erosion line than a fault - down-weighted, and emitted only if it clears the metric bar"
1363,89,"[3133, 3139]","[1356, 1387]",137170.22471910113,-70198.8764044944,A-only,"{""silent"": 1, ""concordant"": 9, ""A-only"": 79, ""B-only"": 0}",34.6811,20.6791,19.1591,17.2837,160.0692,2.13,False,0.99227,"field-view only: potential-field offset (gravity step 17.284, magnetic step 160.069) with no corresponding scarp (surface rank 19.159); cover depth rank 34.681 is deep enough that a scarp would be buried, so this is a buried range-front fault the LiDAR-derived catalogue cannot contain"
414,88,"[609, 631]","[1991, 1999]",199638.63636363638,181234.0909090909,B-only,"{""silent"": 19, ""concordant"": 0, ""A-only"": 0, ""B-only"": 69}",56.1343,6.8663,11.4548,0.7265,34.442,19.46,False,0.99053,"surface-view only: scarp with no field offset; the catalogue was built from this same surface expression, so an uncatalogued scarp here is more likely a road cut, canal levee, quarry face or erosion line than a fault - down-weighted, and emitted only if it clears the metric bar"
527,88,"[769, 773]","[2804, 2850]",282836.36363636365,166160.2272727273,B-only,"{""silent"": 49, ""concordant"": 0, ""A-only"": 0, ""B-only"": 39}",8.8035,18.3876,17.362,1.3083,59.6213,1.8,False,0.98966,"surface-view only: scarp with no field offset; the catalogue was built from this same surface expression, so an uncatalogued scarp here is more likely a road cut, canal levee, quarry face or erosion line than a fault - down-weighted, and emitted only if it clears the metric bar"
1288,88,"[2934, 2941]","[1508, 1532]",151972.72727272726,-50288.63636363635,concordant,"{""silent"": 0, ""concordant"": 39, ""A-only"": 29, ""B-only"": 20}",336.6012,17.3591,20.1725,14.2119,84.6054,2.89,False,0.99173,"both views agree: continuation of a mapped structure beyond the end or the side of the mapped trace, the case where the catalogue is truncated by mapping convention rather than by data"
1389,87,"[3197, 3205]","[2091, 2107]",209984.4827586207,-76887.35632183909,B-only,"{""silent"": 2, ""concordant"": 0, ""A-only"": 0, ""B-only"": 85}",129.5087,5.3504,10.5006,3.7386,29.5154,22.79,False,0.99059,"surface-view only: scarp with no field offset; the catalogue was built from this same surface expression, so an uncatalogued scarp here is more likely a road cut, canal levee, quarry face or erosion line than a fault - down-weighted, and emitted only if it clears the metric bar"
33,86,"[6, 26]","[1504, 1509]",150804.6511627907,241626.7441860465,B-only,"{""silent"": 12, ""concordant"": 0, ""A-only"": 0, ""B-only"": 74}",336.0743,6.8589,12.5268,6.2692,174.9259,101.17,False,0.98927,"surface-view only: scarp with no field offset; the catalogue was built from this same surface expression, so an uncatalogued scarp here is more likely a road cut, canal levee, quarry face or erosion line than a fault - down-weighted, and emitted only if it clears the metric bar"
1132,86,"[2167, 2188]","[1129, 1144]",113624.41860465117,25422.093023255817,B-only,"{""silent"": 22, ""concordant"": 0, ""A-only"": 0, ""B-only"": 64}",84.3856,8.835,11.2548,1.0402,35.0662,51.17,False,0.9875,"surface-view only: scarp with no field offset; the catalogue was built from this same surface expression, so an uncatalogued scarp here is more likely a road cut, canal levee, quarry face or erosion line than a fault - down-weighted, and emitted only if it clears the metric bar"
1359,85,"[3115, 3136]","[2150, 2157]",215539.4117647059,-69275.2941176471,B-only,"{""silent"": 5, ""concordant"": 0, ""A-only"": 0, ""B-only"": 80}",17.5146,11.7999,15.7231,2.3798,9.577,17.04,False,0.99042,"surface-view only: scarp with no field offset; the catalogue was built from this same surface expression, so an uncatalogued scarp here is more likely a road cut, canal levee, quarry face or erosion line than a fault - down-weighted, and emitted only if it clears the metric bar"
1499,85,"[3437, 3452]","[1725, 1741]",173550.0,-101109.4117647059,B-only,"{""silent"": 1, ""concordant"": 0, ""A-only"": 0, ""B-only"": 84}",49.4888,10.2053,12.7937,1.6256,34.3012,9.74,False,0.99063,"surface-view only: scarp with no field offset; the catalogue was built from this same surface expression, so an uncatalogued scarp here is more likely a road cut, canal levee, quarry face or erosion line than a fault - down-weighted, and emitted only if it clears the metric bar"
1513,85,"[3494, 3519]","[1647, 1662]",165553.5294117647,-107128.23529411765,concordant,"{""silent"": 0, ""concordant"": 41, ""A-only"": 41, ""B-only"": 3}",100.3839,14.159,12.2667,26.4513,120.817,3.55,False,0.98922,"both views agree: continuation of a mapped structure beyond the end or the side of the mapped trace, the case where the catalogue is truncated by mapping convention rather than by data"
1464,84,"[3334, 3341]","[1667, 1684]",167500.0,-90460.71428571426,B-only,"{""silent"": 2, ""concordant"": 0, ""A-only"": 0, ""B-only"": 82}",35.5831,10.1409,12.0093,1.5542,35.5735,13.53,False,0.99073,"surface-view only: scarp with no field offset; the catalogue was built from this same surface expression, so an uncatalogued scarp here is more likely a road cut, canal levee, quarry face or erosion line than a fault - down-weighted, and emitted only if it clears the metric bar"
246,82,"[430, 464]","[309, 319]",31492.682926829268,199010.9756097561,B-only,"{""silent"": 56, ""concordant"": 0, ""A-only"": 0, ""B-only"": 26}",402.4166,3.8514,10.445,0.6121,94.5254,18.04,False,0.98851,"surface-view only: scarp with no field offset; the catalogue was built from this same surface expression, so an uncatalogued scarp here is more likely a road cut, canal levee, quarry face or erosion line than a fault - down-weighted, and emitted only if it clears the metric bar"
1035,82,"[1889, 1903]","[1034, 1057]",104825.60975609756,53792.682926829264,B-only,"{""silent"": 0, ""concordant"": 0, ""A-only"": 0, ""B-only"": 82}",198.7864,5.401,12.2694,2.9231,669.2829,63.06,False,0.98943,"surface-view only: scarp with no field offset; the catalogue was built from this same surface expression, so an uncatalogued scarp here is more likely a road cut, canal levee, quarry face or erosion line than a fault - down-weighted, and emitted only if it clears the metric bar"
1337,79,"[3051, 3062]","[2056, 2074]",206784.17721518985,-62134.17721518985,B-only,"{""silent"": 8, ""concordant"": 0, ""A-only"": 0, ""B-only"": 71}",28.8054,9.6246,14.8166,1.1059,95.5359,31.79,False,0.99026,"surface-view only: scarp with no field offset; the catalogue was built from this same surface expression, so an uncatalogued scarp here is more likely a road cut, canal levee, quarry face or erosion line than a fault - down-weighted, and emitted only if it clears the metric bar"
518,78,"[745, 758]","[1325, 1338]",133247.43589743588,168233.33333333334,B-only,"{""silent"": 0, ""concordant"": 0, ""A-only"": 0, ""B-only"": 78}",183.3778,7.4407,14.0736,5.0219,49.7819,41.39,False,0.99048,"surface-view only: scarp with no field offset; the catalogue was built from this same surface expression, so an uncatalogued scarp here is more likely a road cut, canal levee, quarry face or erosion line than a fault - down-weighted, and emitted only if it clears the metric bar"
713,78,"[1057, 1070]","[1486, 1498]",149407.6923076923,136933.3333333333,B-only,"{""silent"": 1, ""concordant"": 0, ""A-only"": 0, ""B-only"": 77}",186.1214,9.179,15.978,2.6951,50.5324,10.61,False,0.99292,"surface-view only: scarp with no field offset; the catalogue was built from this same surface expression, so an uncatalogued scarp here is more likely a road cut, canal levee, quarry face or erosion line than a fault - down-weighted, and emitted only if it clears the metric bar"
1523,77,"[3525, 3542]","[1671, 1690]",168475.97402597402,-109967.53246753244,A-only,"{""silent"": 15, ""concordant"": 22, ""A-only"": 30, ""B-only"": 10}",183.5253,12.559,11.0979,21.5796,183.4256,4.83,False,0.98785,"field-view only: potential-field offset (gravity step 21.580, magnetic step 183.426) with no corresponding scarp (surface rank 11.098); cover depth rank 183.525 is deep enough that a scarp would be buried, so this is a buried range-front fault the LiDAR-derived catalogue cannot contain"
564,76,"[806, 826]","[519, 523]",52257.89473684211,161723.6842105263,B-only,"{""silent"": 34, ""concordant"": 0, ""A-only"": 0, ""B-only"": 42}",1334.3185,10.3456,13.1582,1.9413,180.3299,67.24,False,0.98821,"surface-view only: scarp with no field offset; the catalogue was built from this same surface expression, so an uncatalogued scarp here is more likely a road cut, canal levee, quarry face or erosion line than a fault - down-weighted, and emitted only if it clears the metric bar"
1319,76,"[3029, 3034]","[1775, 1801]",178901.31578947368,-59806.57894736843,B-only,"{""silent"": 0, ""concordant"": 0, ""A-only"": 0, ""B-only"": 76}",358.5645,10.15,13.2086,1.394,34.3741,16.16,False,0.98899,"surface-view only: scarp with no field offset; the catalogue was built from this same surface expression, so an uncatalogued scarp here is more likely a road cut, canal levee, quarry face or erosion line than a fault - down-weighted, and emitted only if it clears the metric bar"
191,75,"[345, 362]","[2406, 2417]",241404.66666666666,208029.33333333334,B-only,"{""silent"": 13, ""concordant"": 0, ""A-only"": 0, ""B-only"": 62}",69.6112,6.3033,11.6481,0.7582,106.5919,31.7,False,0.99008,"surface-view only: scarp with no field offset; the catalogue was built from this same surface expression, so an uncatalogued scarp here is more likely a road cut, canal levee, quarry face or erosion line than a fault - down-weighted, and emitted only if it clears the metric bar"
1052,75,"[1933, 1955]","[901, 916]",91082.0,48912.0,A-only,"{""silent"": 9, ""concordant"": 12, ""A-only"": 47, ""B-only"": 7}",348.3508,19.0681,20.5546,11.1091,147.0696,2.22,False,0.99313,"field-view only: potential-field offset (gravity step 11.109, magnetic step 147.070) with no corresponding scarp (surface rank 20.555); cover depth rank 348.351 is deep enough that a scarp would be buried, so this is a buried range-front fault the LiDAR-derived catalogue cannot contain"
1236,75,"[2553, 2558]","[1530, 1553]",154204.66666666666,-12329.333333333343,B-only,"{""silent"": 13, ""concordant"": 0, ""A-only"": 0, ""B-only"": 62}",22.7845,13.2363,14.2331,5.3949,252.0408,2.71,False,0.99002,"surface-view only: scarp with no field offset; the catalogue was built from this same surface expression, so an uncatalogued scarp here is more likely a road cut, canal levee, quarry face or erosion line than a fault - down-weighted, and emitted only if it clears the metric bar"
1088,74,"[2025, 2044]","[1529, 1538]",153572.972972973,39963.51351351352,B-only,"{""silent"": 2, ""concordant"": 0, ""A-only"": 0, ""B-only"": 72}",91.368,5.4359,10.1082,4.5872,175.5574,11.14,False,0.98821,"surface-view only: scarp with no field offset; the catalogue was built from this same surface expression, so an uncatalogued scarp here is more likely a road cut, canal levee, quarry face or erosion line than a fault - down-weighted, and emitted only if it clears the metric bar"
1307,74,"[2980, 2994]","[1570, 1585]",157856.75675675675,-55217.567567567574,B-only,"{""silent"": 26, ""concordant"": 0, ""A-only"": 0, ""B-only"": 48}",410.5408,7.6943,11.3224,2.0865,294.4861,15.18,False,0.9886,"surface-view only: scarp with no field offset; the catalogue was built from this same surface expression, so an uncatalogued scarp here is more likely a road cut, canal levee, quarry face or erosion line than a fault - down-weighted, and emitted only if it clears the metric bar"
1450,74,"[3301, 3312]","[1643, 1653]",164939.1891891892,-87463.51351351349,B-only,"{""silent"": 10, ""concordant"": 0, ""A-only"": 0, ""B-only"": 64}",126.8839,4.6556,9.3826,1.4635,36.9485,10.35,False,0.99093,"surface-view only: scarp with no field offset; the catalogue was built from this same surface expression, so an uncatalogued scarp here is more likely a road cut, canal levee, quarry face or erosion line than a fault - down-weighted, and emitted only if it clears the metric bar"
132,73,"[184, 205]","[2900, 2924]",291259.58904109587,224043.83561643836,B-only,"{""silent"": 49, ""concordant"": 0, ""A-only"": 0, ""B-only"": 24}",194.7918,6.9436,11.2623,0.3838,114.7314,56.49,False,0.99124,"surface-view only: scarp with no field offset; the catalogue was built from this same surface expression, so an uncatalogued scarp here is more likely a road cut, canal levee, quarry face or erosion line than a fault - down-weighted, and emitted only if it clears the metric bar"
199,73,"[359, 387]","[2382, 2389]",238632.19178082192,205932.87671232875,B-only,"{""silent"": 18, ""concordant"": 0, ""A-only"": 0, ""B-only"": 55}",61.2405,5.0681,12.5497,0.8672,244.6634,26.45,False,0.99057,"surface-view only: scarp with no field offset; the catalogue was built from this same surface expression, so an uncatalogued scarp here is more likely a road cut, canal levee, quarry face or erosion line than a fault - down-weighted, and emitted only if it clears the metric bar"
1084,73,"[2005, 2023]","[1799, 1812]",180655.4794520548,42093.15068493152,B-only,"{""silent"": 65, ""concordant"": 0, ""A-only"": 0, ""B-only"": 8}",7.0203,10.1005,12.8883,3.3933,221.6934,2.77,False,0.9923,"surface-view only: scarp with no field offset; the catalogue was built from this same surface expression, so an uncatalogued scarp here is more likely a road cut, canal levee, quarry face or erosion line than a fault - down-weighted, and emitted only if it clears the metric bar"
184,71,"[338, 350]","[994, 1005]",100085.21126760563,208773.2394366197,B-only,"{""silent"": 10, ""concordant"": 0, ""A-only"": 0, ""B-only"": 61}",4.4284,14.2677,16.1121,1.4875,144.9186,12.66,False,0.99014,"surface-view only: scarp with no field offset; the catalogue was built from this same surface expression, so an uncatalogued scarp here is more likely a road cut, canal levee, quarry face or erosion line than a fault - down-weighted, and emitted only if it clears the metric bar"
6,69,"[0, 2]","[2011, 2061]",203645.65217391305,243271.01449275363,B-only,"{""silent"": 1, ""concordant"": 0, ""A-only"": 0, ""B-only"": 68}",9.4131,21.7547,19.6641,9.2643,133.0943,32.77,False,0.99224,"surface-view only: scarp with no field offset; the catalogue was built from this same surface expression, so an uncatalogued scarp here is more likely a road cut, canal levee, quarry face or erosion line than a fault - down-weighted, and emitted only if it clears the metric bar"
1164,69,"[2347, 2353]","[1293, 1310]",130257.2463768116,8286.956521739135,B-only,"{""silent"": 0, ""concordant"": 0, ""A-only"": 0, ""B-only"": 69}",37.8442,8.8993,12.8762,0.969,172.3798,20.17,False,0.98953,"surface-view only: scarp with no field offset; the catalogue was built from this same surface expression, so an uncatalogued scarp here is more likely a road cut, canal levee, quarry face or erosion line than a fault - down-weighted, and emitted only if it clears the metric bar"
1183,69,"[2400, 2415]","[1561, 1573]",156867.39130434784,2239.1304347825935,B-only,"{""silent"": 8, ""concordant"": 0, ""A-only"": 0, ""B-only"": 61}",62.1009,15.5583,17.6879,2.3859,415.5361,9.11,False,0.9952,"surface-view only: scarp with no field offset; the catalogue was built from this same surface expression, so an uncatalogued scarp here is more likely a road cut, canal levee, quarry face or erosion line than a fault - down-weighted, and emitted only if it clears the metric bar"
1266,69,"[2830, 2850]","[2019, 2025]",202435.5072463768,-40617.39130434784,B-only,"{""silent"": 4, ""concordant"": 0, ""A-only"": 0, ""B-only"": 65}",234.1172,11.7751,14.822,1.0461,49.281,128.58,False,0.99048,"surface-view only: scarp with no field offset; the catalogue was built from this same surface expression, so an uncatalogued scarp here is more likely a road cut, canal levee, quarry face or erosion line than a fault - down-weighted, and emitted only if it clears the metric bar"
126,68,"[177, 198]","[456, 462]",46042.64705882353,224548.5294117647,B-only,"{""silent"": 7, ""concordant"": 0, ""A-only"": 0, ""B-only"": 61}",692.3222,7.0424,12.367,4.3361,82.4497,70.79,False,0.98908,"surface-view only: scarp with no field offset; the catalogue was built from this same surface expression, so an uncatalogued scarp here is more likely a road cut, canal levee, quarry face or erosion line than a fault - down-weighted, and emitted only if it clears the metric bar"
1239,68,"[2556, 2558]","[1306, 1340]",132383.82352941175,-12444.117647058825,A-only,"{""silent"": 18, ""concordant"": 0, ""A-only"": 50, ""B-only"": 0}",21.2563,11.2989,15.6438,2.975,389.8929,1.56,False,0.99194,"field-view only: potential-field offset (gravity step 2.975, magnetic step 389.893) with no corresponding scarp (surface rank 15.644); cover depth rank 21.256 is deep enough that a scarp would be buried, so this is a buried range-front fault the LiDAR-derived catalogue cannot contain"
579,67,"[825, 838]","[463, 474]",47032.08955223881,160085.07462686568,B-only,"{""silent"": 0, ""concordant"": 0, ""A-only"": 0, ""B-only"": 67}",230.6705,10.4844,13.2955,0.4769,183.5817,13.25,False,0.99124,"surface-view only: scarp with no field offset; the catalogue was built from this same surface expression, so an uncatalogued scarp here is more likely a road cut, canal levee, quarry face or erosion line than a fault - down-weighted, and emitted only if it clears the metric bar"
5,65,"[0, 2]","[1836, 1868]",185531.53846153847,243235.38461538462,B-only,"{""silent"": 6, ""concordant"": 0, ""A-only"": 0, ""B-only"": 59}",28.7485,16.374,18.3107,7.0559,152.396,56.73,False,0.99147,"surface-view only: scarp with no field offset; the catalogue was built from this same surface expression, so an uncatalogued scarp here is more likely a road cut, canal levee, quarry face or erosion line than a fault - down-weighted, and emitted only if it clears the metric bar"
232,65,"[412, 424]","[562, 571]",56686.92307692307,201413.84615384616,B-only,"{""silent"": 22, ""concordant"": 0, ""A-only"": 0, ""B-only"": 43}",623.6808,5.3177,10.2066,1.2596,127.9853,32.7,False,0.98917,"surface-view only: scarp with no field offset; the catalogue was built from this same surface expression, so an uncatalogued scarp here is more likely a road cut, canal levee, quarry face or erosion line than a fault - down-weighted, and emitted only if it clears the metric bar"
202,64,"[364, 379]","[2602, 2609]",260828.125,206092.1875,B-only,"{""silent"": 1, ""concordant"": 0, ""A-only"": 0, ""B-only"": 63}",152.6673,12.1729,16.3462,3.0337,17.3993,12.24,False,0.99016,"surface-view only: scarp with no field offset; the catalogue was built from this same surface expression, so an uncatalogued scarp here is more likely a road cut, canal levee, quarry face or erosion line than a fault - down-weighted, and emitted only if it clears the metric bar"
330,64,"[527, 546]","[1940, 1944]",194379.6875,189679.6875,B-only,"{""silent"": 29, ""concordant"": 0, ""A-only"": 0, ""B-only"": 35}",19.0738,8.9278,12.9278,0.6149,47.8753,17.17,False,0.98763,"surface-view only: scarp with no field offset; the catalogue was built from this same surface expression, so an uncatalogued scarp here is more likely a road cut, canal levee, quarry face or erosion line than a fault - down-weighted, and emitted only if it clears the metric bar"
1170,64,"[2366, 2382]","[1370, 1376]",137473.4375,5921.875,B-only,"{""silent"": 28, ""concordant"": 0, ""A-only"": 0, ""B-only"": 36}",83.0832,9.3971,12.5883,2.263,176.7573,13.05,False,0.98791,"surface-view only: scarp with no field offset; the catalogue was built from this same surface expression, so an uncatalogued scarp here is more likely a road cut, canal levee, quarry face or erosion line than a fault - down-weighted, and emitted only if it clears the metric bar"
76,63,"[116, 135]","[3248, 3259]",325624.6031746032,230647.61904761905,B-only,"{""silent"": 12, ""concordant"": 0, ""A-only"": 0, ""B-only"": 51}",101.3417,6.0074,10.4279,0.9108,43.3409,46.5,False,0.98853,"surface-view only: scarp with no field offset; the catalogue was built from this same surface expression, so an uncatalogued scarp here is more likely a road cut, canal levee, quarry face or erosion line than a fault - down-weighted, and emitted only if it clears the metric bar"
1434,63,"[3281, 3293]","[2023, 2034]",203010.31746031746,-85374.6031746032,B-only,"{""silent"": 5, ""concordant"": 0, ""A-only"": 0, ""B-only"": 58}",333.0493,2.2939,6.7807,2.2085,8.7999,45.52,False,0.98785,"surface-view only: scarp with no field offset; the catalogue was built from this same surface expression, so an uncatalogued scarp here is more likely a road cut, canal levee, quarry face or erosion line than a fault - down-weighted, and emitted only if it clears the metric bar"
808,62,"[1279, 1294]","[332, 347]",34033.87096774193,114862.90322580647,B-only,"{""silent"": 15, ""concordant"": 0, ""A-only"": 0, ""B-only"": 47}",947.9597,5.3371,8.0092,1.3385,127.8444,34.16,False,0.98938,"surface-view only: scarp with no field offset; the catalogue was built from this same surface expression, so an uncatalogued scarp here is more likely a road cut, canal levee, quarry face or erosion line than a fault - down-weighted, and emitted only if it clears the metric bar"
1308,61,"[2985, 2999]","[1599, 1608]",160663.11475409835,-55968.85245901637,B-only,"{""silent"": 7, ""concordant"": 0, ""A-only"": 0, ""B-only"": 54}",656.8536,6.593,10.8701,1.743,114.3026,11.72,False,0.99071,"surface-view only: scarp with no field offset; the catalogue was built from this same surface expression, so an uncatalogued scarp here is more likely a road cut, canal levee, quarry face or erosion line than a fault - down-weighted, and emitted only if it clears the metric bar"
777,60,"[1239, 1253]","[383, 397]",39220.0,118623.33333333333,B-only,"{""silent"": 1, ""concordant"": 0, ""A-only"": 0, ""B-only"": 59}",1673.0292,6.1473,11.0018,0.4167,241.3664,17.5,False,0.98966,"surface-view only: scarp with no field offset; the catalogue was built from this same surface expression, so an uncatalogued scarp here is more likely a road cut, canal levee, quarry face or erosion line than a fault - down-weighted, and emitted only if it clears the metric bar"
1232,60,"[2547, 2558]","[1140, 1154]",114761.66666666666,-12161.666666666686,B-only,"{""silent"": 11, ""concordant"": 2, ""A-only"": 1, ""B-only"": 46}",65.9065,26.6242,21.6472,14.1381,47.4265,1.93,False,0.99637,"surface-view only: scarp with no field offset; the catalogue was built from this same surface expression, so an uncatalogued scarp here is more likely a road cut, canal levee, quarry face or erosion line than a fault - down-weighted, and emitted only if it clears the metric bar"
1388,59,"[3193, 3199]","[2044, 2065]",205614.40677966102,-76366.10169491521,B-only,"{""silent"": 0, ""concordant"": 0, ""A-only"": 0, ""B-only"": 59}",445.2077,4.9642,9.876,2.4675,3.2396,16.2,False,0.98968,"surface-view only: scarp with no field offset; the catalogue was built from this same surface expression, so an uncatalogued scarp here is more likely a road cut, canal levee, quarry face or erosion line than a fault - down-weighted, and emitted only if it clears the metric bar"
597,58,"[855, 858]","[103, 130]",11984.482758620688,157653.4482758621,B-only,"{""silent"": 29, ""concordant"": 0, ""A-only"": 0, ""B-only"": 29}",179.1897,16.8916,17.1106,14.0374,79.903,1.67,False,0.98956,"surface-view only: scarp with no field offset; the catalogue was built from this same surface expression, so an uncatalogued scarp here is more likely a road cut, canal levee, quarry face or erosion line than a fault - down-weighted, and emitted only if it clears the metric bar"
649,58,"[904, 917]","[542, 550]",54768.965517241384,152206.89655172414,B-only,"{""silent"": 25, ""concordant"": 0, ""A-only"": 0, ""B-only"": 33}",222.0515,5.3894,10.0714,4.823,55.0984,12.77,False,0.98857,"surface-view only: scarp with no field offset; the catalogue was built from this same surface expression, so an uncatalogued scarp here is more likely a road cut, canal levee, quarry face or erosion line than a fault - down-weighted, and emitted only if it clears the metric bar"
1172,58,"[2366, 2379]","[1571, 1582]",157920.6896551724,6181.034482758609,B-only,"{""silent"": 12, ""concordant"": 0, ""A-only"": 0, ""B-only"": 46}",2.7688,14.7318,16.1577,1.0258,360.8172,26.22,False,0.98954,"surface-view only: scarp with no field offset; the catalogue was built from this same surface expression, so an uncatalogued scarp here is more likely a road cut, canal levee, quarry face or erosion line than a fault - down-weighted, and emitted only if it clears the metric bar"
1274,58,"[2890, 2909]","[2010, 2016]",201391.37931034484,-46643.103448275884,B-only,"{""silent"": 3, ""concordant"": 0, ""A-only"": 0, ""B-only"": 55}",54.4184,7.8708,12.4924,1.0391,109.3243,82.84,False,0.98876,"surface-view only: scarp with no field offset; the catalogue was built from this same surface expression, so an uncatalogued scarp here is more likely a road cut, canal levee, quarry face or erosion line than a fault - down-weighted, and emitted only if it clears the metric bar"
920,57,"[1549, 1562]","[597, 604]",60127.192982456145,87819.29824561402,B-only,"{""silent"": 11, ""concordant"": 0, ""A-only"": 0, ""B-only"": 46}",675.715,8.9543,12.6363,2.1692,126.554,17.96,False,0.98766,"surface-view only: scarp with no field offset; the catalogue was built from this same surface expression, so an uncatalogued scarp here is more likely a road cut, canal levee, quarry face or erosion line than a fault - down-weighted, and emitted only if it clears the metric bar"
1179,57,"[2384, 2400]","[1583, 1589]",158793.8596491228,4138.5964912280615,B-only,"{""silent"": 51, ""concordant"": 0, ""A-only"": 0, ""B-only"": 6}",1.0515,12.98,12.9921,0.7192,175.8472,28.97,False,0.99082,"surface-view only: scarp with no field offset; the catalogue was built from this same surface expression, so an uncatalogued scarp here is more likely a road cut, canal levee, quarry face or erosion line than a fault - down-weighted, and emitted only if it clears the metric bar"
366,56,"[568, 586]","[2539, 2546]",254451.78571428574,185560.7142857143,B-only,"{""silent"": 8, ""concordant"": 0, ""A-only"": 0, ""B-only"": 48}",2623.9734,13.2273,15.7335,1.6322,17.4589,22.72,False,0.99194,"surface-view only: scarp with no field offset; the catalogue was built from this same surface expression, so an uncatalogued scarp here is more likely a road cut, canal levee, quarry face or erosion line than a fault - down-weighted, and emitted only if it clears the metric bar"
10,55,"[0, 1]","[2219, 2253]",223724.54545454544,243263.63636363635,B-only,"{""silent"": 6, ""concordant"": 0, ""A-only"": 0, ""B-only"": 49}",58.5537,19.9289,19.5445,6.3204,121.2482,14.5,False,0.99251,"surface-view only: scarp with no field offset; the catalogue was built from this same surface expression, so an uncatalogued scarp here is more likely a road cut, canal levee, quarry face or erosion line than a fault - down-weighted, and emitted only if it clears the metric bar"
256,55,"[442, 465]","[444, 455]",45264.545454545456,197980.0,B-only,"{""silent"": 1, ""concordant"": 0, ""A-only"": 0, ""B-only"": 54}",118.276,6.6584,12.8518,2.1146,105.8532,17.67,False,0.98916,"surface-view only: scarp with no field offset; the catalogue was built from this same surface expression, so an uncatalogued scarp here is more likely a road cut, canal levee, quarry face or erosion line than a fault - down-weighted, and emitted only if it clears the metric bar"
297,55,"[491, 504]","[2262, 2268]",226640.9090909091,193560.0,B-only,"{""silent"": 5, ""concordant"": 0, ""A-only"": 0, ""B-only"": 50}",864.867,5.6096,13.3532,0.9246,25.9299,64.96,False,0.99117,"surface-view only: scarp with no field offset; the catalogue was built from this same surface expression, so an uncatalogued scarp here is more likely a road cut, canal levee, quarry face or erosion line than a fault - down-weighted, and emitted only if it clears the metric bar"
1391,55,"[3200, 3204]","[2122, 2139]",213169.99999999997,-76901.81818181818,B-only,"{""silent"": 0, ""concordant"": 0, ""A-only"": 0, ""B-only"": 55}",71.7307,4.316,9.6319,3.1423,20.5913,17.34,False,0.9883,"surface-view only: scarp with no field offset; the catalogue was built from this same surface expression, so an uncatalogued scarp here is more likely a road cut, canal levee, quarry face or erosion line than a fault - down-weighted, and emitted only if it clears the metric bar"
301,54,"[494, 511]","[2413, 2423]",241831.4814814815,193050.0,B-only,"{""silent"": 2, ""concordant"": 0, ""A-only"": 0, ""B-only"": 52}",1268.3718,8.6268,12.2388,2.2731,82.1183,52.48,False,0.98888,"surface-view only: scarp with no field offset; the catalogue was built from this same surface expression, so an uncatalogued scarp here is more likely a road cut, canal levee, quarry face or erosion line than a fault - down-weighted, and emitted only if it clears the metric bar"
375,54,"[574, 590]","[2447, 2455]",245301.85185185188,185153.7037037037,B-only,"{""silent"": 24, ""concordant"": 0, ""A-only"": 0, ""B-only"": 30}",2096.8325,6.0316,11.1337,0.6269,53.8733,23.37,False,0.98708,"surface-view only: scarp with no field offset; the catalogue was built from this same surface expression, so an uncatalogued scarp here is more likely a road cut, canal levee, quarry face or erosion line than a fault - down-weighted, and emitted only if it clears the metric bar"
437,54,"[636, 651]","[2886, 2890]",288974.0740740741,178977.77777777778,B-only,"{""silent"": 16, ""concordant"": 0, ""A-only"": 0, ""B-only"": 38}",238.0567,8.5126,13.1041,3.4569,25.14,24.02,False,0.99126,"surface-view only: scarp with no field offset; the catalogue was built from this same surface expression, so an uncatalogued scarp here is more likely a road cut, canal levee, quarry face or erosion line than a fault - down-weighted, and emitted only if it clears the metric bar"
476,54,"[692, 716]","[2558, 2564]",256292.5925925926,172779.62962962964,B-only,"{""silent"": 3, ""concordant"": 0, ""A-only"": 0, ""B-only"": 51}",27.6196,14.0316,16.6602,1.2736,12.4329,16.39,False,0.98841,"surface-view only: scarp with no field offset; the catalogue was built from this same surface expression, so an uncatalogued scarp here is more likely a road cut, canal levee, quarry face or erosion line than a fault - down-weighted, and emitted only if it clears the metric bar"
909,54,"[1541, 1553]","[1295, 1301]",130005.55555555556,88698.14814814815,B-only,"{""silent"": 15, ""concordant"": 0, ""A-only"": 0, ""B-only"": 39}",424.0695,12.231,13.9058,1.1142,249.4297,21.19,False,0.98865,"surface-view only: scarp with no field offset; the catalogue was built from this same surface expression, so an uncatalogued scarp here is more likely a road cut, canal levee, quarry face or erosion line than a fault - down-weighted, and emitted only if it clears the metric bar"
933,54,"[1556, 1565]","[585, 595]",59064.81481481482,87175.92592592593,B-only,"{""silent"": 0, ""concordant"": 0, ""A-only"": 0, ""B-only"": 54}",838.3738,7.7021,12.6198,2.4039,159.4084,17.95,False,0.98696,"surface-view only: scarp with no field offset; the catalogue was built from this same surface expression, so an uncatalogued scarp here is more likely a road cut, canal levee, quarry face or erosion line than a fault - down-weighted, and emitted only if it clears the metric bar"
1245,54,"[2653, 2663]","[1659, 1669]",166559.25925925927,-22587.037037037022,B-only,"{""silent"": 14, ""concordant"": 0, ""A-only"": 0, ""B-only"": 40}",111.3164,16.9194,15.8012,3.2964,123.5893,10.11,False,0.99032,"surface-view only: scarp with no field offset; the catalogue was built from this same surface expression, so an uncatalogued scarp here is more likely a road cut, canal levee, quarry face or erosion line than a fault - down-weighted, and emitted only if it clears the metric bar"
278,53,"[479, 489]","[244, 259]",25436.79245283019,194864.15094339623,B-only,"{""silent"": 3, ""concordant"": 0, ""A-only"": 0, ""B-only"": 50}",33.1882,4.1487,11.9732,1.6105,116.2574,9.62,False,0.99046,"surface-view only: scarp with no field offset; the catalogue was built from this same surface expression, so an uncatalogued scarp here is more likely a road cut, canal levee, quarry face or erosion line than a fault - down-weighted, and emitted only if it clears the metric bar"
448,53,"[653, 662]","[245, 257]",25431.132075471698,177626.41509433964,B-only,"{""silent"": 13, ""concordant"": 0, ""A-only"": 0, ""B-only"": 40}",98.0202,5.6882,10.381,2.1731,76.4729,32.58,False,0.98973,"surface-view only: scarp with no field offset; the catalogue was built from this same surface expression, so an uncatalogued scarp here is more likely a road cut, canal levee, quarry face or erosion line than a fault - down-weighted, and emitted only if it clears the metric bar"
1255,53,"[2744, 2762]","[2019, 2026]",202482.0754716981,-32047.169811320724,B-only,"{""silent"": 16, ""concordant"": 0, ""A-only"": 0, ""B-only"": 37}",154.9534,9.6737,13.0021,1.5792,75.7196,124.58,False,0.9888,"surface-view only: scarp with no field offset; the catalogue was built from this same surface expression, so an uncatalogued scarp here is more likely a road cut, canal levee, quarry face or erosion line than a fault - down-weighted, and emitted only if it clears the metric bar"
1335,53,"[3049, 3066]","[1696, 1703]",170083.96226415093,-62520.754716981144,B-only,"{""silent"": 25, ""concordant"": 0, ""A-only"": 0, ""B-only"": 28}",43.6921,3.5936,8.6478,1.3677,18.3352,62.9,False,0.98812,"surface-view only: scarp with no field offset; the catalogue was built from this same surface expression, so an uncatalogued scarp here is more likely a road cut, canal levee, quarry face or erosion line than a fault - down-weighted, and emitted only if it clears the metric bar"
177,52,"[309, 335]","[456, 460]",46017.30769230769,211023.07692307694,B-only,"{""silent"": 0, ""concordant"": 0, ""A-only"": 0, ""B-only"": 52}",796.4489,6.5417,12.0888,4.3044,201.2082,68.03,False,0.98651,"surface-view only: scarp with no field offset; the catalogue was built from this same surface expression, so an uncatalogued scarp here is more likely a road cut, canal levee, quarry face or erosion line than a fault - down-weighted, and emitted only if it clears the metric bar"
472,52,"[684, 700]","[2693, 2703]",270086.5384615385,174059.61538461538,B-only,"{""silent"": 8, ""concordant"": 0, ""A-only"": 0, ""B-only"": 44}",304.904,11.8954,14.674,1.1857,18.0361,11.35,False,0.98794,"surface-view only: scarp with no field offset; the catalogue was built from this same surface expression, so an uncatalogued scarp here is more likely a road cut, canal levee, quarry face or erosion line than a fault - down-weighted, and emitted only if it clears the metric bar"
473,52,"[685, 699]","[459, 465]",46350.0,173951.92307692306,B-only,"{""silent"": 29, ""concordant"": 0, ""A-only"": 0, ""B-only"": 23}",54.2614,19.2752,16.3281,2.8288,161.1169,25.5,False,0.98885,"surface-view only: scarp with no field offset; the catalogue was built from this same surface expression, so an uncatalogued scarp here is more likely a road cut, canal levee, quarry face or erosion line than a fault - down-weighted, and emitted only if it clears the metric bar"
1082,52,"[2003, 2015]","[1121, 1130]",112830.76923076923,42448.07692307694,B-only,"{""silent"": 11, ""concordant"": 0, ""A-only"": 0, ""B-only"": 41}",73.2825,11.0159,14.1966,3.2649,156.8556,20.07,False,0.9909,"surface-view only: scarp with no field offset; the catalogue was built from this same surface expression, so an uncatalogued scarp here is more likely a road cut, canal levee, quarry face or erosion line than a fault - down-weighted, and emitted only if it clears the metric bar"
1286,52,"[2933, 2938]","[1388, 1406]",139880.76923076925,-50173.07692307688,concordant,"{""silent"": 0, ""concordant"": 52, ""A-only"": 0, ""B-only"": 0}",194.9666,9.8774,15.0849,10.3002,217.7753,2.73,False,0.98934,"both views agree: continuation of a mapped structure beyond the end or the side of the mapped trace, the case where the catalogue is truncated by mapping convention rather than by data"
449,51,"[656, 666]","[2141, 2149]",214644.11764705883,177060.78431372548,B-only,"{""silent"": 39, ""concordant"": 0, ""A-only"": 0, ""B-only"": 12}",378.9863,12.9541,13.6315,1.264,149.705,14.45,False,0.99086,"surface-view only: scarp with no field offset; the catalogue was built from this same surface expression, so an uncatalogued scarp here is more likely a road cut, canal levee, quarry face or erosion line than a fault - down-weighted, and emitted only if it clears the metric bar"
852,51,"[1363, 1380]","[1586, 1591]",158993.13725490196,106192.15686274512,B-only,"{""silent"": 11, ""concordant"": 0, ""A-only"": 0, ""B-only"": 40}",400.9529,4.6279,9.2366,1.1553,85.3031,25.37,False,0.98788,"surface-view only: scarp with no field offset; the catalogue was built from this same surface expression, so an uncatalogued scarp here is more likely a road cut, canal levee, quarry face or erosion line than a fault - down-weighted, and emitted only if it clears the metric bar"
895,51,"[1485, 1502]","[368, 384]",37828.43137254902,93945.09803921569,concordant,"{""silent"": 2, ""concordant"": 25, ""A-only"": 11, ""B-only"": 13}",339.2209,19.3016,18.8461,10.8049,199.4317,1.69,False,0.99305,"both views agree: continuation of a mapped structure beyond the end or the side of the mapped trace, the case where the catalogue is truncated by mapping convention rather than by data"
910,51,"[1542, 1554]","[1312, 1320]",131753.92156862744,88484.31372549018,B-only,"{""silent"": 0, ""concordant"": 0, ""A-only"": 0, ""B-only"": 51}",419.0108,10.9669,14.6495,1.0959,191.7312,23.86,False,0.98983,"surface-view only: scarp with no field offset; the catalogue was built from this same surface expression, so an uncatalogued scarp here is more likely a road cut, canal levee, quarry face or erosion line than a fault - down-weighted, and emitted only if it clears the metric bar"
1051,51,"[1930, 1938]","[928, 948]",93981.37254901961,49943.13725490196,B-only,"{""silent"": 1, ""concordant"": 0, ""A-only"": 0, ""B-only"": 50}",626.9532,11.9381,13.8072,1.2105,88.4197,19.21,False,0.98708,"surface-view only: scarp with no field offset; the catalogue was built from this same surface expression, so an uncatalogued scarp here is more likely a road cut, canal levee, quarry face or erosion line than a fault - down-weighted, and emitted only if it clears the metric bar"
1505,51,"[3465, 3474]","[1728, 1739]",173416.6666666667,-103731.37254901964,B-only,"{""silent"": 12, ""concordant"": 0, ""A-only"": 0, ""B-only"": 39}",156.2689,7.0707,9.6293,3.3727,85.8927,13.68,False,0.98984,"surface-view only: scarp with no field offset; the catalogue was built from this same surface expression, so an uncatalogued scarp here is more likely a road cut, canal levee, quarry face or erosion line than a fault - down-weighted, and emitted only if it clears the metric bar"
212,50,"[380, 392]","[2346, 2357]",235304.0,204806.0,B-only,"{""silent"": 0, ""concordant"": 0, ""A-only"": 0, ""B-only"": 50}",176.2761,9.2215,12.872,0.8264,75.4732,12.84,False,0.99057,"surface-view only: scarp with no field offset; the catalogue was built from this same surface expression, so an uncatalogued scarp here is more likely a road cut, canal levee, quarry face or erosion line than a fault - down-weighted, and emitted only if it clears the metric bar"
220,50,"[387, 400]","[564, 569]",56796.0,203890.0,B-only,"{""silent"": 25, ""concordant"": 0, ""A-only"": 0, ""B-only"": 25}",598.0486,7.7478,12.6918,2.0434,76.0556,19.17,False,0.9872,"surface-view only: scarp with no field offset; the catalogue was built from this same surface expression, so an uncatalogued scarp here is more likely a road cut, canal levee, quarry face or erosion line than a fault - down-weighted, and emitted only if it clears the metric bar"
907,50,"[1533, 1548]","[423, 433]",42874.0,89266.0,A-only,"{""silent"": 35, ""concordant"": 5, ""A-only"": 7, ""B-only"": 3}",212.7038,7.8583,10.5195,6.4578,100.1353,2.7,False,0.98926,"field-view only: potential-field offset (gravity step 6.458, magnetic step 100.135) with no corresponding scarp (surface rank 10.520); cover depth rank 212.704 is deep enough that a scarp would be buried, so this is a buried range-front fault the LiDAR-derived catalogue cannot contain"
304,49,"[499, 504]","[629, 643]",63672.448979591834,193204.08163265308,B-only,"{""silent"": 4, ""concordant"": 0, ""A-only"": 0, ""B-only"": 45}",297.7179,10.7047,13.6092,0.98,104.7546,12.28,False,0.9897,"surface-view only: scarp with no field offset; the catalogue was built from this same surface expression, so an uncatalogued scarp here is more likely a road cut, canal levee, quarry face or erosion line than a fault - down-weighted, and emitted only if it clears the metric bar"
329,49,"[527, 535]","[1194, 1210]",120450.0,190316.32653061225,B-only,"{""silent"": 6, ""concordant"": 0, ""A-only"": 0, ""B-only"": 43}",308.1423,7.5499,11.6869,4.2341,95.1861,74.11,False,0.98861,"surface-view only: scarp with no field offset; the catalogue was built from this same surface expression, so an uncatalogued scarp here is more likely a road cut, canal levee, quarry face or erosion line than a fault - down-weighted, and emitted only if it clears the metric bar"
436,49,"[633, 657]","[2077, 2081]",208076.5306122449,178836.73469387754,B-only,"{""silent"": 4, ""concordant"": 0, ""A-only"": 0, ""B-only"": 45}",639.5308,5.202,10.1318,6.0611,117.4713,31.91,False,0.98573,"surface-view only: scarp with no field offset; the catalogue was built from this same surface expression, so an uncatalogued scarp here is more likely a road cut, canal levee, quarry face or erosion line than a fault - down-weighted, and emitted only if it clears the metric bar"
446,49,"[652, 665]","[544, 548]",54776.530612244904,177387.75510204083,B-only,"{""silent"": 20, ""concordant"": 0, ""A-only"": 0, ""B-only"": 29}",207.0954,4.6053,10.7779,1.0634,60.6651,57.74,False,0.98951,"surface-view only: scarp with no field offset; the catalogue was built from this same surface expression, so an uncatalogued scarp here is more likely a road cut, canal levee, quarry face or erosion line than a fault - down-weighted, and emitted only if it clears the metric bar"
498,49,"[712, 726]","[471, 483]",47756.12244897959,171334.693877551,B-only,"{""silent"": 15, ""concordant"": 0, ""A-only"": 0, ""B-only"": 34}",133.7155,14.289,14.7529,2.7863,226.0785,38.1,False,0.98905,"surface-view only: scarp with no field offset; the catalogue was built from this same surface expression, so an uncatalogued scarp here is more likely a road cut, canal levee, quarry face or erosion line than a fault - down-weighted, and emitted only if it clears the metric bar"
1187,49,"[2412, 2423]","[1293, 1304]",129976.5306122449,1651.0204081632837,B-only,"{""silent"": 0, ""concordant"": 0, ""A-only"": 0, ""B-only"": 49}",106.522,5.1605,9.682,0.9257,294.8648,13.38,False,0.98804,"surface-view only: scarp with no field offset; the catalogue was built from this same surface expression, so an uncatalogued scarp here is more likely a road cut, canal levee, quarry face or erosion line than a fault - down-weighted, and emitted only if it clears the metric bar"
327,48,"[525, 542]","[2505, 2508]",250756.25,189945.83333333334,B-only,"{""silent"": 5, ""concordant"": 0, ""A-only"": 0, ""B-only"": 43}",2488.2185,5.6953,11.7579,0.4892,116.0214,10.16,False,0.98879,"surface-view only: scarp with no field offset; the catalogue was built from this same surface expression, so an uncatalogued scarp here is more likely a road cut, canal levee, quarry face or erosion line than a fault - down-weighted, and emitted only if it clears the metric bar"
584,48,"[832, 848]","[479, 483]",48212.5,159250.0,B-only,"{""silent"": 14, ""concordant"": 0, ""A-only"": 0, ""B-only"": 34}",282.2649,8.2925,11.7057,1.501,141.6148,26.42,False,0.98852,"surface-view only: scarp with no field offset; the catalogue was built from this same surface expression, so an uncatalogued scarp here is more likely a road cut, canal levee, quarry face or erosion line than a fault - down-weighted, and emitted only if it clears the metric bar"
599,48,"[855, 860]","[244, 262]",25325.0,157693.75,B-only,"{""silent"": 37, ""concordant"": 0, ""A-only"": 0, ""B-only"": 11}",26.7342,19.2568,16.9041,4.8809,233.5634,2.06,False,0.99098,"surface-view only: scarp with no field offset; the catalogue was built from this same surface expression, so an uncatalogued scarp here is more likely a road cut, canal levee, quarry face or erosion line than a fault - down-weighted, and emitted only if it clears the metric bar"
753,48,"[1208, 1214]","[493, 510]",50256.25,122147.91666666667,B-only,"{""silent"": 40, ""concordant"": 0, ""A-only"": 0, ""B-only"": 8}",446.6128,9.4763,13.8072,3.0464,186.3985,15.24,False,0.98956,"surface-view only: scarp with no field offset; the catalogue was built from this same surface expression, so an uncatalogued scarp here is more likely a road cut, canal levee, quarry face or erosion line than a fault - down-weighted, and emitted only if it clears the metric bar"
1336,48,"[3050, 3065]","[1674, 1682]",167829.1666666667,-62406.25,B-only,"{""silent"": 10, ""concordant"": 0, ""A-only"": 0, ""B-only"": 38}",32.3711,5.3326,9.1981,1.453,39.8544,57.34,False,0.98942,"surface-view only: scarp with no field offset; the catalogue was built from this same surface expression, so an uncatalogued scarp here is more likely a road cut, canal levee, quarry face or erosion line than a fault - down-weighted, and emitted only if it clears the metric bar"
1401,48,"[3217, 3227]","[1935, 1949]",194322.9166666667,-78937.5,B-only,"{""silent"": 0, ""concordant"": 0, ""A-only"": 0, ""B-only"": 48}",102.4817,9.9997,15.4738,3.0088,4.1806,76.18,False,0.98995,"surface-view only: scarp with no field offset; the catalogue was built from this same surface expression, so an uncatalogued scarp here is more likely a road cut, canal levee, quarry face or erosion line than a fault - down-weighted, and emitted only if it clears the metric bar"
425,47,"[618, 632]","[2003, 2013]",200986.17021276595,180676.59574468085,B-only,"{""silent"": 1, ""concordant"": 0, ""A-only"": 0, ""B-only"": 46}",48.2288,7.8337,11.8528,1.1296,14.1302,13.27,False,0.9891,"surface-view only: scarp with no field offset; the catalogue was built from this same surface expression, so an uncatalogued scarp here is more likely a road cut, canal levee, quarry face or erosion line than a fault - down-weighted, and emitted only if it clears the metric bar"
439,47,"[644, 656]","[540, 547]",54426.59574468085,178327.6595744681,B-only,"{""silent"": 30, ""concordant"": 0, ""A-only"": 0, ""B-only"": 17}",181.8692,5.7226,10.7188,0.5857,65.1812,61.41,False,0.9885,"surface-view only: scarp with no field offset; the catalogue was built from this same surface expression, so an uncatalogued scarp here is more likely a road cut, canal levee, quarry face or erosion line than a fault - down-weighted, and emitted only if it clears the metric bar"
672,47,"[938, 953]","[4, 21]",1511.7021276595744,148736.17021276595,A-only,"{""silent"": 7, ""concordant"": 12, ""A-only"": 25, ""B-only"": 3}",1.8313,18.5001,18.9447,22.7478,212.6526,1.89,False,0.99095,"field-view only: potential-field offset (gravity step 22.748, magnetic step 212.653) with no corresponding scarp (surface rank 18.945); cover depth rank 1.831 is deep enough that a scarp would be buried, so this is a buried range-front fault the LiDAR-derived catalogue cannot contain"
1025,47,"[1861, 1875]","[1134, 1140]",113901.06382978725,56514.89361702127,B-only,"{""silent"": 24, ""concordant"": 0, ""A-only"": 0, ""B-only"": 23}",354.6198,7.9816,11.909,1.255,262.425,13.75,False,0.98834,"surface-view only: scarp with no field offset; the catalogue was built from this same surface expression, so an uncatalogued scarp here is more likely a road cut, canal levee, quarry face or erosion line than a fault - down-weighted, and emitted only if it clears the metric bar"
1295,47,"[2934, 2937]","[1594, 1615]",160715.95744680852,-50178.72340425535,B-only,"{""silent"": 2, ""concordant"": 0, ""A-only"": 0, ""B-only"": 45}",522.6914,13.5553,14.8034,11.0723,90.7798,1.79,False,0.99265,"surface-view only: scarp with no field offset; the catalogue was built from this same surface expression, so an uncatalogued scarp here is more likely a road cut, canal levee, quarry face or erosion line than a fault - down-weighted, and emitted only if it clears the metric bar"
1399,47,"[3217, 3226]","[1743, 1753]",174790.4255319149,-78814.89361702127,B-only,"{""silent"": 1, ""concordant"": 0, ""A-only"": 0, ""B-only"": 46}",126.3738,8.732,12.0469,2.3991,41.7981,11.7,False,0.99062,"surface-view only: scarp with no field offset; the catalogue was built from this same surface expression, so an uncatalogued scarp here is more likely a road cut, canal levee, quarry face or erosion line than a fault - down-weighted, and emitted only if it clears the metric bar"
1532,47,"[3584, 3596]","[1806, 1814]",181096.80851063828,-115753.19148936169,B-only,"{""silent"": 13, ""concordant"": 0, ""A-only"": 0, ""B-only"": 34}",224.4008,4.7684,9.3188,1.5648,89.3387,36.07,False,0.98783,"surface-view only: scarp with no field offset; the catalogue was built from this same surface expression, so an uncatalogued scarp here is more likely a road cut, canal levee, quarry face or erosion line than a fault - down-weighted, and emitted only if it clears the metric bar"
109,46,"[160, 171]","[3161, 3172]",316795.652173913,226719.5652173913,B-only,"{""silent"": 7, ""concordant"": 0, ""A-only"": 0, ""B-only"": 39}",5.5343,1.8472,7.6668,0.7731,49.767,62.19,False,0.98855,"surface-view only: scarp with no field offset; the catalogue was built from this same surface expression, so an uncatalogued scarp here is more likely a road cut, canal levee, quarry face or erosion line than a fault - down-weighted, and emitted only if it clears the metric bar"
565,46,"[810, 822]","[640, 647]",64469.5652173913,161771.73913043478,B-only,"{""silent"": 0, ""concordant"": 0, ""A-only"": 0, ""B-only"": 46}",119.0928,10.1294,14.453,3.1023,106.9294,13.46,False,0.98952,"surface-view only: scarp with no field offset; the catalogue was built from this same surface expression, so an uncatalogued scarp here is more likely a road cut, canal levee, quarry face or erosion line than a fault - down-weighted, and emitted only if it clears the metric bar"
1090,46,"[2026, 2037]","[1811, 1820]",181647.8260869565,40195.652173913055,B-only,"{""silent"": 21, ""concordant"": 0, ""A-only"": 0, ""B-only"": 25}",5.9731,8.4974,11.7983,2.6657,216.4971,2.84,False,0.99023,"surface-view only: scarp with no field offset; the catalogue was built from this same surface expression, so an uncatalogued scarp here is more likely a road cut, canal levee, quarry face or erosion line than a fault - down-weighted, and emitted only if it clears the metric bar"
1213,46,"[2490, 2503]","[1538, 1543]",154154.34782608695,-6410.8695652174065,concordant,"{""silent"": 0, ""concordant"": 35, ""A-only"": 1, ""B-only"": 10}",106.1362,7.3252,11.2929,2.8842,63.839,15.26,False,0.98884,"both views agree: continuation of a mapped structure beyond the end or the side of the mapped trace, the case where the catalogue is truncated by mapping convention rather than by data"
1362,46,"[3132, 3143]","[1543, 1553]",155032.60869565216,-70245.65217391303,B-only,"{""silent"": 18, ""concordant"": 0, ""A-only"": 0, ""B-only"": 28}",489.5916,7.4834,10.7408,2.3047,70.8272,11.05,False,0.99003,"surface-view only: scarp with no field offset; the catalogue was built from this same surface expression, so an uncatalogued scarp here is more likely a road cut, canal levee, quarry face or erosion line than a fault - down-weighted, and emitted only if it clears the metric bar"
45,45,"[47, 72]","[3269, 3276]",327352.22222222225,237473.33333333334,silent,"{""silent"": 45, ""concordant"": 0, ""A-only"": 0, ""B-only"": 0}",16.7879,8.0775,9.7994,2.3923,27.5618,70.74,False,0.98892,neither view is in its confident tail; emitted on corridor mass that the calibrated density still values above the acceptance bar (bar 0.0593)
434,45,"[632, 642]","[2514, 2531]",252481.11111111112,179466.66666666666,B-only,"{""silent"": 0, ""concordant"": 0, ""A-only"": 0, ""B-only"": 45}",963.888,14.8379,17.799,2.8036,8.0119,8.88,False,0.99437,"surface-view only: scarp with no field offset; the catalogue was built from this same surface expression, so an uncatalogued scarp here is more likely a road cut, canal levee, quarry face or erosion line than a fault - down-weighted, and emitted only if it clears the metric bar"
658,45,"[918, 923]","[275, 287]",28270.0,151213.3333333333,B-only,"{""silent"": 0, ""concordant"": 0, ""A-only"": 0, ""B-only"": 45}",32.5625,7.068,12.5964,2.5315,95.1375,14.96,False,0.99035,"surface-view only: scarp with no field offset; the catalogue was built from this same surface expression, so an uncatalogued scarp here is more likely a road cut, canal levee, quarry face or erosion line than a fault - down-weighted, and emitted only if it clears the metric bar"
1338,45,"[3055, 3067]","[1608, 1617]",161390.0,-62882.22222222219,B-only,"{""silent"": 6, ""concordant"": 0, ""A-only"": 0, ""B-only"": 39}",47.222,9.8057,13.3235,1.4082,20.1966,40.85,False,0.99001,"surface-view only: scarp with no field offset; the catalogue was built from this same surface expression, so an uncatalogued scarp here is more likely a road cut, canal levee, quarry face or erosion line than a fault - down-weighted, and emitted only if it clears the metric bar"
62,44,"[89, 99]","[2840, 2861]",285268.1818181818,233915.9090909091,B-only,"{""silent"": 38, ""concordant"": 0, ""A-only"": 0, ""B-only"": 6}",86.0065,7.9805,15.6765,0.8173,368.6997,17.35,False,0.98999,"surface-view only: scarp with no field offset; the catalogue was built from this same surface expression, so an uncatalogued scarp here is more likely a road cut, canal levee, quarry face or erosion line than a fault - down-weighted, and emitted only if it clears the metric bar"
105,44,"[158, 170]","[454, 461]",45936.36363636364,226952.27272727274,B-only,"{""silent"": 0, ""concordant"": 0, ""A-only"": 0, ""B-only"": 44}",298.0858,7.3274,12.9691,4.1999,105.7665,59.32,False,0.98847,"surface-view only: scarp with no field offset; the catalogue was built from this same surface expression, so an uncatalogued scarp here is more likely a road cut, canal levee, quarry face or erosion line than a fault - down-weighted, and emitted only if it clears the metric bar"
173,44,"[296, 315]","[305, 314]",31163.636363636364,212822.72727272726,B-only,"{""silent"": 0, ""concordant"": 0, ""A-only"": 0, ""B-only"": 44}",939.7952,5.9534,12.0227,2.8186,37.9163,21.17,False,0.98729,"surface-view only: scarp with no field offset; the catalogue was built from this same surface expression, so an uncatalogued scarp here is more likely a road cut, canal levee, quarry face or erosion line than a fault - down-weighted, and emitted only if it clears the metric bar"
908,44,"[1533, 1543]","[625, 631]",62950.0,89456.81818181818,B-only,"{""silent"": 1, ""concordant"": 0, ""A-only"": 0, ""B-only"": 43}",427.8356,4.3073,11.013,3.2421,185.7753,9.47,False,0.98898,"surface-view only: scarp with no field offset; the catalogue was built from this same surface expression, so an uncatalogued scarp here is more likely a road cut, canal levee, quarry face or erosion line than a fault - down-weighted, and emitted only if it clears the metric bar"
1121,44,"[2076, 2090]","[1838, 1846]",184413.63636363638,35002.272727272735,B-only,"{""silent"": 31, ""concordant"": 0, ""A-only"": 0, ""B-only"": 13}",2.0132,14.7844,18.5045,0.4809,159.7772,2.31,False,0.99016,"surface-view only: scarp with no field offset; the catalogue was built from this same surface expression, so an uncatalogued scarp here is more likely a road cut, canal levee, quarry face or erosion line than a fault - down-weighted, and emitted only if it clears the metric bar"
1508,44,"[3475, 3499]","[2158, 2179]",216845.45454545456,-105545.45454545453,silent,"{""silent"": 44, ""concordant"": 0, ""A-only"": 0, ""B-only"": 0}",44.3201,16.6167,16.4567,12.7158,18.2671,1.85,False,0.99065,neither view is in its confident tail; emitted on corridor mass that the calibrated density still values above the acceptance bar (bar 0.0593)
27,43,"[0, 2]","[3166, 3191]",318091.8604651163,243258.13953488372,B-only,"{""silent"": 2, ""concordant"": 0, ""A-only"": 0, ""B-only"": 41}",40.1803,15.3631,18.676,16.4763,57.0079,19.46,False,0.9901,"surface-view only: scarp with no field offset; the catalogue was built from this same surface expression, so an uncatalogued scarp here is more likely a road cut, canal levee, quarry face or erosion line than a fault - down-weighted, and emitted only if it clears the metric bar"
758,43,"[1210, 1222]","[1695, 1707]",170177.90697674418,121686.04651162791,B-only,"{""silent"": 0, ""concordant"": 0, ""A-only"": 0, ""B-only"": 43}",280.25,10.8176,13.1377,3.8708,75.0318,36.49,False,0.98827,"surface-view only: scarp with no field offset; the catalogue was built from this same surface expression, so an uncatalogued scarp here is more likely a road cut, canal levee, quarry face or erosion line than a fault - down-weighted, and emitted only if it clears the metric bar"
961,43,"[1595, 1605]","[1093, 1106]",110194.18604651162,83439.53488372092,B-only,"{""silent"": 4, ""concordant"": 0, ""A-only"": 0, ""B-only"": 39}",503.0736,4.318,10.8609,2.9089,162.8433,40.55,False,0.98761,"surface-view only: scarp with no field offset; the catalogue was built from this same surface expression, so an uncatalogued scarp here is more likely a road cut, canal levee, quarry face or erosion line than a fault - down-weighted, and emitted only if it clears the metric bar"
268,42,"[454, 469]","[274, 279]",27754.761904761905,197180.95238095237,B-only,"{""silent"": 1, ""concordant"": 0, ""A-only"": 0, ""B-only"": 41}",72.3009,6.1258,11.8766,0.7579,394.488,29.25,False,0.9899,"surface-view only: scarp with no field offset; the catalogue was built from this same surface expression, so an uncatalogued scarp here is more likely a road cut, canal levee, quarry face or erosion line than a fault - down-weighted, and emitted only if it clears the metric bar"
272,42,"[460, 476]","[638, 643]",64183.333333333336,196419.04761904763,B-only,"{""silent"": 41, ""concordant"": 0, ""A-only"": 0, ""B-only"": 1}",662.8518,8.5022,12.3564,4.2295,96.2882,20.17,False,0.98664,"surface-view only: scarp with no field offset; the catalogue was built from this same surface expression, so an uncatalogued scarp here is more likely a road cut, canal levee, quarry face or erosion line than a fault - down-weighted, and emitted only if it clears the metric bar"
939,42,"[1561, 1568]","[573, 583]",58092.857142857145,86790.47619047618,B-only,"{""silent"": 0, ""concordant"": 0, ""A-only"": 0, ""B-only"": 42}",937.9885,6.8198,12.3486,1.1624,237.1544,11.24,False,0.98836,"surface-view only: scarp with no field offset; the catalogue was built from this same surface expression, so an uncatalogued scarp here is more likely a road cut, canal levee, quarry face or erosion line than a fault - down-weighted, and emitted only if it clears the metric bar"
234,41,"[415, 430]","[569, 575]",57450.0,200975.60975609755,B-only,"{""silent"": 2, ""concordant"": 0, ""A-only"": 0, ""B-only"": 39}",585.1271,3.097,8.8481,1.6582,160.7191,41.19,False,0.99033,"surface-view only: scarp with no field offset; the catalogue was built from this same surface expression, so an uncatalogued scarp here is more likely a road cut, canal levee, quarry face or erosion line than a fault - down-weighted, and emitted only if it clears the metric bar"
1037,41,"[1897, 1910]","[919, 931]",92603.65853658537,53078.04878048779,B-only,"{""silent"": 10, ""concordant"": 0, ""A-only"": 0, ""B-only"": 31}",668.0145,10.4608,13.9622,0.2632,95.2035,11.08,False,0.98794,"surface-view only: scarp with no field offset; the catalogue was built from this same surface expression, so an uncatalogued scarp here is more likely a road cut, canal levee, quarry face or erosion line than a fault - down-weighted, and emitted only if it clears the metric bar"
309,40,"[504, 517]","[538, 543]",54287.5,192260.0,B-only,"{""silent"": 11, ""concordant"": 0, ""A-only"": 0, ""B-only"": 29}",1040.5029,6.6813,11.1358,1.5257,74.6725,45.72,False,0.98903,"surface-view only: scarp with no field offset; the catalogue was built from this same surface expression, so an uncatalogued scarp here is more likely a road cut, canal levee, quarry face or erosion line than a fault - down-weighted, and emitted only if it clears the metric bar"
618,40,"[867, 874]","[26, 38]",3390.0,156247.5,B-only,"{""silent"": 0, ""concordant"": 0, ""A-only"": 0, ""B-only"": 40}",267.5947,6.9112,12.3838,1.249,124.651,14.82,False,0.98918,"surface-view only: scarp with no field offset; the catalogue was built from this same surface expression, so an uncatalogued scarp here is more likely a road cut, canal levee, quarry face or erosion line than a fault - down-weighted, and emitted only if it clears the metric bar"
912,40,"[1544, 1554]","[1333, 1341]",133822.5,88285.0,B-only,"{""silent"": 4, ""concordant"": 0, ""A-only"": 0, ""B-only"": 36}",380.6561,5.7179,11.137,1.0839,220.4859,24.63,False,0.98815,"surface-view only: scarp with no field offset; the catalogue was built from this same surface expression, so an uncatalogued scarp here is more likely a road cut, canal levee, quarry face or erosion line than a fault - down-weighted, and emitted only if it clears the metric bar"
982,40,"[1627, 1640]","[1034, 1048]",104277.50000000001,79917.5,B-only,"{""silent"": 1, ""concordant"": 0, ""A-only"": 0, ""B-only"": 39}",7.224,5.5704,12.3458,1.4687,178.1456,17.28,False,0.98837,"surface-view only: scarp with no field offset; the catalogue was built from this same surface expression, so an uncatalogued scarp here is more likely a road cut, canal levee, quarry face or erosion line than a fault - down-weighted, and emitted only if it clears the metric bar"
1141,40,"[2193, 2207]","[1143, 1146]",114582.5,23322.5,B-only,"{""silent"": 6, ""concordant"": 0, ""A-only"": 0, ""B-only"": 34}",139.1452,7.6775,11.0915,1.8524,42.0694,47.17,False,0.98828,"surface-view only: scarp with no field offset; the catalogue was built from this same surface expression, so an uncatalogued scarp here is more likely a road cut, canal levee, quarry face or erosion line than a fault - down-weighted, and emitted only if it clears the metric bar"
21,39,"[0, 2]","[2752, 2774]",276411.5384615385,243253.84615384616,B-only,"{""silent"": 5, ""concordant"": 0, ""A-only"": 0, ""B-only"": 34}",23.0416,21.3645,19.3684,16.0418,244.0734,21.25,False,0.99384,"surface-view only: scarp with no field offset; the catalogue was built from this same surface expression, so an uncatalogued scarp here is more likely a road cut, canal levee, quarry face or erosion line than a fault - down-weighted, and emitted only if it clears the metric bar"
419,39,"[612, 624]","[2810, 2817]",281473.0769230769,181415.38461538462,B-only,"{""silent"": 7, ""concordant"": 0, ""A-only"": 0, ""B-only"": 32}",504.6041,4.5926,9.2325,2.311,31.5088,28.1,False,0.98841,"surface-view only: scarp with no field offset; the catalogue was built from this same surface expression, so an uncatalogued scarp here is more likely a road cut, canal levee, quarry face or erosion line than a fault - down-weighted, and emitted only if it clears the metric bar"
904,39,"[1526, 1541]","[529, 535]",53257.69230769231,89897.43589743588,B-only,"{""silent"": 17, ""concordant"": 0, ""A-only"": 0, ""B-only"": 22}",952.0278,5.3673,10.6358,1.8048,79.617,12.66,False,0.98774,"surface-view only: scarp with no field offset; the catalogue was built from this same surface expression, so an uncatalogued scarp here is more likely a road cut, canal levee, quarry face or erosion line than a fault - down-weighted, and emitted only if it clears the metric bar"
1374,39,"[3162, 3176]","[2141, 2145]",214439.7435897436,-73612.8205128205,B-only,"{""silent"": 22, ""concordant"": 0, ""A-only"": 0, ""B-only"": 17}",4.9145,11.1772,12.6238,1.2365,11.7739,10.93,False,0.98766,"surface-view only: scarp with no field offset; the catalogue was built from this same surface expression, so an uncatalogued scarp here is more likely a road cut, canal levee, quarry face or erosion line than a fault - down-weighted, and emitted only if it clears the metric bar"
1378,39,"[3171, 3182]","[1443, 1460]",145373.07692307694,-74312.8205128205,A-only,"{""silent"": 29, ""concordant"": 2, ""A-only"": 8, ""B-only"": 0}",3.2418,17.6074,18.7425,14.9429,189.9509,1.99,False,0.99316,"field-view only: potential-field offset (gravity step 14.943, magnetic step 189.951) with no corresponding scarp (surface rank 18.742); cover depth rank 3.242 is deep enough that a scarp would be buried, so this is a buried range-front fault the LiDAR-derived catalogue cannot contain"
475,38,"[690, 700]","[538, 543]",54244.73684210526,173765.7894736842,B-only,"{""silent"": 9, ""concordant"": 0, ""A-only"": 0, ""B-only"": 29}",405.4265,4.7751,10.2446,1.4956,90.948,67.91,False,0.98932,"surface-view only: scarp with no field offset; the catalogue was built from this same surface expression, so an uncatalogued scarp here is more likely a road cut, canal levee, quarry face or erosion line than a fault - down-weighted, and emitted only if it clears the metric bar"
692,38,"[992, 1008]","[604, 611]",60810.526315789466,143200.0,B-only,"{""silent"": 0, ""concordant"": 0, ""A-only"": 0, ""B-only"": 38}",748.6626,7.5621,11.9855,0.5753,242.0097,10.51,False,0.98702,"surface-view only: scarp with no field offset; the catalogue was built from this same surface expression, so an uncatalogued scarp here is more likely a road cut, canal levee, quarry face or erosion line than a fault - down-weighted, and emitted only if it clears the metric bar"
1115,38,"[2060, 2074]","[1227, 1234]",123300.0,36489.473684210534,B-only,"{""silent"": 4, ""concordant"": 0, ""A-only"": 0, ""B-only"": 34}",242.407,5.5866,12.6683,1.8344,221.0292,14.93,False,0.98788,"surface-view only: scarp with no field offset; the catalogue was built from this same surface expression, so an uncatalogued scarp here is more likely a road cut, canal levee, quarry face or erosion line than a fault - down-weighted, and emitted only if it clears the metric bar"
180,37,"[317, 329]","[303, 308]",30663.513513513517,211094.5945945946,B-only,"{""silent"": 4, ""concordant"": 0, ""A-only"": 0, ""B-only"": 33}",718.1924,8.5441,13.0304,2.778,91.316,10.88,False,0.98706,"surface-view only: scarp with no field offset; the catalogue was built from this same surface expression, so an uncatalogued scarp here is more likely a road cut, canal levee, quarry face or erosion line than a fault - down-weighted, and emitted only if it clears the metric bar"
560,37,"[803, 810]","[317, 327]",32331.081081081084,162672.97297297296,B-only,"{""silent"": 0, ""concordant"": 1, ""A-only"": 0, ""B-only"": 36}",27.2596,8.6547,12.0078,1.9156,497.7429,65.25,False,0.98779,"surface-view only: scarp with no field offset; the catalogue was built from this same surface expression, so an uncatalogued scarp here is more likely a road cut, canal levee, quarry face or erosion line than a fault - down-weighted, and emitted only if it clears the metric bar"
1159,37,"[2321, 2332]","[1065, 1070]",106847.2972972973,10591.891891891864,A-only,"{""silent"": 8, ""concordant"": 0, ""A-only"": 29, ""B-only"": 0}",394.102,2.7405,2.6037,6.3382,308.9946,3.73,False,0.98745,"field-view only: potential-field offset (gravity step 6.338, magnetic step 308.995) with no corresponding scarp (surface rank 2.604); cover depth rank 394.102 is deep enough that a scarp would be buried, so this is a buried range-front fault the LiDAR-derived catalogue cannot contain"
206,36,"[371, 389]","[2785, 2790]",278872.2222222222,205286.11111111112,B-only,"{""silent"": 21, ""concordant"": 0, ""A-only"": 0, ""B-only"": 15}",5.6497,10.5551,15.1998,1.0217,83.121,15.69,False,0.9882,"surface-view only: scarp with no field offset; the catalogue was built from this same surface expression, so an uncatalogued scarp here is more likely a road cut, canal levee, quarry face or erosion line than a fault - down-weighted, and emitted only if it clears the metric bar"
1080,36,"[1986, 1993]","[1785, 1795]",179188.8888888889,44347.22222222222,B-only,"{""silent"": 25, ""concordant"": 0, ""A-only"": 0, ""B-only"": 11}",35.3932,2.2344,8.9304,2.1058,98.9746,4.95,False,0.99089,"surface-view only: scarp with no field offset; the catalogue was built from this same surface expression, so an uncatalogued scarp here is more likely a road cut, canal levee, quarry face or erosion line than a fault - down-weighted, and emitted only if it clears the metric bar"
1146,36,"[2231, 2243]","[1139, 1143]",114172.22222222222,19569.444444444438,B-only,"{""silent"": 5, ""concordant"": 0, ""A-only"": 0, ""B-only"": 31}",231.9774,8.2372,10.6284,1.2557,43.3473,74.01,False,0.98872,"surface-view only: scarp with no field offset; the catalogue was built from this same surface expression, so an uncatalogued scarp here is more likely a road cut, canal levee, quarry face or erosion line than a fault - down-weighted, and emitted only if it clears the metric bar"
1280,36,"[2904, 2913]","[2175, 2180]",217905.55555555556,-47555.55555555556,B-only,"{""silent"": 0, ""concordant"": 0, ""A-only"": 0, ""B-only"": 36}",546.545,4.248,12.2483,4.2126,49.2559,14.71,False,0.98968,"surface-view only: scarp with no field offset; the catalogue was built from this same surface expression, so an uncatalogued scarp here is more likely a road cut, canal levee, quarry face or erosion line than a fault - down-weighted, and emitted only if it clears the metric bar"
95,35,"[149, 159]","[1360, 1370]",136678.57142857142,227817.14285714287,B-only,"{""silent"": 3, ""concordant"": 0, ""A-only"": 0, ""B-only"": 32}",49.5316,8.497,13.6808,0.8419,29.5459,41.19,False,0.98838,"surface-view only: scarp with no field offset; the catalogue was built from this same surface expression, so an uncatalogued scarp here is more likely a road cut, canal levee, quarry face or erosion line than a fault - down-weighted, and emitted only if it clears the metric bar"
249,35,"[432, 442]","[2304, 2310]",230835.71428571426,199691.42857142858,B-only,"{""silent"": 2, ""concordant"": 0, ""A-only"": 0, ""B-only"": 33}",302.5352,9.2075,12.7647,0.659,160.6184,49.38,False,0.98882,"surface-view only: scarp with no field offset; the catalogue was built from this same surface expression, so an uncatalogued scarp here is more likely a road cut, canal levee, quarry face or erosion line than a fault - down-weighted, and emitted only if it clears the metric bar"
388,35,"[583, 594]","[2334, 2344]",234047.14285714284,184460.0,B-only,"{""silent"": 4, ""concordant"": 0, ""A-only"": 0, ""B-only"": 31}",1900.3014,4.8888,13.737,0.5343,24.6171,25.73,False,0.99047,"surface-view only: scarp with no field offset; the catalogue was built from this same surface expression, so an uncatalogued scarp here is more likely a road cut, canal levee, quarry face or erosion line than a fault - down-weighted, and emitted only if it clears the metric bar"
421,35,"[614, 625]","[2799, 2806]",280455.7142857143,181262.85714285713,B-only,"{""silent"": 21, ""concordant"": 0, ""A-only"": 0, ""B-only"": 14}",683.3342,3.3182,9.4683,1.5741,26.9753,33.22,False,0.98567,"surface-view only: scarp with no field offset; the catalogue was built from this same surface expression, so an uncatalogued scarp here is more likely a road cut, canal levee, quarry face or erosion line than a fault - down-weighted, and emitted only if it clears the metric bar"
677,35,"[963, 975]","[705, 710]",70878.57142857143,146477.14285714284,B-only,"{""silent"": 0, ""concordant"": 0, ""A-only"": 0, ""B-only"": 35}",1239.0503,9.1811,14.9325,1.406,247.9263,15.85,False,0.98781,"surface-view only: scarp with no field offset; the catalogue was built from this same surface expression, so an uncatalogued scarp here is more likely a road cut, canal levee, quarry face or erosion line than a fault - down-weighted, and emitted only if it clears the metric bar"
1344,35,"[3078, 3084]","[1617, 1631]",162615.7142857143,-64697.14285714284,B-only,"{""silent"": 0, ""concordant"": 0, ""A-only"": 0, ""B-only"": 35}",53.7196,6.5872,9.9524,3.338,41.1568,59.86,False,0.98922,"surface-view only: scarp with no field offset; the catalogue was built from this same surface expression, so an uncatalogued scarp here is more likely a road cut, canal levee, quarry face or erosion line than a fault - down-weighted, and emitted only if it clears the metric bar"
483,34,"[701, 714]","[2107, 2112]",210997.05882352943,172702.9411764706,B-only,"{""silent"": 13, ""concordant"": 0, ""A-only"": 0, ""B-only"": 21}",331.3452,6.6277,10.2766,2.0918,18.1786,7.94,False,0.99142,"surface-view only: scarp with no field offset; the catalogue was built from this same surface expression, so an uncatalogued scarp here is more likely a road cut, canal levee, quarry face or erosion line than a fault - down-weighted, and emitted only if it clears the metric bar"
717,34,"[1065, 1078]","[270, 273]",27285.29411764706,136100.0,silent,"{""silent"": 34, ""concordant"": 0, ""A-only"": 0, ""B-only"": 0}",18.3946,4.9676,9.4622,11.785,280.992,3.05,False,0.98875,neither view is in its confident tail; emitted on corridor mass that the calibrated density still values above the acceptance bar (bar 0.0593)
741,34,"[1150, 1163]","[784, 788]",78779.41176470587,127679.41176470587,B-only,"{""silent"": 16, ""concordant"": 0, ""A-only"": 0, ""B-only"": 18}",990.0891,5.6962,11.6715,0.4587,168.3098,11.73,False,0.98564,"surface-view only: scarp with no field offset; the catalogue was built from this same surface expression, so an uncatalogued scarp here is more likely a road cut, canal levee, quarry face or erosion line than a fault - down-weighted, and emitted only if it clears the metric bar"
1011,34,"[1680, 1692]","[1043, 1047]",104652.94117647059,74691.17647058825,B-only,"{""silent"": 4, ""concordant"": 0, ""A-only"": 0, ""B-only"": 30}",41.4817,7.5119,12.3395,1.829,131.2637,64.52,False,0.9888,"surface-view only: scarp with no field offset; the catalogue was built from this same surface expression, so an uncatalogued scarp here is more likely a road cut, canal levee, quarry face or erosion line than a fault - down-weighted, and emitted only if it clears the metric bar"
1069,34,"[1958, 1968]","[1774, 1782]",177947.05882352943,46938.23529411765,silent,"{""silent"": 34, ""concordant"": 0, ""A-only"": 0, ""B-only"": 0}",25.7284,4.7928,5.718,1.8224,255.83,4.22,False,0.98891,neither view is in its confident tail; emitted on corridor mass that the calibrated density still values above the acceptance bar (bar 0.0593)
1106,34,"[2054, 2067]","[1521, 1526]",152508.82352941175,37179.4117647059,B-only,"{""silent"": 2, ""concordant"": 3, ""A-only"": 4, ""B-only"": 25}",107.8828,4.0319,9.408,6.8476,190.2667,12.63,False,0.98727,"surface-view only: scarp with no field offset; the catalogue was built from this same surface expression, so an uncatalogued scarp here is more likely a road cut, canal levee, quarry face or erosion line than a fault - down-weighted, and emitted only if it clears the metric bar"
1235,34,"[2553, 2558]","[1465, 1478]",147185.29411764705,-12350.0,B-only,"{""silent"": 1, ""concordant"": 10, ""A-only"": 0, ""B-only"": 23}",122.8169,13.252,16.1562,7.6912,109.3223,2.5,False,0.988,"surface-view only: scarp with no field offset; the catalogue was built from this same surface expression, so an uncatalogued scarp here is more likely a road cut, canal levee, quarry face or erosion line than a fault - down-weighted, and emitted only if it clears the metric bar"
129,33,"[182, 186]","[3108, 3119]",311583.3333333334,224893.9393939394,B-only,"{""silent"": 0, ""concordant"": 0, ""A-only"": 0, ""B-only"": 33}",57.7093,2.7066,9.9468,0.544,18.3654,15.26,False,0.987,"surface-view only: scarp with no field offset; the catalogue was built from this same surface expression, so an uncatalogued scarp here is more likely a road cut, canal levee, quarry face or erosion line than a fault - down-weighted, and emitted only if it clears the metric bar"
801,33,"[1267, 1273]","[388, 396]",39440.909090909096,116303.0303030303,B-only,"{""silent"": 0, ""concordant"": 0, ""A-only"": 0, ""B-only"": 33}",1370.0955,3.0877,10.4126,0.768,70.3762,32.28,False,0.98999,"surface-view only: scarp with no field offset; the catalogue was built from this same surface expression, so an uncatalogued scarp here is more likely a road cut, canal levee, quarry face or erosion line than a fault - down-weighted, and emitted only if it clears the metric bar"
1272,33,"[2876, 2884]","[1704, 1712]",171007.57575757575,-44651.51515151514,B-only,"{""silent"": 0, ""concordant"": 0, ""A-only"": 0, ""B-only"": 33}",91.61,3.9011,8.9826,2.8593,27.1881,38.87,False,0.98815,"surface-view only: scarp with no field offset; the catalogue was built from this same surface expression, so an uncatalogued scarp here is more likely a road cut, canal levee, quarry face or erosion line than a fault - down-weighted, and emitted only if it clears the metric bar"
221,32,"[388, 395]","[2352, 2363]",235940.625,204193.75,B-only,"{""silent"": 3, ""concordant"": 0, ""A-only"": 0, ""B-only"": 29}",142.7971,6.7774,12.1492,0.5956,49.8842,13.86,False,0.98807,"surface-view only: scarp with no field offset; the catalogue was built from this same surface expression, so an uncatalogued scarp here is more likely a road cut, canal levee, quarry face or erosion line than a fault - down-weighted, and emitted only if it clears the metric bar"
333,32,"[533, 539]","[619, 629]",62640.625,189834.375,B-only,"{""silent"": 6, ""concordant"": 0, ""A-only"": 0, ""B-only"": 26}",104.242,10.007,13.6098,0.7169,70.582,8.01,False,0.9899,"surface-view only: scarp with no field offset; the catalogue was built from this same surface expression, so an uncatalogued scarp here is more likely a road cut, canal levee, quarry face or erosion line than a fault - down-weighted, and emitted only if it clears the metric bar"
520,32,"[747, 758]","[1609, 1615]",161415.625,168096.875,B-only,"{""silent"": 6, ""concordant"": 0, ""A-only"": 0, ""B-only"": 26}",400.7094,6.1864,11.3262,1.3583,544.7566,71.68,False,0.98736,"surface-view only: scarp with no field offset; the catalogue was built from this same surface expression, so an uncatalogued scarp here is more likely a road cut, canal levee, quarry face or erosion line than a fault - down-weighted, and emitted only if it clears the metric bar"
667,32,"[925, 933]","[295, 301]",29903.125,150450.0,B-only,"{""silent"": 3, ""concordant"": 0, ""A-only"": 0, ""B-only"": 29}",38.3248,5.5855,8.7526,2.4595,82.8152,26.9,False,0.9871,"surface-view only: scarp with no field offset; the catalogue was built from this same surface expression, so an uncatalogued scarp here is more likely a road cut, canal levee, quarry face or erosion line than a fault - down-weighted, and emitted only if it clears the metric bar"
1314,32,"[3025, 3030]","[1517, 1531]",152600.0,-59521.875,B-only,"{""silent"": 0, ""concordant"": 0, ""A-only"": 0, ""B-only"": 32}",244.0174,3.765,10.3102,2.0056,107.0881,37.36,False,0.98859,"surface-view only: scarp with no field offset; the catalogue was built from this same surface expression, so an uncatalogued scarp here is more likely a road cut, canal levee, quarry face or erosion line than a fault - down-weighted, and emitted only if it clears the metric bar"
292,31,"[487, 495]","[2235, 2252]",224508.06451612903,194345.16129032258,B-only,"{""silent"": 23, ""concordant"": 0, ""A-only"": 0, ""B-only"": 8}",669.8544,4.4075,10.1039,1.2621,42.9015,51.03,False,0.98999,"surface-view only: scarp with no field offset; the catalogue was built from this same surface expression, so an uncatalogued scarp here is more likely a road cut, canal levee, quarry face or erosion line than a fault - down-weighted, and emitted only if it clears the metric bar"
526,31,"[769, 773]","[2517, 2531]",252591.93548387097,166138.70967741933,B-only,"{""silent"": 2, ""concordant"": 0, ""A-only"": 0, ""B-only"": 29}",6.826,16.0783,16.1837,1.8702,130.0776,1.68,False,0.99033,"surface-view only: scarp with no field offset; the catalogue was built from this same surface expression, so an uncatalogued scarp here is more likely a road cut, canal levee, quarry face or erosion line than a fault - down-weighted, and emitted only if it clears the metric bar"
682,31,"[978, 988]","[580, 583]",58340.32258064516,145003.2258064516,B-only,"{""silent"": 19, ""concordant"": 0, ""A-only"": 0, ""B-only"": 12}",1798.3602,6.8519,10.9566,1.9814,108.2486,30.3,False,0.98745,"surface-view only: scarp with no field offset; the catalogue was built from this same surface expression, so an uncatalogued scarp here is more likely a road cut, canal levee, quarry face or erosion line than a fault - down-weighted, and emitted only if it clears the metric bar"
1537,31,"[3600, 3605]","[1827, 1835]",183282.25806451612,-116967.74193548388,B-only,"{""silent"": 3, ""concordant"": 0, ""A-only"": 0, ""B-only"": 28}",145.2875,5.4468,10.5112,0.5292,88.704,25.12,False,0.98788,"surface-view only: scarp with no field offset; the catalogue was built from this same surface expression, so an uncatalogued scarp here is more likely a road cut, canal levee, quarry face or erosion line than a fault - down-weighted, and emitted only if it clears the metric bar"
447,30,"[652, 660]","[2875, 2884]",288016.6666666666,177740.0,B-only,"{""silent"": 0, ""concordant"": 0, ""A-only"": 0, ""B-only"": 30}",360.6808,8.1113,14.5439,1.8128,36.7015,35.66,False,0.98756,"surface-view only: scarp with no field offset; the catalogue was built from this same surface expression, so an uncatalogued scarp here is more likely a road cut, canal levee, quarry face or erosion line than a fault - down-weighted, and emitted only if it clears the metric bar"
555,30,"[788, 798]","[1844, 1847]",184746.66666666666,163893.3333333333,B-only,"{""silent"": 8, ""concordant"": 0, ""A-only"": 0, ""B-only"": 22}",299.5528,21.9328,16.7166,2.7408,73.6106,7.99,False,0.99288,"surface-view only: scarp with no field offset; the catalogue was built from this same surface expression, so an uncatalogued scarp here is more likely a road cut, canal levee, quarry face or erosion line than a fault - down-weighted, and emitted only if it clears the metric bar"
948,30,"[1577, 1587]","[630, 639]",63579.99999999999,85126.66666666666,B-only,"{""silent"": 2, ""concordant"": 0, ""A-only"": 0, ""B-only"": 28}",947.3646,5.5866,10.8096,2.5971,131.7078,22.41,False,0.98791,"surface-view only: scarp with no field offset; the catalogue was built from this same surface expression, so an uncatalogued scarp here is more likely a road cut, canal levee, quarry face or erosion line than a fault - down-weighted, and emitted only if it clears the metric bar"
1020,30,"[1701, 1713]","[823, 827]",82656.66666666667,72663.33333333334,B-only,"{""silent"": 7, ""concordant"": 0, ""A-only"": 0, ""B-only"": 23}",666.2382,7.2981,12.5993,1.1113,169.8053,30.24,False,0.98737,"surface-view only: scarp with no field offset; the catalogue was built from this same surface expression, so an uncatalogued scarp here is more likely a road cut, canal levee, quarry face or erosion line than a fault - down-weighted, and emitted only if it clears the metric bar"
1062,30,"[1952, 1960]","[954, 960]",95893.33333333333,47700.0,B-only,"{""silent"": 0, ""concordant"": 0, ""A-only"": 0, ""B-only"": 30}",701.8887,14.8055,15.1338,0.6709,183.2465,10.06,False,0.99161,"surface-view only: scarp with no field offset; the catalogue was built from this same surface expression, so an uncatalogued scarp here is more likely a road cut, canal levee, quarry face or erosion line than a fault - down-weighted, and emitted only if it clears the metric bar"
1094,30,"[2029, 2041]","[1538, 1545]",154443.33333333334,39813.33333333334,B-only,"{""silent"": 3, ""concordant"": 0, ""A-only"": 0, ""B-only"": 27}",217.575,5.113,9.7376,5.0946,130.8757,19.72,False,0.9869,"surface-view only: scarp with no field offset; the catalogue was built from this same surface expression, so an uncatalogued scarp here is more likely a road cut, canal levee, quarry face or erosion line than a fault - down-weighted, and emitted only if it clears the metric bar"
1394,30,"[3204, 3217]","[2157, 2160]",216030.00000000003,-77793.33333333331,B-only,"{""silent"": 22, ""concordant"": 0, ""A-only"": 0, ""B-only"": 8}",8.4414,10.8654,12.545,1.0427,42.4428,8.79,False,0.98912,"surface-view only: scarp with no field offset; the catalogue was built from this same surface expression, so an uncatalogued scarp here is more likely a road cut, canal levee, quarry face or erosion line than a fault - down-weighted, and emitted only if it clears the metric bar"
1509,30,"[3477, 3488]","[1752, 1759]",175690.0,-104996.66666666669,B-only,"{""silent"": 3, ""concordant"": 0, ""A-only"": 0, ""B-only"": 27}",65.5407,8.8498,11.5988,1.8529,25.8036,28.79,False,0.98822,"surface-view only: scarp with no field offset; the catalogue was built from this same surface expression, so an uncatalogued scarp here is more likely a road cut, canal levee, quarry face or erosion line than a fault - down-weighted, and emitted only if it clears the metric bar"
3,29,"[0, 2]","[1514, 1530]",152394.8275862069,243255.1724137931,B-only,"{""silent"": 1, ""concordant"": 0, ""A-only"": 0, ""B-only"": 28}",88.6251,10.4287,14.1114,7.1778,75.9773,102.02,False,0.98964,"surface-view only: scarp with no field offset; the catalogue was built from this same surface expression, so an uncatalogued scarp here is more likely a road cut, canal levee, quarry face or erosion line than a fault - down-weighted, and emitted only if it clears the metric bar"
690,29,"[990, 997]","[329, 340]",33653.44827586207,143979.3103448276,B-only,"{""silent"": 0, ""concordant"": 0, ""A-only"": 0, ""B-only"": 29}",158.4762,6.3724,11.4308,4.0885,232.653,34.93,False,0.98679,"surface-view only: scarp with no field offset; the catalogue was built from this same surface expression, so an uncatalogued scarp here is more likely a road cut, canal levee, quarry face or erosion line than a fault - down-weighted, and emitted only if it clears the metric bar"
724,29,"[1101, 1112]","[627, 630]",62981.034482758616,132693.10344827586,B-only,"{""silent"": 7, ""concordant"": 0, ""A-only"": 0, ""B-only"": 22}",2147.3931,5.6338,11.3634,0.3985,456.9087,12.54,False,0.98946,"surface-view only: scarp with no field offset; the catalogue was built from this same surface expression, so an uncatalogued scarp here is more likely a road cut, canal levee, quarry face or erosion line than a fault - down-weighted, and emitted only if it clears the metric bar"
860,29,"[1368, 1382]","[1769, 1773]",177281.03448275864,105824.1379310345,B-only,"{""silent"": 28, ""concordant"": 0, ""A-only"": 0, ""B-only"": 1}",735.4387,18.2605,18.6738,16.8361,89.7178,2.13,False,0.98908,"surface-view only: scarp with no field offset; the catalogue was built from this same surface expression, so an uncatalogued scarp here is more likely a road cut, canal levee, quarry face or erosion line than a fault - down-weighted, and emitted only if it clears the metric bar"
1128,29,"[2127, 2138]","[1126, 1139]",113474.1379310345,29979.310344827594,B-only,"{""silent"": 0, ""concordant"": 0, ""A-only"": 0, ""B-only"": 29}",415.5963,6.6055,11.9082,2.5208,97.117,45.18,False,0.98691,"surface-view only: scarp with no field offset; the catalogue was built from this same surface expression, so an uncatalogued scarp here is more likely a road cut, canal levee, quarry face or erosion line than a fault - down-weighted, and emitted only if it clears the metric bar"
1249,29,"[2683, 2692]","[2129, 2132]",213232.75862068968,-25489.655172413797,silent,"{""silent"": 29, ""concordant"": 0, ""A-only"": 0, ""B-only"": 0}",123.6881,7.2803,10.27,1.7578,203.6882,2.71,False,0.99101,neither view is in its confident tail; emitted on corridor mass that the calibrated density still values above the acceptance bar (bar 0.0593)
1511,29,"[3487, 3494]","[1640, 1647]",164601.724137931,-105648.27586206899,A-only,"{""silent"": 1, ""concordant"": 0, ""A-only"": 28, ""B-only"": 0}",119.0045,9.7181,8.4947,23.5594,68.6807,4.45,False,0.98831,"field-view only: potential-field offset (gravity step 23.559, magnetic step 68.681) with no corresponding scarp (surface rank 8.495); cover depth rank 119.004 is deep enough that a scarp would be buried, so this is a buried range-front fault the LiDAR-derived catalogue cannot contain"
160,28,"[249, 257]","[2829, 2837]",283453.5714285714,218014.2857142857,B-only,"{""silent"": 0, ""concordant"": 0, ""A-only"": 0, ""B-only"": 28}",58.6628,10.0021,15.1379,0.4712,62.0923,20.57,False,0.98896,"surface-view only: scarp with no field offset; the catalogue was built from this same surface expression, so an uncatalogued scarp here is more likely a road cut, canal levee, quarry face or erosion line than a fault - down-weighted, and emitted only if it clears the metric bar"
460,28,"[671, 677]","[2147, 2153]",215100.0,175860.7142857143,B-only,"{""silent"": 23, ""concordant"": 0, ""A-only"": 0, ""B-only"": 5}",377.9075,12.7171,12.9028,0.5781,116.0403,9.8,False,0.98972,"surface-view only: scarp with no field offset; the catalogue was built from this same surface expression, so an uncatalogued scarp here is more likely a road cut, canal levee, quarry face or erosion line than a fault - down-weighted, and emitted only if it clears the metric bar"
593,28,"[850, 856]","[480, 485]",48425.0,158067.85714285716,B-only,"{""silent"": 7, ""concordant"": 0, ""A-only"": 0, ""B-only"": 21}",169.6309,5.5552,10.5279,2.5603,52.6579,33.62,False,0.98793,"surface-view only: scarp with no field offset; the catalogue was built from this same surface expression, so an uncatalogued scarp here is more likely a road cut, canal levee, quarry face or erosion line than a fault - down-weighted, and emitted only if it clears the metric bar"
656,28,"[909, 915]","[1103, 1113]",110964.28571428571,152096.42857142858,B-only,"{""silent"": 0, ""concordant"": 0, ""A-only"": 0, ""B-only"": 28}",260.89,7.0965,12.065,4.0436,14.1462,24.85,False,0.98806,"surface-view only: scarp with no field offset; the catalogue was built from this same surface expression, so an uncatalogued scarp here is more likely a road cut, canal levee, quarry face or erosion line than a fault - down-weighted, and emitted only if it clears the metric bar"
1081,28,"[1991, 1998]","[1547, 1551]",155000.0,43853.57142857142,B-only,"{""silent"": 0, ""concordant"": 0, ""A-only"": 0, ""B-only"": 28}",148.9234,8.7167,11.5826,2.3942,182.4573,9.66,False,0.99104,"surface-view only: scarp with no field offset; the catalogue was built from this same surface expression, so an uncatalogued scarp here is more likely a road cut, canal levee, quarry face or erosion line than a fault - down-weighted, and emitted only if it clears the metric bar"
1138,28,"[2188, 2194]","[1393, 1399]",139757.14285714287,24175.0,B-only,"{""silent"": 2, ""concordant"": 0, ""A-only"": 0, ""B-only"": 26}",221.4428,8.0136,14.9162,0.7389,190.6456,10.71,False,0.98867,"surface-view only: scarp with no field offset; the catalogue was built from this same surface expression, so an uncatalogued scarp here is more likely a road cut, canal levee, quarry face or erosion line than a fault - down-weighted, and emitted only if it clears the metric bar"
1151,28,"[2303, 2313]","[1166, 1172]",117014.28571428571,12389.28571428574,B-only,"{""silent"": 5, ""concordant"": 0, ""A-only"": 0, ""B-only"": 23}",492.1856,8.0221,8.0143,2.4991,91.8241,80.77,False,0.98766,"surface-view only: scarp with no field offset; the catalogue was built from this same surface expression, so an uncatalogued scarp here is more likely a road cut, canal levee, quarry face or erosion line than a fault - down-weighted, and emitted only if it clears the metric bar"
1290,28,"[2934, 2936]","[1544, 1559]",155289.2857142857,-50171.42857142858,A-only,"{""silent"": 7, ""concordant"": 1, ""A-only"": 18, ""B-only"": 2}",220.7525,18.8698,18.7142,13.6229,75.8596,1.71,False,0.98962,"field-view only: potential-field offset (gravity step 13.623, magnetic step 75.860) with no corresponding scarp (surface rank 18.714); cover depth rank 220.752 is deep enough that a scarp would be buried, so this is a buried range-front fault the LiDAR-derived catalogue cannot contain"
1379,28,"[3180, 3187]","[1544, 1554]",155071.42857142858,-75003.57142857142,B-only,"{""silent"": 3, ""concordant"": 0, ""A-only"": 0, ""B-only"": 25}",154.543,4.8992,9.3323,1.0429,32.6416,14.3,False,0.98932,"surface-view only: scarp with no field offset; the catalogue was built from this same surface expression, so an uncatalogued scarp here is more likely a road cut, canal levee, quarry face or erosion line than a fault - down-weighted, and emitted only if it clears the metric bar"
273,27,"[464, 473]","[2309, 2311]",231161.11111111112,196481.4814814815,B-only,"{""silent"": 9, ""concordant"": 0, ""A-only"": 0, ""B-only"": 18}",660.6156,8.2991,15.6228,0.5153,104.8571,69.11,False,0.98945,"surface-view only: scarp with no field offset; the catalogue was built from this same surface expression, so an uncatalogued scarp here is more likely a road cut, canal levee, quarry face or erosion line than a fault - down-weighted, and emitted only if it clears the metric bar"
321,27,"[518, 526]","[632, 640]",63738.88888888889,191066.66666666666,B-only,"{""silent"": 3, ""concordant"": 0, ""A-only"": 0, ""B-only"": 24}",122.7757,16.8233,16.2381,0.9554,82.8007,9.76,False,0.99083,"surface-view only: scarp with no field offset; the catalogue was built from this same surface expression, so an uncatalogued scarp here is more likely a road cut, canal levee, quarry face or erosion line than a fault - down-weighted, and emitted only if it clears the metric bar"
634,27,"[893, 896]","[211, 218]",21657.40740740741,153862.96296296298,B-only,"{""silent"": 3, ""concordant"": 0, ""A-only"": 0, ""B-only"": 24}",24.5919,17.7321,17.2792,1.2433,123.5659,7.77,False,0.99393,"surface-view only: scarp with no field offset; the catalogue was built from this same surface expression, so an uncatalogued scarp here is more likely a road cut, canal levee, quarry face or erosion line than a fault - down-weighted, and emitted only if it clears the metric bar"
768,27,"[1226, 1236]","[1687, 1696]",169346.2962962963,120288.88888888889,B-only,"{""silent"": 14, ""concordant"": 0, ""A-only"": 0, ""B-only"": 13}",506.1077,9.0564,11.2841,4.8119,47.1726,23.74,False,0.98611,"surface-view only: scarp with no field offset; the catalogue was built from this same surface expression, so an uncatalogued scarp here is more likely a road cut, canal levee, quarry face or erosion line than a fault - down-weighted, and emitted only if it clears the metric bar"
903,27,"[1525, 1539]","[1292, 1295]",129494.44444444444,90114.8148148148,B-only,"{""silent"": 0, ""concordant"": 0, ""A-only"": 0, ""B-only"": 27}",412.0732,7.6458,12.2367,1.0072,209.9615,25.26,False,0.98683,"surface-view only: scarp with no field offset; the catalogue was built from this same surface expression, so an uncatalogued scarp here is more likely a road cut, canal levee, quarry face or erosion line than a fault - down-weighted, and emitted only if it clears the metric bar"
1085,27,"[2011, 2018]","[1788, 1794]",179238.8888888889,41855.55555555556,B-only,"{""silent"": 0, ""concordant"": 0, ""A-only"": 0, ""B-only"": 27}",46.8358,8.6103,12.2199,1.6192,82.1492,10.08,False,0.99037,"surface-view only: scarp with no field offset; the catalogue was built from this same surface expression, so an uncatalogued scarp here is more likely a road cut, canal levee, quarry face or erosion line than a fault - down-weighted, and emitted only if it clears the metric bar"
1237,27,"[2556, 2558]","[1225, 1241]",123383.33333333333,-12451.851851851883,concordant,"{""silent"": 0, ""concordant"": 22, ""A-only"": 5, ""B-only"": 0}",267.9278,14.6931,13.365,16.485,45.4129,1.48,False,0.98997,"both views agree: continuation of a mapped structure beyond the end or the side of the mapped trace, the case where the catalogue is truncated by mapping convention rather than by data"
1431,27,"[3274, 3284]","[1741, 1745]",174516.6666666667,-84648.14814814815,B-only,"{""silent"": 23, ""concordant"": 0, ""A-only"": 0, ""B-only"": 4}",127.9838,17.0401,15.9455,1.1135,146.614,10.82,False,0.98967,"surface-view only: scarp with no field offset; the catalogue was built from this same surface expression, so an uncatalogued scarp here is more likely a road cut, canal levee, quarry face or erosion line than a fault - down-weighted, and emitted only if it clears the metric bar"
29,26,"[1, 10]","[678, 686]",68315.38461538462,242769.23076923078,silent,"{""silent"": 26, ""concordant"": 0, ""A-only"": 0, ""B-only"": 0}",44.323,15.3184,10.7455,0.7924,173.7257,17.16,False,0.98782,neither view is in its confident tail; emitted on corridor mass that the calibrated density still values above the acceptance bar (bar 0.0593)
154,26,"[244, 258]","[3224, 3226]",322684.6153846154,218226.92307692306,B-only,"{""silent"": 5, ""concordant"": 0, ""A-only"": 0, ""B-only"": 21}",20.8779,10.2185,14.8421,2.3633,73.4534,20.9,False,0.98816,"surface-view only: scarp with no field offset; the catalogue was built from this same surface expression, so an uncatalogued scarp here is more likely a road cut, canal levee, quarry face or erosion line than a fault - down-weighted, and emitted only if it clears the metric bar"
999,26,"[1657, 1668]","[1377, 1381]",137992.3076923077,77188.46153846156,B-only,"{""silent"": 0, ""concordant"": 0, ""A-only"": 0, ""B-only"": 26}",146.6514,12.1711,15.2727,1.9997,94.5621,8.55,False,0.98945,"surface-view only: scarp with no field offset; the catalogue was built from this same surface expression, so an uncatalogued scarp here is more likely a road cut, canal levee, quarry face or erosion line than a fault - down-weighted, and emitted only if it clears the metric bar"
1019,26,"[1699, 1711]","[1284, 1291]",129003.84615384614,72961.53846153844,silent,"{""silent"": 26, ""concordant"": 0, ""A-only"": 0, ""B-only"": 0}",386.6029,5.9994,10.5792,2.1899,293.4513,15.16,False,0.98812,neither view is in its confident tail; emitted on corridor mass that the calibrated density still values above the acceptance bar (bar 0.0593)
1433,26,"[3281, 3288]","[1675, 1678]",167796.15384615384,-85150.0,B-only,"{""silent"": 2, ""concordant"": 0, ""A-only"": 0, ""B-only"": 24}",354.9536,8.3009,11.1683,2.298,36.9213,7.95,False,0.99268,"surface-view only: scarp with no field offset; the catalogue was built from this same surface expression, so an uncatalogued scarp here is more likely a road cut, canal levee, quarry face or erosion line than a fault - down-weighted, and emitted only if it clears the metric bar"
32,25,"[4, 17]","[2701, 2709]",270622.0,242216.0,B-only,"{""silent"": 14, ""concordant"": 0, ""A-only"": 0, ""B-only"": 11}",14.1051,6.3326,14.4356,2.3666,335.0025,31.26,False,0.98974,"surface-view only: scarp with no field offset; the catalogue was built from this same surface expression, so an uncatalogued scarp here is more likely a road cut, canal levee, quarry face or erosion line than a fault - down-weighted, and emitted only if it clears the metric bar"
374,25,"[574, 583]","[1264, 1272]",127106.0,185596.0,B-only,"{""silent"": 4, ""concordant"": 0, ""A-only"": 0, ""B-only"": 21}",55.8096,5.4097,9.9537,1.3922,94.3555,41.58,False,0.98671,"surface-view only: scarp with no field offset; the catalogue was built from this same surface expression, so an uncatalogued scarp here is more likely a road cut, canal levee, quarry face or erosion line than a fault - down-weighted, and emitted only if it clears the metric bar"
728,25,"[1111, 1117]","[535, 541]",53986.0,131904.0,B-only,"{""silent"": 3, ""concordant"": 0, ""A-only"": 0, ""B-only"": 22}",385.3304,8.5366,12.7165,2.4149,182.8583,9.42,False,0.98871,"surface-view only: scarp with no field offset; the catalogue was built from this same surface expression, so an uncatalogued scarp here is more likely a road cut, canal levee, quarry face or erosion line than a fault - down-weighted, and emitted only if it clears the metric bar"
831,25,"[1319, 1325]","[411, 419]",41582.0,111056.0,B-only,"{""silent"": 0, ""concordant"": 0, ""A-only"": 0, ""B-only"": 25}",1053.197,12.7939,14.0048,1.1263,243.6969,51.95,False,0.98778,"surface-view only: scarp with no field offset; the catalogue was built from this same surface expression, so an uncatalogued scarp here is more likely a road cut, canal levee, quarry face or erosion line than a fault - down-weighted, and emitted only if it clears the metric bar"
845,25,"[1350, 1359]","[1653, 1659]",165678.0,107864.0,B-only,"{""silent"": 3, ""concordant"": 0, ""A-only"": 0, ""B-only"": 22}",240.7061,8.6755,11.5592,0.9878,72.714,19.23,False,0.98881,"surface-view only: scarp with no field offset; the catalogue was built from this same surface expression, so an uncatalogued scarp here is more likely a road cut, canal levee, quarry face or erosion line than a fault - down-weighted, and emitted only if it clears the metric bar"
985,25,"[1628, 1637]","[1262, 1269]",126646.0,80064.0,B-only,"{""silent"": 1, ""concordant"": 0, ""A-only"": 0, ""B-only"": 24}",925.3209,7.034,12.3561,1.2258,279.8079,12.56,False,0.98682,"surface-view only: scarp with no field offset; the catalogue was built from this same surface expression, so an uncatalogued scarp here is more likely a road cut, canal levee, quarry face or erosion line than a fault - down-weighted, and emitted only if it clears the metric bar"
1305,25,"[2969, 2975]","[1583, 1592]",158962.0,-53864.0,B-only,"{""silent"": 0, ""concordant"": 0, ""A-only"": 0, ""B-only"": 25}",537.6321,7.2206,11.2704,1.0973,247.7455,13.21,False,0.98734,"surface-view only: scarp with no field offset; the catalogue was built from this same surface expression, so an uncatalogued scarp here is more likely a road cut, canal levee, quarry face or erosion line than a fault - down-weighted, and emitted only if it clears the metric bar"
558,24,"[799, 806]","[1851, 1855]",185387.5,163162.5,B-only,"{""silent"": 17, ""concordant"": 0, ""A-only"": 0, ""B-only"": 7}",523.6285,6.0332,12.1867,5.1559,143.7386,2.71,False,0.99101,"surface-view only: scarp with no field offset; the catalogue was built from this same surface expression, so an uncatalogued scarp here is more likely a road cut, canal levee, quarry face or erosion line than a fault - down-weighted, and emitted only if it clears the metric bar"
953,24,"[1584, 1591]","[594, 601]",59958.333333333336,84504.16666666669,B-only,"{""silent"": 5, ""concordant"": 0, ""A-only"": 0, ""B-only"": 19}",777.851,2.0449,8.6172,3.0217,104.8623,25.25,False,0.99017,"surface-view only: scarp with no field offset; the catalogue was built from this same surface expression, so an uncatalogued scarp here is more likely a road cut, canal levee, quarry face or erosion line than a fault - down-weighted, and emitted only if it clears the metric bar"
1256,24,"[2746, 2756]","[2006, 2013]",201120.8333333333,-31745.833333333372,B-only,"{""silent"": 0, ""concordant"": 0, ""A-only"": 0, ""B-only"": 24}",199.506,7.0423,13.593,1.0806,38.2654,136.64,False,0.9873,"surface-view only: scarp with no field offset; the catalogue was built from this same surface expression, so an uncatalogued scarp here is more likely a road cut, canal levee, quarry face or erosion line than a fault - down-weighted, and emitted only if it clears the metric bar"
1396,24,"[3207, 3213]","[1911, 1920]",191741.6666666667,-77691.66666666663,B-only,"{""silent"": 0, ""concordant"": 0, ""A-only"": 0, ""B-only"": 24}",73.2898,12.4429,17.6653,2.0489,5.1649,81.39,False,0.98824,"surface-view only: scarp with no field offset; the catalogue was built from this same surface expression, so an uncatalogued scarp here is more likely a road cut, canal levee, quarry face or erosion line than a fault - down-weighted, and emitted only if it clears the metric bar"
242,23,"[423, 432]","[2393, 2398]",239806.52173913046,200560.8695652174,B-only,"{""silent"": 0, ""concordant"": 0, ""A-only"": 0, ""B-only"": 23}",59.1326,4.8249,10.5909,0.9956,12.5093,33.85,False,0.98792,"surface-view only: scarp with no field offset; the catalogue was built from this same surface expression, so an uncatalogued scarp here is more likely a road cut, canal levee, quarry face or erosion line than a fault - down-weighted, and emitted only if it clears the metric bar"
323,23,"[520, 537]","[855, 858]",85854.34782608696,190408.69565217392,concordant,"{""silent"": 4, ""concordant"": 7, ""A-only"": 7, ""B-only"": 5}",384.1993,3.9487,12.9038,5.6672,15.9546,8.01,False,0.98951,"both views agree: continuation of a mapped structure beyond the end or the side of the mapped trace, the case where the catalogue is truncated by mapping convention rather than by data"
378,23,"[577, 583]","[253, 261]",25832.608695652176,185286.95652173914,B-only,"{""silent"": 0, ""concordant"": 0, ""A-only"": 0, ""B-only"": 23}",36.4531,3.8324,9.9179,0.9195,106.0553,20.33,False,0.98811,"surface-view only: scarp with no field offset; the catalogue was built from this same surface expression, so an uncatalogued scarp here is more likely a road cut, canal levee, quarry face or erosion line than a fault - down-weighted, and emitted only if it clears the metric bar"
411,23,"[606, 614]","[2216, 2224]",222202.1739130435,182295.65217391303,B-only,"{""silent"": 5, ""concordant"": 0, ""A-only"": 0, ""B-only"": 18}",1478.2218,9.3781,18.9569,1.8097,54.8313,44.56,False,0.98998,"surface-view only: scarp with no field offset; the catalogue was built from this same surface expression, so an uncatalogued scarp here is more likely a road cut, canal levee, quarry face or erosion line than a fault - down-weighted, and emitted only if it clears the metric bar"
595,23,"[854, 858]","[1796, 1805]",180210.8695652174,157743.47826086957,B-only,"{""silent"": 14, ""concordant"": 0, ""A-only"": 0, ""B-only"": 9}",211.8761,2.7172,10.5487,3.0962,116.4538,5.11,False,0.98974,"surface-view only: scarp with no field offset; the catalogue was built from this same surface expression, so an uncatalogued scarp here is more likely a road cut, canal levee, quarry face or erosion line than a fault - down-weighted, and emitted only if it clears the metric bar"
659,23,"[918, 922]","[287, 296]",29197.82608695652,151334.78260869565,B-only,"{""silent"": 0, ""concordant"": 0, ""A-only"": 0, ""B-only"": 23}",35.9934,7.6923,12.6349,2.1639,81.7246,23.22,False,0.98631,"surface-view only: scarp with no field offset; the catalogue was built from this same surface expression, so an uncatalogued scarp here is more likely a road cut, canal levee, quarry face or erosion line than a fault - down-weighted, and emitted only if it clears the metric bar"
748,23,"[1187, 1195]","[685, 691]",68936.95652173912,124204.34782608695,B-only,"{""silent"": 0, ""concordant"": 0, ""A-only"": 0, ""B-only"": 23}",461.0823,2.5942,9.9971,1.9129,121.914,34.9,False,0.98681,"surface-view only: scarp with no field offset; the catalogue was built from this same surface expression, so an uncatalogued scarp here is more likely a road cut, canal levee, quarry face or erosion line than a fault - down-weighted, and emitted only if it clears the metric bar"
150,22,"[236, 246]","[464, 466]",46636.36363636364,219186.36363636365,B-only,"{""silent"": 6, ""concordant"": 0, ""A-only"": 0, ""B-only"": 16}",1061.0533,5.7505,10.3856,2.8329,123.4826,85.83,False,0.98771,"surface-view only: scarp with no field offset; the catalogue was built from this same surface expression, so an uncatalogued scarp here is more likely a road cut, canal levee, quarry face or erosion line than a fault - down-weighted, and emitted only if it clears the metric bar"
172,22,"[291, 297]","[318, 325]",32354.545454545456,213900.0,B-only,"{""silent"": 0, ""concordant"": 0, ""A-only"": 0, ""B-only"": 22}",1092.9344,8.12,12.5966,2.4365,37.9516,10.45,False,0.98617,"surface-view only: scarp with no field offset; the catalogue was built from this same surface expression, so an uncatalogued scarp here is more likely a road cut, canal levee, quarry face or erosion line than a fault - down-weighted, and emitted only if it clears the metric bar"
710,22,"[1049, 1060]","[1029, 1035]",103327.27272727272,137818.18181818182,B-only,"{""silent"": 1, ""concordant"": 0, ""A-only"": 0, ""B-only"": 21}",308.7229,5.1496,11.3164,1.6114,401.5622,28.2,False,0.9871,"surface-view only: scarp with no field offset; the catalogue was built from this same surface expression, so an uncatalogued scarp here is more likely a road cut, canal levee, quarry face or erosion line than a fault - down-weighted, and emitted only if it clears the metric bar"
764,22,"[1223, 1227]","[560, 570]",56645.45454545455,120795.45454545454,B-only,"{""silent"": 1, ""concordant"": 0, ""A-only"": 0, ""B-only"": 21}",105.9514,3.4827,9.5561,2.2417,132.4182,13.96,False,0.98892,"surface-view only: scarp with no field offset; the catalogue was built from this same surface expression, so an uncatalogued scarp here is more likely a road cut, canal levee, quarry face or erosion line than a fault - down-weighted, and emitted only if it clears the metric bar"
991,22,"[1635, 1645]","[525, 534]",53127.27272727273,79313.63636363638,concordant,"{""silent"": 0, ""concordant"": 11, ""A-only"": 2, ""B-only"": 9}",1241.6439,10.6119,16.3611,14.0826,393.6975,1.47,False,0.99202,"both views agree: continuation of a mapped structure beyond the end or the side of the mapped trace, the case where the catalogue is truncated by mapping convention rather than by data"
1365,22,"[3139, 3145]","[2145, 2155]",215195.45454545456,-70868.18181818182,B-only,"{""silent"": 0, ""concordant"": 0, ""A-only"": 0, ""B-only"": 22}",11.9957,9.7059,14.2918,2.0541,9.2426,14.34,False,0.98698,"surface-view only: scarp with no field offset; the catalogue was built from this same surface expression, so an uncatalogued scarp here is more likely a road cut, canal levee, quarry face or erosion line than a fault - down-weighted, and emitted only if it clears the metric bar"
1380,22,"[3180, 3191]","[2001, 2005]",200381.81818181818,-75268.18181818182,B-only,"{""silent"": 0, ""concordant"": 0, ""A-only"": 0, ""B-only"": 22}",2244.655,3.3956,7.7409,2.8461,14.3242,25.96,False,0.98593,"surface-view only: scarp with no field offset; the catalogue was built from this same surface expression, so an uncatalogued scarp here is more likely a road cut, canal levee, quarry face or erosion line than a fault - down-weighted, and emitted only if it clears the metric bar"
1531,22,"[3582, 3589]","[1812, 1819]",181795.45454545456,-115222.72727272724,B-only,"{""silent"": 0, ""concordant"": 0, ""A-only"": 0, ""B-only"": 22}",134.4686,4.4886,8.8805,1.1467,24.3105,39.97,False,0.98633,"surface-view only: scarp with no field offset; the catalogue was built from this same surface expression, so an uncatalogued scarp here is more likely a road cut, canal levee, quarry face or erosion line than a fault - down-weighted, and emitted only if it clears the metric bar"
38,21,"[17, 24]","[1520, 1526]",152397.61904761902,241290.47619047618,B-only,"{""silent"": 0, ""concordant"": 0, ""A-only"": 0, ""B-only"": 21}",124.3839,7.1065,12.6181,2.9401,158.5425,88.47,False,0.98665,"surface-view only: scarp with no field offset; the catalogue was built from this same surface expression, so an uncatalogued scarp here is more likely a road cut, canal levee, quarry face or erosion line than a fault - down-weighted, and emitted only if it clears the metric bar"
238,21,"[418, 426]","[2343, 2348]",234773.80952380953,201128.57142857142,B-only,"{""silent"": 15, ""concordant"": 0, ""A-only"": 0, ""B-only"": 6}",96.4676,7.7616,11.0196,1.2419,137.4111,11.95,False,0.98697,"surface-view only: scarp with no field offset; the catalogue was built from this same surface expression, so an uncatalogued scarp here is more likely a road cut, canal levee, quarry face or erosion line than a fault - down-weighted, and emitted only if it clears the metric bar"
398,21,"[593, 601]","[2410, 2415]",241459.52380952382,183595.2380952381,B-only,"{""silent"": 0, ""concordant"": 0, ""A-only"": 0, ""B-only"": 21}",2785.8425,5.5434,11.5027,0.994,137.0484,18.48,False,0.98786,"surface-view only: scarp with no field offset; the catalogue was built from this same surface expression, so an uncatalogued scarp here is more likely a road cut, canal levee, quarry face or erosion line than a fault - down-weighted, and emitted only if it clears the metric bar"
477,21,"[694, 699]","[2099, 2104]",210383.33333333334,173566.66666666666,B-only,"{""silent"": 0, ""concordant"": 0, ""A-only"": 0, ""B-only"": 21}",455.4543,2.7544,13.0098,2.0927,41.5895,7.92,False,0.99112,"surface-view only: scarp with no field offset; the catalogue was built from this same surface expression, so an uncatalogued scarp here is more likely a road cut, canal levee, quarry face or erosion line than a fault - down-weighted, and emitted only if it clears the metric bar"
670,21,"[927, 933]","[68, 72]",7121.428571428571,150314.2857142857,B-only,"{""silent"": 9, ""concordant"": 0, ""A-only"": 0, ""B-only"": 12}",45.0212,7.2165,11.0392,0.9662,38.5544,14.71,False,0.98629,"surface-view only: scarp with no field offset; the catalogue was built from this same surface expression, so an uncatalogued scarp here is more likely a road cut, canal levee, quarry face or erosion line than a fault - down-weighted, and emitted only if it clears the metric bar"
923,21,"[1550, 1557]","[1159, 1163]",116254.76190476191,87914.28571428571,B-only,"{""silent"": 0, ""concordant"": 0, ""A-only"": 0, ""B-only"": 21}",247.042,5.5349,12.0332,0.6106,502.0992,22.24,False,0.98586,"surface-view only: scarp with no field offset; the catalogue was built from this same surface expression, so an uncatalogued scarp here is more likely a road cut, canal levee, quarry face or erosion line than a fault - down-weighted, and emitted only if it clears the metric bar"
942,21,"[1570, 1577]","[505, 509]",50816.66666666667,85914.28571428571,concordant,"{""silent"": 0, ""concordant"": 13, ""A-only"": 5, ""B-only"": 3}",1127.0433,2.6986,8.3462,2.9308,226.6661,8.68,False,0.9898,"both views agree: continuation of a mapped structure beyond the end or the side of the mapped trace, the case where the catalogue is truncated by mapping convention rather than by data"
1029,21,"[1877, 1879]","[1127, 1138]",113311.90476190476,55480.952380952396,B-only,"{""silent"": 0, ""concordant"": 0, ""A-only"": 0, ""B-only"": 21}",348.1107,7.1838,11.4247,1.27,154.5665,21.53,False,0.98626,"surface-view only: scarp with no field offset; the catalogue was built from this same surface expression, so an uncatalogued scarp here is more likely a road cut, canal levee, quarry face or erosion line than a fault - down-weighted, and emitted only if it clears the metric bar"
1167,21,"[2353, 2360]","[1317, 1326]",132240.47619047618,7642.8571428571595,B-only,"{""silent"": 0, ""concordant"": 0, ""A-only"": 0, ""B-only"": 21}",19.3795,6.8615,12.1013,0.5923,249.8116,17.1,False,0.98925,"surface-view only: scarp with no field offset; the catalogue was built from this same surface expression, so an uncatalogued scarp here is more likely a road cut, canal levee, quarry face or erosion line than a fault - down-weighted, and emitted only if it clears the metric bar"
1169,21,"[2363, 2368]","[1511, 1517]",151507.14285714287,6752.380952380976,B-only,"{""silent"": 0, ""concordant"": 0, ""A-only"": 0, ""B-only"": 21}",93.1507,9.9494,12.8958,1.3435,380.8145,11.09,False,0.98859,"surface-view only: scarp with no field offset; the catalogue was built from this same surface expression, so an uncatalogued scarp here is more likely a road cut, canal levee, quarry face or erosion line than a fault - down-weighted, and emitted only if it clears the metric bar"
1294,21,"[2934, 2936]","[1576, 1591]",158440.47619047618,-50166.66666666663,A-only,"{""silent"": 0, ""concordant"": 1, ""A-only"": 11, ""B-only"": 9}",287.8799,8.9838,14.4218,11.2701,68.7543,1.67,False,0.9862,"field-view only: potential-field offset (gravity step 11.270, magnetic step 68.754) with no corresponding scarp (surface rank 14.422); cover depth rank 287.880 is deep enough that a scarp would be buried, so this is a buried range-front fault the LiDAR-derived catalogue cannot contain"
1317,21,"[3028, 3034]","[1757, 1763]",176145.2380952381,-59771.42857142858,B-only,"{""silent"": 1, ""concordant"": 8, ""A-only"": 0, ""B-only"": 12}",695.0795,6.5569,10.9454,4.7008,34.9136,12.31,False,0.98678,"surface-view only: scarp with no field offset; the catalogue was built from this same surface expression, so an uncatalogued scarp here is more likely a road cut, canal levee, quarry face or erosion line than a fault - down-weighted, and emitted only if it clears the metric bar"
1528,21,"[3561, 3573]","[2090, 2102]",209816.66666666666,-113276.19047619047,silent,"{""silent"": 21, ""concordant"": 0, ""A-only"": 0, ""B-only"": 0}",19.9143,13.6654,14.7953,8.0082,88.8476,1.84,False,0.98891,neither view is in its confident tail; emitted on corridor mass that the calibrated density still values above the acceptance bar (bar 0.0593)
88,20,"[138, 143]","[2582, 2589]",258665.0,229225.0,B-only,"{""silent"": 0, ""concordant"": 0, ""A-only"": 0, ""B-only"": 20}",120.6062,5.2545,9.6741,3.4185,77.0152,50.75,False,0.98737,"surface-view only: scarp with no field offset; the catalogue was built from this same surface expression, so an uncatalogued scarp here is more likely a road cut, canal levee, quarry face or erosion line than a fault - down-weighted, and emitted only if it clears the metric bar"
233,20,"[414, 423]","[284, 287]",28650.0,201480.0,B-only,"{""silent"": 13, ""concordant"": 0, ""A-only"": 0, ""B-only"": 7}",246.6584,3.9711,9.2612,1.2085,127.9043,27.13,False,0.98627,"surface-view only: scarp with no field offset; the catalogue was built from this same surface expression, so an uncatalogued scarp here is more likely a road cut, canal levee, quarry face or erosion line than a fault - down-weighted, and emitted only if it clears the metric bar"
601,20,"[856, 859]","[38, 48]",4500.0,157575.0,A-only,"{""silent"": 9, ""concordant"": 0, ""A-only"": 11, ""B-only"": 0}",341.0609,5.6116,14.0436,21.9064,95.5335,2.59,False,0.98831,"field-view only: potential-field offset (gravity step 21.906, magnetic step 95.534) with no corresponding scarp (surface rank 14.044); cover depth rank 341.061 is deep enough that a scarp would be buried, so this is a buried range-front fault the LiDAR-derived catalogue cannot contain"
687,20,"[986, 993]","[734, 738]",73740.0,144360.0,B-only,"{""silent"": 0, ""concordant"": 0, ""A-only"": 0, ""B-only"": 20}",979.1631,8.5468,15.7107,2.3279,176.0935,25.82,False,0.9866,"surface-view only: scarp with no field offset; the catalogue was built from this same surface expression, so an uncatalogued scarp here is more likely a road cut, canal levee, quarry face or erosion line than a fault - down-weighted, and emitted only if it clears the metric bar"
789,20,"[1254, 1257]","[373, 384]",37935.0,117734.99999999999,B-only,"{""silent"": 0, ""concordant"": 0, ""A-only"": 0, ""B-only"": 20}",1449.9072,4.6767,9.2691,0.3148,191.9439,32.68,False,0.98647,"surface-view only: scarp with no field offset; the catalogue was built from this same surface expression, so an uncatalogued scarp here is more likely a road cut, canal levee, quarry face or erosion line than a fault - down-weighted, and emitted only if it clears the metric bar"
919,20,"[1549, 1556]","[541, 546]",54535.0,88045.0,B-only,"{""silent"": 0, ""concordant"": 0, ""A-only"": 0, ""B-only"": 20}",1030.1941,5.4447,10.78,1.776,57.0683,9.86,False,0.98948,"surface-view only: scarp with no field offset; the catalogue was built from this same surface expression, so an uncatalogued scarp here is more likely a road cut, canal levee, quarry face or erosion line than a fault - down-weighted, and emitted only if it clears the metric bar"
1360,20,"[3128, 3133]","[1602, 1606]",160570.0,-69740.0,silent,"{""silent"": 20, ""concordant"": 0, ""A-only"": 0, ""B-only"": 0}",1370.8694,4.7763,8.8213,2.8364,43.5723,56.18,False,0.98589,neither view is in its confident tail; emitted on corridor mass that the calibrated density still values above the acceptance bar (bar 0.0593)
1375,20,"[3164, 3170]","[1433, 1442]",143880.0,-73400.0,A-only,"{""silent"": 0, ""concordant"": 3, ""A-only"": 17, ""B-only"": 0}",4.3255,13.6604,17.6022,14.1974,213.5039,2.36,False,0.98798,"field-view only: potential-field offset (gravity step 14.197, magnetic step 213.504) with no corresponding scarp (surface rank 17.602); cover depth rank 4.325 is deep enough that a scarp would be buried, so this is a buried range-front fault the LiDAR-derived catalogue cannot contain"
1453,20,"[3304, 3307]","[1666, 1675]",167160.0,-87215.0,B-only,"{""silent"": 0, ""concordant"": 0, ""A-only"": 0, ""B-only"": 20}",52.1786,9.3512,9.7601,1.511,46.6848,17.79,False,0.9859,"surface-view only: scarp with no field offset; the catalogue was built from this same surface expression, so an uncatalogued scarp here is more likely a road cut, canal levee, quarry face or erosion line than a fault - down-weighted, and emitted only if it clears the metric bar"
50,19,"[67, 75]","[623, 628]",62665.789473684206,236200.0,B-only,"{""silent"": 0, ""concordant"": 0, ""A-only"": 0, ""B-only"": 19}",91.7198,8.2029,13.1938,0.5974,215.2422,37.71,False,0.98631,"surface-view only: scarp with no field offset; the catalogue was built from this same surface expression, so an uncatalogued scarp here is more likely a road cut, canal levee, quarry face or erosion line than a fault - down-weighted, and emitted only if it clears the metric bar"
182,19,"[333, 338]","[1000, 1010]",100660.52631578947,209763.15789473685,B-only,"{""silent"": 0, ""concordant"": 0, ""A-only"": 0, ""B-only"": 19}",5.0416,11.9019,15.2021,1.4974,456.3272,18.85,False,0.98789,"surface-view only: scarp with no field offset; the catalogue was built from this same surface expression, so an uncatalogued scarp here is more likely a road cut, canal levee, quarry face or erosion line than a fault - down-weighted, and emitted only if it clears the metric bar"
208,19,"[373, 379]","[2388, 2397]",239476.31578947365,205673.68421052632,B-only,"{""silent"": 2, ""concordant"": 0, ""A-only"": 0, ""B-only"": 17}",62.3992,6.9545,11.0599,1.0464,214.2417,34.33,False,0.98585,"surface-view only: scarp with no field offset; the catalogue was built from this same surface expression, so an uncatalogued scarp here is more likely a road cut, canal levee, quarry face or erosion line than a fault - down-weighted, and emitted only if it clears the metric bar"
501,19,"[713, 716]","[2848, 2856]",285328.94736842107,171821.05263157893,B-only,"{""silent"": 0, ""concordant"": 0, ""A-only"": 0, ""B-only"": 19}",77.4431,9.9627,14.1316,2.5641,103.1204,13.1,False,0.9868,"surface-view only: scarp with no field offset; the catalogue was built from this same surface expression, so an uncatalogued scarp here is more likely a road cut, canal levee, quarry face or erosion line than a fault - down-weighted, and emitted only if it clears the metric bar"
675,19,"[951, 958]","[302, 306]",30497.36842105263,147773.6842105263,B-only,"{""silent"": 15, ""concordant"": 0, ""A-only"": 0, ""B-only"": 4}",54.8265,7.4101,11.4339,4.182,157.0898,21.96,False,0.98633,"surface-view only: scarp with no field offset; the catalogue was built from this same surface expression, so an uncatalogued scarp here is more likely a road cut, canal levee, quarry face or erosion line than a fault - down-weighted, and emitted only if it clears the metric bar"
840,19,"[1336, 1339]","[270, 280]",27607.894736842103,109526.31578947368,concordant,"{""silent"": 0, ""concordant"": 15, ""A-only"": 4, ""B-only"": 0}",29.2963,7.0906,11.6061,6.331,167.2023,5.36,False,0.98704,"both views agree: continuation of a mapped structure beyond the end or the side of the mapped trace, the case where the catalogue is truncated by mapping convention rather than by data"
1455,19,"[3307, 3320]","[1532, 1536]",153539.47368421053,-87994.73684210522,B-only,"{""silent"": 0, ""concordant"": 6, ""A-only"": 0, ""B-only"": 13}",11.6295,17.8118,14.6907,25.4771,209.8553,1.17,False,0.99115,"surface-view only: scarp with no field offset; the catalogue was built from this same surface expression, so an uncatalogued scarp here is more likely a road cut, canal levee, quarry face or erosion line than a fault - down-weighted, and emitted only if it clears the metric bar"
1500,19,"[3441, 3449]","[1875, 1882]",187976.31578947368,-101189.47368421056,B-only,"{""silent"": 0, ""concordant"": 0, ""A-only"": 0, ""B-only"": 19}",132.3757,4.5726,11.8331,2.8614,101.1312,71.5,False,0.98954,"surface-view only: scarp with no field offset; the catalogue was built from this same surface expression, so an uncatalogued scarp here is more likely a road cut, canal levee, quarry face or erosion line than a fault - down-weighted, and emitted only if it clears the metric bar"
115,18,"[166, 174]","[3285, 3289]",328844.44444444444,226283.33333333334,B-only,"{""silent"": 15, ""concordant"": 0, ""A-only"": 0, ""B-only"": 3}",347.3812,3.903,9.1345,2.1442,78.2299,97.26,False,0.98531,"surface-view only: scarp with no field offset; the catalogue was built from this same surface expression, so an uncatalogued scarp here is more likely a road cut, canal levee, quarry face or erosion line than a fault - down-weighted, and emitted only if it clears the metric bar"
308,18,"[501, 507]","[2430, 2433]",243272.22222222222,192877.77777777778,B-only,"{""silent"": 6, ""concordant"": 0, ""A-only"": 0, ""B-only"": 12}",1618.0875,7.1293,10.5163,1.7416,38.5378,39.44,False,0.98853,"surface-view only: scarp with no field offset; the catalogue was built from this same surface expression, so an uncatalogued scarp here is more likely a road cut, canal levee, quarry face or erosion line than a fault - down-weighted, and emitted only if it clears the metric bar"
466,18,"[677, 684]","[533, 535]",53527.77777777778,175272.22222222222,B-only,"{""silent"": 2, ""concordant"": 0, ""A-only"": 0, ""B-only"": 16}",324.4534,6.4474,10.3322,1.1588,102.9159,71.85,False,0.98838,"surface-view only: scarp with no field offset; the catalogue was built from this same surface expression, so an uncatalogued scarp here is more likely a road cut, canal levee, quarry face or erosion line than a fault - down-weighted, and emitted only if it clears the metric bar"
680,18,"[967, 972]","[41, 46]",4566.666666666666,146394.44444444444,A-only,"{""silent"": 12, ""concordant"": 1, ""A-only"": 3, ""B-only"": 2}",0.9235,11.4858,16.5007,18.5244,182.3916,1.8,False,0.99092,"field-view only: potential-field offset (gravity step 18.524, magnetic step 182.392) with no corresponding scarp (surface rank 16.501); cover depth rank 0.923 is deep enough that a scarp would be buried, so this is a buried range-front fault the LiDAR-derived catalogue cannot contain"
993,18,"[1636, 1640]","[1370, 1375]",137433.3333333333,79500.0,B-only,"{""silent"": 0, ""concordant"": 0, ""A-only"": 0, ""B-only"": 18}",32.0509,7.5664,12.3882,2.1366,53.5495,20.24,False,0.98812,"surface-view only: scarp with no field offset; the catalogue was built from this same surface expression, so an uncatalogued scarp here is more likely a road cut, canal levee, quarry face or erosion line than a fault - down-weighted, and emitted only if it clears the metric bar"
1017,18,"[1697, 1704]","[1054, 1059]",105800.0,73244.44444444444,B-only,"{""silent"": 11, ""concordant"": 0, ""A-only"": 0, ""B-only"": 7}",91.9512,3.4242,10.9855,2.0345,184.4172,52.53,False,0.98742,"surface-view only: scarp with no field offset; the catalogue was built from this same surface expression, so an uncatalogued scarp here is more likely a road cut, canal levee, quarry face or erosion line than a fault - down-weighted, and emitted only if it clears the metric bar"
1233,18,"[2550, 2552]","[1290, 1297]",129527.77777777778,-11772.222222222219,B-only,"{""silent"": 11, ""concordant"": 0, ""A-only"": 3, ""B-only"": 4}",49.5136,6.1629,13.5478,2.392,298.9905,8.2,False,0.98923,"surface-view only: scarp with no field offset; the catalogue was built from this same surface expression, so an uncatalogued scarp here is more likely a road cut, canal levee, quarry face or erosion line than a fault - down-weighted, and emitted only if it clears the metric bar"
1297,18,"[2941, 2950]","[1400, 1405]",140411.1111111111,-51238.888888888876,concordant,"{""silent"": 0, ""concordant"": 8, ""A-only"": 4, ""B-only"": 6}",161.1978,8.0926,12.7923,1.7227,22.9898,13.39,False,0.98617,"both views agree: continuation of a mapped structure beyond the end or the side of the mapped trace, the case where the catalogue is truncated by mapping convention rather than by data"
1462,18,"[3325, 3330]","[1652, 1657]",165588.8888888889,-89427.77777777781,B-only,"{""silent"": 2, ""concordant"": 0, ""A-only"": 0, ""B-only"": 16}",140.0879,5.0437,9.9614,2.6979,50.8703,8.8,False,0.98976,"surface-view only: scarp with no field offset; the catalogue was built from this same surface expression, so an uncatalogued scarp here is more likely a road cut, canal levee, quarry face or erosion line than a fault - down-weighted, and emitted only if it clears the metric bar"
84,17,"[135, 140]","[2559, 2563]",256226.4705882353,229535.29411764705,B-only,"{""silent"": 3, ""concordant"": 0, ""A-only"": 0, ""B-only"": 14}",16.401,7.1643,10.6646,1.0875,95.6387,47.78,False,0.98612,"surface-view only: scarp with no field offset; the catalogue was built from this same surface expression, so an uncatalogued scarp here is more likely a road cut, canal levee, quarry face or erosion line than a fault - down-weighted, and emitted only if it clears the metric bar"
275,17,"[467, 474]","[320, 322]",32226.470588235294,196205.88235294117,B-only,"{""silent"": 16, ""concordant"": 0, ""A-only"": 0, ""B-only"": 1}",286.8653,4.535,9.1455,1.3328,116.6796,27.89,False,0.98584,"surface-view only: scarp with no field offset; the catalogue was built from this same surface expression, so an uncatalogued scarp here is more likely a road cut, canal levee, quarry face or erosion line than a fault - down-weighted, and emitted only if it clears the metric bar"
430,17,"[623, 628]","[2383, 2387]",238644.11764705883,180700.0,B-only,"{""silent"": 12, ""concordant"": 0, ""A-only"": 0, ""B-only"": 5}",976.855,7.3274,10.6614,1.1781,49.9846,8.83,False,0.9906,"surface-view only: scarp with no field offset; the catalogue was built from this same surface expression, so an uncatalogued scarp here is more likely a road cut, canal levee, quarry face or erosion line than a fault - down-weighted, and emitted only if it clears the metric bar"
521,17,"[757, 766]","[1873, 1878]",187744.11764705883,167176.4705882353,silent,"{""silent"": 17, ""concordant"": 0, ""A-only"": 0, ""B-only"": 0}",758.6783,3.5001,9.5631,3.4989,76.2764,5.0,False,0.98657,neither view is in its confident tail; emitted on corridor mass that the calibrated density still values above the acceptance bar (bar 0.0593)
834,17,"[1325, 1332]","[430, 434]",43332.35294117647,110441.17647058825,B-only,"{""silent"": 10, ""concordant"": 0, ""A-only"": 0, ""B-only"": 7}",968.4552,6.786,11.1458,0.6525,424.0127,38.43,False,0.98818,"surface-view only: scarp with no field offset; the catalogue was built from this same surface expression, so an uncatalogued scarp here is more likely a road cut, canal levee, quarry face or erosion line than a fault - down-weighted, and emitted only if it clears the metric bar"
854,17,"[1364, 1372]","[1356, 1358]",135838.23529411765,106405.88235294117,B-only,"{""silent"": 4, ""concordant"": 0, ""A-only"": 0, ""B-only"": 13}",617.4692,7.9846,13.0949,1.3749,53.1269,10.83,False,0.98954,"surface-view only: scarp with no field offset; the catalogue was built from this same surface expression, so an uncatalogued scarp here is more likely a road cut, canal levee, quarry face or erosion line than a fault - down-weighted, and emitted only if it clears the metric bar"
892,17,"[1469, 1472]","[1159, 1167]",116420.58823529413,96200.0,B-only,"{""silent"": 0, ""concordant"": 0, ""A-only"": 0, ""B-only"": 17}",36.3558,2.8534,10.6729,0.8639,87.4077,16.52,False,0.98914,"surface-view only: scarp with no field offset; the catalogue was built from this same surface expression, so an uncatalogued scarp here is more likely a road cut, canal levee, quarry face or erosion line than a fault - down-weighted, and emitted only if it clears the metric bar"
1148,17,"[2247, 2254]","[1141, 1148]",114532.35294117646,18276.4705882353,B-only,"{""silent"": 1, ""concordant"": 0, ""A-only"": 0, ""B-only"": 16}",257.7263,7.7408,9.7175,2.1573,50.6661,82.48,False,0.98644,"surface-view only: scarp with no field offset; the catalogue was built from this same surface expression, so an uncatalogued scarp here is more likely a road cut, canal levee, quarry face or erosion line than a fault - down-weighted, and emitted only if it clears the metric bar"
1275,17,"[2893, 2895]","[2167, 2177]",217379.4117647059,-46082.352941176505,B-only,"{""silent"": 0, ""concordant"": 0, ""A-only"": 0, ""B-only"": 17}",770.6757,5.1145,11.061,2.5519,104.1583,16.33,False,0.98629,"surface-view only: scarp with no field offset; the catalogue was built from this same surface expression, so an uncatalogued scarp here is more likely a road cut, canal levee, quarry face or erosion line than a fault - down-weighted, and emitted only if it clears the metric bar"
1283,17,"[2914, 2916]","[2004, 2012]",200891.17647058825,-48229.4117647059,B-only,"{""silent"": 0, ""concordant"": 0, ""A-only"": 0, ""B-only"": 17}",72.4188,7.2326,11.5705,0.7731,42.5017,70.85,False,0.98695,"surface-view only: scarp with no field offset; the catalogue was built from this same surface expression, so an uncatalogued scarp here is more likely a road cut, canal levee, quarry face or erosion line than a fault - down-weighted, and emitted only if it clears the metric bar"
142,16,"[214, 216]","[2878, 2886]",288312.5,221843.75,B-only,"{""silent"": 11, ""concordant"": 0, ""A-only"": 0, ""B-only"": 5}",308.8274,5.8927,10.2123,0.455,88.8605,22.54,False,0.98904,"surface-view only: scarp with no field offset; the catalogue was built from this same surface expression, so an uncatalogued scarp here is more likely a road cut, canal levee, quarry face or erosion line than a fault - down-weighted, and emitted only if it clears the metric bar"
286,16,"[485, 491]","[1814, 1818]",181762.5,194475.0,B-only,"{""silent"": 15, ""concordant"": 0, ""A-only"": 0, ""B-only"": 1}",71.6884,11.1382,11.5022,0.9211,53.6348,9.63,False,0.98687,"surface-view only: scarp with no field offset; the catalogue was built from this same surface expression, so an uncatalogued scarp here is more likely a road cut, canal levee, quarry face or erosion line than a fault - down-weighted, and emitted only if it clears the metric bar"
326,16,"[525, 530]","[2394, 2398]",239787.5,190531.25,B-only,"{""silent"": 3, ""concordant"": 0, ""A-only"": 0, ""B-only"": 13}",1686.451,10.7297,13.2212,3.3248,61.6931,30.53,False,0.98623,"surface-view only: scarp with no field offset; the catalogue was built from this same surface expression, so an uncatalogued scarp here is more likely a road cut, canal levee, quarry face or erosion line than a fault - down-weighted, and emitted only if it clears the metric bar"
359,16,"[563, 570]","[198, 202]",20093.75,186675.0,B-only,"{""silent"": 3, ""concordant"": 0, ""A-only"": 0, ""B-only"": 13}",34.3828,9.8359,12.2423,1.2692,254.5,1.73,False,0.99022,"surface-view only: scarp with no field offset; the catalogue was built from this same surface expression, so an uncatalogued scarp here is more likely a road cut, canal levee, quarry face or erosion line than a fault - down-weighted, and emitted only if it clears the metric bar"
435,16,"[633, 636]","[1998, 2003]",200187.5,179800.0,B-only,"{""silent"": 0, ""concordant"": 0, ""A-only"": 0, ""B-only"": 16}",83.878,4.82,9.1854,2.2869,29.323,17.65,False,0.98979,"surface-view only: scarp with no field offset; the catalogue was built from this same surface expression, so an uncatalogued scarp here is more likely a road cut, canal levee, quarry face or erosion line than a fault - down-weighted, and emitted only if it clears the metric bar"
471,16,"[683, 691]","[471, 475]",47431.25,174618.75,silent,"{""silent"": 16, ""concordant"": 0, ""A-only"": 0, ""B-only"": 0}",137.5694,11.9759,16.9363,2.9664,106.4336,37.1,False,0.98833,neither view is in its confident tail; emitted on corridor mass that the calibrated density still values above the acceptance bar (bar 0.0593)
714,16,"[1058, 1063]","[318, 322]",32175.0,137250.0,B-only,"{""silent"": 2, ""concordant"": 0, ""A-only"": 0, ""B-only"": 14}",383.8781,6.8401,12.7368,1.2859,179.8129,10.61,False,0.9897,"surface-view only: scarp with no field offset; the catalogue was built from this same surface expression, so an uncatalogued scarp here is more likely a road cut, canal levee, quarry face or erosion line than a fault - down-weighted, and emitted only if it clears the metric bar"
1234,16,"[2553, 2557]","[1298, 1303]",130156.25,-12168.75,A-only,"{""silent"": 0, ""concordant"": 0, ""A-only"": 16, ""B-only"": 0}",47.7012,9.0536,15.1572,4.9012,361.8595,4.31,False,0.98828,"field-view only: potential-field offset (gravity step 4.901, magnetic step 361.860) with no corresponding scarp (surface rank 15.157); cover depth rank 47.701 is deep enough that a scarp would be buried, so this is a buried range-front fault the LiDAR-derived catalogue cannot contain"
1355,16,"[3108, 3116]","[1618, 1625]",162393.75,-67937.5,B-only,"{""silent"": 14, ""concordant"": 0, ""A-only"": 0, ""B-only"": 2}",917.8112,4.3263,9.1751,3.9847,37.4315,74.42,False,0.98841,"surface-view only: scarp with no field offset; the catalogue was built from this same surface expression, so an uncatalogued scarp here is more likely a road cut, canal levee, quarry face or erosion line than a fault - down-weighted, and emitted only if it clears the metric bar"
1439,16,"[3286, 3295]","[1740, 1744]",174268.75,-85675.0,B-only,"{""silent"": 1, ""concordant"": 0, ""A-only"": 0, ""B-only"": 15}",96.9431,11.9163,14.0976,0.4437,48.432,9.4,False,0.98795,"surface-view only: scarp with no field offset; the catalogue was built from this same surface expression, so an uncatalogued scarp here is more likely a road cut, canal levee, quarry face or erosion line than a fault - down-weighted, and emitted only if it clears the metric bar"
1480,16,"[3373, 3383]","[2256, 2264]",226143.75,-94475.0,B-only,"{""silent"": 11, ""concordant"": 0, ""A-only"": 0, ""B-only"": 5}",75.158,18.7019,17.9521,6.0632,74.3259,1.78,False,0.99098,"surface-view only: scarp with no field offset; the catalogue was built from this same surface expression, so an uncatalogued scarp here is more likely a road cut, canal levee, quarry face or erosion line than a fault - down-weighted, and emitted only if it clears the metric bar"
9,15,"[0, 1]","[2113, 2126]",212136.6666666667,243293.33333333334,B-only,"{""silent"": 0, ""concordant"": 0, ""A-only"": 0, ""B-only"": 15}",96.4654,20.35,18.1023,8.512,22.8259,13.11,False,0.99205,"surface-view only: scarp with no field offset; the catalogue was built from this same surface expression, so an uncatalogued scarp here is more likely a road cut, canal levee, quarry face or erosion line than a fault - down-weighted, and emitted only if it clears the metric bar"
96,15,"[149, 157]","[3020, 3027]",302483.3333333334,227960.0,B-only,"{""silent"": 0, ""concordant"": 0, ""A-only"": 0, ""B-only"": 15}",45.6545,1.0093,9.0451,0.9323,38.0234,21.33,False,0.98575,"surface-view only: scarp with no field offset; the catalogue was built from this same surface expression, so an uncatalogued scarp here is more likely a road cut, canal levee, quarry face or erosion line than a fault - down-weighted, and emitted only if it clears the metric bar"
236,15,"[418, 425]","[2307, 2312]",231083.33333333334,201106.66666666666,B-only,"{""silent"": 1, ""concordant"": 0, ""A-only"": 0, ""B-only"": 14}",230.5698,5.8373,10.6868,1.1942,107.1059,35.03,False,0.98697,"surface-view only: scarp with no field offset; the catalogue was built from this same surface expression, so an uncatalogued scarp here is more likely a road cut, canal levee, quarry face or erosion line than a fault - down-weighted, and emitted only if it clears the metric bar"
600,15,"[856, 857]","[27, 36]",3323.3333333333335,157666.66666666666,concordant,"{""silent"": 1, ""concordant"": 5, ""A-only"": 5, ""B-only"": 4}",427.2567,13.4664,15.1845,26.78,211.8962,1.33,False,0.99033,"both views agree: continuation of a mapped structure beyond the end or the side of the mapped trace, the case where the catalogue is truncated by mapping convention rather than by data"
647,15,"[902, 908]","[70, 72]",7250.0,152800.0,silent,"{""silent"": 15, ""concordant"": 0, ""A-only"": 0, ""B-only"": 0}",67.3002,5.4713,11.1959,1.0201,51.9166,20.16,False,0.98499,neither view is in its confident tail; emitted on corridor mass that the calibrated density still values above the acceptance bar (bar 0.0593)
693,15,"[996, 998]","[342, 348]",34703.333333333336,143586.6666666667,B-only,"{""silent"": 0, ""concordant"": 0, ""A-only"": 0, ""B-only"": 15}",153.5928,4.8392,11.5336,3.7487,289.8111,29.95,False,0.98765,"surface-view only: scarp with no field offset; the catalogue was built from this same surface expression, so an uncatalogued scarp here is more likely a road cut, canal levee, quarry face or erosion line than a fault - down-weighted, and emitted only if it clears the metric bar"
720,15,"[1071, 1076]","[743, 747]",74623.33333333333,135973.3333333333,B-only,"{""silent"": 3, ""concordant"": 0, ""A-only"": 0, ""B-only"": 12}",699.1692,5.6327,13.1213,0.6997,109.0777,14.67,False,0.98628,"surface-view only: scarp with no field offset; the catalogue was built from this same surface expression, so an uncatalogued scarp here is more likely a road cut, canal levee, quarry face or erosion line than a fault - down-weighted, and emitted only if it clears the metric bar"
836,15,"[1329, 1334]","[1347, 1352]",135156.66666666666,110206.66666666666,B-only,"{""silent"": 5, ""concordant"": 0, ""A-only"": 0, ""B-only"": 10}",783.7523,6.9714,11.9014,1.6975,227.1303,22.38,False,0.98694,"surface-view only: scarp with no field offset; the catalogue was built from this same surface expression, so an uncatalogued scarp here is more likely a road cut, canal levee, quarry face or erosion line than a fault - down-weighted, and emitted only if it clears the metric bar"
1222,15,"[2512, 2517]","[1205, 1211]",120923.33333333333,-8160.0,B-only,"{""silent"": 5, ""concordant"": 0, ""A-only"": 0, ""B-only"": 10}",840.3842,3.8803,7.3949,2.4503,82.4444,36.49,False,0.98613,"surface-view only: scarp with no field offset; the catalogue was built from this same surface expression, so an uncatalogued scarp here is more likely a road cut, canal levee, quarry face or erosion line than a fault - down-weighted, and emitted only if it clears the metric bar"
1289,15,"[2934, 2937]","[1534, 1542]",153910.0,-50253.333333333314,A-only,"{""silent"": 1, ""concordant"": 0, ""A-only"": 14, ""B-only"": 0}",271.706,17.5786,17.1563,13.6759,60.2854,2.53,False,0.98716,"field-view only: potential-field offset (gravity step 13.676, magnetic step 60.285) with no corresponding scarp (surface rank 17.156); cover depth rank 271.706 is deep enough that a scarp would be buried, so this is a buried range-front fault the LiDAR-derived catalogue cannot contain"
1368,15,"[3148, 3152]","[1405, 1410]",140890.0,-71706.66666666669,A-only,"{""silent"": 0, ""concordant"": 0, ""A-only"": 15, ""B-only"": 0}",21.5011,20.7089,19.0677,18.2726,212.4258,2.44,False,0.98711,"field-view only: potential-field offset (gravity step 18.273, magnetic step 212.426) with no corresponding scarp (surface rank 19.068); cover depth rank 21.501 is deep enough that a scarp would be buried, so this is a buried range-front fault the LiDAR-derived catalogue cannot contain"
367,14,"[570, 580]","[2090, 2092]",209221.42857142858,185764.2857142857,B-only,"{""silent"": 0, ""concordant"": 0, ""A-only"": 0, ""B-only"": 14}",1281.2903,5.553,11.2761,3.9849,37.3559,44.29,False,0.98569,"surface-view only: scarp with no field offset; the catalogue was built from this same surface expression, so an uncatalogued scarp here is more likely a road cut, canal levee, quarry face or erosion line than a fault - down-weighted, and emitted only if it clears the metric bar"
372,14,"[573, 578]","[1652, 1655]",165535.7142857143,185721.42857142858,B-only,"{""silent"": 0, ""concordant"": 0, ""A-only"": 0, ""B-only"": 14}",73.1919,8.3357,12.4838,0.7459,34.273,76.76,False,0.98802,"surface-view only: scarp with no field offset; the catalogue was built from this same surface expression, so an uncatalogued scarp here is more likely a road cut, canal levee, quarry face or erosion line than a fault - down-weighted, and emitted only if it clears the metric bar"
456,14,"[667, 671]","[2135, 2139]",213857.14285714284,176435.7142857143,B-only,"{""silent"": 13, ""concordant"": 0, ""A-only"": 0, ""B-only"": 1}",390.2451,13.2259,10.7475,1.3078,207.8441,11.07,False,0.98989,"surface-view only: scarp with no field offset; the catalogue was built from this same surface expression, so an uncatalogued scarp here is more likely a road cut, canal levee, quarry face or erosion line than a fault - down-weighted, and emitted only if it clears the metric bar"
507,14,"[725, 730]","[515, 518]",51807.142857142855,170507.14285714284,B-only,"{""silent"": 1, ""concordant"": 0, ""A-only"": 0, ""B-only"": 13}",566.1354,7.8815,12.2267,2.454,73.862,78.89,False,0.98702,"surface-view only: scarp with no field offset; the catalogue was built from this same surface expression, so an uncatalogued scarp here is more likely a road cut, canal levee, quarry face or erosion line than a fault - down-weighted, and emitted only if it clears the metric bar"
700,14,"[1021, 1025]","[113, 119]",11785.714285714286,141007.14285714284,A-only,"{""silent"": 10, ""concordant"": 0, ""A-only"": 4, ""B-only"": 0}",27.4383,8.8532,15.5202,12.032,837.6347,2.58,False,0.98772,"field-view only: potential-field offset (gravity step 12.032, magnetic step 837.635) with no corresponding scarp (surface rank 15.520); cover depth rank 27.438 is deep enough that a scarp would be buried, so this is a buried range-front fault the LiDAR-derived catalogue cannot contain"
824,14,"[1299, 1306]","[305, 309]",30871.428571428572,112957.14285714287,concordant,"{""silent"": 0, ""concordant"": 7, ""A-only"": 0, ""B-only"": 7}",480.2784,3.3125,9.2708,5.9294,79.6201,12.29,False,0.98784,"both views agree: continuation of a mapped structure beyond the end or the side of the mapped trace, the case where the catalogue is truncated by mapping convention rather than by data"
871,14,"[1397, 1405]","[1280, 1284]",128342.85714285713,103235.71428571429,B-only,"{""silent"": 0, ""concordant"": 0, ""A-only"": 0, ""B-only"": 14}",215.4879,4.2267,10.4634,0.5343,128.178,21.79,False,0.98629,"surface-view only: scarp with no field offset; the catalogue was built from this same surface expression, so an uncatalogued scarp here is more likely a road cut, canal levee, quarry face or erosion line than a fault - down-weighted, and emitted only if it clears the metric bar"
966,14,"[1612, 1619]","[598, 601]",60064.28571428571,81735.71428571429,B-only,"{""silent"": 11, ""concordant"": 0, ""A-only"": 0, ""B-only"": 3}",631.3198,2.4006,7.3518,1.8171,104.0923,9.48,False,0.98805,"surface-view only: scarp with no field offset; the catalogue was built from this same surface expression, so an uncatalogued scarp here is more likely a road cut, canal levee, quarry face or erosion line than a fault - down-weighted, and emitted only if it clears the metric bar"
188,13,"[343, 347]","[2354, 2357]",235703.84615384616,208769.23076923075,B-only,"{""silent"": 2, ""concordant"": 0, ""A-only"": 0, ""B-only"": 11}",96.7915,8.5095,11.1902,1.1605,46.7473,8.64,False,0.98639,"surface-view only: scarp with no field offset; the catalogue was built from this same surface expression, so an uncatalogued scarp here is more likely a road cut, canal levee, quarry face or erosion line than a fault - down-weighted, and emitted only if it clears the metric bar"
218,13,"[385, 389]","[2400, 2405]",240426.9230769231,204553.84615384616,B-only,"{""silent"": 0, ""concordant"": 0, ""A-only"": 0, ""B-only"": 13}",62.4477,3.9085,10.4347,1.8824,70.2527,36.99,False,0.98697,"surface-view only: scarp with no field offset; the catalogue was built from this same surface expression, so an uncatalogued scarp here is more likely a road cut, canal levee, quarry face or erosion line than a fault - down-weighted, and emitted only if it clears the metric bar"
237,13,"[418, 423]","[2328, 2331]",233073.0769230769,201261.53846153847,B-only,"{""silent"": 0, ""concordant"": 0, ""A-only"": 0, ""B-only"": 13}",181.9075,9.3104,12.6874,2.9066,132.8768,28.01,False,0.98773,"surface-view only: scarp with no field offset; the catalogue was built from this same surface expression, so an uncatalogued scarp here is more likely a road cut, canal levee, quarry face or erosion line than a fault - down-weighted, and emitted only if it clears the metric bar"
313,13,"[507, 513]","[644, 645]",64603.846153846156,192276.92307692306,B-only,"{""silent"": 7, ""concordant"": 0, ""A-only"": 0, ""B-only"": 6}",201.0014,16.0162,14.0444,1.0384,131.2709,8.33,False,0.99026,"surface-view only: scarp with no field offset; the catalogue was built from this same surface expression, so an uncatalogued scarp here is more likely a road cut, canal levee, quarry face or erosion line than a fault - down-weighted, and emitted only if it clears the metric bar"
315,13,"[509, 514]","[1846, 1852]",185042.3076923077,192123.07692307694,B-only,"{""silent"": 0, ""concordant"": 0, ""A-only"": 0, ""B-only"": 13}",33.9098,13.3489,16.5846,1.3828,59.9768,21.66,False,0.98711,"surface-view only: scarp with no field offset; the catalogue was built from this same surface expression, so an uncatalogued scarp here is more likely a road cut, canal levee, quarry face or erosion line than a fault - down-weighted, and emitted only if it clears the metric bar"
493,13,"[708, 713]","[2338, 2343]",234226.9230769231,172230.76923076922,B-only,"{""silent"": 0, ""concordant"": 0, ""A-only"": 0, ""B-only"": 13}",1001.3994,4.1517,10.8552,1.2976,74.4474,34.82,False,0.98694,"surface-view only: scarp with no field offset; the catalogue was built from this same surface expression, so an uncatalogued scarp here is more likely a road cut, canal levee, quarry face or erosion line than a fault - down-weighted, and emitted only if it clears the metric bar"
625,13,"[874, 882]","[980, 983]",98311.53846153847,155492.3076923077,B-only,"{""silent"": 1, ""concordant"": 0, ""A-only"": 0, ""B-only"": 12}",141.0513,9.1726,11.6942,1.6473,67.4847,56.68,False,0.98701,"surface-view only: scarp with no field offset; the catalogue was built from this same surface expression, so an uncatalogued scarp here is more likely a road cut, canal levee, quarry face or erosion line than a fault - down-weighted, and emitted only if it clears the metric bar"
833,13,"[1322, 1327]","[425, 428]",42780.769230769234,110784.61538461538,B-only,"{""silent"": 4, ""concordant"": 0, ""A-only"": 0, ""B-only"": 9}",981.3337,7.9466,12.7926,0.8913,265.7216,43.61,False,0.98667,"surface-view only: scarp with no field offset; the catalogue was built from this same surface expression, so an uncatalogued scarp here is more likely a road cut, canal levee, quarry face or erosion line than a fault - down-weighted, and emitted only if it clears the metric bar"
870,13,"[1395, 1397]","[319, 325]",32388.461538461535,103715.38461538462,B-only,"{""silent"": 5, ""concordant"": 0, ""A-only"": 0, ""B-only"": 8}",358.2215,4.9351,10.2079,0.5563,111.138,34.59,False,0.98743,"surface-view only: scarp with no field offset; the catalogue was built from this same surface expression, so an uncatalogued scarp here is more likely a road cut, canal levee, quarry face or erosion line than a fault - down-weighted, and emitted only if it clears the metric bar"
921,13,"[1549, 1555]","[605, 608]",60819.23076923077,88138.46153846156,B-only,"{""silent"": 0, ""concordant"": 0, ""A-only"": 0, ""B-only"": 13}",594.2483,6.8411,12.1387,1.3753,126.3578,13.79,False,0.98714,"surface-view only: scarp with no field offset; the catalogue was built from this same surface expression, so an uncatalogued scarp here is more likely a road cut, canal levee, quarry face or erosion line than a fault - down-weighted, and emitted only if it clears the metric bar"
1028,13,"[1867, 1871]","[1242, 1247]",124626.92307692308,56369.23076923075,B-only,"{""silent"": 2, ""concordant"": 0, ""A-only"": 0, ""B-only"": 11}",280.7894,4.9077,10.5409,1.8122,327.8237,24.02,False,0.98897,"surface-view only: scarp with no field offset; the catalogue was built from this same surface expression, so an uncatalogued scarp here is more likely a road cut, canal levee, quarry face or erosion line than a fault - down-weighted, and emitted only if it clears the metric bar"
7,12,"[0, 1]","[2063, 2073]",206958.33333333334,243291.66666666666,B-only,"{""silent"": 3, ""concordant"": 0, ""A-only"": 0, ""B-only"": 9}",17.4849,18.8922,19.1052,7.6105,116.3323,57.46,False,0.99025,"surface-view only: scarp with no field offset; the catalogue was built from this same surface expression, so an uncatalogued scarp here is more likely a road cut, canal levee, quarry face or erosion line than a fault - down-weighted, and emitted only if it clears the metric bar"
117,12,"[169, 174]","[665, 671]",66925.0,226166.66666666666,B-only,"{""silent"": 0, ""concordant"": 0, ""A-only"": 0, ""B-only"": 12}",14.2587,10.4267,14.8193,1.1429,154.3187,26.78,False,0.98643,"surface-view only: scarp with no field offset; the catalogue was built from this same surface expression, so an uncatalogued scarp here is more likely a road cut, canal levee, quarry face or erosion line than a fault - down-weighted, and emitted only if it clears the metric bar"
365,12,"[568, 571]","[1654, 1658]",165733.3333333333,186350.0,B-only,"{""silent"": 0, ""concordant"": 0, ""A-only"": 0, ""B-only"": 12}",80.7119,9.2268,11.8125,0.8441,35.7944,76.19,False,0.98749,"surface-view only: scarp with no field offset; the catalogue was built from this same surface expression, so an uncatalogued scarp here is more likely a road cut, canal levee, quarry face or erosion line than a fault - down-weighted, and emitted only if it clears the metric bar"
740,12,"[1148, 1154]","[1446, 1450]",144900.0,128233.33333333333,B-only,"{""silent"": 0, ""concordant"": 0, ""A-only"": 0, ""B-only"": 12}",149.2801,10.1074,12.3783,3.6819,18.8041,9.08,False,0.98563,"surface-view only: scarp with no field offset; the catalogue was built from this same surface expression, so an uncatalogued scarp here is more likely a road cut, canal levee, quarry face or erosion line than a fault - down-weighted, and emitted only if it clears the metric bar"
752,12,"[1206, 1210]","[592, 597]",59625.0,122483.33333333333,B-only,"{""silent"": 0, ""concordant"": 4, ""A-only"": 0, ""B-only"": 8}",740.4464,1.5077,8.9088,3.5092,178.1657,16.4,False,0.98927,"surface-view only: scarp with no field offset; the catalogue was built from this same surface expression, so an uncatalogued scarp here is more likely a road cut, canal levee, quarry face or erosion line than a fault - down-weighted, and emitted only if it clears the metric bar"
882,12,"[1432, 1435]","[791, 797]",79575.0,99950.0,B-only,"{""silent"": 0, ""concordant"": 0, ""A-only"": 0, ""B-only"": 12}",105.874,4.7064,10.6473,0.8103,113.8934,22.95,False,0.98672,"surface-view only: scarp with no field offset; the catalogue was built from this same surface expression, so an uncatalogued scarp here is more likely a road cut, canal levee, quarry face or erosion line than a fault - down-weighted, and emitted only if it clears the metric bar"
1065,12,"[1954, 1961]","[1327, 1332]",133058.3333333333,47475.0,B-only,"{""silent"": 2, ""concordant"": 0, ""A-only"": 0, ""B-only"": 10}",812.0523,4.9256,9.6002,0.3644,76.8783,62.84,False,0.98805,"surface-view only: scarp with no field offset; the catalogue was built from this same surface expression, so an uncatalogued scarp here is more likely a road cut, canal levee, quarry face or erosion line than a fault - down-weighted, and emitted only if it clears the metric bar"
1122,12,"[2102, 2109]","[1853, 1857]",185633.3333333333,32708.333333333343,B-only,"{""silent"": 5, ""concordant"": 0, ""A-only"": 0, ""B-only"": 7}",-0.0184,10.1155,17.7123,1.4343,88.3279,2.0,False,0.98985,"surface-view only: scarp with no field offset; the catalogue was built from this same surface expression, so an uncatalogued scarp here is more likely a road cut, canal levee, quarry face or erosion line than a fault - down-weighted, and emitted only if it clears the metric bar"
1238,12,"[2556, 2557]","[1259, 1266]",126433.33333333333,-12366.666666666657,A-only,"{""silent"": 0, ""concordant"": 0, ""A-only"": 12, ""B-only"": 0}",119.372,4.9551,12.1682,10.9916,126.2608,2.33,False,0.98845,"field-view only: potential-field offset (gravity step 10.992, magnetic step 126.261) with no corresponding scarp (surface rank 12.168); cover depth rank 119.372 is deep enough that a scarp would be buried, so this is a buried range-front fault the LiDAR-derived catalogue cannot contain"
1253,12,"[2741, 2747]","[1974, 1976]",197633.3333333333,-31133.333333333372,B-only,"{""silent"": 4, ""concordant"": 0, ""A-only"": 0, ""B-only"": 8}",311.6722,7.8848,12.4362,1.7444,44.1265,110.44,False,0.9862,"surface-view only: scarp with no field offset; the catalogue was built from this same surface expression, so an uncatalogued scarp here is more likely a road cut, canal levee, quarry face or erosion line than a fault - down-weighted, and emitted only if it clears the metric bar"
1533,12,"[3593, 3595]","[1834, 1839]",183800.0,-116108.33333333337,B-only,"{""silent"": 3, ""concordant"": 0, ""A-only"": 0, ""B-only"": 9}",87.8928,8.1052,10.6556,0.4748,43.2974,35.07,False,0.98675,"surface-view only: scarp with no field offset; the catalogue was built from this same surface expression, so an uncatalogued scarp here is more likely a road cut, canal levee, quarry face or erosion line than a fault - down-weighted, and emitted only if it clears the metric bar"
60,11,"[85, 90]","[3251, 3252]",325304.54545454547,234527.27272727274,B-only,"{""silent"": 4, ""concordant"": 0, ""A-only"": 0, ""B-only"": 7}",128.5154,4.0633,10.8092,1.0743,23.5248,41.49,False,0.98679,"surface-view only: scarp with no field offset; the catalogue was built from this same surface expression, so an uncatalogued scarp here is more likely a road cut, canal levee, quarry face or erosion line than a fault - down-weighted, and emitted only if it clears the metric bar"
63,11,"[90, 95]","[3274, 3277]",327713.63636363635,234063.63636363635,B-only,"{""silent"": 0, ""concordant"": 0, ""A-only"": 0, ""B-only"": 11}",45.9413,3.8706,7.801,1.6406,27.2063,63.54,False,0.98677,"surface-view only: scarp with no field offset; the catalogue was built from this same surface expression, so an uncatalogued scarp here is more likely a road cut, canal levee, quarry face or erosion line than a fault - down-weighted, and emitted only if it clears the metric bar"
77,11,"[119, 127]","[3246, 3247]",324813.63636363635,231000.0,B-only,"{""silent"": 4, ""concordant"": 0, ""A-only"": 0, ""B-only"": 7}",106.893,3.7624,8.2315,1.4165,37.6605,37.31,False,0.98773,"surface-view only: scarp with no field offset; the catalogue was built from this same surface expression, so an uncatalogued scarp here is more likely a road cut, canal levee, quarry face or erosion line than a fault - down-weighted, and emitted only if it clears the metric bar"
112,11,"[163, 165]","[3212, 3216]",321577.27272727276,226881.81818181818,B-only,"{""silent"": 0, ""concordant"": 0, ""A-only"": 0, ""B-only"": 11}",4.4069,3.6889,8.1321,0.9418,80.9723,57.21,False,0.99069,"surface-view only: scarp with no field offset; the catalogue was built from this same surface expression, so an uncatalogued scarp here is more likely a road cut, canal levee, quarry face or erosion line than a fault - down-weighted, and emitted only if it clears the metric bar"
427,11,"[621, 626]","[1632, 1637]",163540.9090909091,180990.9090909091,B-only,"{""silent"": 0, ""concordant"": 0, ""A-only"": 0, ""B-only"": 11}",28.6403,9.4345,12.6838,1.1063,104.6837,72.14,False,0.98594,"surface-view only: scarp with no field offset; the catalogue was built from this same surface expression, so an uncatalogued scarp here is more likely a road cut, canal levee, quarry face or erosion line than a fault - down-weighted, and emitted only if it clears the metric bar"
468,11,"[677, 684]","[2567, 2574]",257159.0909090909,175181.81818181818,B-only,"{""silent"": 1, ""concordant"": 0, ""A-only"": 0, ""B-only"": 10}",181.6335,14.6144,18.0477,1.9276,19.4226,31.83,False,0.98676,"surface-view only: scarp with no field offset; the catalogue was built from this same surface expression, so an uncatalogued scarp here is more likely a road cut, canal levee, quarry face or erosion line than a fault - down-weighted, and emitted only if it clears the metric bar"
481,11,"[698, 704]","[2307, 2309]",230968.1818181818,173145.45454545453,B-only,"{""silent"": 3, ""concordant"": 0, ""A-only"": 0, ""B-only"": 8}",1427.0438,5.618,12.2316,1.4371,24.2656,9.75,False,0.98882,"surface-view only: scarp with no field offset; the catalogue was built from this same surface expression, so an uncatalogued scarp here is more likely a road cut, canal levee, quarry face or erosion line than a fault - down-weighted, and emitted only if it clears the metric bar"
529,11,"[770, 772]","[2796, 2802]",280068.1818181818,166172.7272727273,silent,"{""silent"": 11, ""concordant"": 0, ""A-only"": 0, ""B-only"": 0}",39.5995,14.3422,16.5034,2.3323,46.4488,1.73,False,0.98744,neither view is in its confident tail; emitted on corridor mass that the calibrated density still values above the acceptance bar (bar 0.0593)
661,11,"[919, 921]","[541, 545]",54477.27272727273,151272.7272727273,concordant,"{""silent"": 0, ""concordant"": 11, ""A-only"": 0, ""B-only"": 0}",548.9672,8.3467,11.9728,8.4286,62.7242,8.28,False,0.9924,"both views agree: continuation of a mapped structure beyond the end or the side of the mapped trace, the case where the catalogue is truncated by mapping convention rather than by data"
712,11,"[1052, 1055]","[577, 581]",58022.72727272727,137945.45454545453,B-only,"{""silent"": 0, ""concordant"": 0, ""A-only"": 0, ""B-only"": 11}",1031.2566,9.329,12.4772,0.8893,210.7696,15.76,False,0.98724,"surface-view only: scarp with no field offset; the catalogue was built from this same surface expression, so an uncatalogued scarp here is more likely a road cut, canal levee, quarry face or erosion line than a fault - down-weighted, and emitted only if it clears the metric bar"
718,11,"[1065, 1071]","[748, 752]",75177.27272727272,136536.36363636365,B-only,"{""silent"": 0, ""concordant"": 0, ""A-only"": 0, ""B-only"": 11}",692.4349,10.8474,14.357,0.6806,206.3844,11.72,False,0.98499,"surface-view only: scarp with no field offset; the catalogue was built from this same surface expression, so an uncatalogued scarp here is more likely a road cut, canal levee, quarry face or erosion line than a fault - down-weighted, and emitted only if it clears the metric bar"
785,11,"[1249, 1254]","[517, 520]",52031.818181818184,118145.45454545454,B-only,"{""silent"": 1, ""concordant"": 0, ""A-only"": 0, ""B-only"": 10}",280.1903,12.6978,11.466,3.2651,89.4833,8.14,False,0.98863,"surface-view only: scarp with no field offset; the catalogue was built from this same surface expression, so an uncatalogued scarp here is more likely a road cut, canal levee, quarry face or erosion line than a fault - down-weighted, and emitted only if it clears the metric bar"
793,11,"[1257, 1263]","[1402, 1405]",140540.9090909091,117354.54545454546,B-only,"{""silent"": 0, ""concordant"": 0, ""A-only"": 0, ""B-only"": 11}",338.6729,8.0105,13.1952,3.109,252.1214,11.27,False,0.98672,"surface-view only: scarp with no field offset; the catalogue was built from this same surface expression, so an uncatalogued scarp here is more likely a road cut, canal levee, quarry face or erosion line than a fault - down-weighted, and emitted only if it clears the metric bar"
817,11,"[1291, 1292]","[276, 282]",28031.81818181818,114136.36363636363,B-only,"{""silent"": 0, ""concordant"": 0, ""A-only"": 0, ""B-only"": 11}",126.0252,11.31,14.2964,5.673,173.0244,1.36,False,0.9902,"surface-view only: scarp with no field offset; the catalogue was built from this same surface expression, so an uncatalogued scarp here is more likely a road cut, canal levee, quarry face or erosion line than a fault - down-weighted, and emitted only if it clears the metric bar"
900,11,"[1511, 1513]","[394, 399]",39850.0,92145.45454545456,concordant,"{""silent"": 4, ""concordant"": 3, ""A-only"": 3, ""B-only"": 1}",170.9586,6.0945,11.9753,7.0665,113.4004,2.51,False,0.988,"both views agree: continuation of a mapped structure beyond the end or the side of the mapped trace, the case where the catalogue is truncated by mapping convention rather than by data"
936,11,"[1558, 1560]","[470, 476]",47440.909090909096,87418.18181818182,B-only,"{""silent"": 8, ""concordant"": 0, ""A-only"": 0, ""B-only"": 3}",654.8966,6.2667,9.2435,2.0588,201.0937,20.53,False,0.98708,"surface-view only: scarp with no field offset; the catalogue was built from this same surface expression, so an uncatalogued scarp here is more likely a road cut, canal levee, quarry face or erosion line than a fault - down-weighted, and emitted only if it clears the metric bar"
960,11,"[1595, 1600]","[483, 488]",48704.545454545456,83536.36363636362,concordant,"{""silent"": 0, ""concordant"": 7, ""A-only"": 0, ""B-only"": 4}",1400.3782,14.6712,13.8977,12.7243,216.0455,1.47,False,0.99061,"both views agree: continuation of a mapped structure beyond the end or the side of the mapped trace, the case where the catalogue is truncated by mapping convention rather than by data"
1016,11,"[1695, 1699]","[1298, 1300]",130068.18181818182,73609.09090909091,B-only,"{""silent"": 3, ""concordant"": 0, ""A-only"": 0, ""B-only"": 8}",432.517,6.6838,13.642,2.8183,495.1843,27.07,False,0.98602,"surface-view only: scarp with no field offset; the catalogue was built from this same surface expression, so an uncatalogued scarp here is more likely a road cut, canal levee, quarry face or erosion line than a fault - down-weighted, and emitted only if it clears the metric bar"
1027,11,"[1865, 1866]","[1236, 1241]",123977.27272727272,56754.54545454544,B-only,"{""silent"": 0, ""concordant"": 0, ""A-only"": 0, ""B-only"": 11}",259.9653,4.3518,10.0228,1.5966,290.2525,31.34,False,0.98707,"surface-view only: scarp with no field offset; the catalogue was built from this same surface expression, so an uncatalogued scarp here is more likely a road cut, canal levee, quarry face or erosion line than a fault - down-weighted, and emitted only if it clears the metric bar"
1214,11,"[2492, 2496]","[1309, 1313]",131259.0909090909,-6100.0,B-only,"{""silent"": 0, ""concordant"": 0, ""A-only"": 0, ""B-only"": 11}",37.5912,6.6616,11.3762,0.8958,262.2194,12.88,False,0.98682,"surface-view only: scarp with no field offset; the catalogue was built from this same surface expression, so an uncatalogued scarp here is more likely a road cut, canal levee, quarry face or erosion line than a fault - down-weighted, and emitted only if it clears the metric bar"
1291,11,"[2934, 2935]","[1561, 1568]",156622.72727272726,-50136.36363636365,A-only,"{""silent"": 6, ""concordant"": 0, ""A-only"": 4, ""B-only"": 1}",198.8235,16.2403,17.3139,12.919,87.7876,1.36,False,0.9882,"field-view only: potential-field offset (gravity step 12.919, magnetic step 87.788) with no corresponding scarp (surface rank 17.314); cover depth rank 198.823 is deep enough that a scarp would be buried, so this is a buried range-front fault the LiDAR-derived catalogue cannot contain"
1321,11,"[3030, 3036]","[2159, 2163]",216250.0,-60036.36363636365,B-only,"{""silent"": 0, ""concordant"": 0, ""A-only"": 0, ""B-only"": 11}",4.5598,7.7678,17.4752,1.3262,81.3745,14.98,False,0.98858,"surface-view only: scarp with no field offset; the catalogue was built from this same surface expression, so an uncatalogued scarp here is more likely a road cut, canal levee, quarry face or erosion line than a fault - down-weighted, and emitted only if it clears the metric bar"
1437,11,"[3284, 3291]","[1752, 1754]",175504.54545454544,-85518.18181818182,silent,"{""silent"": 11, ""concordant"": 0, ""A-only"": 0, ""B-only"": 0}",115.1442,7.3874,12.7253,1.2462,283.0674,20.78,False,0.99019,neither view is in its confident tail; emitted on corridor mass that the calibrated density still values above the acceptance bar (bar 0.0593)
1440,11,"[3288, 3294]","[1525, 1528]",152777.27272727274,-85800.0,concordant,"{""silent"": 0, ""concordant"": 9, ""A-only"": 0, ""B-only"": 2}",42.6679,16.1306,13.1167,25.3916,196.1631,1.35,False,0.99027,"both views agree: continuation of a mapped structure beyond the end or the side of the mapped trace, the case where the catalogue is truncated by mapping convention rather than by data"
1454,11,"[3305, 3311]","[2087, 2088]",208913.63636363635,-87500.0,B-only,"{""silent"": 0, ""concordant"": 0, ""A-only"": 0, ""B-only"": 11}",203.7051,3.1518,8.7855,2.4808,36.4248,8.95,False,0.98685,"surface-view only: scarp with no field offset; the catalogue was built from this same surface expression, so an uncatalogued scarp here is more likely a road cut, canal levee, quarry face or erosion line than a fault - down-weighted, and emitted only if it clears the metric bar"
34,10,"[6, 8]","[2746, 2752]",274990.0,242650.0,B-only,"{""silent"": 6, ""concordant"": 0, ""A-only"": 0, ""B-only"": 4}",28.3918,4.6255,16.0342,4.7156,137.1303,21.01,False,0.98756,"surface-view only: scarp with no field offset; the catalogue was built from this same surface expression, so an uncatalogued scarp here is more likely a road cut, canal levee, quarry face or erosion line than a fault - down-weighted, and emitted only if it clears the metric bar"
41,10,"[34, 37]","[2730, 2734]",273390.0,239750.0,B-only,"{""silent"": 0, ""concordant"": 0, ""A-only"": 0, ""B-only"": 10}",22.6906,7.7474,13.6241,2.3734,96.9028,9.26,False,0.98972,"surface-view only: scarp with no field offset; the catalogue was built from this same surface expression, so an uncatalogued scarp here is more likely a road cut, canal levee, quarry face or erosion line than a fault - down-weighted, and emitted only if it clears the metric bar"
85,10,"[137, 144]","[3290, 3291]",329230.0,229250.0,B-only,"{""silent"": 0, ""concordant"": 0, ""A-only"": 0, ""B-only"": 10}",92.33,13.2952,14.6424,7.7003,167.6251,84.73,False,0.98824,"surface-view only: scarp with no field offset; the catalogue was built from this same surface expression, so an uncatalogued scarp here is more likely a road cut, canal levee, quarry face or erosion line than a fault - down-weighted, and emitted only if it clears the metric bar"
110,10,"[161, 166]","[3029, 3034]",303260.0,226950.0,B-only,"{""silent"": 1, ""concordant"": 0, ""A-only"": 0, ""B-only"": 9}",37.857,1.3481,8.7606,1.0942,67.2145,30.55,False,0.98606,"surface-view only: scarp with no field offset; the catalogue was built from this same surface expression, so an uncatalogued scarp here is more likely a road cut, canal levee, quarry face or erosion line than a fault - down-weighted, and emitted only if it clears the metric bar"
153,10,"[244, 249]","[1095, 1096]",109700.0,218690.0,B-only,"{""silent"": 1, ""concordant"": 0, ""A-only"": 0, ""B-only"": 9}",593.4339,6.8869,11.9292,3.3425,472.9388,13.75,False,0.98511,"surface-view only: scarp with no field offset; the catalogue was built from this same surface expression, so an uncatalogued scarp here is more likely a road cut, canal levee, quarry face or erosion line than a fault - down-weighted, and emitted only if it clears the metric bar"
183,10,"[335, 339]","[1506, 1509]",150870.0,209680.0,B-only,"{""silent"": 0, ""concordant"": 0, ""A-only"": 0, ""B-only"": 10}",166.3825,15.126,15.1791,3.4765,124.0786,8.96,False,0.9895,"surface-view only: scarp with no field offset; the catalogue was built from this same surface expression, so an uncatalogued scarp here is more likely a road cut, canal levee, quarry face or erosion line than a fault - down-weighted, and emitted only if it clears the metric bar"
340,10,"[540, 545]","[2424, 2427]",242710.0,189020.0,B-only,"{""silent"": 9, ""concordant"": 0, ""A-only"": 0, ""B-only"": 1}",2338.9097,9.0599,12.4321,0.46,58.7925,36.01,False,0.98526,"surface-view only: scarp with no field offset; the catalogue was built from this same surface expression, so an uncatalogued scarp here is more likely a road cut, canal levee, quarry face or erosion line than a fault - down-weighted, and emitted only if it clears the metric bar"
455,10,"[665, 669]","[2150, 2153]",215269.99999999997,176520.0,B-only,"{""silent"": 0, ""concordant"": 0, ""A-only"": 0, ""B-only"": 10}",375.4839,11.0037,13.1278,0.4961,33.8205,13.75,False,0.98893,"surface-view only: scarp with no field offset; the catalogue was built from this same surface expression, so an uncatalogued scarp here is more likely a road cut, canal levee, quarry face or erosion line than a fault - down-weighted, and emitted only if it clears the metric bar"
816,10,"[1289, 1293]","[390, 394]",39380.0,114240.00000000001,B-only,"{""silent"": 0, ""concordant"": 0, ""A-only"": 0, ""B-only"": 10}",1618.4399,7.8008,10.509,0.8976,256.8468,51.74,False,0.98976,"surface-view only: scarp with no field offset; the catalogue was built from this same surface expression, so an uncatalogued scarp here is more likely a road cut, canal levee, quarry face or erosion line than a fault - down-weighted, and emitted only if it clears the metric bar"
879,10,"[1428, 1432]","[1727, 1729]",172950.0,100320.0,B-only,"{""silent"": 0, ""concordant"": 0, ""A-only"": 0, ""B-only"": 10}",571.2832,8.1079,14.6882,0.7693,108.8276,10.13,False,0.98787,"surface-view only: scarp with no field offset; the catalogue was built from this same surface expression, so an uncatalogued scarp here is more likely a road cut, canal levee, quarry face or erosion line than a fault - down-weighted, and emitted only if it clears the metric bar"
1026,10,"[1865, 1869]","[871, 877]",87590.0,56640.0,B-only,"{""silent"": 0, ""concordant"": 0, ""A-only"": 0, ""B-only"": 10}",556.2628,8.3721,14.1835,1.7939,186.0564,25.6,False,0.98694,"surface-view only: scarp with no field offset; the catalogue was built from this same surface expression, so an uncatalogued scarp here is more likely a road cut, canal levee, quarry face or erosion line than a fault - down-weighted, and emitted only if it clears the metric bar"
1161,10,"[2344, 2348]","[1285, 1290]",128880.0,8719.99999999997,B-only,"{""silent"": 3, ""concordant"": 0, ""A-only"": 0, ""B-only"": 7}",56.6923,8.447,12.0314,1.7331,132.8533,16.86,False,0.98516,"surface-view only: scarp with no field offset; the catalogue was built from this same surface expression, so an uncatalogued scarp here is more likely a road cut, canal levee, quarry face or erosion line than a fault - down-weighted, and emitted only if it clears the metric bar"
1189,10,"[2415, 2418]","[1303, 1308]",130740.00000000001,1619.999999999971,B-only,"{""silent"": 2, ""concordant"": 0, ""A-only"": 0, ""B-only"": 8}",100.0896,6.7176,8.8094,1.2058,240.5454,9.93,False,0.98633,"surface-view only: scarp with no field offset; the catalogue was built from this same surface expression, so an uncatalogued scarp here is more likely a road cut, canal levee, quarry face or erosion line than a fault - down-weighted, and emitted only if it clears the metric bar"
1207,10,"[2480, 2482]","[1528, 1533]",153230.0,-4819.999999999971,concordant,"{""silent"": 0, ""concordant"": 10, ""A-only"": 0, ""B-only"": 0}",192.3688,5.3037,9.7728,4.1182,22.9052,11.95,False,0.98594,"both views agree: continuation of a mapped structure beyond the end or the side of the mapped trace, the case where the catalogue is truncated by mapping convention rather than by data"
1284,10,"[2933, 2935]","[1364, 1367]",136680.0,-50080.0,concordant,"{""silent"": 0, ""concordant"": 9, ""A-only"": 0, ""B-only"": 1}",320.1071,8.4749,12.7997,14.226,229.6222,1.8,False,0.98923,"both views agree: continuation of a mapped structure beyond the end or the side of the mapped trace, the case where the catalogue is truncated by mapping convention rather than by data"
1296,10,"[2937, 2940]","[1612, 1615]",161520.0,-50590.0,B-only,"{""silent"": 0, ""concordant"": 0, ""A-only"": 0, ""B-only"": 10}",563.7835,7.3935,10.782,5.7237,60.8797,5.9,False,0.98687,"surface-view only: scarp with no field offset; the catalogue was built from this same surface expression, so an uncatalogued scarp here is more likely a road cut, canal levee, quarry face or erosion line than a fault - down-weighted, and emitted only if it clears the metric bar"
1304,10,"[2964, 2967]","[1590, 1594]",159320.0,-53240.0,B-only,"{""silent"": 0, ""concordant"": 0, ""A-only"": 0, ""B-only"": 10}",532.1321,8.3189,10.7959,0.9741,51.6657,14.93,False,0.98595,"surface-view only: scarp with no field offset; the catalogue was built from this same surface expression, so an uncatalogued scarp here is more likely a road cut, canal levee, quarry face or erosion line than a fault - down-weighted, and emitted only if it clears the metric bar"
1350,10,"[3098, 3103]","[2150, 2154]",215319.99999999997,-66780.0,B-only,"{""silent"": 0, ""concordant"": 0, ""A-only"": 0, ""B-only"": 10}",23.1546,10.9135,14.3464,2.0615,35.7586,28.19,False,0.98713,"surface-view only: scarp with no field offset; the catalogue was built from this same surface expression, so an uncatalogued scarp here is more likely a road cut, canal levee, quarry face or erosion line than a fault - down-weighted, and emitted only if it clears the metric bar"
1413,10,"[3234, 3239]","[1802, 1804]",180430.0,-80380.0,B-only,"{""silent"": 5, ""concordant"": 0, ""A-only"": 0, ""B-only"": 5}",6.1388,8.353,12.7871,2.8635,30.6624,9.8,False,0.98606,"surface-view only: scarp with no field offset; the catalogue was built from this same surface expression, so an uncatalogued scarp here is more likely a road cut, canal levee, quarry face or erosion line than a fault - down-weighted, and emitted only if it clears the metric bar"
1467,10,"[3344, 3348]","[2283, 2288]",228710.0,-91320.0,silent,"{""silent"": 10, ""concordant"": 0, ""A-only"": 0, ""B-only"": 0}",95.762,14.0446,15.5625,2.2118,63.0462,2.3,False,0.98662,neither view is in its confident tail; emitted on corridor mass that the calibrated density still values above the acceptance bar (bar 0.0593)
1497,10,"[3433, 3437]","[1600, 1603]",160320.0,-100200.0,concordant,"{""silent"": 0, ""concordant"": 10, ""A-only"": 0, ""B-only"": 0}",59.6821,28.8579,17.09,29.4277,212.835,1.32,False,0.99749,"both views agree: continuation of a mapped structure beyond the end or the side of the mapped trace, the case where the catalogue is truncated by mapping convention rather than by data"
1527,10,"[3556, 3559]","[2101, 2104]",210419.99999999997,-112490.0,silent,"{""silent"": 10, ""concordant"": 0, ""A-only"": 0, ""B-only"": 0}",23.7516,7.1818,14.555,7.6017,60.6611,2.48,False,0.98686,neither view is in its confident tail; emitted on corridor mass that the calibrated density still values above the acceptance bar (bar 0.0593)
47,9,"[52, 56]","[2964, 2967]",296683.3333333334,237922.22222222222,B-only,"{""silent"": 0, ""concordant"": 0, ""A-only"": 0, ""B-only"": 9}",20.9698,9.3273,12.1014,1.0362,29.5367,25.06,False,0.98589,"surface-view only: scarp with no field offset; the catalogue was built from this same surface expression, so an uncatalogued scarp here is more likely a road cut, canal levee, quarry face or erosion line than a fault - down-weighted, and emitted only if it clears the metric bar"
89,9,"[139, 141]","[3238, 3243]",324250.0,229300.0,B-only,"{""silent"": 0, ""concordant"": 0, ""A-only"": 0, ""B-only"": 9}",63.5272,3.4102,10.1099,1.1816,79.4708,43.3,False,0.9874,"surface-view only: scarp with no field offset; the catalogue was built from this same surface expression, so an uncatalogued scarp here is more likely a road cut, canal levee, quarry face or erosion line than a fault - down-weighted, and emitted only if it clears the metric bar"
107,9,"[158, 160]","[3203, 3208]",320750.0,227411.11111111112,B-only,"{""silent"": 1, ""concordant"": 0, ""A-only"": 0, ""B-only"": 8}",2.5157,2.9877,7.8139,0.4494,77.6059,52.38,False,0.98754,"surface-view only: scarp with no field offset; the catalogue was built from this same surface expression, so an uncatalogued scarp here is more likely a road cut, canal levee, quarry face or erosion line than a fault - down-weighted, and emitted only if it clears the metric bar"
169,9,"[277, 280]","[2494, 2498]",249761.11111111112,215511.11111111112,B-only,"{""silent"": 0, ""concordant"": 0, ""A-only"": 0, ""B-only"": 9}",740.4207,6.3798,11.3687,3.1767,650.5912,59.98,False,0.98523,"surface-view only: scarp with no field offset; the catalogue was built from this same surface expression, so an uncatalogued scarp here is more likely a road cut, canal levee, quarry face or erosion line than a fault - down-weighted, and emitted only if it clears the metric bar"
254,9,"[438, 442]","[282, 283]",28405.555555555555,199277.77777777778,silent,"{""silent"": 9, ""concordant"": 0, ""A-only"": 0, ""B-only"": 0}",174.4283,6.1842,10.361,0.2877,167.4611,29.65,False,0.98481,neither view is in its confident tail; emitted on corridor mass that the calibrated density still values above the acceptance bar (bar 0.0593)
337,9,"[539, 545]","[192, 195]",19550.0,189066.66666666666,B-only,"{""silent"": 7, ""concordant"": 0, ""A-only"": 0, ""B-only"": 2}",42.0693,5.9125,9.7096,1.353,245.0067,1.88,False,0.98669,"surface-view only: scarp with no field offset; the catalogue was built from this same surface expression, so an uncatalogued scarp here is more likely a road cut, canal levee, quarry face or erosion line than a fault - down-weighted, and emitted only if it clears the metric bar"
373,9,"[573, 579]","[2219, 2223]",222227.77777777778,185755.55555555556,silent,"{""silent"": 9, ""concordant"": 0, ""A-only"": 0, ""B-only"": 0}",1256.3105,5.5753,13.8884,2.0108,50.1766,24.67,False,0.98753,neither view is in its confident tail; emitted on corridor mass that the calibrated density still values above the acceptance bar (bar 0.0593)
376,9,"[575, 580]","[201, 202]",20316.666666666664,185566.66666666666,B-only,"{""silent"": 0, ""concordant"": 0, ""A-only"": 0, ""B-only"": 9}",32.8478,12.0213,14.2363,0.9541,221.8537,1.38,False,0.98744,"surface-view only: scarp with no field offset; the catalogue was built from this same surface expression, so an uncatalogued scarp here is more likely a road cut, canal levee, quarry face or erosion line than a fault - down-weighted, and emitted only if it clears the metric bar"
488,9,"[706, 709]","[534, 537]",53705.555555555555,172544.44444444444,B-only,"{""silent"": 0, ""concordant"": 0, ""A-only"": 0, ""B-only"": 9}",483.1548,4.9072,10.0089,1.8595,181.9594,73.39,False,0.98708,"surface-view only: scarp with no field offset; the catalogue was built from this same surface expression, so an uncatalogued scarp here is more likely a road cut, canal levee, quarry face or erosion line than a fault - down-weighted, and emitted only if it clears the metric bar"
496,9,"[711, 715]","[529, 531]",53150.0,172000.0,B-only,"{""silent"": 0, ""concordant"": 0, ""A-only"": 0, ""B-only"": 9}",503.3123,6.261,11.1474,2.0926,74.3567,76.56,False,0.98719,"surface-view only: scarp with no field offset; the catalogue was built from this same surface expression, so an uncatalogued scarp here is more likely a road cut, canal levee, quarry face or erosion line than a fault - down-weighted, and emitted only if it clears the metric bar"
523,9,"[759, 764]","[308, 313]",31183.333333333332,167155.55555555556,B-only,"{""silent"": 0, ""concordant"": 0, ""A-only"": 0, ""B-only"": 9}",83.2883,5.4436,9.9413,0.566,154.6896,64.39,False,0.98918,"surface-view only: scarp with no field offset; the catalogue was built from this same surface expression, so an uncatalogued scarp here is more likely a road cut, canal levee, quarry face or erosion line than a fault - down-weighted, and emitted only if it clears the metric bar"
554,9,"[780, 786]","[629, 631]",63172.22222222222,164966.66666666666,B-only,"{""silent"": 5, ""concordant"": 0, ""A-only"": 0, ""B-only"": 4}",15.0302,9.7591,12.8527,1.4188,36.504,16.52,False,0.98623,"surface-view only: scarp with no field offset; the catalogue was built from this same surface expression, so an uncatalogued scarp here is more likely a road cut, canal levee, quarry face or erosion line than a fault - down-weighted, and emitted only if it clears the metric bar"
562,9,"[806, 810]","[444, 446]",44650.0,162455.55555555556,B-only,"{""silent"": 4, ""concordant"": 0, ""A-only"": 0, ""B-only"": 5}",106.4251,13.5374,11.5853,1.8584,95.9075,8.71,False,0.98872,"surface-view only: scarp with no field offset; the catalogue was built from this same surface expression, so an uncatalogued scarp here is more likely a road cut, canal levee, quarry face or erosion line than a fault - down-weighted, and emitted only if it clears the metric bar"
563,9,"[806, 810]","[449, 451]",45161.11111111111,162500.0,B-only,"{""silent"": 1, ""concordant"": 0, ""A-only"": 0, ""B-only"": 8}",147.6615,7.3993,10.454,1.7284,105.0145,13.74,False,0.98665,"surface-view only: scarp with no field offset; the catalogue was built from this same surface expression, so an uncatalogued scarp here is more likely a road cut, canal levee, quarry face or erosion line than a fault - down-weighted, and emitted only if it clears the metric bar"
610,9,"[857, 859]","[134, 140]",13861.111111111111,157533.33333333334,silent,"{""silent"": 9, ""concordant"": 0, ""A-only"": 0, ""B-only"": 0}",79.0209,11.4235,15.1324,9.0354,52.9317,2.67,False,0.98607,neither view is in its confident tail; emitted on corridor mass that the calibrated density still values above the acceptance bar (bar 0.0593)
635,9,"[894, 899]","[312, 315]",31550.0,153711.11111111112,B-only,"{""silent"": 1, ""concordant"": 0, ""A-only"": 0, ""B-only"": 8}",39.7425,5.6471,10.5726,2.0405,76.7206,49.46,False,0.98597,"surface-view only: scarp with no field offset; the catalogue was built from this same surface expression, so an uncatalogued scarp here is more likely a road cut, canal levee, quarry face or erosion line than a fault - down-weighted, and emitted only if it clears the metric bar"
650,9,"[905, 908]","[111, 114]",11405.555555555557,152700.0,B-only,"{""silent"": 0, ""concordant"": 0, ""A-only"": 0, ""B-only"": 9}",192.2222,6.6477,12.5063,1.7063,124.9626,8.21,False,0.98535,"surface-view only: scarp with no field offset; the catalogue was built from this same surface expression, so an uncatalogued scarp here is more likely a road cut, canal levee, quarry face or erosion line than a fault - down-weighted, and emitted only if it clears the metric bar"
835,9,"[1327, 1332]","[1313, 1314]",131505.55555555556,110366.66666666669,B-only,"{""silent"": 0, ""concordant"": 0, ""A-only"": 0, ""B-only"": 9}",639.0721,4.6718,10.5066,1.7294,539.6826,8.79,False,0.98592,"surface-view only: scarp with no field offset; the catalogue was built from this same surface expression, so an uncatalogued scarp here is more likely a road cut, canal levee, quarry face or erosion line than a fault - down-weighted, and emitted only if it clears the metric bar"
843,9,"[1343, 1347]","[1659, 1664]",166327.77777777778,108766.66666666669,B-only,"{""silent"": 0, ""concordant"": 0, ""A-only"": 0, ""B-only"": 9}",213.4413,7.0092,11.6046,1.1723,96.2754,9.5,False,0.98636,"surface-view only: scarp with no field offset; the catalogue was built from this same surface expression, so an uncatalogued scarp here is more likely a road cut, canal levee, quarry face or erosion line than a fault - down-weighted, and emitted only if it clears the metric bar"
1024,9,"[1750, 1754]","[1007, 1008]",100894.44444444445,68077.77777777778,B-only,"{""silent"": 6, ""concordant"": 0, ""A-only"": 0, ""B-only"": 3}",24.8336,7.8511,11.1586,0.8582,75.0226,10.52,False,0.98601,"surface-view only: scarp with no field offset; the catalogue was built from this same surface expression, so an uncatalogued scarp here is more likely a road cut, canal levee, quarry face or erosion line than a fault - down-weighted, and emitted only if it clears the metric bar"
1092,9,"[2028, 2031]","[1792, 1794]",179427.77777777778,40344.44444444444,B-only,"{""silent"": 0, ""concordant"": 0, ""A-only"": 0, ""B-only"": 9}",22.6785,6.4067,10.1369,1.2343,60.8325,7.78,False,0.9888,"surface-view only: scarp with no field offset; the catalogue was built from this same surface expression, so an uncatalogued scarp here is more likely a road cut, canal levee, quarry face or erosion line than a fault - down-weighted, and emitted only if it clears the metric bar"
1098,9,"[2038, 2042]","[1791, 1794]",179338.8888888889,39344.44444444444,B-only,"{""silent"": 0, ""concordant"": 0, ""A-only"": 0, ""B-only"": 9}",16.9599,8.7837,11.5461,1.611,22.6528,8.0,False,0.98934,"surface-view only: scarp with no field offset; the catalogue was built from this same surface expression, so an uncatalogued scarp here is more likely a road cut, canal levee, quarry face or erosion line than a fault - down-weighted, and emitted only if it clears the metric bar"
1136,9,"[2182, 2185]","[1393, 1395]",139538.8888888889,24944.444444444438,B-only,"{""silent"": 0, ""concordant"": 0, ""A-only"": 0, ""B-only"": 9}",255.5185,7.9461,13.3746,1.4752,224.8344,16.68,False,0.98713,"surface-view only: scarp with no field offset; the catalogue was built from this same surface expression, so an uncatalogued scarp here is more likely a road cut, canal levee, quarry face or erosion line than a fault - down-weighted, and emitted only if it clears the metric bar"
1197,9,"[2436, 2440]","[1351, 1356]",135472.22222222222,-455.555555555562,B-only,"{""silent"": 2, ""concordant"": 0, ""A-only"": 0, ""B-only"": 7}",34.9895,5.4699,9.9637,1.222,200.3125,9.73,False,0.9872,"surface-view only: scarp with no field offset; the catalogue was built from this same surface expression, so an uncatalogued scarp here is more likely a road cut, canal levee, quarry face or erosion line than a fault - down-weighted, and emitted only if it clears the metric bar"
1252,9,"[2738, 2742]","[1983, 1986]",198583.3333333333,-30677.77777777781,B-only,"{""silent"": 0, ""concordant"": 0, ""A-only"": 0, ""B-only"": 9}",233.1723,9.5134,12.7191,0.8457,28.8086,119.81,False,0.98734,"surface-view only: scarp with no field offset; the catalogue was built from this same surface expression, so an uncatalogued scarp here is more likely a road cut, canal levee, quarry face or erosion line than a fault - down-weighted, and emitted only if it clears the metric bar"
1318,9,"[3029, 3032]","[1536, 1539]",153938.8888888889,-59733.33333333337,B-only,"{""silent"": 5, ""concordant"": 0, ""A-only"": 0, ""B-only"": 4}",191.7971,4.3219,9.6272,2.5039,197.4784,31.13,False,0.98573,"surface-view only: scarp with no field offset; the catalogue was built from this same surface expression, so an uncatalogued scarp here is more likely a road cut, canal levee, quarry face or erosion line than a fault - down-weighted, and emitted only if it clears the metric bar"
1329,9,"[3041, 3049]","[1586, 1589]",158816.6666666667,-61200.0,B-only,"{""silent"": 6, ""concordant"": 0, ""A-only"": 0, ""B-only"": 3}",165.8807,9.1351,11.1828,1.036,157.1761,24.71,False,0.98799,"surface-view only: scarp with no field offset; the catalogue was built from this same surface expression, so an uncatalogued scarp here is more likely a road cut, canal levee, quarry face or erosion line than a fault - down-weighted, and emitted only if it clears the metric bar"
1341,9,"[3066, 3068]","[1600, 1606]",160416.6666666667,-63388.888888888876,B-only,"{""silent"": 0, ""concordant"": 0, ""A-only"": 0, ""B-only"": 9}",78.5639,9.2801,12.8751,1.7903,28.7452,46.5,False,0.98702,"surface-view only: scarp with no field offset; the catalogue was built from this same surface expression, so an uncatalogued scarp here is more likely a road cut, canal levee, quarry face or erosion line than a fault - down-weighted, and emitted only if it clears the metric bar"
1347,9,"[3085, 3088]","[1272, 1276]",127527.77777777778,-65355.55555555556,concordant,"{""silent"": 0, ""concordant"": 6, ""A-only"": 3, ""B-only"": 0}",505.9447,3.1828,12.2339,1.4781,58.2982,11.41,False,0.9883,"both views agree: continuation of a mapped structure beyond the end or the side of the mapped trace, the case where the catalogue is truncated by mapping convention rather than by data"
1443,9,"[3295, 3297]","[1683, 1688]",168672.22222222222,-86255.55555555556,silent,"{""silent"": 9, ""concordant"": 0, ""A-only"": 0, ""B-only"": 0}",194.6357,12.0511,8.6032,1.8611,59.8266,7.71,False,0.98819,neither view is in its confident tail; emitted on corridor mass that the calibrated density still values above the acceptance bar (bar 0.0593)
1539,9,"[3705, 3706]","[1901, 1907]",190516.6666666667,-127244.44444444444,B-only,"{""silent"": 7, ""concordant"": 0, ""A-only"": 0, ""B-only"": 2}",0.9608,10.7189,15.0049,2.9728,32.3944,23.56,False,0.98672,"surface-view only: scarp with no field offset; the catalogue was built from this same surface expression, so an uncatalogued scarp here is more likely a road cut, canal levee, quarry face or erosion line than a fault - down-weighted, and emitted only if it clears the metric bar"
18,8,"[0, 0]","[2689, 2696]",269400.0,243300.0,B-only,"{""silent"": 0, ""concordant"": 0, ""A-only"": 0, ""B-only"": 8}",20.73,17.6175,18.3859,15.4517,193.2204,24.25,False,0.9901,"surface-view only: scarp with no field offset; the catalogue was built from this same surface expression, so an uncatalogued scarp here is more likely a road cut, canal levee, quarry face or erosion line than a fault - down-weighted, and emitted only if it clears the metric bar"
22,8,"[0, 1]","[2776, 2781]",277975.0,243262.5,B-only,"{""silent"": 3, ""concordant"": 0, ""A-only"": 0, ""B-only"": 5}",26.146,3.4438,15.1185,15.5367,125.3626,10.99,False,0.98629,"surface-view only: scarp with no field offset; the catalogue was built from this same surface expression, so an uncatalogued scarp here is more likely a road cut, canal levee, quarry face or erosion line than a fault - down-weighted, and emitted only if it clears the metric bar"
53,8,"[74, 78]","[3281, 3283]",328325.0,235712.5,B-only,"{""silent"": 1, ""concordant"": 0, ""A-only"": 0, ""B-only"": 7}",20.0767,0.4448,7.9301,2.1116,19.8736,73.92,False,0.98495,"surface-view only: scarp with no field offset; the catalogue was built from this same surface expression, so an uncatalogued scarp here is more likely a road cut, canal levee, quarry face or erosion line than a fault - down-weighted, and emitted only if it clears the metric bar"
190,8,"[345, 350]","[940, 942]",94262.5,208550.0,B-only,"{""silent"": 6, ""concordant"": 0, ""A-only"": 0, ""B-only"": 2}",7.3877,5.7782,10.1976,0.3151,6.5976,31.58,False,0.98632,"surface-view only: scarp with no field offset; the catalogue was built from this same surface expression, so an uncatalogued scarp here is more likely a road cut, canal levee, quarry face or erosion line than a fault - down-weighted, and emitted only if it clears the metric bar"
262,8,"[447, 450]","[1653, 1655]",165550.0,198450.0,silent,"{""silent"": 8, ""concordant"": 0, ""A-only"": 0, ""B-only"": 0}",175.4789,7.7326,9.9339,2.1642,56.4759,40.68,False,0.98522,neither view is in its confident tail; emitted on corridor mass that the calibrated density still values above the acceptance bar (bar 0.0593)
353,8,"[558, 562]","[1844, 1846]",184650.0,187300.0,B-only,"{""silent"": 1, ""concordant"": 0, ""A-only"": 0, ""B-only"": 7}",253.2997,7.573,13.2925,0.4365,49.187,19.73,False,0.98625,"surface-view only: scarp with no field offset; the catalogue was built from this same surface expression, so an uncatalogued scarp here is more likely a road cut, canal levee, quarry face or erosion line than a fault - down-weighted, and emitted only if it clears the metric bar"
410,8,"[606, 609]","[622, 625]",62537.5,182500.0,B-only,"{""silent"": 5, ""concordant"": 0, ""A-only"": 0, ""B-only"": 3}",10.2391,14.1565,13.1015,0.2612,43.1308,9.11,False,0.98713,"surface-view only: scarp with no field offset; the catalogue was built from this same surface expression, so an uncatalogued scarp here is more likely a road cut, canal levee, quarry face or erosion line than a fault - down-weighted, and emitted only if it clears the metric bar"
530,8,"[770, 771]","[2992, 2998]",299662.5,166212.5,silent,"{""silent"": 8, ""concordant"": 0, ""A-only"": 0, ""B-only"": 0}",78.0849,8.3209,13.0843,5.0581,64.4702,2.12,False,0.98681,neither view is in its confident tail; emitted on corridor mass that the calibrated density still values above the acceptance bar (bar 0.0593)
552,8,"[773, 780]","[464, 470]",46887.5,165650.0,silent,"{""silent"": 8, ""concordant"": 0, ""A-only"": 0, ""B-only"": 0}",262.444,13.6951,12.3712,1.8889,423.0406,35.53,False,0.98815,neither view is in its confident tail; emitted on corridor mass that the calibrated density still values above the acceptance bar (bar 0.0593)
660,8,"[919, 923]","[524, 529]",52762.5,151200.0,A-only,"{""silent"": 0, ""concordant"": 0, ""A-only"": 8, ""B-only"": 0}",335.4656,13.0553,10.8263,8.7071,30.5396,19.69,False,0.9862,"field-view only: potential-field offset (gravity step 8.707, magnetic step 30.540) with no corresponding scarp (surface rank 10.826); cover depth rank 335.466 is deep enough that a scarp would be buried, so this is a buried range-front fault the LiDAR-derived catalogue cannot contain"
745,8,"[1185, 1187]","[1710, 1715]",171425.0,124687.5,B-only,"{""silent"": 1, ""concordant"": 0, ""A-only"": 0, ""B-only"": 7}",482.1489,3.631,9.1676,1.571,105.5699,26.98,False,0.98807,"surface-view only: scarp with no field offset; the catalogue was built from this same surface expression, so an uncatalogued scarp here is more likely a road cut, canal levee, quarry face or erosion line than a fault - down-weighted, and emitted only if it clears the metric bar"
844,8,"[1345, 1348]","[1636, 1639]",163887.5,108650.0,B-only,"{""silent"": 0, ""concordant"": 0, ""A-only"": 0, ""B-only"": 8}",441.1185,6.0519,8.0381,1.5282,185.5416,8.42,False,0.98621,"surface-view only: scarp with no field offset; the catalogue was built from this same surface expression, so an uncatalogued scarp here is more likely a road cut, canal levee, quarry face or erosion line than a fault - down-weighted, and emitted only if it clears the metric bar"
918,8,"[1548, 1551]","[1327, 1329]",132975.0,88337.5,B-only,"{""silent"": 0, ""concordant"": 0, ""A-only"": 0, ""B-only"": 8}",391.8397,6.2186,10.0538,1.1739,178.9887,23.49,False,0.98591,"surface-view only: scarp with no field offset; the catalogue was built from this same surface expression, so an uncatalogued scarp here is more likely a road cut, canal levee, quarry face or erosion line than a fault - down-weighted, and emitted only if it clears the metric bar"
984,8,"[1628, 1632]","[1095, 1097]",109762.5,80300.0,B-only,"{""silent"": 0, ""concordant"": 0, ""A-only"": 0, ""B-only"": 8}",128.2298,8.0592,12.4306,2.3514,88.2365,46.98,False,0.98564,"surface-view only: scarp with no field offset; the catalogue was built from this same surface expression, so an uncatalogued scarp here is more likely a road cut, canal levee, quarry face or erosion line than a fault - down-weighted, and emitted only if it clears the metric bar"
1199,8,"[2442, 2444]","[1450, 1455]",145400.0,-987.5,B-only,"{""silent"": 0, ""concordant"": 0, ""A-only"": 0, ""B-only"": 8}",398.8175,4.6813,10.0631,3.8712,128.7352,28.79,False,0.98516,"surface-view only: scarp with no field offset; the catalogue was built from this same surface expression, so an uncatalogued scarp here is more likely a road cut, canal levee, quarry face or erosion line than a fault - down-weighted, and emitted only if it clears the metric bar"
1203,8,"[2449, 2453]","[1241, 1243]",124375.0,-1850.0,B-only,"{""silent"": 1, ""concordant"": 0, ""A-only"": 0, ""B-only"": 7}",235.7286,3.2128,9.0648,2.6081,143.2206,60.02,False,0.98432,"surface-view only: scarp with no field offset; the catalogue was built from this same surface expression, so an uncatalogued scarp here is more likely a road cut, canal levee, quarry face or erosion line than a fault - down-weighted, and emitted only if it clears the metric bar"
1209,8,"[2484, 2487]","[1536, 1540]",153950.0,-5300.0,concordant,"{""silent"": 0, ""concordant"": 8, ""A-only"": 0, ""B-only"": 0}",255.302,7.2936,10.1231,4.7313,23.8321,19.25,False,0.98646,"both views agree: continuation of a mapped structure beyond the end or the side of the mapped trace, the case where the catalogue is truncated by mapping convention rather than by data"
1218,8,"[2504, 2508]","[1542, 1546]",154562.5,-7287.5,B-only,"{""silent"": 0, ""concordant"": 1, ""A-only"": 0, ""B-only"": 7}",67.8494,8.8287,11.3877,3.1157,102.9681,14.36,False,0.98751,"surface-view only: scarp with no field offset; the catalogue was built from this same surface expression, so an uncatalogued scarp here is more likely a road cut, canal levee, quarry face or erosion line than a fault - down-weighted, and emitted only if it clears the metric bar"
1254,8,"[2743, 2747]","[1987, 1988]",198900.0,-31200.0,B-only,"{""silent"": 0, ""concordant"": 0, ""A-only"": 0, ""B-only"": 8}",250.2819,9.7915,11.6813,0.8134,14.5203,122.83,False,0.98773,"surface-view only: scarp with no field offset; the catalogue was built from this same surface expression, so an uncatalogued scarp here is more likely a road cut, canal levee, quarry face or erosion line than a fault - down-weighted, and emitted only if it clears the metric bar"
1264,8,"[2805, 2809]","[1750, 1751]",175212.5,-37362.5,B-only,"{""silent"": 2, ""concordant"": 0, ""A-only"": 0, ""B-only"": 6}",332.2686,4.9274,10.2718,0.671,121.0052,48.27,False,0.98593,"surface-view only: scarp with no field offset; the catalogue was built from this same surface expression, so an uncatalogued scarp here is more likely a road cut, canal levee, quarry face or erosion line than a fault - down-weighted, and emitted only if it clears the metric bar"
1356,8,"[3110, 3113]","[1562, 1566]",156550.0,-67850.0,B-only,"{""silent"": 1, ""concordant"": 0, ""A-only"": 0, ""B-only"": 7}",668.1874,2.2354,7.6146,3.615,14.2255,16.66,False,0.98549,"surface-view only: scarp with no field offset; the catalogue was built from this same surface expression, so an uncatalogued scarp here is more likely a road cut, canal levee, quarry face or erosion line than a fault - down-weighted, and emitted only if it clears the metric bar"
1371,8,"[3155, 3157]","[1414, 1420]",141862.5,-72312.5,A-only,"{""silent"": 0, ""concordant"": 0, ""A-only"": 8, ""B-only"": 0}",11.1247,16.9545,18.961,18.2955,232.5163,1.94,False,0.98896,"field-view only: potential-field offset (gravity step 18.296, magnetic step 232.516) with no corresponding scarp (surface rank 18.961); cover depth rank 11.125 is deep enough that a scarp would be buried, so this is a buried range-front fault the LiDAR-derived catalogue cannot contain"
1490,8,"[3409, 3413]","[1894, 1896]",189687.5,-97850.0,B-only,"{""silent"": 0, ""concordant"": 0, ""A-only"": 0, ""B-only"": 8}",528.7369,4.268,10.3354,1.8767,165.8246,73.01,False,0.98491,"surface-view only: scarp with no field offset; the catalogue was built from this same surface expression, so an uncatalogued scarp here is more likely a road cut, canal levee, quarry face or erosion line than a fault - down-weighted, and emitted only if it clears the metric bar"
94,7,"[147, 153]","[3291, 3291]",329250.0,228300.0,B-only,"{""silent"": 0, ""concordant"": 0, ""A-only"": 0, ""B-only"": 7}",146.3541,7.7336,11.9926,6.4835,182.5665,89.08,False,0.98942,"surface-view only: scarp with no field offset; the catalogue was built from this same surface expression, so an uncatalogued scarp here is more likely a road cut, canal levee, quarry face or erosion line than a fault - down-weighted, and emitted only if it clears the metric bar"
113,7,"[165, 166]","[3036, 3041]",304021.4285714286,226728.57142857142,B-only,"{""silent"": 0, ""concordant"": 0, ""A-only"": 0, ""B-only"": 7}",32.1494,1.4302,7.9705,0.896,36.5137,33.9,False,0.98612,"surface-view only: scarp with no field offset; the catalogue was built from this same surface expression, so an uncatalogued scarp here is more likely a road cut, canal levee, quarry face or erosion line than a fault - down-weighted, and emitted only if it clears the metric bar"
152,7,"[242, 248]","[3291, 3291]",329250.0,218800.0,B-only,"{""silent"": 0, ""concordant"": 0, ""A-only"": 0, ""B-only"": 7}",886.6093,11.8121,12.9975,15.1203,82.0677,84.75,False,0.98567,"surface-view only: scarp with no field offset; the catalogue was built from this same surface expression, so an uncatalogued scarp here is more likely a road cut, canal levee, quarry face or erosion line than a fault - down-weighted, and emitted only if it clears the metric bar"
155,7,"[245, 247]","[1748, 1750]",175021.42857142858,218685.7142857143,B-only,"{""silent"": 0, ""concordant"": 0, ""A-only"": 0, ""B-only"": 7}",113.4649,10.1491,14.3558,2.9051,58.6322,8.36,False,0.98666,"surface-view only: scarp with no field offset; the catalogue was built from this same surface expression, so an uncatalogued scarp here is more likely a road cut, canal levee, quarry face or erosion line than a fault - down-weighted, and emitted only if it clears the metric bar"
200,7,"[361, 364]","[930, 933]",93321.42857142857,207042.85714285716,B-only,"{""silent"": 0, ""concordant"": 0, ""A-only"": 0, ""B-only"": 7}",20.2463,9.0379,13.1302,1.4513,8.3013,15.52,False,0.98567,"surface-view only: scarp with no field offset; the catalogue was built from this same surface expression, so an uncatalogued scarp here is more likely a road cut, canal levee, quarry face or erosion line than a fault - down-weighted, and emitted only if it clears the metric bar"
203,7,"[365, 368]","[926, 930]",92950.0,206671.42857142858,B-only,"{""silent"": 0, ""concordant"": 0, ""A-only"": 0, ""B-only"": 7}",30.3842,7.6833,12.2084,1.6937,7.6439,12.81,False,0.98575,"surface-view only: scarp with no field offset; the catalogue was built from this same surface expression, so an uncatalogued scarp here is more likely a road cut, canal levee, quarry face or erosion line than a fault - down-weighted, and emitted only if it clears the metric bar"
204,7,"[366, 369]","[2391, 2392]",239292.85714285716,206542.85714285716,B-only,"{""silent"": 0, ""concordant"": 0, ""A-only"": 0, ""B-only"": 7}",57.2658,10.5008,11.2373,0.5034,150.029,33.54,False,0.98627,"surface-view only: scarp with no field offset; the catalogue was built from this same surface expression, so an uncatalogued scarp here is more likely a road cut, canal levee, quarry face or erosion line than a fault - down-weighted, and emitted only if it clears the metric bar"
281,7,"[481, 484]","[266, 269]",26907.142857142855,195042.85714285716,B-only,"{""silent"": 0, ""concordant"": 0, ""A-only"": 0, ""B-only"": 7}",27.7636,4.1518,10.5418,1.0446,133.8507,11.5,False,0.98517,"surface-view only: scarp with no field offset; the catalogue was built from this same surface expression, so an uncatalogued scarp here is more likely a road cut, canal levee, quarry face or erosion line than a fault - down-weighted, and emitted only if it clears the metric bar"
295,7,"[489, 494]","[1168, 1173]",117221.42857142858,194185.7142857143,B-only,"{""silent"": 1, ""concordant"": 0, ""A-only"": 0, ""B-only"": 6}",375.8801,6.6675,12.1373,5.1572,149.1438,82.06,False,0.98598,"surface-view only: scarp with no field offset; the catalogue was built from this same surface expression, so an uncatalogued scarp here is more likely a road cut, canal levee, quarry face or erosion line than a fault - down-weighted, and emitted only if it clears the metric bar"
339,7,"[540, 544]","[528, 530]",53021.428571428565,189128.57142857142,B-only,"{""silent"": 1, ""concordant"": 0, ""A-only"": 0, ""B-only"": 6}",434.5179,12.2777,12.8573,0.8077,89.279,32.96,False,0.9859,"surface-view only: scarp with no field offset; the catalogue was built from this same surface expression, so an uncatalogued scarp here is more likely a road cut, canal levee, quarry face or erosion line than a fault - down-weighted, and emitted only if it clears the metric bar"
346,7,"[548, 552]","[842, 843]",84392.85714285714,188300.0,B-only,"{""silent"": 0, ""concordant"": 0, ""A-only"": 0, ""B-only"": 7}",406.0034,7.0126,13.6114,4.4909,61.0587,7.46,False,0.98565,"surface-view only: scarp with no field offset; the catalogue was built from this same surface expression, so an uncatalogued scarp here is more likely a road cut, canal levee, quarry face or erosion line than a fault - down-weighted, and emitted only if it clears the metric bar"
450,7,"[658, 663]","[220, 222]",22250.0,177242.85714285716,B-only,"{""silent"": 1, ""concordant"": 0, ""A-only"": 0, ""B-only"": 6}",35.1333,22.7544,15.5645,3.4989,174.4841,1.14,False,0.98919,"surface-view only: scarp with no field offset; the catalogue was built from this same surface expression, so an uncatalogued scarp here is more likely a road cut, canal levee, quarry face or erosion line than a fault - down-weighted, and emitted only if it clears the metric bar"
494,7,"[709, 712]","[2865, 2867]",286750.0,172242.85714285716,B-only,"{""silent"": 0, ""concordant"": 0, ""A-only"": 0, ""B-only"": 7}",230.7187,7.8504,13.6289,3.599,99.4371,27.51,False,0.98577,"surface-view only: scarp with no field offset; the catalogue was built from this same surface expression, so an uncatalogued scarp here is more likely a road cut, canal levee, quarry face or erosion line than a fault - down-weighted, and emitted only if it clears the metric bar"
511,7,"[736, 739]","[293, 295]",29564.285714285717,169571.42857142858,B-only,"{""silent"": 0, ""concordant"": 0, ""A-only"": 0, ""B-only"": 7}",55.4214,5.6913,10.3181,1.1143,209.378,54.17,False,0.98539,"surface-view only: scarp with no field offset; the catalogue was built from this same surface expression, so an uncatalogued scarp here is more likely a road cut, canal levee, quarry face or erosion line than a fault - down-weighted, and emitted only if it clears the metric bar"
515,7,"[740, 744]","[513, 514]",51507.142857142855,169085.7142857143,B-only,"{""silent"": 0, ""concordant"": 0, ""A-only"": 0, ""B-only"": 7}",770.9399,5.7781,11.1335,2.3677,101.4062,78.27,False,0.98649,"surface-view only: scarp with no field offset; the catalogue was built from this same surface expression, so an uncatalogued scarp here is more likely a road cut, canal levee, quarry face or erosion line than a fault - down-weighted, and emitted only if it clears the metric bar"
583,7,"[832, 835]","[327, 331]",33064.28571428572,159942.85714285716,B-only,"{""silent"": 0, ""concordant"": 0, ""A-only"": 0, ""B-only"": 7}",36.0891,6.4807,11.1707,2.2379,71.862,65.98,False,0.98584,"surface-view only: scarp with no field offset; the catalogue was built from this same surface expression, so an uncatalogued scarp here is more likely a road cut, canal levee, quarry face or erosion line than a fault - down-weighted, and emitted only if it clears the metric bar"
627,7,"[881, 884]","[746, 748]",74835.71428571429,155071.42857142858,silent,"{""silent"": 7, ""concordant"": 0, ""A-only"": 0, ""B-only"": 0}",319.5488,7.3108,12.1203,2.2138,421.346,14.38,False,0.98532,neither view is in its confident tail; emitted on corridor mass that the calibrated density still values above the acceptance bar (bar 0.0593)
639,7,"[897, 900]","[1145, 1146]",114707.14285714287,153428.57142857142,B-only,"{""silent"": 0, ""concordant"": 0, ""A-only"": 0, ""B-only"": 7}",187.2598,5.9275,14.5768,3.5522,38.3523,7.61,False,0.99158,"surface-view only: scarp with no field offset; the catalogue was built from this same surface expression, so an uncatalogued scarp here is more likely a road cut, canal levee, quarry face or erosion line than a fault - down-weighted, and emitted only if it clears the metric bar"
662,7,"[920, 923]","[1112, 1114]",111478.57142857142,151142.85714285716,B-only,"{""silent"": 0, ""concordant"": 0, ""A-only"": 0, ""B-only"": 7}",88.0138,5.2299,11.5619,3.5842,21.2273,17.6,False,0.98788,"surface-view only: scarp with no field offset; the catalogue was built from this same surface expression, so an uncatalogued scarp here is more likely a road cut, canal levee, quarry face or erosion line than a fault - down-weighted, and emitted only if it clears the metric bar"
671,7,"[927, 929]","[334, 336]",33621.42857142857,150500.0,B-only,"{""silent"": 1, ""concordant"": 0, ""A-only"": 0, ""B-only"": 6}",25.9699,8.165,10.884,1.0921,206.0052,57.52,False,0.98735,"surface-view only: scarp with no field offset; the catalogue was built from this same surface expression, so an uncatalogued scarp here is more likely a road cut, canal levee, quarry face or erosion line than a fault - down-weighted, and emitted only if it clears the metric bar"
703,7,"[1026, 1028]","[121, 123]",12364.285714285714,140571.42857142858,B-only,"{""silent"": 6, ""concordant"": 0, ""A-only"": 0, ""B-only"": 1}",27.9848,17.2064,16.9476,12.5451,694.0807,1.71,False,0.9894,"surface-view only: scarp with no field offset; the catalogue was built from this same surface expression, so an uncatalogued scarp here is more likely a road cut, canal levee, quarry face or erosion line than a fault - down-weighted, and emitted only if it clears the metric bar"
716,7,"[1063, 1066]","[584, 587]",58664.28571428571,136871.42857142858,B-only,"{""silent"": 0, ""concordant"": 0, ""A-only"": 0, ""B-only"": 7}",1280.3203,11.5773,12.6403,0.9905,250.0037,9.64,False,0.98683,"surface-view only: scarp with no field offset; the catalogue was built from this same surface expression, so an uncatalogued scarp here is more likely a road cut, canal levee, quarry face or erosion line than a fault - down-weighted, and emitted only if it clears the metric bar"
851,7,"[1361, 1364]","[1359, 1361]",136107.14285714287,107085.71428571429,B-only,"{""silent"": 0, ""concordant"": 0, ""A-only"": 0, ""B-only"": 7}",620.6668,6.9654,13.818,1.6476,65.0104,18.1,False,0.98704,"surface-view only: scarp with no field offset; the catalogue was built from this same surface expression, so an uncatalogued scarp here is more likely a road cut, canal levee, quarry face or erosion line than a fault - down-weighted, and emitted only if it clears the metric bar"
884,7,"[1439, 1442]","[711, 715]",71435.71428571429,99271.42857142858,B-only,"{""silent"": 0, ""concordant"": 0, ""A-only"": 0, ""B-only"": 7}",231.0745,2.1555,8.3284,1.4841,103.4855,8.89,False,0.98681,"surface-view only: scarp with no field offset; the catalogue was built from this same surface expression, so an uncatalogued scarp here is more likely a road cut, canal levee, quarry face or erosion line than a fault - down-weighted, and emitted only if it clears the metric bar"
945,7,"[1574, 1577]","[616, 620]",61964.28571428571,85742.85714285713,B-only,"{""silent"": 0, ""concordant"": 0, ""A-only"": 0, ""B-only"": 7}",750.222,1.7853,7.6328,1.6716,114.7963,12.07,False,0.98745,"surface-view only: scarp with no field offset; the catalogue was built from this same surface expression, so an uncatalogued scarp here is more likely a road cut, canal levee, quarry face or erosion line than a fault - down-weighted, and emitted only if it clears the metric bar"
952,7,"[1580, 1583]","[1173, 1176]",117550.0,85128.57142857142,B-only,"{""silent"": 0, ""concordant"": 0, ""A-only"": 0, ""B-only"": 7}",340.0115,5.8313,11.6115,1.7172,224.0446,41.21,False,0.98452,"surface-view only: scarp with no field offset; the catalogue was built from this same surface expression, so an uncatalogued scarp here is more likely a road cut, canal levee, quarry face or erosion line than a fault - down-weighted, and emitted only if it clears the metric bar"
978,7,"[1622, 1625]","[758, 759]",75992.85714285714,80971.42857142858,B-only,"{""silent"": 0, ""concordant"": 0, ""A-only"": 0, ""B-only"": 7}",1104.7823,10.6259,12.8409,1.5437,194.8366,21.92,False,0.98718,"surface-view only: scarp with no field offset; the catalogue was built from this same surface expression, so an uncatalogued scarp here is more likely a road cut, canal levee, quarry face or erosion line than a fault - down-weighted, and emitted only if it clears the metric bar"
1064,7,"[1953, 1955]","[1772, 1775]",177507.14285714287,47885.71428571429,silent,"{""silent"": 7, ""concordant"": 0, ""A-only"": 0, ""B-only"": 0}",20.5836,3.9573,6.8854,2.4479,231.1994,3.65,False,0.98672,neither view is in its confident tail; emitted on corridor mass that the calibrated density still values above the acceptance bar (bar 0.0593)
1220,7,"[2507, 2510]","[1548, 1550]",155021.42857142858,-7585.714285714261,concordant,"{""silent"": 0, ""concordant"": 7, ""A-only"": 0, ""B-only"": 0}",103.7183,5.1938,11.1304,3.7198,181.6313,17.05,False,0.98477,"both views agree: continuation of a mapped structure beyond the end or the side of the mapped trace, the case where the catalogue is truncated by mapping convention rather than by data"
1247,7,"[2674, 2678]","[2127, 2129]",212935.71428571426,-24314.28571428574,silent,"{""silent"": 7, ""concordant"": 0, ""A-only"": 0, ""B-only"": 0}",133.1448,8.7632,10.3452,1.798,235.6491,1.93,False,0.98519,neither view is in its confident tail; emitted on corridor mass that the calibrated density still values above the acceptance bar (bar 0.0593)
1278,7,"[2900, 2902]","[2180, 2183]",218307.14285714284,-46842.85714285716,B-only,"{""silent"": 0, ""concordant"": 0, ""A-only"": 0, ""B-only"": 7}",601.5323,3.6962,10.7338,4.6524,64.3703,17.32,False,0.98749,"surface-view only: scarp with no field offset; the catalogue was built from this same surface expression, so an uncatalogued scarp here is more likely a road cut, canal levee, quarry face or erosion line than a fault - down-weighted, and emitted only if it clears the metric bar"
1282,7,"[2913, 2916]","[2173, 2175]",217578.57142857142,-48157.14285714284,B-only,"{""silent"": 0, ""concordant"": 0, ""A-only"": 0, ""B-only"": 7}",478.0029,7.336,11.5249,4.0596,58.3134,10.23,False,0.98694,"surface-view only: scarp with no field offset; the catalogue was built from this same surface expression, so an uncatalogued scarp here is more likely a road cut, canal levee, quarry face or erosion line than a fault - down-weighted, and emitted only if it clears the metric bar"
1309,7,"[3001, 3004]","[1595, 1596]",159707.14285714287,-56928.57142857142,B-only,"{""silent"": 0, ""concordant"": 3, ""A-only"": 0, ""B-only"": 4}",480.5726,6.7214,10.4893,4.703,79.0043,8.61,False,0.98803,"surface-view only: scarp with no field offset; the catalogue was built from this same surface expression, so an uncatalogued scarp here is more likely a road cut, canal levee, quarry face or erosion line than a fault - down-weighted, and emitted only if it clears the metric bar"
1357,7,"[3110, 3112]","[1614, 1617]",161692.85714285713,-67785.71428571426,concordant,"{""silent"": 0, ""concordant"": 6, ""A-only"": 0, ""B-only"": 1}",792.4409,7.758,8.8409,4.501,61.8968,67.63,False,0.98669,"both views agree: continuation of a mapped structure beyond the end or the side of the mapped trace, the case where the catalogue is truncated by mapping convention rather than by data"
1364,7,"[3139, 3143]","[1389, 1393]",139192.85714285713,-70785.71428571426,A-only,"{""silent"": 0, ""concordant"": 0, ""A-only"": 7, ""B-only"": 0}",10.3784,14.4023,16.0592,18.8461,211.2193,2.14,False,0.98658,"field-view only: potential-field offset (gravity step 18.846, magnetic step 211.219) with no corresponding scarp (surface rank 16.059); cover depth rank 10.378 is deep enough that a scarp would be buried, so this is a buried range-front fault the LiDAR-derived catalogue cannot contain"
1372,7,"[3155, 3158]","[1611, 1614]",161392.85714285713,-72371.42857142858,silent,"{""silent"": 7, ""concordant"": 0, ""A-only"": 0, ""B-only"": 0}",1784.8157,4.9944,8.1038,0.5591,11.9791,30.35,False,0.984,neither view is in its confident tail; emitted on corridor mass that the calibrated density still values above the acceptance bar (bar 0.0593)
1397,7,"[3209, 3211]","[1801, 1803]",180335.7142857143,-77728.57142857142,B-only,"{""silent"": 0, ""concordant"": 0, ""A-only"": 0, ""B-only"": 7}",11.1506,11.117,13.5864,1.989,16.9812,7.99,False,0.9889,"surface-view only: scarp with no field offset; the catalogue was built from this same surface expression, so an uncatalogued scarp here is more likely a road cut, canal levee, quarry face or erosion line than a fault - down-weighted, and emitted only if it clears the metric bar"
1429,7,"[3272, 3277]","[1753, 1754]",175478.57142857142,-84128.57142857142,silent,"{""silent"": 7, ""concordant"": 0, ""A-only"": 0, ""B-only"": 0}",134.5631,6.6964,12.5477,1.7357,286.0379,20.87,False,0.99147,neither view is in its confident tail; emitted on corridor mass that the calibrated density still values above the acceptance bar (bar 0.0593)
1489,7,"[3398, 3403]","[1838, 1841]",184092.85714285713,-96771.42857142858,B-only,"{""silent"": 5, ""concordant"": 0, ""A-only"": 0, ""B-only"": 2}",513.4514,4.7655,11.8288,1.6493,69.4551,55.36,False,0.98548,"surface-view only: scarp with no field offset; the catalogue was built from this same surface expression, so an uncatalogued scarp here is more likely a road cut, canal levee, quarry face or erosion line than a fault - down-weighted, and emitted only if it clears the metric bar"
46,6,"[51, 53]","[1333, 1335]",133566.6666666667,238100.0,B-only,"{""silent"": 0, ""concordant"": 0, ""A-only"": 0, ""B-only"": 6}",10.215,12.3354,15.4218,0.2801,17.761,31.42,False,0.98664,"surface-view only: scarp with no field offset; the catalogue was built from this same surface expression, so an uncatalogued scarp here is more likely a road cut, canal levee, quarry face or erosion line than a fault - down-weighted, and emitted only if it clears the metric bar"
48,6,"[58, 59]","[2875, 2878]",287833.3333333334,237433.33333333334,B-only,"{""silent"": 0, ""concordant"": 0, ""A-only"": 0, ""B-only"": 6}",388.6413,3.9835,12.2593,2.4856,165.8912,7.44,False,0.988,"surface-view only: scarp with no field offset; the catalogue was built from this same surface expression, so an uncatalogued scarp here is more likely a road cut, canal levee, quarry face or erosion line than a fault - down-weighted, and emitted only if it clears the metric bar"
78,6,"[121, 124]","[3250, 3252]",325266.6666666666,231050.0,B-only,"{""silent"": 5, ""concordant"": 0, ""A-only"": 0, ""B-only"": 1}",109.7884,7.9277,11.2731,1.242,34.7454,41.2,False,0.98874,"surface-view only: scarp with no field offset; the catalogue was built from this same surface expression, so an uncatalogued scarp here is more likely a road cut, canal levee, quarry face or erosion line than a fault - down-weighted, and emitted only if it clears the metric bar"
83,6,"[133, 135]","[3244, 3246]",324616.6666666666,229916.66666666666,B-only,"{""silent"": 5, ""concordant"": 0, ""A-only"": 0, ""B-only"": 1}",82.5604,2.8385,8.3877,1.2894,62.1829,41.51,False,0.98482,"surface-view only: scarp with no field offset; the catalogue was built from this same surface expression, so an uncatalogued scarp here is more likely a road cut, canal levee, quarry face or erosion line than a fault - down-weighted, and emitted only if it clears the metric bar"
139,6,"[211, 216]","[1147, 1150]",114983.33333333333,221950.0,B-only,"{""silent"": 0, ""concordant"": 0, ""A-only"": 0, ""B-only"": 6}",654.0848,6.6613,10.9318,2.5083,153.2432,42.58,False,0.9844,"surface-view only: scarp with no field offset; the catalogue was built from this same surface expression, so an uncatalogued scarp here is more likely a road cut, canal levee, quarry face or erosion line than a fault - down-weighted, and emitted only if it clears the metric bar"
158,6,"[248, 251]","[653, 654]",65483.333333333336,218383.33333333334,B-only,"{""silent"": 0, ""concordant"": 0, ""A-only"": 0, ""B-only"": 6}",4.7692,9.2354,14.4072,3.4196,98.3543,7.75,False,0.98578,"surface-view only: scarp with no field offset; the catalogue was built from this same surface expression, so an uncatalogued scarp here is more likely a road cut, canal levee, quarry face or erosion line than a fault - down-weighted, and emitted only if it clears the metric bar"
214,6,"[381, 384]","[572, 574]",57466.666666666664,205033.3333333333,B-only,"{""silent"": 0, ""concordant"": 0, ""A-only"": 0, ""B-only"": 6}",643.6378,3.714,9.7104,1.6975,133.6279,25.17,False,0.9865,"surface-view only: scarp with no field offset; the catalogue was built from this same surface expression, so an uncatalogued scarp here is more likely a road cut, canal levee, quarry face or erosion line than a fault - down-weighted, and emitted only if it clears the metric bar"
252,6,"[435, 438]","[557, 558]",55900.0,199650.0,B-only,"{""silent"": 0, ""concordant"": 0, ""A-only"": 0, ""B-only"": 6}",668.9609,4.3713,9.5933,0.3179,98.1467,37.36,False,0.9854,"surface-view only: scarp with no field offset; the catalogue was built from this same surface expression, so an uncatalogued scarp here is more likely a road cut, canal levee, quarry face or erosion line than a fault - down-weighted, and emitted only if it clears the metric bar"
255,6,"[438, 440]","[2293, 2295]",229566.66666666666,199383.3333333333,B-only,"{""silent"": 1, ""concordant"": 0, ""A-only"": 0, ""B-only"": 5}",342.1976,4.8235,9.9358,2.1108,79.5642,56.45,False,0.98523,"surface-view only: scarp with no field offset; the catalogue was built from this same surface expression, so an uncatalogued scarp here is more likely a road cut, canal levee, quarry face or erosion line than a fault - down-weighted, and emitted only if it clears the metric bar"
282,6,"[481, 485]","[644, 645]",64583.333333333336,195000.0,B-only,"{""silent"": 0, ""concordant"": 0, ""A-only"": 0, ""B-only"": 6}",526.5362,6.9129,12.2705,3.3745,107.5062,18.45,False,0.98474,"surface-view only: scarp with no field offset; the catalogue was built from this same surface expression, so an uncatalogued scarp here is more likely a road cut, canal levee, quarry face or erosion line than a fault - down-weighted, and emitted only if it clears the metric bar"
284,6,"[481, 484]","[2351, 2352]",235300.0,195050.0,silent,"{""silent"": 6, ""concordant"": 0, ""A-only"": 0, ""B-only"": 0}",518.9337,4.4585,12.8958,2.1732,180.1158,57.37,False,0.98675,neither view is in its confident tail; emitted on corridor mass that the calibrated density still values above the acceptance bar (bar 0.0593)
324,6,"[520, 522]","[2398, 2400]",240050.0,191183.33333333334,B-only,"{""silent"": 0, ""concordant"": 0, ""A-only"": 0, ""B-only"": 6}",1528.7046,8.8116,12.0121,3.3124,44.7202,37.33,False,0.98554,"surface-view only: scarp with no field offset; the catalogue was built from this same surface expression, so an uncatalogued scarp here is more likely a road cut, canal levee, quarry face or erosion line than a fault - down-weighted, and emitted only if it clears the metric bar"
344,6,"[546, 549]","[1193, 1196]",119600.0,188583.33333333334,B-only,"{""silent"": 0, ""concordant"": 0, ""A-only"": 0, ""B-only"": 6}",497.2006,4.3092,11.141,3.8914,54.2559,58.95,False,0.98597,"surface-view only: scarp with no field offset; the catalogue was built from this same surface expression, so an uncatalogued scarp here is more likely a road cut, canal levee, quarry face or erosion line than a fault - down-weighted, and emitted only if it clears the metric bar"
352,6,"[553, 558]","[464, 464]",46550.0,187750.0,silent,"{""silent"": 6, ""concordant"": 0, ""A-only"": 0, ""B-only"": 0}",35.1114,6.9077,12.4838,1.0201,211.744,8.54,False,0.98778,neither view is in its confident tail; emitted on corridor mass that the calibrated density still values above the acceptance bar (bar 0.0593)
463,6,"[673, 675]","[224, 226]",22616.666666666664,175883.33333333334,B-only,"{""silent"": 0, ""concordant"": 0, ""A-only"": 0, ""B-only"": 6}",65.7924,15.9248,14.3959,5.4729,180.6893,1.54,False,0.99102,"surface-view only: scarp with no field offset; the catalogue was built from this same surface expression, so an uncatalogued scarp here is more likely a road cut, canal levee, quarry face or erosion line than a fault - down-weighted, and emitted only if it clears the metric bar"
482,6,"[700, 704]","[2807, 2808]",280866.6666666666,173116.66666666666,B-only,"{""silent"": 1, ""concordant"": 0, ""A-only"": 0, ""B-only"": 5}",178.4394,12.9997,14.6686,1.7546,65.4196,15.17,False,0.98595,"surface-view only: scarp with no field offset; the catalogue was built from this same surface expression, so an uncatalogued scarp here is more likely a road cut, canal levee, quarry face or erosion line than a fault - down-weighted, and emitted only if it clears the metric bar"
525,6,"[765, 768]","[1692, 1693]",169383.3333333333,166683.33333333334,B-only,"{""silent"": 0, ""concordant"": 0, ""A-only"": 0, ""B-only"": 6}",70.6811,10.958,14.8696,0.5797,41.9476,7.99,False,0.98786,"surface-view only: scarp with no field offset; the catalogue was built from this same surface expression, so an uncatalogued scarp here is more likely a road cut, canal levee, quarry face or erosion line than a fault - down-weighted, and emitted only if it clears the metric bar"
539,6,"[771, 772]","[2765, 2768]",276800.0,166150.0,B-only,"{""silent"": 3, ""concordant"": 0, ""A-only"": 0, ""B-only"": 3}",376.958,7.5363,14.4279,6.6645,52.2245,2.35,False,0.98521,"surface-view only: scarp with no field offset; the catalogue was built from this same surface expression, so an uncatalogued scarp here is more likely a road cut, canal levee, quarry face or erosion line than a fault - down-weighted, and emitted only if it clears the metric bar"
573,6,"[819, 823]","[1302, 1304]",130450.0,161216.66666666666,B-only,"{""silent"": 0, ""concordant"": 0, ""A-only"": 0, ""B-only"": 6}",169.2668,6.9397,12.4382,0.4772,43.2675,59.71,False,0.98543,"surface-view only: scarp with no field offset; the catalogue was built from this same surface expression, so an uncatalogued scarp here is more likely a road cut, canal levee, quarry face or erosion line than a fault - down-weighted, and emitted only if it clears the metric bar"
689,6,"[989, 993]","[787, 788]",78900.0,144200.0,B-only,"{""silent"": 4, ""concordant"": 0, ""A-only"": 0, ""B-only"": 2}",598.6409,9.6216,13.0228,2.1044,174.374,18.84,False,0.9848,"surface-view only: scarp with no field offset; the catalogue was built from this same surface expression, so an uncatalogued scarp here is more likely a road cut, canal levee, quarry face or erosion line than a fault - down-weighted, and emitted only if it clears the metric bar"
732,6,"[1119, 1123]","[760, 763]",76333.33333333334,131216.6666666667,B-only,"{""silent"": 0, ""concordant"": 0, ""A-only"": 0, ""B-only"": 6}",465.041,1.7319,8.895,2.112,196.1913,13.21,False,0.98604,"surface-view only: scarp with no field offset; the catalogue was built from this same surface expression, so an uncatalogued scarp here is more likely a road cut, canal levee, quarry face or erosion line than a fault - down-weighted, and emitted only if it clears the metric bar"
759,6,"[1212, 1217]","[603, 604]",60516.666666666664,121850.0,B-only,"{""silent"": 0, ""concordant"": 0, ""A-only"": 0, ""B-only"": 6}",719.1776,4.6699,10.3597,2.9751,170.7958,12.07,False,0.98505,"surface-view only: scarp with no field offset; the catalogue was built from this same surface expression, so an uncatalogued scarp here is more likely a road cut, canal levee, quarry face or erosion line than a fault - down-weighted, and emitted only if it clears the metric bar"
780,6,"[1245, 1247]","[267, 269]",26916.666666666668,118700.0,A-only,"{""silent"": 2, ""concordant"": 0, ""A-only"": 4, ""B-only"": 0}",284.1904,11.6263,12.1859,14.5876,112.0898,1.67,False,0.98855,"field-view only: potential-field offset (gravity step 14.588, magnetic step 112.090) with no corresponding scarp (surface rank 12.186); cover depth rank 284.190 is deep enough that a scarp would be buried, so this is a buried range-front fault the LiDAR-derived catalogue cannot contain"
805,6,"[1275, 1278]","[499, 501]",50133.33333333333,115633.33333333333,B-only,"{""silent"": 4, ""concordant"": 0, ""A-only"": 0, ""B-only"": 2}",928.5562,4.3976,9.6403,1.69,208.6388,26.41,False,0.98625,"surface-view only: scarp with no field offset; the catalogue was built from this same surface expression, so an uncatalogued scarp here is more likely a road cut, canal levee, quarry face or erosion line than a fault - down-weighted, and emitted only if it clears the metric bar"
878,6,"[1426, 1429]","[766, 770]",76933.33333333334,100516.66666666669,B-only,"{""silent"": 0, ""concordant"": 0, ""A-only"": 0, ""B-only"": 6}",75.6152,3.9147,9.8003,1.3087,73.4458,26.61,False,0.98572,"surface-view only: scarp with no field offset; the catalogue was built from this same surface expression, so an uncatalogued scarp here is more likely a road cut, canal levee, quarry face or erosion line than a fault - down-weighted, and emitted only if it clears the metric bar"
891,6,"[1465, 1468]","[1155, 1156]",115700.0,96650.0,B-only,"{""silent"": 0, ""concordant"": 0, ""A-only"": 0, ""B-only"": 6}",87.3606,2.2924,10.7759,1.7223,131.5477,22.57,False,0.98619,"surface-view only: scarp with no field offset; the catalogue was built from this same surface expression, so an uncatalogued scarp here is more likely a road cut, canal levee, quarry face or erosion line than a fault - down-weighted, and emitted only if it clears the metric bar"
947,6,"[1576, 1579]","[622, 624]",62450.0,85550.0,B-only,"{""silent"": 0, ""concordant"": 0, ""A-only"": 0, ""B-only"": 6}",795.9973,3.6839,10.1815,2.0671,90.2414,15.66,False,0.98602,"surface-view only: scarp with no field offset; the catalogue was built from this same surface expression, so an uncatalogued scarp here is more likely a road cut, canal levee, quarry face or erosion line than a fault - down-weighted, and emitted only if it clears the metric bar"
968,6,"[1615, 1617]","[758, 760]",76033.33333333334,81666.66666666669,B-only,"{""silent"": 4, ""concordant"": 0, ""A-only"": 0, ""B-only"": 2}",961.1472,9.1342,12.218,1.7194,144.1382,27.59,False,0.98606,"surface-view only: scarp with no field offset; the catalogue was built from this same surface expression, so an uncatalogued scarp here is more likely a road cut, canal levee, quarry face or erosion line than a fault - down-weighted, and emitted only if it clears the metric bar"
969,6,"[1616, 1617]","[779, 782]",78216.66666666666,81650.0,B-only,"{""silent"": 0, ""concordant"": 0, ""A-only"": 0, ""B-only"": 6}",594.8932,5.4363,9.9208,2.7521,147.5668,20.53,False,0.98471,"surface-view only: scarp with no field offset; the catalogue was built from this same surface expression, so an uncatalogued scarp here is more likely a road cut, canal levee, quarry face or erosion line than a fault - down-weighted, and emitted only if it clears the metric bar"
1008,6,"[1675, 1676]","[1283, 1287]",128616.66666666667,75766.66666666669,B-only,"{""silent"": 0, ""concordant"": 0, ""A-only"": 0, ""B-only"": 6}",698.032,9.0803,11.7223,1.1388,406.4751,39.26,False,0.98586,"surface-view only: scarp with no field offset; the catalogue was built from this same surface expression, so an uncatalogued scarp here is more likely a road cut, canal levee, quarry face or erosion line than a fault - down-weighted, and emitted only if it clears the metric bar"
1057,6,"[1942, 1944]","[950, 953]",95283.33333333334,49000.0,B-only,"{""silent"": 0, ""concordant"": 0, ""A-only"": 0, ""B-only"": 6}",758.3354,6.3066,12.4651,0.8867,77.9469,11.13,False,0.98671,"surface-view only: scarp with no field offset; the catalogue was built from this same surface expression, so an uncatalogued scarp here is more likely a road cut, canal levee, quarry face or erosion line than a fault - down-weighted, and emitted only if it clears the metric bar"
1130,6,"[2139, 2141]","[1139, 1142]",114200.0,29316.666666666657,B-only,"{""silent"": 0, ""concordant"": 0, ""A-only"": 0, ""B-only"": 6}",274.1571,9.5747,11.4707,1.7478,124.1153,40.25,False,0.98592,"surface-view only: scarp with no field offset; the catalogue was built from this same surface expression, so an uncatalogued scarp here is more likely a road cut, canal levee, quarry face or erosion line than a fault - down-weighted, and emitted only if it clears the metric bar"
1143,6,"[2213, 2217]","[1633, 1637]",163666.6666666667,21816.666666666657,B-only,"{""silent"": 0, ""concordant"": 0, ""A-only"": 0, ""B-only"": 6}",1178.8773,4.3078,11.6834,1.1236,81.237,20.86,False,0.98491,"surface-view only: scarp with no field offset; the catalogue was built from this same surface expression, so an uncatalogued scarp here is more likely a road cut, canal levee, quarry face or erosion line than a fault - down-weighted, and emitted only if it clears the metric bar"
1192,6,"[2422, 2424]","[1243, 1245]",124533.33333333333,1016.666666666657,B-only,"{""silent"": 0, ""concordant"": 0, ""A-only"": 0, ""B-only"": 6}",209.092,2.9734,7.0743,3.1675,174.4469,55.93,False,0.98772,"surface-view only: scarp with no field offset; the catalogue was built from this same surface expression, so an uncatalogued scarp here is more likely a road cut, canal levee, quarry face or erosion line than a fault - down-weighted, and emitted only if it clears the metric bar"
1200,6,"[2443, 2444]","[1360, 1364]",136333.3333333333,-1050.0,B-only,"{""silent"": 0, ""concordant"": 0, ""A-only"": 0, ""B-only"": 6}",22.6724,5.2904,8.061,1.8994,112.6426,10.18,False,0.98422,"surface-view only: scarp with no field offset; the catalogue was built from this same surface expression, so an uncatalogued scarp here is more likely a road cut, canal levee, quarry face or erosion line than a fault - down-weighted, and emitted only if it clears the metric bar"
1221,6,"[2511, 2514]","[1551, 1554]",155416.6666666667,-7966.666666666657,concordant,"{""silent"": 0, ""concordant"": 3, ""A-only"": 3, ""B-only"": 0}",117.6903,7.3755,9.5668,3.8257,270.9533,18.24,False,0.98551,"both views agree: continuation of a mapped structure beyond the end or the side of the mapped trace, the case where the catalogue is truncated by mapping convention rather than by data"
1306,6,"[2972, 2976]","[1618, 1622]",162150.0,-54083.33333333337,B-only,"{""silent"": 0, ""concordant"": 0, ""A-only"": 0, ""B-only"": 6}",591.5788,2.7872,8.4387,0.4903,190.7431,9.82,False,0.98584,"surface-view only: scarp with no field offset; the catalogue was built from this same surface expression, so an uncatalogued scarp here is more likely a road cut, canal levee, quarry face or erosion line than a fault - down-weighted, and emitted only if it clears the metric bar"
1315,6,"[3026, 3027]","[1560, 1563]",156300.0,-59333.33333333337,silent,"{""silent"": 6, ""concordant"": 0, ""A-only"": 0, ""B-only"": 0}",123.6088,9.0781,10.0679,0.62,112.1995,10.43,False,0.98573,neither view is in its confident tail; emitted on corridor mass that the calibrated density still values above the acceptance bar (bar 0.0593)
1328,6,"[3038, 3041]","[2164, 2166]",216666.66666666666,-60683.33333333337,B-only,"{""silent"": 0, ""concordant"": 0, ""A-only"": 0, ""B-only"": 6}",4.6852,10.0234,14.2556,2.7595,83.7759,19.75,False,0.98559,"surface-view only: scarp with no field offset; the catalogue was built from this same surface expression, so an uncatalogued scarp here is more likely a road cut, canal levee, quarry face or erosion line than a fault - down-weighted, and emitted only if it clears the metric bar"
1353,6,"[3105, 3107]","[1296, 1300]",129933.33333333333,-67316.66666666663,concordant,"{""silent"": 0, ""concordant"": 5, ""A-only"": 0, ""B-only"": 1}",529.9943,3.453,8.8193,2.0269,69.4303,13.21,False,0.98464,"both views agree: continuation of a mapped structure beyond the end or the side of the mapped trace, the case where the catalogue is truncated by mapping convention rather than by data"
1385,6,"[3188, 3191]","[2008, 2010]",201033.3333333333,-75633.33333333337,B-only,"{""silent"": 0, ""concordant"": 0, ""A-only"": 0, ""B-only"": 6}",2089.9722,2.1003,8.3548,3.18,29.385,29.44,False,0.98425,"surface-view only: scarp with no field offset; the catalogue was built from this same surface expression, so an uncatalogued scarp here is more likely a road cut, canal levee, quarry face or erosion line than a fault - down-weighted, and emitted only if it clears the metric bar"
1414,6,"[3242, 3245]","[1803, 1804]",180500.0,-81050.0,B-only,"{""silent"": 0, ""concordant"": 0, ""A-only"": 0, ""B-only"": 6}",13.08,6.5655,13.7138,2.2989,50.9654,10.34,False,0.98577,"surface-view only: scarp with no field offset; the catalogue was built from this same surface expression, so an uncatalogued scarp here is more likely a road cut, canal levee, quarry face or erosion line than a fault - down-weighted, and emitted only if it clears the metric bar"
1415,6,"[3249, 3251]","[1989, 1991]",199166.6666666667,-81683.33333333337,B-only,"{""silent"": 3, ""concordant"": 0, ""A-only"": 0, ""B-only"": 3}",190.9161,5.0442,9.942,1.7424,12.1222,86.06,False,0.98629,"surface-view only: scarp with no field offset; the catalogue was built from this same surface expression, so an uncatalogued scarp here is more likely a road cut, canal levee, quarry face or erosion line than a fault - down-weighted, and emitted only if it clears the metric bar"
1417,6,"[3250, 3254]","[1808, 1810]",181016.6666666667,-81883.33333333337,B-only,"{""silent"": 5, ""concordant"": 0, ""A-only"": 0, ""B-only"": 1}",40.1718,12.1004,12.273,1.9872,51.6856,14.67,False,0.98544,"surface-view only: scarp with no field offset; the catalogue was built from this same surface expression, so an uncatalogued scarp here is more likely a road cut, canal levee, quarry face or erosion line than a fault - down-weighted, and emitted only if it clears the metric bar"
1436,6,"[3283, 3287]","[1523, 1524]",152516.6666666667,-85183.33333333337,concordant,"{""silent"": 0, ""concordant"": 4, ""A-only"": 0, ""B-only"": 2}",51.4794,19.9809,13.5836,26.2521,203.4141,1.07,False,0.98959,"both views agree: continuation of a mapped structure beyond the end or the side of the mapped trace, the case where the catalogue is truncated by mapping convention rather than by data"
1459,6,"[3314, 3317]","[1949, 1953]",195266.6666666667,-88283.33333333337,B-only,"{""silent"": 0, ""concordant"": 0, ""A-only"": 0, ""B-only"": 6}",508.0587,6.6365,10.7748,3.2919,11.7217,48.22,False,0.9868,"surface-view only: scarp with no field offset; the catalogue was built from this same surface expression, so an uncatalogued scarp here is more likely a road cut, canal levee, quarry face or erosion line than a fault - down-weighted, and emitted only if it clears the metric bar"
1471,6,"[3353, 3355]","[1671, 1674]",167366.6666666667,-92116.66666666663,B-only,"{""silent"": 0, ""concordant"": 0, ""A-only"": 0, ""B-only"": 6}",46.4244,4.6048,8.5908,2.1035,19.5632,16.53,False,0.98705,"surface-view only: scarp with no field offset; the catalogue was built from this same surface expression, so an uncatalogued scarp here is more likely a road cut, canal levee, quarry face or erosion line than a fault - down-weighted, and emitted only if it clears the metric bar"
1521,6,"[3521, 3523]","[1665, 1669]",166833.3333333333,-108916.66666666663,concordant,"{""silent"": 0, ""concordant"": 5, ""A-only"": 1, ""B-only"": 0}",104.0104,15.9253,12.1555,34.7782,218.6401,1.34,False,0.98786,"both views agree: continuation of a mapped structure beyond the end or the side of the mapped trace, the case where the catalogue is truncated by mapping convention rather than by data"
1534,6,"[3594, 3596]","[1841, 1843]",184350.0,-116216.66666666663,B-only,"{""silent"": 0, ""concordant"": 0, ""A-only"": 0, ""B-only"": 6}",81.9099,7.3671,10.8154,0.5386,42.8126,35.86,False,0.98452,"surface-view only: scarp with no field offset; the catalogue was built from this same surface expression, so an uncatalogued scarp here is more likely a road cut, canal levee, quarry face or erosion line than a fault - down-weighted, and emitted only if it clears the metric bar"
19,5,"[0, 2]","[2699, 2701]",270150.0,243240.0,B-only,"{""silent"": 3, ""concordant"": 0, ""A-only"": 0, ""B-only"": 2}",16.9498,7.4814,16.3925,13.6377,179.5177,31.13,False,0.99026,"surface-view only: scarp with no field offset; the catalogue was built from this same surface expression, so an uncatalogued scarp here is more likely a road cut, canal levee, quarry face or erosion line than a fault - down-weighted, and emitted only if it clears the metric bar"
49,5,"[63, 67]","[2937, 2941]",294050.0,236800.0,B-only,"{""silent"": 1, ""concordant"": 0, ""A-only"": 0, ""B-only"": 4}",113.7054,4.8243,11.5152,0.4845,60.0136,22.55,False,0.98754,"surface-view only: scarp with no field offset; the catalogue was built from this same surface expression, so an uncatalogued scarp here is more likely a road cut, canal levee, quarry face or erosion line than a fault - down-weighted, and emitted only if it clears the metric bar"
108,5,"[158, 160]","[3212, 3214]",321450.0,227400.0,silent,"{""silent"": 5, ""concordant"": 0, ""A-only"": 0, ""B-only"": 0}",3.4883,3.4712,8.2115,0.7666,138.6855,52.01,False,0.98514,neither view is in its confident tail; emitted on corridor mass that the calibrated density still values above the acceptance bar (bar 0.0593)
119,5,"[170, 172]","[3212, 3215]",321490.0,226220.0,silent,"{""silent"": 5, ""concordant"": 0, ""A-only"": 0, ""B-only"": 0}",3.9923,6.4956,8.6227,0.7846,38.9769,63.81,False,0.98782,neither view is in its confident tail; emitted on corridor mass that the calibrated density still values above the acceptance bar (bar 0.0593)
138,5,"[208, 210]","[2894, 2897]",289690.0,222380.0,silent,"{""silent"": 5, ""concordant"": 0, ""A-only"": 0, ""B-only"": 0}",293.1109,7.2498,9.0253,0.6021,77.9917,33.68,False,0.98525,neither view is in its confident tail; emitted on corridor mass that the calibrated density still values above the acceptance bar (bar 0.0593)
166,5,"[271, 273]","[3214, 3215]",321590.0,216080.0,B-only,"{""silent"": 0, ""concordant"": 0, ""A-only"": 0, ""B-only"": 5}",29.4874,6.2446,13.1061,1.9504,25.6413,7.43,False,0.98662,"surface-view only: scarp with no field offset; the catalogue was built from this same surface expression, so an uncatalogued scarp here is more likely a road cut, canal levee, quarry face or erosion line than a fault - down-weighted, and emitted only if it clears the metric bar"
222,5,"[390, 393]","[2382, 2384]",238469.99999999997,204160.0,B-only,"{""silent"": 4, ""concordant"": 0, ""A-only"": 0, ""B-only"": 1}",48.1591,2.5257,9.2804,1.1285,200.6438,17.47,False,0.98644,"surface-view only: scarp with no field offset; the catalogue was built from this same surface expression, so an uncatalogued scarp here is more likely a road cut, canal levee, quarry face or erosion line than a fault - down-weighted, and emitted only if it clears the metric bar"
235,5,"[416, 417]","[2337, 2340]",234010.0,201680.0,B-only,"{""silent"": 0, ""concordant"": 0, ""A-only"": 0, ""B-only"": 5}",157.0905,7.288,12.2959,2.2843,154.1293,18.42,False,0.98507,"surface-view only: scarp with no field offset; the catalogue was built from this same surface expression, so an uncatalogued scarp here is more likely a road cut, canal levee, quarry face or erosion line than a fault - down-weighted, and emitted only if it clears the metric bar"
243,5,"[424, 428]","[2322, 2326]",232550.0,200700.0,B-only,"{""silent"": 0, ""concordant"": 0, ""A-only"": 0, ""B-only"": 5}",202.0006,10.2171,10.814,2.7671,191.9163,34.22,False,0.98517,"surface-view only: scarp with no field offset; the catalogue was built from this same surface expression, so an uncatalogued scarp here is more likely a road cut, canal levee, quarry face or erosion line than a fault - down-weighted, and emitted only if it clears the metric bar"
261,5,"[447, 451]","[637, 638]",63890.0,198400.0,silent,"{""silent"": 5, ""concordant"": 0, ""A-only"": 0, ""B-only"": 0}",609.0455,4.6196,9.6379,4.0345,53.7311,9.04,False,0.98529,neither view is in its confident tail; emitted on corridor mass that the calibrated density still values above the acceptance bar (bar 0.0593)
283,5,"[481, 483]","[1825, 1828]",182830.0,195120.0,B-only,"{""silent"": 0, ""concordant"": 0, ""A-only"": 0, ""B-only"": 5}",40.787,14.3508,15.107,1.2182,84.0217,9.64,False,0.98854,"surface-view only: scarp with no field offset; the catalogue was built from this same surface expression, so an uncatalogued scarp here is more likely a road cut, canal levee, quarry face or erosion line than a fault - down-weighted, and emitted only if it clears the metric bar"
343,5,"[544, 548]","[2493, 2497]",249650.0,188700.0,B-only,"{""silent"": 3, ""concordant"": 0, ""A-only"": 0, ""B-only"": 2}",2136.167,4.1191,9.3348,0.7938,88.5299,9.0,False,0.98548,"surface-view only: scarp with no field offset; the catalogue was built from this same surface expression, so an uncatalogued scarp here is more likely a road cut, canal levee, quarry face or erosion line than a fault - down-weighted, and emitted only if it clears the metric bar"
385,5,"[582, 585]","[202, 204]",20450.0,184960.0,B-only,"{""silent"": 0, ""concordant"": 0, ""A-only"": 0, ""B-only"": 5}",32.9228,15.9028,13.6478,0.9046,205.2303,1.2,False,0.98548,"surface-view only: scarp with no field offset; the catalogue was built from this same surface expression, so an uncatalogued scarp here is more likely a road cut, canal levee, quarry face or erosion line than a fault - down-weighted, and emitted only if it clears the metric bar"
402,5,"[597, 601]","[223, 227]",22650.0,183400.0,B-only,"{""silent"": 0, ""concordant"": 0, ""A-only"": 0, ""B-only"": 5}",27.7488,4.1564,6.7045,1.3556,108.366,18.72,False,0.98655,"surface-view only: scarp with no field offset; the catalogue was built from this same surface expression, so an uncatalogued scarp here is more likely a road cut, canal levee, quarry face or erosion line than a fault - down-weighted, and emitted only if it clears the metric bar"
452,5,"[663, 665]","[2874, 2876]",287650.0,176880.0,B-only,"{""silent"": 0, ""concordant"": 0, ""A-only"": 0, ""B-only"": 5}",425.312,7.5214,14.1096,1.4418,44.5696,41.29,False,0.98492,"surface-view only: scarp with no field offset; the catalogue was built from this same surface expression, so an uncatalogued scarp here is more likely a road cut, canal levee, quarry face or erosion line than a fault - down-weighted, and emitted only if it clears the metric bar"
457,5,"[669, 671]","[223, 224]",22490.0,176280.0,B-only,"{""silent"": 4, ""concordant"": 0, ""A-only"": 0, ""B-only"": 1}",53.6172,23.5642,14.9416,4.935,205.0378,1.28,False,0.98825,"surface-view only: scarp with no field offset; the catalogue was built from this same surface expression, so an uncatalogued scarp here is more likely a road cut, canal levee, quarry face or erosion line than a fault - down-weighted, and emitted only if it clears the metric bar"
512,5,"[736, 737]","[297, 299]",29970.0,169660.0,B-only,"{""silent"": 0, ""concordant"": 0, ""A-only"": 0, ""B-only"": 5}",79.6007,2.8224,10.3373,1.0335,244.6064,58.33,False,0.98486,"surface-view only: scarp with no field offset; the catalogue was built from this same surface expression, so an uncatalogued scarp here is more likely a road cut, canal levee, quarry face or erosion line than a fault - down-weighted, and emitted only if it clears the metric bar"
557,5,"[799, 801]","[1271, 1272]",127309.99999999999,163280.0,B-only,"{""silent"": 0, ""concordant"": 0, ""A-only"": 0, ""B-only"": 5}",314.8195,2.9319,11.7134,2.3955,16.9537,72.42,False,0.98456,"surface-view only: scarp with no field offset; the catalogue was built from this same surface expression, so an uncatalogued scarp here is more likely a road cut, canal levee, quarry face or erosion line than a fault - down-weighted, and emitted only if it clears the metric bar"
575,5,"[822, 822]","[633, 637]",63650.0,161100.0,B-only,"{""silent"": 0, ""concordant"": 0, ""A-only"": 0, ""B-only"": 5}",70.3494,7.6411,12.0705,1.8663,295.2514,8.68,False,0.98667,"surface-view only: scarp with no field offset; the catalogue was built from this same surface expression, so an uncatalogued scarp here is more likely a road cut, canal levee, quarry face or erosion line than a fault - down-weighted, and emitted only if it clears the metric bar"
582,5,"[832, 836]","[263, 263]",26450.0,159900.0,silent,"{""silent"": 5, ""concordant"": 0, ""A-only"": 0, ""B-only"": 0}",23.8597,12.6648,15.1956,2.8248,131.6742,1.88,False,0.98741,neither view is in its confident tail; emitted on corridor mass that the calibrated density still values above the acceptance bar (bar 0.0593)
669,5,"[926, 928]","[1110, 1112]",111209.99999999999,150620.0,B-only,"{""silent"": 0, ""concordant"": 0, ""A-only"": 0, ""B-only"": 5}",66.727,6.9197,13.4648,3.1454,24.1614,19.41,False,0.98548,"surface-view only: scarp with no field offset; the catalogue was built from this same surface expression, so an uncatalogued scarp here is more likely a road cut, canal levee, quarry face or erosion line than a fault - down-weighted, and emitted only if it clears the metric bar"
679,5,"[966, 969]","[669, 670]",67110.0,146560.0,B-only,"{""silent"": 0, ""concordant"": 0, ""A-only"": 0, ""B-only"": 5}",1624.0037,2.98,13.9647,1.1519,331.9867,12.0,False,0.98615,"surface-view only: scarp with no field offset; the catalogue was built from this same surface expression, so an uncatalogued scarp here is more likely a road cut, canal levee, quarry face or erosion line than a fault - down-weighted, and emitted only if it clears the metric bar"
715,5,"[1059, 1061]","[583, 584]",58490.0,137280.0,B-only,"{""silent"": 2, ""concordant"": 0, ""A-only"": 0, ""B-only"": 3}",1180.1636,8.9085,12.4732,1.0839,256.9278,13.81,False,0.98718,"surface-view only: scarp with no field offset; the catalogue was built from this same surface expression, so an uncatalogued scarp here is more likely a road cut, canal levee, quarry face or erosion line than a fault - down-weighted, and emitted only if it clears the metric bar"
726,5,"[1107, 1111]","[767, 768]",76930.0,132400.0,B-only,"{""silent"": 1, ""concordant"": 0, ""A-only"": 0, ""B-only"": 4}",417.825,0.3742,7.8462,1.7615,116.963,12.81,False,0.98546,"surface-view only: scarp with no field offset; the catalogue was built from this same surface expression, so an uncatalogued scarp here is more likely a road cut, canal levee, quarry face or erosion line than a fault - down-weighted, and emitted only if it clears the metric bar"
750,5,"[1199, 1200]","[1692, 1695]",169490.0,123359.99999999999,B-only,"{""silent"": 0, ""concordant"": 0, ""A-only"": 0, ""B-only"": 5}",248.0907,5.6849,7.8085,3.9117,28.4413,48.34,False,0.9842,"surface-view only: scarp with no field offset; the catalogue was built from this same surface expression, so an uncatalogued scarp here is more likely a road cut, canal levee, quarry face or erosion line than a fault - down-weighted, and emitted only if it clears the metric bar"
760,5,"[1213, 1216]","[1715, 1717]",171750.0,121880.0,B-only,"{""silent"": 1, ""concordant"": 0, ""A-only"": 0, ""B-only"": 4}",201.9324,7.7298,11.5365,1.9129,56.9703,28.5,False,0.98563,"surface-view only: scarp with no field offset; the catalogue was built from this same surface expression, so an uncatalogued scarp here is more likely a road cut, canal levee, quarry face or erosion line than a fault - down-weighted, and emitted only if it clears the metric bar"
794,5,"[1259, 1259]","[428, 432]",43150.0,117400.0,B-only,"{""silent"": 0, ""concordant"": 0, ""A-only"": 0, ""B-only"": 5}",1162.8274,3.2806,7.6944,1.7886,216.8245,21.88,False,0.98574,"surface-view only: scarp with no field offset; the catalogue was built from this same surface expression, so an uncatalogued scarp here is more likely a road cut, canal levee, quarry face or erosion line than a fault - down-weighted, and emitted only if it clears the metric bar"
863,5,"[1372, 1376]","[267, 267]",26850.0,105900.0,concordant,"{""silent"": 0, ""concordant"": 5, ""A-only"": 0, ""B-only"": 0}",105.722,14.8025,13.3014,15.2252,217.9034,1.0,False,0.98931,"both views agree: continuation of a mapped structure beyond the end or the side of the mapped trace, the case where the catalogue is truncated by mapping convention rather than by data"
867,5,"[1384, 1388]","[1772, 1774]",177470.0,104700.0,silent,"{""silent"": 5, ""concordant"": 0, ""A-only"": 0, ""B-only"": 0}",643.8838,13.0912,15.797,16.5893,88.9312,2.25,False,0.98793,neither view is in its confident tail; emitted on corridor mass that the calibrated density still values above the acceptance bar (bar 0.0593)
928,5,"[1553, 1555]","[443, 445]",44550.0,87880.0,A-only,"{""silent"": 0, ""concordant"": 0, ""A-only"": 5, ""B-only"": 0}",342.9073,3.5571,7.7438,8.9631,89.2471,3.07,False,0.98475,"field-view only: potential-field offset (gravity step 8.963, magnetic step 89.247) with no corresponding scarp (surface rank 7.744); cover depth rank 342.907 is deep enough that a scarp would be buried, so this is a buried range-front fault the LiDAR-derived catalogue cannot contain"
950,5,"[1579, 1581]","[467, 469]",46930.0,85280.0,concordant,"{""silent"": 0, ""concordant"": 4, ""A-only"": 0, ""B-only"": 1}",789.4664,15.0541,12.1332,10.1353,71.2857,1.93,False,0.98512,"both views agree: continuation of a mapped structure beyond the end or the side of the mapped trace, the case where the catalogue is truncated by mapping convention rather than by data"
974,5,"[1620, 1621]","[1012, 1015]",101470.0,81240.0,B-only,"{""silent"": 0, ""concordant"": 0, ""A-only"": 0, ""B-only"": 5}",32.9552,7.3798,11.0368,0.8758,91.0042,8.85,False,0.98421,"surface-view only: scarp with no field offset; the catalogue was built from this same surface expression, so an uncatalogued scarp here is more likely a road cut, canal levee, quarry face or erosion line than a fault - down-weighted, and emitted only if it clears the metric bar"
986,5,"[1629, 1633]","[1200, 1201]",120230.0,80200.0,B-only,"{""silent"": 0, ""concordant"": 0, ""A-only"": 0, ""B-only"": 5}",478.8556,4.8903,10.7792,0.3016,113.3686,25.76,False,0.98469,"surface-view only: scarp with no field offset; the catalogue was built from this same surface expression, so an uncatalogued scarp here is more likely a road cut, canal levee, quarry face or erosion line than a fault - down-weighted, and emitted only if it clears the metric bar"
997,5,"[1649, 1651]","[1365, 1366]",136710.0,78280.0,B-only,"{""silent"": 0, ""concordant"": 0, ""A-only"": 0, ""B-only"": 5}",80.9226,8.1463,11.8345,1.0486,45.2988,8.98,False,0.98533,"surface-view only: scarp with no field offset; the catalogue was built from this same surface expression, so an uncatalogued scarp here is more likely a road cut, canal levee, quarry face or erosion line than a fault - down-weighted, and emitted only if it clears the metric bar"
1006,5,"[1674, 1674]","[1276, 1280]",127950.0,75900.0,B-only,"{""silent"": 0, ""concordant"": 0, ""A-only"": 0, ""B-only"": 5}",740.4049,6.8811,11.7594,0.8226,279.5237,40.02,False,0.98467,"surface-view only: scarp with no field offset; the catalogue was built from this same surface expression, so an uncatalogued scarp here is more likely a road cut, canal levee, quarry face or erosion line than a fault - down-weighted, and emitted only if it clears the metric bar"
1031,5,"[1883, 1885]","[913, 914]",91510.0,54920.0,B-only,"{""silent"": 0, ""concordant"": 0, ""A-only"": 0, ""B-only"": 5}",641.0991,11.6938,14.4799,0.4279,65.6311,7.04,False,0.98874,"surface-view only: scarp with no field offset; the catalogue was built from this same surface expression, so an uncatalogued scarp here is more likely a road cut, canal levee, quarry face or erosion line than a fault - down-weighted, and emitted only if it clears the metric bar"
1038,5,"[1904, 1905]","[1063, 1066]",106570.0,52840.0,B-only,"{""silent"": 0, ""concordant"": 0, ""A-only"": 0, ""B-only"": 5}",141.7081,5.9096,9.928,3.4851,638.1438,48.51,False,0.98518,"surface-view only: scarp with no field offset; the catalogue was built from this same surface expression, so an uncatalogued scarp here is more likely a road cut, canal levee, quarry face or erosion line than a fault - down-weighted, and emitted only if it clears the metric bar"
1050,5,"[1929, 1931]","[898, 900]",90050.0,50300.0,A-only,"{""silent"": 2, ""concordant"": 0, ""A-only"": 3, ""B-only"": 0}",482.3547,21.6514,18.64,11.1957,98.0594,1.37,False,0.98852,"field-view only: potential-field offset (gravity step 11.196, magnetic step 98.059) with no corresponding scarp (surface rank 18.640); cover depth rank 482.355 is deep enough that a scarp would be buried, so this is a buried range-front fault the LiDAR-derived catalogue cannot contain"
1054,5,"[1935, 1936]","[1351, 1353]",135330.0,49740.0,B-only,"{""silent"": 0, ""concordant"": 0, ""A-only"": 0, ""B-only"": 5}",987.265,3.8157,8.4782,0.6828,242.3717,73.12,False,0.98627,"surface-view only: scarp with no field offset; the catalogue was built from this same surface expression, so an uncatalogued scarp here is more likely a road cut, canal levee, quarry face or erosion line than a fault - down-weighted, and emitted only if it clears the metric bar"
1060,5,"[1949, 1950]","[952, 956]",95550.0,48380.0,B-only,"{""silent"": 0, ""concordant"": 0, ""A-only"": 0, ""B-only"": 5}",745.7152,9.4894,13.2712,0.6731,139.628,9.56,False,0.98725,"surface-view only: scarp with no field offset; the catalogue was built from this same surface expression, so an uncatalogued scarp here is more likely a road cut, canal levee, quarry face or erosion line than a fault - down-weighted, and emitted only if it clears the metric bar"
1077,5,"[1971, 1972]","[961, 963]",96330.0,46140.0,B-only,"{""silent"": 0, ""concordant"": 0, ""A-only"": 0, ""B-only"": 5}",486.7018,12.106,11.7539,0.9717,52.6539,8.98,False,0.98552,"surface-view only: scarp with no field offset; the catalogue was built from this same surface expression, so an uncatalogued scarp here is more likely a road cut, canal levee, quarry face or erosion line than a fault - down-weighted, and emitted only if it clears the metric bar"
1112,5,"[2059, 2060]","[1501, 1503]",150330.0,37360.0,B-only,"{""silent"": 0, ""concordant"": 0, ""A-only"": 0, ""B-only"": 5}",26.4817,2.4392,8.4705,2.0332,124.1368,8.24,False,0.98871,"surface-view only: scarp with no field offset; the catalogue was built from this same surface expression, so an uncatalogued scarp here is more likely a road cut, canal levee, quarry face or erosion line than a fault - down-weighted, and emitted only if it clears the metric bar"
1120,5,"[2067, 2069]","[1517, 1519]",151950.0,36500.0,B-only,"{""silent"": 0, ""concordant"": 0, ""A-only"": 0, ""B-only"": 5}",106.3907,4.3157,8.164,6.8507,52.6865,12.82,False,0.98531,"surface-view only: scarp with no field offset; the catalogue was built from this same surface expression, so an uncatalogued scarp here is more likely a road cut, canal levee, quarry face or erosion line than a fault - down-weighted, and emitted only if it clears the metric bar"
1131,5,"[2165, 2167]","[1383, 1385]",138570.0,26719.99999999997,B-only,"{""silent"": 0, ""concordant"": 0, ""A-only"": 0, ""B-only"": 5}",354.5735,7.1141,13.8418,2.4393,101.1983,28.58,False,0.98537,"surface-view only: scarp with no field offset; the catalogue was built from this same surface expression, so an uncatalogued scarp here is more likely a road cut, canal levee, quarry face or erosion line than a fault - down-weighted, and emitted only if it clears the metric bar"
1139,5,"[2188, 2190]","[1696, 1697]",169810.0,24419.99999999997,B-only,"{""silent"": 0, ""concordant"": 0, ""A-only"": 0, ""B-only"": 5}",61.7971,10.0413,10.5162,2.0682,24.1765,18.01,False,0.98499,"surface-view only: scarp with no field offset; the catalogue was built from this same surface expression, so an uncatalogued scarp here is more likely a road cut, canal levee, quarry face or erosion line than a fault - down-weighted, and emitted only if it clears the metric bar"
1168,5,"[2360, 2362]","[1517, 1519]",151990.0,7180.000000000029,B-only,"{""silent"": 0, ""concordant"": 0, ""A-only"": 0, ""B-only"": 5}",69.951,9.7612,12.5298,1.2811,311.5031,17.0,False,0.9851,"surface-view only: scarp with no field offset; the catalogue was built from this same surface expression, so an uncatalogued scarp here is more likely a road cut, canal levee, quarry face or erosion line than a fault - down-weighted, and emitted only if it clears the metric bar"
1182,5,"[2393, 2395]","[1564, 1566]",156670.0,3880.000000000029,B-only,"{""silent"": 0, ""concordant"": 0, ""A-only"": 0, ""B-only"": 5}",5.4854,16.8307,17.3765,1.1914,213.8835,8.71,False,0.99078,"surface-view only: scarp with no field offset; the catalogue was built from this same surface expression, so an uncatalogued scarp here is more likely a road cut, canal levee, quarry face or erosion line than a fault - down-weighted, and emitted only if it clears the metric bar"
1217,5,"[2498, 2500]","[1315, 1317]",131730.0,-6560.0,B-only,"{""silent"": 1, ""concordant"": 0, ""A-only"": 0, ""B-only"": 4}",50.0794,6.3482,11.3707,0.7205,181.0442,14.09,False,0.98451,"surface-view only: scarp with no field offset; the catalogue was built from this same surface expression, so an uncatalogued scarp here is more likely a road cut, canal levee, quarry face or erosion line than a fault - down-weighted, and emitted only if it clears the metric bar"
1267,5,"[2830, 2831]","[2027, 2029]",202970.0,-39740.0,B-only,"{""silent"": 0, ""concordant"": 0, ""A-only"": 0, ""B-only"": 5}",287.2932,9.1782,14.3819,1.2075,56.6707,126.18,False,0.98655,"surface-view only: scarp with no field offset; the catalogue was built from this same surface expression, so an uncatalogued scarp here is more likely a road cut, canal levee, quarry face or erosion line than a fault - down-weighted, and emitted only if it clears the metric bar"
1279,5,"[2902, 2904]","[2165, 2166]",216690.0,-47020.0,B-only,"{""silent"": 0, ""concordant"": 0, ""A-only"": 0, ""B-only"": 5}",881.2927,4.9187,10.7926,2.3092,29.4774,13.9,False,0.98604,"surface-view only: scarp with no field offset; the catalogue was built from this same surface expression, so an uncatalogued scarp here is more likely a road cut, canal levee, quarry face or erosion line than a fault - down-weighted, and emitted only if it clears the metric bar"
1343,5,"[3071, 3074]","[1351, 1354]",135430.0,-63940.0,concordant,"{""silent"": 0, ""concordant"": 5, ""A-only"": 0, ""B-only"": 0}",544.5228,7.1712,12.1779,4.42,61.6852,10.41,False,0.98734,"both views agree: continuation of a mapped structure beyond the end or the side of the mapped trace, the case where the catalogue is truncated by mapping convention rather than by data"
1373,5,"[3161, 3162]","[1426, 1428]",142870.0,-72860.0,A-only,"{""silent"": 0, ""concordant"": 1, ""A-only"": 4, ""B-only"": 0}",6.2247,8.6744,15.6866,15.8502,224.4716,2.33,False,0.98607,"field-view only: potential-field offset (gravity step 15.850, magnetic step 224.472) with no corresponding scarp (surface rank 15.687); cover depth rank 6.225 is deep enough that a scarp would be buried, so this is a buried range-front fault the LiDAR-derived catalogue cannot contain"
1383,5,"[3183, 3184]","[2136, 2139]",213890.0,-75060.0,B-only,"{""silent"": 0, ""concordant"": 0, ""A-only"": 0, ""B-only"": 5}",13.341,10.5235,11.8682,1.0519,12.2909,12.21,False,0.98467,"surface-view only: scarp with no field offset; the catalogue was built from this same surface expression, so an uncatalogued scarp here is more likely a road cut, canal levee, quarry face or erosion line than a fault - down-weighted, and emitted only if it clears the metric bar"
1407,5,"[3224, 3226]","[1740, 1741]",174190.0,-79220.0,B-only,"{""silent"": 0, ""concordant"": 0, ""A-only"": 0, ""B-only"": 5}",113.1045,5.0801,11.0007,1.755,45.7652,7.95,False,0.98561,"surface-view only: scarp with no field offset; the catalogue was built from this same surface expression, so an uncatalogued scarp here is more likely a road cut, canal levee, quarry face or erosion line than a fault - down-weighted, and emitted only if it clears the metric bar"
1411,5,"[3230, 3233]","[1771, 1773]",177350.0,-79860.0,B-only,"{""silent"": 4, ""concordant"": 0, ""A-only"": 0, ""B-only"": 1}",33.3315,8.2932,10.9724,3.2487,17.7789,19.58,False,0.9856,"surface-view only: scarp with no field offset; the catalogue was built from this same surface expression, so an uncatalogued scarp here is more likely a road cut, canal levee, quarry face or erosion line than a fault - down-weighted, and emitted only if it clears the metric bar"
1412,5,"[3233, 3237]","[1775, 1775]",177650.0,-80200.0,silent,"{""silent"": 5, ""concordant"": 0, ""A-only"": 0, ""B-only"": 0}",27.466,4.8381,9.4166,3.4255,25.7613,17.65,False,0.98625,neither view is in its confident tail; emitted on corridor mass that the calibrated density still values above the acceptance bar (bar 0.0593)
1418,5,"[3253, 3256]","[1991, 1992]",199290.0,-82140.0,B-only,"{""silent"": 1, ""concordant"": 0, ""A-only"": 0, ""B-only"": 4}",166.2079,4.9142,10.0741,1.3198,10.6719,84.94,False,0.98552,"surface-view only: scarp with no field offset; the catalogue was built from this same surface expression, so an uncatalogued scarp here is more likely a road cut, canal levee, quarry face or erosion line than a fault - down-weighted, and emitted only if it clears the metric bar"
1423,5,"[3263, 3265]","[1812, 1814]",181410.0,-83100.0,B-only,"{""silent"": 4, ""concordant"": 0, ""A-only"": 0, ""B-only"": 1}",117.9626,7.5203,13.7756,2.6016,45.3839,19.88,False,0.98528,"surface-view only: scarp with no field offset; the catalogue was built from this same surface expression, so an uncatalogued scarp here is more likely a road cut, canal levee, quarry face or erosion line than a fault - down-weighted, and emitted only if it clears the metric bar"
1465,5,"[3335, 3339]","[1947, 1951]",195050.0,-90400.0,B-only,"{""silent"": 0, ""concordant"": 0, ""A-only"": 0, ""B-only"": 5}",748.5408,3.6569,9.0488,3.2182,25.7827,40.71,False,0.98787,"surface-view only: scarp with no field offset; the catalogue was built from this same surface expression, so an uncatalogued scarp here is more likely a road cut, canal levee, quarry face or erosion line than a fault - down-weighted, and emitted only if it clears the metric bar"
1487,5,"[3393, 3397]","[2244, 2247]",224730.00000000003,-96200.0,B-only,"{""silent"": 2, ""concordant"": 0, ""A-only"": 0, ""B-only"": 3}",196.3856,13.8478,15.6316,11.5366,70.7027,1.53,False,0.98881,"surface-view only: scarp with no field offset; the catalogue was built from this same surface expression, so an uncatalogued scarp here is more likely a road cut, canal levee, quarry face or erosion line than a fault - down-weighted, and emitted only if it clears the metric bar"
1493,5,"[3416, 3418]","[1893, 1895]",189530.0,-98380.0,B-only,"{""silent"": 3, ""concordant"": 0, ""A-only"": 0, ""B-only"": 2}",423.9362,8.1032,10.9385,1.6611,237.9547,71.3,False,0.98485,"surface-view only: scarp with no field offset; the catalogue was built from this same surface expression, so an uncatalogued scarp here is more likely a road cut, canal levee, quarry face or erosion line than a fault - down-weighted, and emitted only if it clears the metric bar"
1512,5,"[3490, 3492]","[1917, 1920]",192010.0,-105780.0,B-only,"{""silent"": 0, ""concordant"": 0, ""A-only"": 0, ""B-only"": 5}",38.6247,4.057,10.7713,0.7949,52.5969,26.69,False,0.98543,"surface-view only: scarp with no field offset; the catalogue was built from this same surface expression, so an uncatalogued scarp here is more likely a road cut, canal levee, quarry face or erosion line than a fault - down-weighted, and emitted only if it clears the metric bar"
1520,5,"[3520, 3523]","[1670, 1672]",167270.0,-108860.0,A-only,"{""silent"": 0, ""concordant"": 0, ""A-only"": 5, ""B-only"": 0}",154.5843,8.2808,9.949,21.7283,181.7203,4.7,False,0.98689,"field-view only: potential-field offset (gravity step 21.728, magnetic step 181.720) with no corresponding scarp (surface rank 9.949); cover depth rank 154.584 is deep enough that a scarp would be buried, so this is a buried range-front fault the LiDAR-derived catalogue cannot contain"
1529,5,"[3567, 3569]","[1805, 1808]",180790.0,-113480.0,B-only,"{""silent"": 0, ""concordant"": 0, ""A-only"": 0, ""B-only"": 5}",130.7283,7.9152,11.0234,2.0182,41.1426,54.89,False,0.98521,"surface-view only: scarp with no field offset; the catalogue was built from this same surface expression, so an uncatalogued scarp here is more likely a road cut, canal levee, quarry face or erosion line than a fault - down-weighted, and emitted only if it clears the metric bar"
1538,5,"[3600, 3603]","[1873, 1874]",187470.0,-116860.0,B-only,"{""silent"": 0, ""concordant"": 0, ""A-only"": 0, ""B-only"": 5}",38.4591,4.4802,10.2091,0.6083,120.7291,32.72,False,0.98574,"surface-view only: scarp with no field offset; the catalogue was built from this same surface expression, so an uncatalogued scarp here is more likely a road cut, canal levee, quarry face or erosion line than a fault - down-weighted, and emitted only if it clears the metric bar"
59,4,"[84, 85]","[2870, 2872]",287250.0,234850.0,silent,"{""silent"": 4, ""concordant"": 0, ""A-only"": 0, ""B-only"": 0}",161.2062,6.3659,11.4018,1.193,343.7489,15.05,False,0.98874,neither view is in its confident tail; emitted on corridor mass that the calibrated density still values above the acceptance bar (bar 0.0593)
93,4,"[147, 149]","[3279, 3280]",328125.0,228500.0,B-only,"{""silent"": 0, ""concordant"": 0, ""A-only"": 0, ""B-only"": 4}",140.5234,4.024,8.6885,1.4675,18.0572,78.34,False,0.98688,"surface-view only: scarp with no field offset; the catalogue was built from this same surface expression, so an uncatalogued scarp here is more likely a road cut, canal levee, quarry face or erosion line than a fault - down-weighted, and emitted only if it clears the metric bar"
123,4,"[175, 177]","[1863, 1865]",186550.0,225700.0,B-only,"{""silent"": 0, ""concordant"": 0, ""A-only"": 0, ""B-only"": 4}",9.4685,11.1242,15.1221,2.3658,70.8418,102.15,False,0.98653,"surface-view only: scarp with no field offset; the catalogue was built from this same surface expression, so an uncatalogued scarp here is more likely a road cut, canal levee, quarry face or erosion line than a fault - down-weighted, and emitted only if it clears the metric bar"
125,4,"[176, 178]","[3288, 3289]",329025.0,225600.0,silent,"{""silent"": 4, ""concordant"": 0, ""A-only"": 0, ""B-only"": 0}",445.6057,3.4219,9.875,1.7346,112.6625,103.14,False,0.9843,neither view is in its confident tail; emitted on corridor mass that the calibrated density still values above the acceptance bar (bar 0.0593)
163,4,"[259, 261]","[615, 616]",61675.0,217300.0,B-only,"{""silent"": 0, ""concordant"": 0, ""A-only"": 0, ""B-only"": 4}",245.9791,11.2186,14.7972,2.1183,66.3116,8.85,False,0.98674,"surface-view only: scarp with no field offset; the catalogue was built from this same surface expression, so an uncatalogued scarp here is more likely a road cut, canal levee, quarry face or erosion line than a fault - down-weighted, and emitted only if it clears the metric bar"
165,4,"[263, 264]","[615, 617]",61775.0,216975.0,B-only,"{""silent"": 1, ""concordant"": 0, ""A-only"": 0, ""B-only"": 3}",231.8875,9.6626,14.6317,1.9368,76.6271,8.12,False,0.98624,"surface-view only: scarp with no field offset; the catalogue was built from this same surface expression, so an uncatalogued scarp here is more likely a road cut, canal levee, quarry face or erosion line than a fault - down-weighted, and emitted only if it clears the metric bar"
224,4,"[393, 395]","[2403, 2405]",240550.0,203925.0,B-only,"{""silent"": 0, ""concordant"": 0, ""A-only"": 0, ""B-only"": 4}",61.5268,5.3248,9.755,2.1721,51.6143,36.55,False,0.98519,"surface-view only: scarp with no field offset; the catalogue was built from this same surface expression, so an uncatalogued scarp here is more likely a road cut, canal levee, quarry face or erosion line than a fault - down-weighted, and emitted only if it clears the metric bar"
228,4,"[404, 405]","[1518, 1520]",152050.0,202850.0,B-only,"{""silent"": 0, ""concordant"": 0, ""A-only"": 0, ""B-only"": 4}",34.8081,8.5516,13.9948,1.5773,43.2842,9.65,False,0.98623,"surface-view only: scarp with no field offset; the catalogue was built from this same surface expression, so an uncatalogued scarp here is more likely a road cut, canal levee, quarry face or erosion line than a fault - down-weighted, and emitted only if it clears the metric bar"
266,4,"[453, 455]","[636, 637]",63825.0,197925.0,silent,"{""silent"": 4, ""concordant"": 0, ""A-only"": 0, ""B-only"": 0}",649.5559,6.5834,10.3891,4.2501,55.8176,10.42,False,0.98508,neither view is in its confident tail; emitted on corridor mass that the calibrated density still values above the acceptance bar (bar 0.0593)
300,4,"[494, 497]","[2259, 2259]",226050.0,193750.0,silent,"{""silent"": 4, ""concordant"": 0, ""A-only"": 0, ""B-only"": 0}",834.1227,8.5434,10.1175,0.9123,23.8449,64.38,False,0.98654,neither view is in its confident tail; emitted on corridor mass that the calibrated density still values above the acceptance bar (bar 0.0593)
358,4,"[562, 563]","[1656, 1658]",165850.0,187025.0,B-only,"{""silent"": 0, ""concordant"": 0, ""A-only"": 0, ""B-only"": 4}",82.2748,7.0079,10.4549,0.9072,26.0973,74.87,False,0.98543,"surface-view only: scarp with no field offset; the catalogue was built from this same surface expression, so an uncatalogued scarp here is more likely a road cut, canal levee, quarry face or erosion line than a fault - down-weighted, and emitted only if it clears the metric bar"
407,4,"[602, 604]","[222, 223]",22400.0,183025.0,B-only,"{""silent"": 3, ""concordant"": 0, ""A-only"": 0, ""B-only"": 1}",28.6285,2.5343,8.5204,1.3591,114.8352,15.53,False,0.98596,"surface-view only: scarp with no field offset; the catalogue was built from this same surface expression, so an uncatalogued scarp here is more likely a road cut, canal levee, quarry face or erosion line than a fault - down-weighted, and emitted only if it clears the metric bar"
408,4,"[605, 607]","[440, 442]",44250.0,182675.0,B-only,"{""silent"": 0, ""concordant"": 0, ""A-only"": 0, ""B-only"": 4}",130.2452,9.5884,12.5664,0.9096,62.5981,8.48,False,0.98951,"surface-view only: scarp with no field offset; the catalogue was built from this same surface expression, so an uncatalogued scarp here is more likely a road cut, canal levee, quarry face or erosion line than a fault - down-weighted, and emitted only if it clears the metric bar"
505,4,"[722, 724]","[460, 463]",46300.0,171000.0,B-only,"{""silent"": 0, ""concordant"": 0, ""A-only"": 0, ""B-only"": 4}",56.4778,8.1723,11.2711,2.6612,100.9418,23.59,False,0.98705,"surface-view only: scarp with no field offset; the catalogue was built from this same surface expression, so an uncatalogued scarp here is more likely a road cut, canal levee, quarry face or erosion line than a fault - down-weighted, and emitted only if it clears the metric bar"
514,4,"[737, 738]","[2649, 2650]",265100.0,169550.0,B-only,"{""silent"": 1, ""concordant"": 0, ""A-only"": 0, ""B-only"": 3}",229.1031,9.1754,12.4991,1.6814,5.8778,11.86,False,0.98601,"surface-view only: scarp with no field offset; the catalogue was built from this same surface expression, so an uncatalogued scarp here is more likely a road cut, canal levee, quarry face or erosion line than a fault - down-weighted, and emitted only if it clears the metric bar"
524,4,"[759, 761]","[3288, 3289]",329000.0,167300.0,B-only,"{""silent"": 2, ""concordant"": 0, ""A-only"": 0, ""B-only"": 2}",2064.7666,0.8822,10.5809,5.372,34.6386,13.02,False,0.98526,"surface-view only: scarp with no field offset; the catalogue was built from this same surface expression, so an uncatalogued scarp here is more likely a road cut, canal levee, quarry face or erosion line than a fault - down-weighted, and emitted only if it clears the metric bar"
536,4,"[771, 772]","[2514, 2515]",251600.0,166150.0,B-only,"{""silent"": 1, ""concordant"": 0, ""A-only"": 0, ""B-only"": 3}",4.7029,16.9472,16.4956,2.4471,119.6715,1.5,False,0.98818,"surface-view only: scarp with no field offset; the catalogue was built from this same surface expression, so an uncatalogued scarp here is more likely a road cut, canal levee, quarry face or erosion line than a fault - down-weighted, and emitted only if it clears the metric bar"
537,4,"[771, 772]","[2669, 2671]",267175.0,166125.0,B-only,"{""silent"": 0, ""concordant"": 0, ""A-only"": 0, ""B-only"": 4}",190.9916,7.2088,12.5361,10.9025,132.7848,1.25,False,0.98728,"surface-view only: scarp with no field offset; the catalogue was built from this same surface expression, so an uncatalogued scarp here is more likely a road cut, canal levee, quarry face or erosion line than a fault - down-weighted, and emitted only if it clears the metric bar"
546,4,"[772, 774]","[451, 452]",45325.0,165975.0,B-only,"{""silent"": 0, ""concordant"": 0, ""A-only"": 0, ""B-only"": 4}",159.1673,5.303,11.7649,1.8048,130.634,20.54,False,0.98664,"surface-view only: scarp with no field offset; the catalogue was built from this same surface expression, so an uncatalogued scarp here is more likely a road cut, canal levee, quarry face or erosion line than a fault - down-weighted, and emitted only if it clears the metric bar"
548,4,"[772, 772]","[2476, 2479]",247900.0,166100.0,B-only,"{""silent"": 0, ""concordant"": 0, ""A-only"": 0, ""B-only"": 4}",10.7395,13.6795,14.1751,0.9267,120.0386,1.0,False,0.98883,"surface-view only: scarp with no field offset; the catalogue was built from this same surface expression, so an uncatalogued scarp here is more likely a road cut, canal levee, quarry face or erosion line than a fault - down-weighted, and emitted only if it clears the metric bar"
559,4,"[801, 803]","[331, 332]",33275.0,163100.0,silent,"{""silent"": 4, ""concordant"": 0, ""A-only"": 0, ""B-only"": 0}",40.6936,5.1103,8.5218,2.1325,276.0944,75.43,False,0.98357,neither view is in its confident tail; emitted on corridor mass that the calibrated density still values above the acceptance bar (bar 0.0593)
561,4,"[804, 807]","[491, 491]",49250.0,162750.0,B-only,"{""silent"": 3, ""concordant"": 0, ""A-only"": 0, ""B-only"": 1}",798.8285,9.0238,11.782,1.645,218.1185,43.91,False,0.98473,"surface-view only: scarp with no field offset; the catalogue was built from this same surface expression, so an uncatalogued scarp here is more likely a road cut, canal levee, quarry face or erosion line than a fault - down-weighted, and emitted only if it clears the metric bar"
592,4,"[850, 852]","[267, 268]",26900.0,158200.0,silent,"{""silent"": 4, ""concordant"": 0, ""A-only"": 0, ""B-only"": 0}",22.7541,7.0489,13.1956,2.76,101.8341,2.46,False,0.98722,neither view is in its confident tail; emitted on corridor mass that the calibrated density still values above the acceptance bar (bar 0.0593)
722,4,"[1078, 1080]","[742, 744]",74450.0,135375.0,B-only,"{""silent"": 0, ""concordant"": 0, ""A-only"": 0, ""B-only"": 4}",685.5604,9.4228,13.3034,0.6823,154.7213,9.23,False,0.98444,"surface-view only: scarp with no field offset; the catalogue was built from this same surface expression, so an uncatalogued scarp here is more likely a road cut, canal levee, quarry face or erosion line than a fault - down-weighted, and emitted only if it clears the metric bar"
729,4,"[1112, 1113]","[636, 638]",63875.0,132075.0,B-only,"{""silent"": 1, ""concordant"": 0, ""A-only"": 0, ""B-only"": 3}",1894.4854,5.4653,12.6299,0.3721,416.1827,9.96,False,0.98535,"surface-view only: scarp with no field offset; the catalogue was built from this same surface expression, so an uncatalogued scarp here is more likely a road cut, canal levee, quarry face or erosion line than a fault - down-weighted, and emitted only if it clears the metric bar"
776,4,"[1239, 1242]","[267, 267]",26850.0,119250.0,concordant,"{""silent"": 0, ""concordant"": 3, ""A-only"": 0, ""B-only"": 1}",287.7083,11.5535,14.6206,16.0764,81.7415,1.0,False,0.9923,"both views agree: continuation of a mapped structure beyond the end or the side of the mapped trace, the case where the catalogue is truncated by mapping convention rather than by data"
783,4,"[1249, 1251]","[438, 439]",44025.0,118325.0,B-only,"{""silent"": 0, ""concordant"": 0, ""A-only"": 0, ""B-only"": 4}",1169.4026,5.9525,10.089,2.0981,227.2988,16.23,False,0.98927,"surface-view only: scarp with no field offset; the catalogue was built from this same surface expression, so an uncatalogued scarp here is more likely a road cut, canal levee, quarry face or erosion line than a fault - down-weighted, and emitted only if it clears the metric bar"
806,4,"[1277, 1280]","[1389, 1389]",139050.0,115450.0,B-only,"{""silent"": 0, ""concordant"": 0, ""A-only"": 0, ""B-only"": 4}",407.838,7.1057,14.06,1.5731,283.7668,22.3,False,0.98582,"surface-view only: scarp with no field offset; the catalogue was built from this same surface expression, so an uncatalogued scarp here is more likely a road cut, canal levee, quarry face or erosion line than a fault - down-weighted, and emitted only if it clears the metric bar"
885,4,"[1440, 1443]","[753, 753]",75450.0,99150.0,B-only,"{""silent"": 0, ""concordant"": 0, ""A-only"": 0, ""B-only"": 4}",125.8315,0.3679,9.3371,1.7649,109.9059,18.08,False,0.98526,"surface-view only: scarp with no field offset; the catalogue was built from this same surface expression, so an uncatalogued scarp here is more likely a road cut, canal levee, quarry face or erosion line than a fault - down-weighted, and emitted only if it clears the metric bar"
890,4,"[1458, 1459]","[340, 341]",34200.0,97450.0,A-only,"{""silent"": 0, ""concordant"": 0, ""A-only"": 4, ""B-only"": 0}",732.1639,1.8771,9.4512,16.1058,188.2157,2.18,False,0.98527,"field-view only: potential-field offset (gravity step 16.106, magnetic step 188.216) with no corresponding scarp (surface rank 9.451); cover depth rank 732.164 is deep enough that a scarp would be buried, so this is a buried range-front fault the LiDAR-derived catalogue cannot contain"
916,4,"[1548, 1551]","[435, 437]",43750.0,88350.0,concordant,"{""silent"": 0, ""concordant"": 3, ""A-only"": 1, ""B-only"": 0}",283.6188,12.0784,11.5337,9.7326,100.3765,1.77,False,0.98678,"both views agree: continuation of a mapped structure beyond the end or the side of the mapped trace, the case where the catalogue is truncated by mapping convention rather than by data"
937,4,"[1558, 1561]","[1357, 1359]",135950.0,87350.0,B-only,"{""silent"": 0, ""concordant"": 0, ""A-only"": 0, ""B-only"": 4}",416.5154,4.4753,10.1129,0.6641,126.7523,29.13,False,0.98569,"surface-view only: scarp with no field offset; the catalogue was built from this same surface expression, so an uncatalogued scarp here is more likely a road cut, canal levee, quarry face or erosion line than a fault - down-weighted, and emitted only if it clears the metric bar"
963,4,"[1604, 1605]","[525, 528]",52800.0,82850.0,B-only,"{""silent"": 0, ""concordant"": 0, ""A-only"": 0, ""B-only"": 4}",816.3502,3.6234,8.5485,0.8376,300.548,20.39,False,0.98505,"surface-view only: scarp with no field offset; the catalogue was built from this same surface expression, so an uncatalogued scarp here is more likely a road cut, canal levee, quarry face or erosion line than a fault - down-weighted, and emitted only if it clears the metric bar"
981,4,"[1626, 1629]","[1374, 1377]",137700.0,80550.0,B-only,"{""silent"": 0, ""concordant"": 0, ""A-only"": 0, ""B-only"": 4}",16.6796,6.8192,12.9034,2.2019,142.9717,31.01,False,0.9848,"surface-view only: scarp with no field offset; the catalogue was built from this same surface expression, so an uncatalogued scarp here is more likely a road cut, canal levee, quarry face or erosion line than a fault - down-weighted, and emitted only if it clears the metric bar"
1030,4,"[1880, 1881]","[913, 914]",91500.0,55250.0,B-only,"{""silent"": 0, ""concordant"": 0, ""A-only"": 0, ""B-only"": 4}",622.9969,5.3351,12.8382,0.4883,80.723,7.4,False,0.98661,"surface-view only: scarp with no field offset; the catalogue was built from this same surface expression, so an uncatalogued scarp here is more likely a road cut, canal levee, quarry face or erosion line than a fault - down-weighted, and emitted only if it clears the metric bar"
1068,4,"[1957, 1958]","[1593, 1596]",159600.0,47575.0,B-only,"{""silent"": 0, ""concordant"": 0, ""A-only"": 0, ""B-only"": 4}",190.6117,7.6354,12.9667,5.3029,105.1944,8.78,False,0.98741,"surface-view only: scarp with no field offset; the catalogue was built from this same surface expression, so an uncatalogued scarp here is more likely a road cut, canal levee, quarry face or erosion line than a fault - down-weighted, and emitted only if it clears the metric bar"
1076,4,"[1970, 1973]","[1285, 1288]",128800.0,46150.0,B-only,"{""silent"": 0, ""concordant"": 0, ""A-only"": 0, ""B-only"": 4}",469.8349,7.381,11.0691,1.2813,138.3524,37.78,False,0.98607,"surface-view only: scarp with no field offset; the catalogue was built from this same surface expression, so an uncatalogued scarp here is more likely a road cut, canal levee, quarry face or erosion line than a fault - down-weighted, and emitted only if it clears the metric bar"
1087,4,"[2025, 2027]","[1228, 1229]",123025.0,40725.0,B-only,"{""silent"": 0, ""concordant"": 0, ""A-only"": 0, ""B-only"": 4}",711.6061,7.7325,11.6724,1.5374,166.6561,10.64,False,0.98495,"surface-view only: scarp with no field offset; the catalogue was built from this same surface expression, so an uncatalogued scarp here is more likely a road cut, canal levee, quarry face or erosion line than a fault - down-weighted, and emitted only if it clears the metric bar"
1089,4,"[2026, 2028]","[1795, 1798]",179800.0,40575.0,B-only,"{""silent"": 0, ""concordant"": 0, ""A-only"": 0, ""B-only"": 4}",12.3715,3.416,9.1865,0.736,51.0189,11.51,False,0.98601,"surface-view only: scarp with no field offset; the catalogue was built from this same surface expression, so an uncatalogued scarp here is more likely a road cut, canal levee, quarry face or erosion line than a fault - down-weighted, and emitted only if it clears the metric bar"
1093,4,"[2028, 2031]","[1800, 1802]",180225.0,40350.0,B-only,"{""silent"": 0, ""concordant"": 0, ""A-only"": 0, ""B-only"": 4}",7.0549,5.1312,8.328,0.7939,18.7967,14.43,False,0.98729,"surface-view only: scarp with no field offset; the catalogue was built from this same surface expression, so an uncatalogued scarp here is more likely a road cut, canal levee, quarry face or erosion line than a fault - down-weighted, and emitted only if it clears the metric bar"
1101,4,"[2044, 2046]","[1507, 1509]",150950.0,38825.0,B-only,"{""silent"": 0, ""concordant"": 0, ""A-only"": 0, ""B-only"": 4}",32.7231,15.3268,13.2897,1.0393,262.4914,8.35,False,0.98687,"surface-view only: scarp with no field offset; the catalogue was built from this same surface expression, so an uncatalogued scarp here is more likely a road cut, canal levee, quarry face or erosion line than a fault - down-weighted, and emitted only if it clears the metric bar"
1117,4,"[2061, 2064]","[1313, 1316]",131600.0,37050.0,B-only,"{""silent"": 0, ""concordant"": 0, ""A-only"": 0, ""B-only"": 4}",101.2827,8.5079,10.4778,1.9157,348.6436,20.51,False,0.98666,"surface-view only: scarp with no field offset; the catalogue was built from this same surface expression, so an uncatalogued scarp here is more likely a road cut, canal levee, quarry face or erosion line than a fault - down-weighted, and emitted only if it clears the metric bar"
1124,4,"[2114, 2116]","[1860, 1861]",186175.0,31775.0,silent,"{""silent"": 4, ""concordant"": 0, ""A-only"": 0, ""B-only"": 0}",2.1388,17.1446,18.0741,2.2579,85.2681,1.77,False,0.98536,neither view is in its confident tail; emitted on corridor mass that the calibrated density still values above the acceptance bar (bar 0.0593)
1176,4,"[2379, 2382]","[1439, 1441]",144175.0,5250.0,B-only,"{""silent"": 0, ""concordant"": 0, ""A-only"": 0, ""B-only"": 4}",137.4642,7.8514,10.6363,2.3843,218.2451,11.15,False,0.98577,"surface-view only: scarp with no field offset; the catalogue was built from this same surface expression, so an uncatalogued scarp here is more likely a road cut, canal levee, quarry face or erosion line than a fault - down-weighted, and emitted only if it clears the metric bar"
1195,4,"[2430, 2432]","[1094, 1096]",109650.0,200.0,silent,"{""silent"": 4, ""concordant"": 0, ""A-only"": 0, ""B-only"": 0}",77.5416,8.7872,9.523,3.2288,350.9387,1.81,False,0.98762,neither view is in its confident tail; emitted on corridor mass that the calibrated density still values above the acceptance bar (bar 0.0593)
1210,4,"[2487, 2488]","[1248, 1250]",125025.0,-5475.0,B-only,"{""silent"": 0, ""concordant"": 0, ""A-only"": 0, ""B-only"": 4}",295.1649,2.1024,7.2309,2.7193,60.376,44.31,False,0.98449,"surface-view only: scarp with no field offset; the catalogue was built from this same surface expression, so an uncatalogued scarp here is more likely a road cut, canal levee, quarry face or erosion line than a fault - down-weighted, and emitted only if it clears the metric bar"
1229,4,"[2530, 2530]","[1225, 1228]",122800.0,-9700.0,B-only,"{""silent"": 0, ""concordant"": 0, ""A-only"": 0, ""B-only"": 4}",463.3428,6.6333,7.7617,2.153,290.3665,29.0,False,0.98572,"surface-view only: scarp with no field offset; the catalogue was built from this same surface expression, so an uncatalogued scarp here is more likely a road cut, canal levee, quarry face or erosion line than a fault - down-weighted, and emitted only if it clears the metric bar"
1276,4,"[2894, 2896]","[2180, 2182]",218250.0,-46225.0,B-only,"{""silent"": 0, ""concordant"": 0, ""A-only"": 0, ""B-only"": 4}",611.776,3.2634,9.3962,4.4117,83.3193,16.12,False,0.98708,"surface-view only: scarp with no field offset; the catalogue was built from this same surface expression, so an uncatalogued scarp here is more likely a road cut, canal levee, quarry face or erosion line than a fault - down-weighted, and emitted only if it clears the metric bar"
1293,4,"[2934, 2935]","[1573, 1575]",157550.0,-50125.0,B-only,"{""silent"": 0, ""concordant"": 0, ""A-only"": 1, ""B-only"": 3}",217.0267,14.1149,16.3916,12.3423,83.2633,1.25,False,0.98728,"surface-view only: scarp with no field offset; the catalogue was built from this same surface expression, so an uncatalogued scarp here is more likely a road cut, canal levee, quarry face or erosion line than a fault - down-weighted, and emitted only if it clears the metric bar"
1299,4,"[2948, 2949]","[1605, 1608]",160800.0,-51525.0,B-only,"{""silent"": 0, ""concordant"": 0, ""A-only"": 0, ""B-only"": 4}",521.8647,5.7049,9.9826,0.7164,73.8929,15.25,False,0.98523,"surface-view only: scarp with no field offset; the catalogue was built from this same surface expression, so an uncatalogued scarp here is more likely a road cut, canal levee, quarry face or erosion line than a fault - down-weighted, and emitted only if it clears the metric bar"
1311,4,"[3015, 3016]","[2106, 2108]",210825.0,-58275.0,B-only,"{""silent"": 0, ""concordant"": 0, ""A-only"": 0, ""B-only"": 4}",2.4056,7.1434,14.6298,1.5215,75.5519,8.43,False,0.98928,"surface-view only: scarp with no field offset; the catalogue was built from this same surface expression, so an uncatalogued scarp here is more likely a road cut, canal levee, quarry face or erosion line than a fault - down-weighted, and emitted only if it clears the metric bar"
1333,4,"[3042, 3043]","[2147, 2148]",214900.0,-60950.0,B-only,"{""silent"": 0, ""concordant"": 0, ""A-only"": 0, ""B-only"": 4}",1.1954,6.6508,16.1788,1.7791,54.3912,29.3,False,0.98561,"surface-view only: scarp with no field offset; the catalogue was built from this same surface expression, so an uncatalogued scarp here is more likely a road cut, canal levee, quarry face or erosion line than a fault - down-weighted, and emitted only if it clears the metric bar"
1352,4,"[3104, 3106]","[1626, 1627]",162800.0,-67200.0,silent,"{""silent"": 4, ""concordant"": 0, ""A-only"": 0, ""B-only"": 0}",601.884,4.3489,9.2069,4.458,41.7785,79.27,False,0.9858,neither view is in its confident tail; emitted on corridor mass that the calibrated density still values above the acceptance bar (bar 0.0593)
1376,4,"[3165, 3168]","[1487, 1490]",149000.0,-73350.0,B-only,"{""silent"": 0, ""concordant"": 0, ""A-only"": 0, ""B-only"": 4}",17.0415,3.5679,11.1213,0.6492,147.4635,21.24,False,0.98719,"surface-view only: scarp with no field offset; the catalogue was built from this same surface expression, so an uncatalogued scarp here is more likely a road cut, canal levee, quarry face or erosion line than a fault - down-weighted, and emitted only if it clears the metric bar"
1435,4,"[3282, 3284]","[1935, 1936]",193675.0,-85025.0,B-only,"{""silent"": 0, ""concordant"": 0, ""A-only"": 0, ""B-only"": 4}",83.6595,8.1694,15.007,2.3207,6.53,76.27,False,0.98828,"surface-view only: scarp with no field offset; the catalogue was built from this same surface expression, so an uncatalogued scarp here is more likely a road cut, canal levee, quarry face or erosion line than a fault - down-weighted, and emitted only if it clears the metric bar"
1441,4,"[3294, 3297]","[1671, 1673]",167325.0,-86250.0,B-only,"{""silent"": 3, ""concordant"": 0, ""A-only"": 0, ""B-only"": 1}",145.2076,6.739,7.631,2.1279,76.0857,9.74,False,0.98582,"surface-view only: scarp with no field offset; the catalogue was built from this same surface expression, so an uncatalogued scarp here is more likely a road cut, canal levee, quarry face or erosion line than a fault - down-weighted, and emitted only if it clears the metric bar"
1456,4,"[3308, 3310]","[1665, 1667]",166725.0,-87600.0,B-only,"{""silent"": 1, ""concordant"": 0, ""A-only"": 0, ""B-only"": 3}",34.7381,9.6876,10.3874,1.33,15.0525,19.03,False,0.98641,"surface-view only: scarp with no field offset; the catalogue was built from this same surface expression, so an uncatalogued scarp here is more likely a road cut, canal levee, quarry face or erosion line than a fault - down-weighted, and emitted only if it clears the metric bar"
1484,4,"[3385, 3388]","[1850, 1853]",185300.0,-95350.0,B-only,"{""silent"": 0, ""concordant"": 0, ""A-only"": 0, ""B-only"": 4}",745.3055,6.6796,13.3027,3.0817,50.4733,45.4,False,0.98603,"surface-view only: scarp with no field offset; the catalogue was built from this same surface expression, so an uncatalogued scarp here is more likely a road cut, canal levee, quarry face or erosion line than a fault - down-weighted, and emitted only if it clears the metric bar"
1491,4,"[3412, 3414]","[1889, 1891]",189125.0,-97975.0,B-only,"{""silent"": 0, ""concordant"": 0, ""A-only"": 0, ""B-only"": 4}",442.12,8.3687,10.3427,1.2767,192.2514,76.9,False,0.98539,"surface-view only: scarp with no field offset; the catalogue was built from this same surface expression, so an uncatalogued scarp here is more likely a road cut, canal levee, quarry face or erosion line than a fault - down-weighted, and emitted only if it clears the metric bar"
26,3,"[0, 0]","[3161, 3163]",316350.0,243300.0,B-only,"{""silent"": 0, ""concordant"": 0, ""A-only"": 0, ""B-only"": 3}",48.5516,6.7354,16.5957,18.4274,138.2781,36.14,False,0.98644,"surface-view only: scarp with no field offset; the catalogue was built from this same surface expression, so an uncatalogued scarp here is more likely a road cut, canal levee, quarry face or erosion line than a fault - down-weighted, and emitted only if it clears the metric bar"
39,3,"[28, 29]","[1505, 1506]",150716.6666666667,240466.66666666666,B-only,"{""silent"": 2, ""concordant"": 0, ""A-only"": 0, ""B-only"": 1}",360.3379,3.819,9.2927,5.5188,161.5351,92.13,False,0.98381,"surface-view only: scarp with no field offset; the catalogue was built from this same surface expression, so an uncatalogued scarp here is more likely a road cut, canal levee, quarry face or erosion line than a fault - down-weighted, and emitted only if it clears the metric bar"
79,3,"[122, 123]","[473, 474]",47516.66666666667,231033.33333333334,silent,"{""silent"": 3, ""concordant"": 0, ""A-only"": 0, ""B-only"": 0}",139.6599,14.4186,14.915,1.6368,185.2422,34.67,False,0.98844,neither view is in its confident tail; emitted on corridor mass that the calibrated density still values above the acceptance bar (bar 0.0593)
92,3,"[146, 147]","[1368, 1369]",136983.3333333333,228633.33333333334,B-only,"{""silent"": 2, ""concordant"": 0, ""A-only"": 0, ""B-only"": 1}",57.3262,11.5778,10.7844,0.8296,50.4291,41.87,False,0.98518,"surface-view only: scarp with no field offset; the catalogue was built from this same surface expression, so an uncatalogued scarp here is more likely a road cut, canal levee, quarry face or erosion line than a fault - down-weighted, and emitted only if it clears the metric bar"
135,3,"[195, 196]","[2895, 2897]",289750.0,223766.66666666666,B-only,"{""silent"": 0, ""concordant"": 0, ""A-only"": 0, ""B-only"": 3}",233.3176,2.325,12.4742,0.5026,112.6156,45.77,False,0.98547,"surface-view only: scarp with no field offset; the catalogue was built from this same surface expression, so an uncatalogued scarp here is more likely a road cut, canal levee, quarry face or erosion line than a fault - down-weighted, and emitted only if it clears the metric bar"
170,3,"[281, 282]","[2469, 2470]",247083.33333333334,215133.33333333334,B-only,"{""silent"": 0, ""concordant"": 0, ""A-only"": 0, ""B-only"": 3}",832.9688,5.6514,10.3702,1.7793,196.8112,67.93,False,0.98528,"surface-view only: scarp with no field offset; the catalogue was built from this same surface expression, so an uncatalogued scarp here is more likely a road cut, canal levee, quarry face or erosion line than a fault - down-weighted, and emitted only if it clears the metric bar"
192,3,"[347, 348]","[2388, 2389]",238983.33333333334,208566.6666666667,silent,"{""silent"": 3, ""concordant"": 0, ""A-only"": 0, ""B-only"": 0}",22.0462,7.0969,9.5323,1.1769,205.2096,25.6,False,0.98457,neither view is in its confident tail; emitted on corridor mass that the calibrated density still values above the acceptance bar (bar 0.0593)
213,3,"[380, 382]","[2361, 2363]",236350.0,205200.0,silent,"{""silent"": 3, ""concordant"": 0, ""A-only"": 0, ""B-only"": 0}",125.2328,12.5789,8.8572,0.4347,91.237,10.07,False,0.98484,neither view is in its confident tail; emitted on corridor mass that the calibrated density still values above the acceptance bar (bar 0.0593)
230,3,"[408, 409]","[1347, 1348]",134883.3333333333,202466.6666666667,B-only,"{""silent"": 0, ""concordant"": 0, ""A-only"": 0, ""B-only"": 3}",41.4434,2.9402,10.6793,3.3615,53.486,105.14,False,0.98686,"surface-view only: scarp with no field offset; the catalogue was built from this same surface expression, so an uncatalogued scarp here is more likely a road cut, canal levee, quarry face or erosion line than a fault - down-weighted, and emitted only if it clears the metric bar"
257,3,"[442, 443]","[2297, 2299]",229950.0,199033.3333333333,B-only,"{""silent"": 0, ""concordant"": 0, ""A-only"": 0, ""B-only"": 3}",376.9983,5.059,10.8944,1.3313,120.4321,58.22,False,0.98681,"surface-view only: scarp with no field offset; the catalogue was built from this same surface expression, so an uncatalogued scarp here is more likely a road cut, canal levee, quarry face or erosion line than a fault - down-weighted, and emitted only if it clears the metric bar"
311,3,"[505, 507]","[640, 641]",64216.666666666664,192700.0,silent,"{""silent"": 3, ""concordant"": 0, ""A-only"": 0, ""B-only"": 0}",241.3554,7.9035,13.6749,0.8015,143.0061,13.26,False,0.98581,neither view is in its confident tail; emitted on corridor mass that the calibrated density still values above the acceptance bar (bar 0.0593)
316,3,"[513, 514]","[190, 191]",19183.333333333336,191966.66666666666,silent,"{""silent"": 3, ""concordant"": 0, ""A-only"": 0, ""B-only"": 0}",39.7773,2.4596,10.0817,0.9839,72.3913,5.1,False,0.98502,neither view is in its confident tail; emitted on corridor mass that the calibrated density still values above the acceptance bar (bar 0.0593)
325,3,"[525, 526]","[629, 630]",63083.333333333336,190766.66666666666,silent,"{""silent"": 3, ""concordant"": 0, ""A-only"": 0, ""B-only"": 0}",134.1824,14.6969,13.7878,0.6877,104.381,7.33,False,0.98624,neither view is in its confident tail; emitted on corridor mass that the calibrated density still values above the acceptance bar (bar 0.0593)
328,3,"[526, 527]","[539, 540]",54083.333333333336,190666.66666666666,B-only,"{""silent"": 0, ""concordant"": 0, ""A-only"": 0, ""B-only"": 3}",712.2861,5.0856,7.6185,1.7925,46.3076,43.33,False,0.98403,"surface-view only: scarp with no field offset; the catalogue was built from this same surface expression, so an uncatalogued scarp here is more likely a road cut, canal levee, quarry face or erosion line than a fault - down-weighted, and emitted only if it clears the metric bar"
331,3,"[530, 532]","[436, 438]",43850.0,190200.0,B-only,"{""silent"": 0, ""concordant"": 0, ""A-only"": 0, ""B-only"": 3}",33.7251,6.3931,11.9453,1.3002,167.0286,15.54,False,0.98732,"surface-view only: scarp with no field offset; the catalogue was built from this same surface expression, so an uncatalogued scarp here is more likely a road cut, canal levee, quarry face or erosion line than a fault - down-weighted, and emitted only if it clears the metric bar"
334,3,"[534, 536]","[432, 434]",43450.0,189800.0,B-only,"{""silent"": 0, ""concordant"": 0, ""A-only"": 0, ""B-only"": 3}",33.0654,10.5851,14.1049,1.2742,163.0801,10.3,False,0.99007,"surface-view only: scarp with no field offset; the catalogue was built from this same surface expression, so an uncatalogued scarp here is more likely a road cut, canal levee, quarry face or erosion line than a fault - down-weighted, and emitted only if it clears the metric bar"
355,3,"[560, 562]","[210, 211]",21183.333333333336,187200.0,B-only,"{""silent"": 0, ""concordant"": 0, ""A-only"": 0, ""B-only"": 3}",37.8339,3.5506,10.2092,0.8386,115.2915,13.24,False,0.98491,"surface-view only: scarp with no field offset; the catalogue was built from this same surface expression, so an uncatalogued scarp here is more likely a road cut, canal levee, quarry face or erosion line than a fault - down-weighted, and emitted only if it clears the metric bar"
363,3,"[567, 568]","[2403, 2404]",240516.66666666666,186533.33333333334,B-only,"{""silent"": 0, ""concordant"": 0, ""A-only"": 0, ""B-only"": 3}",3125.4709,3.9832,11.6004,1.2031,84.9955,12.59,False,0.9855,"surface-view only: scarp with no field offset; the catalogue was built from this same surface expression, so an uncatalogued scarp here is more likely a road cut, canal levee, quarry face or erosion line than a fault - down-weighted, and emitted only if it clears the metric bar"
389,3,"[584, 586]","[421, 421]",42250.0,184800.0,B-only,"{""silent"": 2, ""concordant"": 0, ""A-only"": 0, ""B-only"": 1}",49.442,0.0961,11.3326,0.1973,26.3398,7.0,False,0.9865,"surface-view only: scarp with no field offset; the catalogue was built from this same surface expression, so an uncatalogued scarp here is more likely a road cut, canal levee, quarry face or erosion line than a fault - down-weighted, and emitted only if it clears the metric bar"
415,3,"[610, 612]","[644, 645]",64616.666666666664,182200.0,silent,"{""silent"": 3, ""concordant"": 0, ""A-only"": 0, ""B-only"": 0}",9.8214,12.3692,15.0043,0.4207,48.2964,24.25,False,0.98427,neither view is in its confident tail; emitted on corridor mass that the calibrated density still values above the acceptance bar (bar 0.0593)
429,3,"[622, 624]","[213, 213]",21450.0,181000.0,B-only,"{""silent"": 0, ""concordant"": 0, ""A-only"": 0, ""B-only"": 3}",32.4443,3.847,9.7026,0.3781,109.9649,1.8,False,0.98488,"surface-view only: scarp with no field offset; the catalogue was built from this same surface expression, so an uncatalogued scarp here is more likely a road cut, canal levee, quarry face or erosion line than a fault - down-weighted, and emitted only if it clears the metric bar"
441,3,"[648, 650]","[2715, 2717]",271750.0,178400.0,B-only,"{""silent"": 0, ""concordant"": 0, ""A-only"": 0, ""B-only"": 3}",663.4627,8.675,12.1305,1.9283,122.6289,15.0,False,0.98517,"surface-view only: scarp with no field offset; the catalogue was built from this same surface expression, so an uncatalogued scarp here is more likely a road cut, canal levee, quarry face or erosion line than a fault - down-weighted, and emitted only if it clears the metric bar"
443,3,"[650, 652]","[1561, 1563]",156350.0,178200.0,B-only,"{""silent"": 0, ""concordant"": 0, ""A-only"": 0, ""B-only"": 3}",10.1514,5.3668,10.7209,0.2249,31.3927,48.76,False,0.98497,"surface-view only: scarp with no field offset; the catalogue was built from this same surface expression, so an uncatalogued scarp here is more likely a road cut, canal levee, quarry face or erosion line than a fault - down-weighted, and emitted only if it clears the metric bar"
454,3,"[665, 667]","[222, 222]",22350.0,176700.0,B-only,"{""silent"": 0, ""concordant"": 0, ""A-only"": 0, ""B-only"": 3}",43.7054,29.7942,16.5158,4.3049,210.1953,1.0,False,0.98959,"surface-view only: scarp with no field offset; the catalogue was built from this same surface expression, so an uncatalogued scarp here is more likely a road cut, canal levee, quarry face or erosion line than a fault - down-weighted, and emitted only if it clears the metric bar"
478,3,"[695, 696]","[1934, 1936]",193650.0,173766.66666666666,B-only,"{""silent"": 0, ""concordant"": 0, ""A-only"": 0, ""B-only"": 3}",171.5964,5.266,9.3845,0.6677,6.7143,15.64,False,0.9838,"surface-view only: scarp with no field offset; the catalogue was built from this same surface expression, so an uncatalogued scarp here is more likely a road cut, canal levee, quarry face or erosion line than a fault - down-weighted, and emitted only if it clears the metric bar"
490,3,"[706, 708]","[2666, 2668]",266850.0,172600.0,B-only,"{""silent"": 0, ""concordant"": 0, ""A-only"": 0, ""B-only"": 3}",240.7282,8.6331,12.9767,1.9329,3.7648,8.11,False,0.98874,"surface-view only: scarp with no field offset; the catalogue was built from this same surface expression, so an uncatalogued scarp here is more likely a road cut, canal levee, quarry face or erosion line than a fault - down-weighted, and emitted only if it clears the metric bar"
492,3,"[708, 710]","[2313, 2313]",231450.0,172400.0,B-only,"{""silent"": 0, ""concordant"": 0, ""A-only"": 0, ""B-only"": 3}",1225.7498,9.6857,13.5533,1.7984,35.7891,7.32,False,0.98634,"surface-view only: scarp with no field offset; the catalogue was built from this same surface expression, so an uncatalogued scarp here is more likely a road cut, canal levee, quarry face or erosion line than a fault - down-weighted, and emitted only if it clears the metric bar"
504,3,"[718, 720]","[618, 619]",62016.666666666664,171400.0,B-only,"{""silent"": 0, ""concordant"": 0, ""A-only"": 0, ""B-only"": 3}",42.264,9.8964,12.19,1.803,57.8086,7.97,False,0.98469,"surface-view only: scarp with no field offset; the catalogue was built from this same surface expression, so an uncatalogued scarp here is more likely a road cut, canal levee, quarry face or erosion line than a fault - down-weighted, and emitted only if it clears the metric bar"
517,3,"[740, 741]","[2649, 2650]",265083.3333333334,169233.33333333334,silent,"{""silent"": 3, ""concordant"": 0, ""A-only"": 0, ""B-only"": 0}",220.3992,8.7012,12.5437,2.1297,6.4261,9.09,False,0.98493,neither view is in its confident tail; emitted on corridor mass that the calibrated density still values above the acceptance bar (bar 0.0593)
528,3,"[770, 771]","[307, 309]",30950.0,166233.33333333334,B-only,"{""silent"": 0, ""concordant"": 0, ""A-only"": 0, ""B-only"": 3}",54.1933,8.3299,10.6118,1.0832,261.0573,60.0,False,0.98432,"surface-view only: scarp with no field offset; the catalogue was built from this same surface expression, so an uncatalogued scarp here is more likely a road cut, canal levee, quarry face or erosion line than a fault - down-weighted, and emitted only if it clears the metric bar"
543,3,"[771, 772]","[3027, 3029]",302950.0,166133.33333333334,silent,"{""silent"": 3, ""concordant"": 0, ""A-only"": 0, ""B-only"": 0}",54.9446,9.3295,13.763,9.8948,37.2828,1.33,False,0.98533,neither view is in its confident tail; emitted on corridor mass that the calibrated density still values above the acceptance bar (bar 0.0593)
590,3,"[842, 843]","[622, 623]",62383.333333333336,159066.66666666666,silent,"{""silent"": 3, ""concordant"": 0, ""A-only"": 0, ""B-only"": 0}",45.9084,8.3521,11.0241,0.3642,151.2289,28.39,False,0.98693,neither view is in its confident tail; emitted on corridor mass that the calibrated density still values above the acceptance bar (bar 0.0593)
603,3,"[856, 856]","[57, 59]",5950.0,157700.0,B-only,"{""silent"": 0, ""concordant"": 0, ""A-only"": 0, ""B-only"": 3}",257.7808,11.5467,14.9496,23.9247,25.7568,1.0,False,0.98872,"surface-view only: scarp with no field offset; the catalogue was built from this same surface expression, so an uncatalogued scarp here is more likely a road cut, canal levee, quarry face or erosion line than a fault - down-weighted, and emitted only if it clears the metric bar"
607,3,"[856, 857]","[234, 235]",23583.333333333336,157633.33333333334,silent,"{""silent"": 3, ""concordant"": 0, ""A-only"": 0, ""B-only"": 0}",32.6661,5.4116,13.5264,5.9408,313.9232,1.67,False,0.98505,neither view is in its confident tail; emitted on corridor mass that the calibrated density still values above the acceptance bar (bar 0.0593)
611,3,"[857, 858]","[145, 146]",14716.666666666666,157566.66666666666,silent,"{""silent"": 3, ""concordant"": 0, ""A-only"": 0, ""B-only"": 0}",38.1803,6.939,15.8103,8.027,37.3199,2.33,False,0.98807,neither view is in its confident tail; emitted on corridor mass that the calibrated density still values above the acceptance bar (bar 0.0593)
617,3,"[860, 862]","[595, 597]",59750.0,157200.0,silent,"{""silent"": 3, ""concordant"": 0, ""A-only"": 0, ""B-only"": 0}",136.6961,9.8074,8.6431,1.2168,38.6026,38.18,False,0.98496,neither view is in its confident tail; emitted on corridor mass that the calibrated density still values above the acceptance bar (bar 0.0593)
620,3,"[867, 867]","[589, 591]",59150.0,156600.0,B-only,"{""silent"": 0, ""concordant"": 0, ""A-only"": 0, ""B-only"": 3}",155.8399,7.2638,8.7705,1.0743,35.2124,29.7,False,0.98542,"surface-view only: scarp with no field offset; the catalogue was built from this same surface expression, so an uncatalogued scarp here is more likely a road cut, canal levee, quarry face or erosion line than a fault - down-weighted, and emitted only if it clears the metric bar"
631,3,"[886, 888]","[256, 258]",25850.0,154600.0,B-only,"{""silent"": 0, ""concordant"": 0, ""A-only"": 0, ""B-only"": 3}",59.8294,4.7834,10.0818,1.6824,85.2288,15.81,False,0.98571,"surface-view only: scarp with no field offset; the catalogue was built from this same surface expression, so an uncatalogued scarp here is more likely a road cut, canal levee, quarry face or erosion line than a fault - down-weighted, and emitted only if it clears the metric bar"
640,3,"[898, 898]","[257, 259]",25950.0,153500.0,B-only,"{""silent"": 0, ""concordant"": 0, ""A-only"": 0, ""B-only"": 3}",65.0932,9.6504,12.2671,2.4053,87.259,7.0,False,0.98461,"surface-view only: scarp with no field offset; the catalogue was built from this same surface expression, so an uncatalogued scarp here is more likely a road cut, canal levee, quarry face or erosion line than a fault - down-weighted, and emitted only if it clears the metric bar"
641,3,"[899, 900]","[39, 41]",4150.0,153333.33333333334,B-only,"{""silent"": 0, ""concordant"": 0, ""A-only"": 0, ""B-only"": 3}",93.0481,4.9796,9.8113,1.0944,28.4636,8.79,False,0.98591,"surface-view only: scarp with no field offset; the catalogue was built from this same surface expression, so an uncatalogued scarp here is more likely a road cut, canal levee, quarry face or erosion line than a fault - down-weighted, and emitted only if it clears the metric bar"
646,3,"[901, 901]","[269, 271]",27150.0,153200.0,B-only,"{""silent"": 0, ""concordant"": 0, ""A-only"": 0, ""B-only"": 3}",41.4092,10.3376,11.9062,2.606,83.274,9.92,False,0.98585,"surface-view only: scarp with no field offset; the catalogue was built from this same surface expression, so an uncatalogued scarp here is more likely a road cut, canal levee, quarry face or erosion line than a fault - down-weighted, and emitted only if it clears the metric bar"
674,3,"[940, 941]","[432, 433]",43416.66666666667,149233.33333333334,B-only,"{""silent"": 0, ""concordant"": 0, ""A-only"": 0, ""B-only"": 3}",175.5986,8.1025,11.9024,2.926,60.401,47.25,False,0.98364,"surface-view only: scarp with no field offset; the catalogue was built from this same surface expression, so an uncatalogued scarp here is more likely a road cut, canal levee, quarry face or erosion line than a fault - down-weighted, and emitted only if it clears the metric bar"
704,3,"[1026, 1028]","[564, 564]",56550.0,140600.0,silent,"{""silent"": 3, ""concordant"": 0, ""A-only"": 0, ""B-only"": 0}",1006.9167,2.959,8.6835,1.9906,272.0966,15.66,False,0.98549,neither view is in its confident tail; emitted on corridor mass that the calibrated density still values above the acceptance bar (bar 0.0593)
705,3,"[1027, 1029]","[560, 562]",56250.0,140500.0,silent,"{""silent"": 3, ""concordant"": 0, ""A-only"": 0, ""B-only"": 0}",991.3323,1.7928,7.9302,1.7456,326.8055,13.61,False,0.98484,neither view is in its confident tail; emitted on corridor mass that the calibrated density still values above the acceptance bar (bar 0.0593)
706,3,"[1030, 1030]","[1621, 1623]",162350.0,140300.0,silent,"{""silent"": 3, ""concordant"": 0, ""A-only"": 0, ""B-only"": 0}",224.272,4.7989,8.3078,4.3643,28.2947,9.24,False,0.98518,neither view is in its confident tail; emitted on corridor mass that the calibrated density still values above the acceptance bar (bar 0.0593)
733,3,"[1123, 1124]","[1533, 1534]",153483.3333333333,130966.66666666667,B-only,"{""silent"": 0, ""concordant"": 0, ""A-only"": 0, ""B-only"": 3}",146.6823,10.613,15.2137,2.8304,14.4575,7.81,False,0.98905,"surface-view only: scarp with no field offset; the catalogue was built from this same surface expression, so an uncatalogued scarp here is more likely a road cut, canal levee, quarry face or erosion line than a fault - down-weighted, and emitted only if it clears the metric bar"
735,3,"[1127, 1128]","[1464, 1466]",146650.0,130566.66666666667,B-only,"{""silent"": 0, ""concordant"": 0, ""A-only"": 0, ""B-only"": 3}",71.1308,8.7001,14.7712,2.9082,26.8299,10.42,False,0.98489,"surface-view only: scarp with no field offset; the catalogue was built from this same surface expression, so an uncatalogued scarp here is more likely a road cut, canal levee, quarry face or erosion line than a fault - down-weighted, and emitted only if it clears the metric bar"
742,3,"[1154, 1155]","[698, 699]",70016.66666666666,127866.66666666667,silent,"{""silent"": 3, ""concordant"": 0, ""A-only"": 0, ""B-only"": 0}",735.6025,6.7175,10.5994,1.7418,466.6425,8.54,False,0.98877,neither view is in its confident tail; emitted on corridor mass that the calibrated density still values above the acceptance bar (bar 0.0593)
781,3,"[1246, 1246]","[1696, 1698]",169850.0,118700.0,B-only,"{""silent"": 0, ""concordant"": 0, ""A-only"": 0, ""B-only"": 3}",620.162,5.8532,11.6062,4.7437,49.8489,7.12,False,0.98461,"surface-view only: scarp with no field offset; the catalogue was built from this same surface expression, so an uncatalogued scarp here is more likely a road cut, canal levee, quarry face or erosion line than a fault - down-weighted, and emitted only if it clears the metric bar"
823,3,"[1298, 1300]","[312, 314]",31450.0,113400.0,concordant,"{""silent"": 0, ""concordant"": 3, ""A-only"": 0, ""B-only"": 0}",609.7915,1.8335,8.3784,3.7545,102.8929,12.69,False,0.98419,"both views agree: continuation of a mapped structure beyond the end or the side of the mapped trace, the case where the catalogue is truncated by mapping convention rather than by data"
827,3,"[1305, 1307]","[324, 326]",32650.0,112700.0,B-only,"{""silent"": 0, ""concordant"": 0, ""A-only"": 0, ""B-only"": 3}",750.479,1.3938,6.5379,2.0692,65.4222,9.44,False,0.98418,"surface-view only: scarp with no field offset; the catalogue was built from this same surface expression, so an uncatalogued scarp here is more likely a road cut, canal levee, quarry face or erosion line than a fault - down-weighted, and emitted only if it clears the metric bar"
841,3,"[1337, 1338]","[310, 311]",31216.666666666668,109533.33333333331,A-only,"{""silent"": 2, ""concordant"": 0, ""A-only"": 1, ""B-only"": 0}",278.2622,4.6484,8.2462,2.4966,149.6417,9.08,False,0.98678,"field-view only: potential-field offset (gravity step 2.497, magnetic step 149.642) with no corresponding scarp (surface rank 8.246); cover depth rank 278.262 is deep enough that a scarp would be buried, so this is a buried range-front fault the LiDAR-derived catalogue cannot contain"
850,3,"[1360, 1362]","[1653, 1654]",165516.6666666667,107200.0,silent,"{""silent"": 3, ""concordant"": 0, ""A-only"": 0, ""B-only"": 0}",273.2046,6.4453,9.4572,0.9287,79.6477,22.44,False,0.98808,neither view is in its confident tail; emitted on corridor mass that the calibrated density still values above the acceptance bar (bar 0.0593)
857,3,"[1367, 1368]","[313, 314]",31516.666666666668,106566.66666666669,silent,"{""silent"": 3, ""concordant"": 0, ""A-only"": 0, ""B-only"": 0}",352.4718,2.5113,5.9635,0.5822,117.1893,27.28,False,0.98621,neither view is in its confident tail; emitted on corridor mass that the calibrated density still values above the acceptance bar (bar 0.0593)
858,3,"[1367, 1369]","[1596, 1598]",159850.0,106500.0,B-only,"{""silent"": 0, ""concordant"": 0, ""A-only"": 0, ""B-only"": 3}",434.3437,5.828,8.7318,0.9114,51.7372,30.89,False,0.98467,"surface-view only: scarp with no field offset; the catalogue was built from this same surface expression, so an uncatalogued scarp here is more likely a road cut, canal levee, quarry face or erosion line than a fault - down-weighted, and emitted only if it clears the metric bar"
859,3,"[1368, 1370]","[267, 267]",26850.0,106400.0,concordant,"{""silent"": 0, ""concordant"": 3, ""A-only"": 0, ""B-only"": 0}",93.6964,14.9738,12.8177,14.6774,245.3393,1.0,False,0.98645,"both views agree: continuation of a mapped structure beyond the end or the side of the mapped trace, the case where the catalogue is truncated by mapping convention rather than by data"
864,3,"[1376, 1377]","[323, 324]",32483.333333333332,105666.66666666669,silent,"{""silent"": 3, ""concordant"": 0, ""A-only"": 0, ""B-only"": 0}",409.5875,7.4929,11.1277,0.105,149.99,40.3,False,0.98791,neither view is in its confident tail; emitted on corridor mass that the calibrated density still values above the acceptance bar (bar 0.0593)
881,3,"[1432, 1434]","[766, 766]",76750.0,100000.0,silent,"{""silent"": 3, ""concordant"": 0, ""A-only"": 0, ""B-only"": 0}",76.9278,6.4498,9.9241,1.5703,61.5939,22.02,False,0.98456,neither view is in its confident tail; emitted on corridor mass that the calibrated density still values above the acceptance bar (bar 0.0593)
886,3,"[1449, 1449]","[754, 756]",75650.0,98400.0,B-only,"{""silent"": 0, ""concordant"": 0, ""A-only"": 0, ""B-only"": 3}",147.7509,0.5813,8.9103,1.6183,93.9176,11.67,False,0.98579,"surface-view only: scarp with no field offset; the catalogue was built from this same surface expression, so an uncatalogued scarp here is more likely a road cut, canal levee, quarry face or erosion line than a fault - down-weighted, and emitted only if it clears the metric bar"
887,3,"[1449, 1449]","[851, 853]",85350.0,98400.0,B-only,"{""silent"": 0, ""concordant"": 0, ""A-only"": 0, ""B-only"": 3}",140.4548,3.2432,11.1254,2.2184,121.7018,24.05,False,0.98499,"surface-view only: scarp with no field offset; the catalogue was built from this same surface expression, so an uncatalogued scarp here is more likely a road cut, canal levee, quarry face or erosion line than a fault - down-weighted, and emitted only if it clears the metric bar"
914,3,"[1547, 1548]","[586, 587]",58816.666666666664,88533.33333333331,silent,"{""silent"": 3, ""concordant"": 0, ""A-only"": 0, ""B-only"": 0}",769.6152,13.7544,12.8303,3.3383,269.9612,9.34,False,0.98561,neither view is in its confident tail; emitted on corridor mass that the calibrated density still values above the acceptance bar (bar 0.0593)
925,3,"[1551, 1552]","[1611, 1612]",161283.3333333333,88166.66666666669,B-only,"{""silent"": 1, ""concordant"": 0, ""A-only"": 0, ""B-only"": 2}",17.7027,2.7049,11.1313,3.043,130.0266,7.71,False,0.9887,"surface-view only: scarp with no field offset; the catalogue was built from this same surface expression, so an uncatalogued scarp here is more likely a road cut, canal levee, quarry face or erosion line than a fault - down-weighted, and emitted only if it clears the metric bar"
940,3,"[1565, 1566]","[1356, 1357]",135783.3333333333,86766.66666666669,B-only,"{""silent"": 0, ""concordant"": 0, ""A-only"": 0, ""B-only"": 3}",420.2189,3.2839,9.4009,0.9692,123.5082,24.75,False,0.98694,"surface-view only: scarp with no field offset; the catalogue was built from this same surface expression, so an uncatalogued scarp here is more likely a road cut, canal levee, quarry face or erosion line than a fault - down-weighted, and emitted only if it clears the metric bar"
943,3,"[1571, 1573]","[487, 487]",48850.0,86100.0,silent,"{""silent"": 3, ""concordant"": 0, ""A-only"": 0, ""B-only"": 0}",933.6038,1.6692,10.204,1.325,136.869,7.63,False,0.98486,neither view is in its confident tail; emitted on corridor mass that the calibrated density still values above the acceptance bar (bar 0.0593)
951,3,"[1579, 1580]","[599, 600]",60083.333333333336,85366.66666666669,B-only,"{""silent"": 2, ""concordant"": 0, ""A-only"": 0, ""B-only"": 1}",788.4651,1.5511,7.6064,1.9928,119.6472,21.92,False,0.98568,"surface-view only: scarp with no field offset; the catalogue was built from this same surface expression, so an uncatalogued scarp here is more likely a road cut, canal levee, quarry face or erosion line than a fault - down-weighted, and emitted only if it clears the metric bar"
970,3,"[1616, 1617]","[1104, 1105]",110583.33333333333,81666.66666666669,B-only,"{""silent"": 0, ""concordant"": 0, ""A-only"": 0, ""B-only"": 3}",301.9329,6.014,10.8608,2.2257,121.7498,47.25,False,0.98563,"surface-view only: scarp with no field offset; the catalogue was built from this same surface expression, so an uncatalogued scarp here is more likely a road cut, canal levee, quarry face or erosion line than a fault - down-weighted, and emitted only if it clears the metric bar"
971,3,"[1618, 1619]","[786, 787]",78783.33333333334,81466.66666666669,B-only,"{""silent"": 0, ""concordant"": 0, ""A-only"": 0, ""B-only"": 3}",586.6331,4.3801,10.5106,2.5687,154.4984,17.91,False,0.98576,"surface-view only: scarp with no field offset; the catalogue was built from this same surface expression, so an uncatalogued scarp here is more likely a road cut, canal levee, quarry face or erosion line than a fault - down-weighted, and emitted only if it clears the metric bar"
992,3,"[1636, 1637]","[1076, 1077]",107816.66666666667,79666.66666666669,B-only,"{""silent"": 0, ""concordant"": 0, ""A-only"": 0, ""B-only"": 3}",42.4401,5.7906,12.3203,2.2064,177.0803,39.96,False,0.98504,"surface-view only: scarp with no field offset; the catalogue was built from this same surface expression, so an uncatalogued scarp here is more likely a road cut, canal levee, quarry face or erosion line than a fault - down-weighted, and emitted only if it clears the metric bar"
998,3,"[1655, 1657]","[1363, 1363]",136450.0,77700.0,B-only,"{""silent"": 0, ""concordant"": 0, ""A-only"": 0, ""B-only"": 3}",106.0469,5.8333,13.3536,0.6643,29.5986,7.32,False,0.98444,"surface-view only: scarp with no field offset; the catalogue was built from this same surface expression, so an uncatalogued scarp here is more likely a road cut, canal levee, quarry face or erosion line than a fault - down-weighted, and emitted only if it clears the metric bar"
1005,3,"[1673, 1675]","[1375, 1376]",137683.3333333333,75900.0,B-only,"{""silent"": 0, ""concordant"": 0, ""A-only"": 0, ""B-only"": 3}",179.5938,6.0597,13.7859,1.8546,26.7442,7.64,False,0.98588,"surface-view only: scarp with no field offset; the catalogue was built from this same surface expression, so an uncatalogued scarp here is more likely a road cut, canal levee, quarry face or erosion line than a fault - down-weighted, and emitted only if it clears the metric bar"
1022,3,"[1704, 1706]","[597, 599]",59950.0,72800.0,silent,"{""silent"": 3, ""concordant"": 0, ""A-only"": 0, ""B-only"": 0}",274.2831,6.3083,9.4386,0.3534,445.301,1.41,False,0.98489,neither view is in its confident tail; emitted on corridor mass that the calibrated density still values above the acceptance bar (bar 0.0593)
1033,3,"[1887, 1889]","[1030, 1032]",103250.0,54500.0,B-only,"{""silent"": 0, ""concordant"": 0, ""A-only"": 0, ""B-only"": 3}",233.3111,5.1566,10.9427,3.092,1340.6102,77.31,False,0.9865,"surface-view only: scarp with no field offset; the catalogue was built from this same surface expression, so an uncatalogued scarp here is more likely a road cut, canal levee, quarry face or erosion line than a fault - down-weighted, and emitted only if it clears the metric bar"
1036,3,"[1893, 1894]","[887, 888]",88916.66666666666,53933.333333333314,B-only,"{""silent"": 1, ""concordant"": 0, ""A-only"": 0, ""B-only"": 2}",772.6777,5.6456,12.2594,0.6824,114.524,21.21,False,0.98546,"surface-view only: scarp with no field offset; the catalogue was built from this same surface expression, so an uncatalogued scarp here is more likely a road cut, canal levee, quarry face or erosion line than a fault - down-weighted, and emitted only if it clears the metric bar"
1041,3,"[1913, 1914]","[877, 879]",87950.0,51933.333333333314,B-only,"{""silent"": 0, ""concordant"": 0, ""A-only"": 0, ""B-only"": 3}",683.8892,11.913,15.2677,8.8112,150.9428,1.47,False,0.99278,"surface-view only: scarp with no field offset; the catalogue was built from this same surface expression, so an uncatalogued scarp here is more likely a road cut, canal levee, quarry face or erosion line than a fault - down-weighted, and emitted only if it clears the metric bar"
1056,3,"[1939, 1941]","[1303, 1303]",130450.0,49300.0,B-only,"{""silent"": 0, ""concordant"": 0, ""A-only"": 0, ""B-only"": 3}",638.8723,7.801,11.2684,0.6603,128.2405,34.06,False,0.98429,"surface-view only: scarp with no field offset; the catalogue was built from this same surface expression, so an uncatalogued scarp here is more likely a road cut, canal levee, quarry face or erosion line than a fault - down-weighted, and emitted only if it clears the metric bar"
1071,3,"[1963, 1964]","[924, 925]",92583.33333333334,46933.333333333314,A-only,"{""silent"": 0, ""concordant"": 0, ""A-only"": 3, ""B-only"": 0}",237.3032,13.8214,13.2716,10.3284,129.2397,3.35,False,0.98447,"field-view only: potential-field offset (gravity step 10.328, magnetic step 129.240) with no corresponding scarp (surface rank 13.272); cover depth rank 237.303 is deep enough that a scarp would be buried, so this is a buried range-front fault the LiDAR-derived catalogue cannot contain"
1100,3,"[2041, 2042]","[1509, 1510]",151116.6666666667,39133.333333333314,B-only,"{""silent"": 0, ""concordant"": 0, ""A-only"": 0, ""B-only"": 3}",39.9142,8.7181,12.956,1.3811,243.818,8.68,False,0.99188,"surface-view only: scarp with no field offset; the catalogue was built from this same surface expression, so an uncatalogued scarp here is more likely a road cut, canal levee, quarry face or erosion line than a fault - down-weighted, and emitted only if it clears the metric bar"
1111,3,"[2058, 2059]","[1303, 1305]",130550.0,37433.33333333334,B-only,"{""silent"": 0, ""concordant"": 0, ""A-only"": 0, ""B-only"": 3}",104.9873,6.903,11.8228,0.8055,249.9216,10.54,False,0.98496,"surface-view only: scarp with no field offset; the catalogue was built from this same surface expression, so an uncatalogued scarp here is more likely a road cut, canal levee, quarry face or erosion line than a fault - down-weighted, and emitted only if it clears the metric bar"
1149,3,"[2283, 2284]","[1676, 1677]",167783.3333333333,14933.333333333343,B-only,"{""silent"": 1, ""concordant"": 0, ""A-only"": 0, ""B-only"": 2}",515.8165,6.6394,11.4549,1.8768,200.1156,10.97,False,0.98479,"surface-view only: scarp with no field offset; the catalogue was built from this same surface expression, so an uncatalogued scarp here is more likely a road cut, canal levee, quarry face or erosion line than a fault - down-weighted, and emitted only if it clears the metric bar"
1150,3,"[2295, 2297]","[1346, 1348]",134850.0,13700.0,B-only,"{""silent"": 0, ""concordant"": 0, ""A-only"": 0, ""B-only"": 3}",33.9904,8.3284,14.9251,1.0127,195.7264,12.81,False,0.98563,"surface-view only: scarp with no field offset; the catalogue was built from this same surface expression, so an uncatalogued scarp here is more likely a road cut, canal levee, quarry face or erosion line than a fault - down-weighted, and emitted only if it clears the metric bar"
1173,3,"[2376, 2377]","[1440, 1441]",144183.3333333333,5633.333333333343,B-only,"{""silent"": 0, ""concordant"": 0, ""A-only"": 0, ""B-only"": 3}",107.5804,7.0102,11.3622,1.9921,92.7903,14.01,False,0.98633,"surface-view only: scarp with no field offset; the catalogue was built from this same surface expression, so an uncatalogued scarp here is more likely a road cut, canal levee, quarry face or erosion line than a fault - down-weighted, and emitted only if it clears the metric bar"
1186,3,"[2411, 2412]","[1259, 1260]",126116.66666666667,2166.666666666657,B-only,"{""silent"": 0, ""concordant"": 0, ""A-only"": 0, ""B-only"": 3}",245.617,3.7955,7.0287,2.2427,141.3288,44.43,False,0.98473,"surface-view only: scarp with no field offset; the catalogue was built from this same surface expression, so an uncatalogued scarp here is more likely a road cut, canal levee, quarry face or erosion line than a fault - down-weighted, and emitted only if it clears the metric bar"
1223,3,"[2513, 2514]","[1547, 1548]",154916.6666666667,-8033.333333333343,concordant,"{""silent"": 0, ""concordant"": 3, ""A-only"": 0, ""B-only"": 0}",65.8635,8.9339,11.427,3.306,283.6672,13.74,False,0.98592,"both views agree: continuation of a mapped structure beyond the end or the side of the mapped trace, the case where the catalogue is truncated by mapping convention rather than by data"
1231,3,"[2536, 2537]","[1206, 1207]",120816.66666666667,-10333.333333333343,silent,"{""silent"": 3, ""concordant"": 0, ""A-only"": 0, ""B-only"": 0}",535.4921,2.3969,9.4659,1.2472,234.4624,22.67,False,0.98694,neither view is in its confident tail; emitted on corridor mass that the calibrated density still values above the acceptance bar (bar 0.0593)
1240,3,"[2557, 2558]","[1244, 1245]",124583.33333333333,-12466.666666666657,concordant,"{""silent"": 0, ""concordant"": 3, ""A-only"": 0, ""B-only"": 0}",192.186,4.6156,13.0462,15.0854,90.3413,1.33,False,0.98726,"both views agree: continuation of a mapped structure beyond the end or the side of the mapped trace, the case where the catalogue is truncated by mapping convention rather than by data"
1242,3,"[2558, 2558]","[1493, 1495]",149550.0,-12500.0,B-only,"{""silent"": 0, ""concordant"": 0, ""A-only"": 0, ""B-only"": 3}",140.1185,16.9355,16.0737,9.4822,149.6864,1.0,False,0.98645,"surface-view only: scarp with no field offset; the catalogue was built from this same surface expression, so an uncatalogued scarp here is more likely a road cut, canal levee, quarry face or erosion line than a fault - down-weighted, and emitted only if it clears the metric bar"
1248,3,"[2682, 2684]","[1977, 1977]",197850.0,-25000.0,B-only,"{""silent"": 0, ""concordant"": 0, ""A-only"": 0, ""B-only"": 3}",82.1856,7.1249,11.1874,1.6272,32.8132,86.59,False,0.98638,"surface-view only: scarp with no field offset; the catalogue was built from this same surface expression, so an uncatalogued scarp here is more likely a road cut, canal levee, quarry face or erosion line than a fault - down-weighted, and emitted only if it clears the metric bar"
1251,3,"[2689, 2690]","[1971, 1973]",197350.0,-25633.333333333372,B-only,"{""silent"": 0, ""concordant"": 0, ""A-only"": 0, ""B-only"": 3}",114.5706,8.2244,11.9834,1.343,22.6777,83.6,False,0.98847,"surface-view only: scarp with no field offset; the catalogue was built from this same surface expression, so an uncatalogued scarp here is more likely a road cut, canal levee, quarry face or erosion line than a fault - down-weighted, and emitted only if it clears the metric bar"
1273,3,"[2882, 2883]","[1660, 1661]",166183.3333333333,-44966.66666666663,silent,"{""silent"": 3, ""concordant"": 0, ""A-only"": 0, ""B-only"": 0}",106.8772,3.9372,8.2676,3.6778,131.2975,4.33,False,0.98696,neither view is in its confident tail; emitted on corridor mass that the calibrated density still values above the acceptance bar (bar 0.0593)
1348,3,"[3088, 3089]","[1318, 1319]",131983.3333333333,-65566.66666666663,B-only,"{""silent"": 0, ""concordant"": 0, ""A-only"": 0, ""B-only"": 3}",696.4796,5.9517,11.343,1.6106,85.0812,30.27,False,0.98386,"surface-view only: scarp with no field offset; the catalogue was built from this same surface expression, so an uncatalogued scarp here is more likely a road cut, canal levee, quarry face or erosion line than a fault - down-weighted, and emitted only if it clears the metric bar"
1354,3,"[3105, 3107]","[2149, 2150]",215116.66666666666,-67300.0,B-only,"{""silent"": 0, ""concordant"": 0, ""A-only"": 0, ""B-only"": 3}",21.5943,12.1358,14.2114,2.2958,27.8821,27.63,False,0.9853,"surface-view only: scarp with no field offset; the catalogue was built from this same surface expression, so an uncatalogued scarp here is more likely a road cut, canal levee, quarry face or erosion line than a fault - down-weighted, and emitted only if it clears the metric bar"
1395,3,"[3207, 3208]","[1819, 1821]",182150.0,-77433.33333333337,B-only,"{""silent"": 0, ""concordant"": 0, ""A-only"": 0, ""B-only"": 3}",4.2192,6.0786,12.5238,2.5112,4.3747,26.0,False,0.987,"surface-view only: scarp with no field offset; the catalogue was built from this same surface expression, so an uncatalogued scarp here is more likely a road cut, canal levee, quarry face or erosion line than a fault - down-weighted, and emitted only if it clears the metric bar"
1402,3,"[3219, 3221]","[1911, 1912]",191316.6666666667,-78700.0,B-only,"{""silent"": 2, ""concordant"": 0, ""A-only"": 0, ""B-only"": 1}",33.4216,8.2417,16.8438,0.9862,9.0666,83.66,False,0.9868,"surface-view only: scarp with no field offset; the catalogue was built from this same surface expression, so an uncatalogued scarp here is more likely a road cut, canal levee, quarry face or erosion line than a fault - down-weighted, and emitted only if it clears the metric bar"
1426,3,"[3269, 3270]","[1756, 1757]",175783.3333333333,-83633.33333333337,silent,"{""silent"": 3, ""concordant"": 0, ""A-only"": 0, ""B-only"": 0}",135.8184,8.1335,12.0619,1.9313,190.5853,24.33,False,0.98813,neither view is in its confident tail; emitted on corridor mass that the calibrated density still values above the acceptance bar (bar 0.0593)
1468,3,"[3349, 3350]","[2135, 2136]",213716.66666666666,-91633.33333333337,B-only,"{""silent"": 0, ""concordant"": 0, ""A-only"": 0, ""B-only"": 3}",848.5125,6.8354,9.0408,1.8189,22.8305,9.08,False,0.98648,"surface-view only: scarp with no field offset; the catalogue was built from this same surface expression, so an uncatalogued scarp here is more likely a road cut, canal levee, quarry face or erosion line than a fault - down-weighted, and emitted only if it clears the metric bar"
1478,3,"[3361, 3362]","[1874, 1875]",187583.3333333333,-92833.33333333337,B-only,"{""silent"": 0, ""concordant"": 0, ""A-only"": 0, ""B-only"": 3}",1027.9335,8.4605,14.6537,2.6321,155.8998,44.75,False,0.98852,"surface-view only: scarp with no field offset; the catalogue was built from this same surface expression, so an uncatalogued scarp here is more likely a road cut, canal levee, quarry face or erosion line than a fault - down-weighted, and emitted only if it clears the metric bar"
1483,3,"[3383, 3385]","[2253, 2254]",225516.66666666666,-95100.0,silent,"{""silent"": 3, ""concordant"": 0, ""A-only"": 0, ""B-only"": 0}",103.5769,9.8283,15.5466,6.863,76.5099,2.36,False,0.98442,neither view is in its confident tail; emitted on corridor mass that the calibrated density still values above the acceptance bar (bar 0.0593)
1485,3,"[3386, 3387]","[2251, 2252]",225316.66666666666,-95333.33333333337,silent,"{""silent"": 3, ""concordant"": 0, ""A-only"": 0, ""B-only"": 0}",121.0374,8.1783,15.22,7.514,73.2409,2.47,False,0.98798,neither view is in its confident tail; emitted on corridor mass that the calibrated density still values above the acceptance bar (bar 0.0593)
1494,3,"[3420, 3420]","[1893, 1895]",189550.0,-98700.0,silent,"{""silent"": 3, ""concordant"": 0, ""A-only"": 0, ""B-only"": 0}",373.9745,12.1054,11.3247,1.71,192.9177,69.46,False,0.98462,neither view is in its confident tail; emitted on corridor mass that the calibrated density still values above the acceptance bar (bar 0.0593)
1501,3,"[3443, 3445]","[1909, 1911]",191150.0,-101100.0,B-only,"{""silent"": 0, ""concordant"": 0, ""A-only"": 0, ""B-only"": 3}",336.33,8.0557,8.6847,4.3057,159.3621,43.38,False,0.98441,"surface-view only: scarp with no field offset; the catalogue was built from this same surface expression, so an uncatalogued scarp here is more likely a road cut, canal levee, quarry face or erosion line than a fault - down-weighted, and emitted only if it clears the metric bar"
1503,3,"[3449, 3451]","[2197, 2199]",219950.0,-101700.0,silent,"{""silent"": 3, ""concordant"": 0, ""A-only"": 0, ""B-only"": 0}",992.971,6.1194,13.4309,17.1477,153.5,2.83,False,0.9879,neither view is in its confident tail; emitted on corridor mass that the calibrated density still values above the acceptance bar (bar 0.0593)
1506,3,"[3468, 3470]","[2183, 2185]",218550.0,-103600.0,silent,"{""silent"": 3, ""concordant"": 0, ""A-only"": 0, ""B-only"": 0}",440.9049,12.0344,14.5776,17.7439,18.1828,1.41,False,0.98656,neither view is in its confident tail; emitted on corridor mass that the calibrated density still values above the acceptance bar (bar 0.0593)
1,2,"[0, 0]","[1239, 1240]",124100.0,243300.0,B-only,"{""silent"": 1, ""concordant"": 0, ""A-only"": 0, ""B-only"": 1}",9.4736,18.0705,16.3425,4.5442,162.3496,110.73,False,0.98826,"surface-view only: scarp with no field offset; the catalogue was built from this same surface expression, so an uncatalogued scarp here is more likely a road cut, canal levee, quarry face or erosion line than a fault - down-weighted, and emitted only if it clears the metric bar"
2,2,"[0, 0]","[1242, 1243]",124400.0,243300.0,silent,"{""silent"": 2, ""concordant"": 0, ""A-only"": 0, ""B-only"": 0}",8.2045,21.9797,17.1966,4.2457,158.2018,110.0,False,0.98626,neither view is in its confident tail; emitted on corridor mass that the calibrated density still values above the acceptance bar (bar 0.0593)
8,2,"[0, 0]","[2076, 2077]",207800.0,243300.0,B-only,"{""silent"": 0, ""concordant"": 0, ""A-only"": 0, ""B-only"": 2}",16.9623,13.8672,15.9874,7.3502,109.6216,50.8,False,0.9839,"surface-view only: scarp with no field offset; the catalogue was built from this same surface expression, so an uncatalogued scarp here is more likely a road cut, canal levee, quarry face or erosion line than a fault - down-weighted, and emitted only if it clears the metric bar"
17,2,"[0, 0]","[2686, 2687]",268800.0,243300.0,B-only,"{""silent"": 0, ""concordant"": 0, ""A-only"": 0, ""B-only"": 2}",32.8689,16.0809,14.4192,15.4622,195.0152,18.8,False,0.98467,"surface-view only: scarp with no field offset; the catalogue was built from this same surface expression, so an uncatalogued scarp here is more likely a road cut, canal levee, quarry face or erosion line than a fault - down-weighted, and emitted only if it clears the metric bar"
31,2,"[2, 2]","[2692, 2693]",269400.0,243100.0,B-only,"{""silent"": 0, ""concordant"": 0, ""A-only"": 0, ""B-only"": 2}",20.7772,4.4315,15.571,12.1134,161.0925,23.56,False,0.98904,"surface-view only: scarp with no field offset; the catalogue was built from this same surface expression, so an uncatalogued scarp here is more likely a road cut, canal levee, quarry face or erosion line than a fault - down-weighted, and emitted only if it clears the metric bar"
37,2,"[15, 16]","[671, 672]",67300.0,241750.0,B-only,"{""silent"": 0, ""concordant"": 0, ""A-only"": 0, ""B-only"": 2}",37.8016,8.3599,11.5182,1.4014,318.7297,24.55,False,0.98677,"surface-view only: scarp with no field offset; the catalogue was built from this same surface expression, so an uncatalogued scarp here is more likely a road cut, canal levee, quarry face or erosion line than a fault - down-weighted, and emitted only if it clears the metric bar"
43,2,"[47, 48]","[1334, 1335]",133600.0,238550.0,silent,"{""silent"": 2, ""concordant"": 0, ""A-only"": 0, ""B-only"": 0}",10.5556,14.3306,14.2293,0.3766,15.0151,30.54,False,0.98444,neither view is in its confident tail; emitted on corridor mass that the calibrated density still values above the acceptance bar (bar 0.0593)
54,2,"[76, 76]","[3260, 3261]",326200.0,235700.0,silent,"{""silent"": 2, ""concordant"": 0, ""A-only"": 0, ""B-only"": 0}",66.3648,2.5835,8.9759,1.5391,15.3112,54.64,False,0.98461,neither view is in its confident tail; emitted on corridor mass that the calibrated density still values above the acceptance bar (bar 0.0593)
55,2,"[80, 81]","[3280, 3281]",328200.0,235250.0,B-only,"{""silent"": 1, ""concordant"": 0, ""A-only"": 0, ""B-only"": 1}",23.6541,0.3037,6.8255,1.7871,13.4141,71.15,False,0.9835,"surface-view only: scarp with no field offset; the catalogue was built from this same surface expression, so an uncatalogued scarp here is more likely a road cut, canal levee, quarry face or erosion line than a fault - down-weighted, and emitted only if it clears the metric bar"
58,2,"[83, 83]","[3279, 3280]",328100.0,235000.0,silent,"{""silent"": 2, ""concordant"": 0, ""A-only"": 0, ""B-only"": 0}",26.7468,0.4935,6.9178,1.723,13.646,69.44,False,0.98448,neither view is in its confident tail; emitted on corridor mass that the calibrated density still values above the acceptance bar (bar 0.0593)
68,2,"[108, 109]","[461, 462]",46300.0,232450.0,silent,"{""silent"": 2, ""concordant"": 0, ""A-only"": 0, ""B-only"": 0}",129.1197,6.782,9.575,2.128,451.4374,20.5,False,0.98843,neither view is in its confident tail; emitted on corridor mass that the calibrated density still values above the acceptance bar (bar 0.0593)
72,2,"[114, 114]","[3257, 3258]",325900.0,231900.0,B-only,"{""silent"": 0, ""concordant"": 0, ""A-only"": 0, ""B-only"": 2}",109.7673,2.2095,8.6938,0.4429,39.5563,45.05,False,0.98366,"surface-view only: scarp with no field offset; the catalogue was built from this same surface expression, so an uncatalogued scarp here is more likely a road cut, canal levee, quarry face or erosion line than a fault - down-weighted, and emitted only if it clears the metric bar"
97,2,"[149, 150]","[3282, 3283]",328400.0,228350.0,B-only,"{""silent"": 0, ""concordant"": 0, ""A-only"": 0, ""B-only"": 2}",149.2832,9.5599,9.6178,1.8427,34.3815,81.46,False,0.98682,"surface-view only: scarp with no field offset; the catalogue was built from this same surface expression, so an uncatalogued scarp here is more likely a road cut, canal levee, quarry face or erosion line than a fault - down-weighted, and emitted only if it clears the metric bar"
100,2,"[154, 155]","[630, 631]",63200.0,227850.0,B-only,"{""silent"": 0, ""concordant"": 0, ""A-only"": 0, ""B-only"": 2}",56.7859,10.5361,12.2046,3.2201,1448.6963,54.54,False,0.98589,"surface-view only: scarp with no field offset; the catalogue was built from this same surface expression, so an uncatalogued scarp here is more likely a road cut, canal levee, quarry face or erosion line than a fault - down-weighted, and emitted only if it clears the metric bar"
133,2,"[188, 188]","[2902, 2903]",290400.0,224500.0,B-only,"{""silent"": 0, ""concordant"": 0, ""A-only"": 0, ""B-only"": 2}",193.1716,9.1247,13.4801,0.2669,152.8922,55.32,False,0.9863,"surface-view only: scarp with no field offset; the catalogue was built from this same surface expression, so an uncatalogued scarp here is more likely a road cut, canal levee, quarry face or erosion line than a fault - down-weighted, and emitted only if it clears the metric bar"
140,2,"[214, 215]","[592, 592]",59350.0,221850.0,B-only,"{""silent"": 0, ""concordant"": 0, ""A-only"": 0, ""B-only"": 2}",273.6626,8.9674,10.4292,2.9222,35.3208,28.42,False,0.98362,"surface-view only: scarp with no field offset; the catalogue was built from this same surface expression, so an uncatalogued scarp here is more likely a road cut, canal levee, quarry face or erosion line than a fault - down-weighted, and emitted only if it clears the metric bar"
144,2,"[218, 219]","[2863, 2863]",286450.0,221450.0,silent,"{""silent"": 2, ""concordant"": 0, ""A-only"": 0, ""B-only"": 0}",231.0523,1.1735,8.9965,1.0452,92.7223,21.22,False,0.98631,neither view is in its confident tail; emitted on corridor mass that the calibrated density still values above the acceptance bar (bar 0.0593)
147,2,"[227, 228]","[1903, 1903]",190450.0,220550.0,silent,"{""silent"": 2, ""concordant"": 0, ""A-only"": 0, ""B-only"": 0}",76.87,11.0056,14.0947,1.9331,62.2431,115.17,False,0.98495,neither view is in its confident tail; emitted on corridor mass that the calibrated density still values above the acceptance bar (bar 0.0593)
159,2,"[248, 248]","[2844, 2845]",284600.0,218500.0,B-only,"{""silent"": 0, ""concordant"": 0, ""A-only"": 0, ""B-only"": 2}",124.0054,9.6849,14.7018,0.3838,92.1841,8.08,False,0.9838,"surface-view only: scarp with no field offset; the catalogue was built from this same surface expression, so an uncatalogued scarp here is more likely a road cut, canal levee, quarry face or erosion line than a fault - down-weighted, and emitted only if it clears the metric bar"
164,2,"[263, 264]","[346, 346]",34750.0,216950.0,B-only,"{""silent"": 1, ""concordant"": 0, ""A-only"": 0, ""B-only"": 1}",552.3995,5.2451,12.9234,3.5163,86.6805,7.45,False,0.98531,"surface-view only: scarp with no field offset; the catalogue was built from this same surface expression, so an uncatalogued scarp here is more likely a road cut, canal levee, quarry face or erosion line than a fault - down-weighted, and emitted only if it clears the metric bar"
168,2,"[275, 276]","[2489, 2490]",249100.0,215750.0,B-only,"{""silent"": 0, ""concordant"": 0, ""A-only"": 0, ""B-only"": 2}",786.2478,6.171,10.8713,3.1654,308.6247,57.61,False,0.985,"surface-view only: scarp with no field offset; the catalogue was built from this same surface expression, so an uncatalogued scarp here is more likely a road cut, canal levee, quarry face or erosion line than a fault - down-weighted, and emitted only if it clears the metric bar"
175,2,"[308, 308]","[456, 457]",45800.0,212500.0,B-only,"{""silent"": 0, ""concordant"": 0, ""A-only"": 0, ""B-only"": 2}",685.661,4.9544,12.3673,3.6708,193.2745,69.5,False,0.9863,"surface-view only: scarp with no field offset; the catalogue was built from this same surface expression, so an uncatalogued scarp here is more likely a road cut, canal levee, quarry face or erosion line than a fault - down-weighted, and emitted only if it clears the metric bar"
185,2,"[339, 340]","[1007, 1007]",100850.0,209350.0,B-only,"{""silent"": 0, ""concordant"": 0, ""A-only"": 0, ""B-only"": 2}",5.9016,12.085,17.8013,1.5864,221.9059,18.21,False,0.98714,"surface-view only: scarp with no field offset; the catalogue was built from this same surface expression, so an uncatalogued scarp here is more likely a road cut, canal levee, quarry face or erosion line than a fault - down-weighted, and emitted only if it clears the metric bar"
193,2,"[347, 347]","[2391, 2392]",239300.0,208600.0,silent,"{""silent"": 2, ""concordant"": 0, ""A-only"": 0, ""B-only"": 0}",22.7011,6.8725,9.2687,0.8467,156.5224,25.01,False,0.98395,neither view is in its confident tail; emitted on corridor mass that the calibrated density still values above the acceptance bar (bar 0.0593)
198,2,"[359, 360]","[934, 935]",93600.0,207350.0,B-only,"{""silent"": 0, ""concordant"": 0, ""A-only"": 0, ""B-only"": 2}",16.5432,4.9438,12.8498,1.2179,7.6931,18.57,False,0.98759,"surface-view only: scarp with no field offset; the catalogue was built from this same surface expression, so an uncatalogued scarp here is more likely a road cut, canal levee, quarry face or erosion line than a fault - down-weighted, and emitted only if it clears the metric bar"
201,2,"[361, 362]","[2408, 2409]",241000.0,207150.0,B-only,"{""silent"": 0, ""concordant"": 0, ""A-only"": 0, ""B-only"": 2}",73.8292,5.1726,9.3219,0.5349,165.247,39.66,False,0.98414,"surface-view only: scarp with no field offset; the catalogue was built from this same surface expression, so an uncatalogued scarp here is more likely a road cut, canal levee, quarry face or erosion line than a fault - down-weighted, and emitted only if it clears the metric bar"
210,2,"[378, 379]","[575, 575]",57650.0,205450.0,B-only,"{""silent"": 1, ""concordant"": 0, ""A-only"": 0, ""B-only"": 1}",668.9113,2.8441,8.7013,1.6683,85.1109,27.23,False,0.98563,"surface-view only: scarp with no field offset; the catalogue was built from this same surface expression, so an uncatalogued scarp here is more likely a road cut, canal levee, quarry face or erosion line than a fault - down-weighted, and emitted only if it clears the metric bar"
215,2,"[381, 382]","[2400, 2401]",240200.0,205150.0,B-only,"{""silent"": 0, ""concordant"": 0, ""A-only"": 0, ""B-only"": 2}",63.6991,5.538,10.3781,1.4662,110.9363,37.4,False,0.9847,"surface-view only: scarp with no field offset; the catalogue was built from this same surface expression, so an uncatalogued scarp here is more likely a road cut, canal levee, quarry face or erosion line than a fault - down-weighted, and emitted only if it clears the metric bar"
216,2,"[383, 384]","[448, 448]",44950.0,204950.0,silent,"{""silent"": 2, ""concordant"": 0, ""A-only"": 0, ""B-only"": 0}",551.2474,3.5005,9.177,3.9033,210.0233,67.83,False,0.98473,neither view is in its confident tail; emitted on corridor mass that the calibrated density still values above the acceptance bar (bar 0.0593)
226,2,"[395, 396]","[2380, 2381]",238200.0,203750.0,silent,"{""silent"": 2, ""concordant"": 0, ""A-only"": 0, ""B-only"": 0}",48.2068,5.3495,9.7182,1.422,217.6828,13.29,False,0.98464,neither view is in its confident tail; emitted on corridor mass that the calibrated density still values above the acceptance bar (bar 0.0593)
245,2,"[427, 428]","[565, 565]",56650.0,200550.0,B-only,"{""silent"": 0, ""concordant"": 0, ""A-only"": 0, ""B-only"": 2}",621.076,1.4084,8.3485,1.1778,147.969,38.58,False,0.98691,"surface-view only: scarp with no field offset; the catalogue was built from this same surface expression, so an uncatalogued scarp here is more likely a road cut, canal levee, quarry face or erosion line than a fault - down-weighted, and emitted only if it clears the metric bar"
247,2,"[430, 431]","[2311, 2312]",231300.0,200250.0,B-only,"{""silent"": 0, ""concordant"": 0, ""A-only"": 0, ""B-only"": 2}",258.4158,11.578,12.6828,0.7995,180.9628,43.0,False,0.98519,"surface-view only: scarp with no field offset; the catalogue was built from this same surface expression, so an uncatalogued scarp here is more likely a road cut, canal levee, quarry face or erosion line than a fault - down-weighted, and emitted only if it clears the metric bar"
248,2,"[431, 432]","[616, 616]",61750.0,200150.0,B-only,"{""silent"": 0, ""concordant"": 0, ""A-only"": 0, ""B-only"": 2}",159.3656,10.995,13.1436,1.107,162.5295,15.92,False,0.98801,"surface-view only: scarp with no field offset; the catalogue was built from this same surface expression, so an uncatalogued scarp here is more likely a road cut, canal levee, quarry face or erosion line than a fault - down-weighted, and emitted only if it clears the metric bar"
250,2,"[433, 434]","[618, 618]",61950.0,199950.0,B-only,"{""silent"": 0, ""concordant"": 0, ""A-only"": 0, ""B-only"": 2}",189.6487,8.8616,11.0173,1.0436,187.9745,13.47,False,0.98543,"surface-view only: scarp with no field offset; the catalogue was built from this same surface expression, so an uncatalogued scarp here is more likely a road cut, canal levee, quarry face or erosion line than a fault - down-weighted, and emitted only if it clears the metric bar"
251,2,"[433, 434]","[2321, 2321]",232250.0,199950.0,silent,"{""silent"": 2, ""concordant"": 0, ""A-only"": 0, ""B-only"": 0}",231.1707,5.676,8.7353,2.4936,159.1103,39.6,False,0.98437,neither view is in its confident tail; emitted on corridor mass that the calibrated density still values above the acceptance bar (bar 0.0593)
265,2,"[453, 454]","[491, 491]",49250.0,197950.0,silent,"{""silent"": 2, ""concordant"": 0, ""A-only"": 0, ""B-only"": 0}",533.9412,9.1697,10.96,0.9751,168.7434,10.97,False,0.98403,neither view is in its confident tail; emitted on corridor mass that the calibrated density still values above the acceptance bar (bar 0.0593)
277,2,"[475, 476]","[537, 537]",53850.0,195750.0,silent,"{""silent"": 2, ""concordant"": 0, ""A-only"": 0, ""B-only"": 0}",1144.6433,9.8745,12.3551,1.9767,101.031,32.47,False,0.98439,neither view is in its confident tail; emitted on corridor mass that the calibrated density still values above the acceptance bar (bar 0.0593)
288,2,"[486, 487]","[485, 485]",48650.0,194650.0,B-only,"{""silent"": 0, ""concordant"": 0, ""A-only"": 0, ""B-only"": 2}",413.6462,11.79,15.4491,1.2574,49.8999,9.67,False,0.98534,"surface-view only: scarp with no field offset; the catalogue was built from this same surface expression, so an uncatalogued scarp here is more likely a road cut, canal levee, quarry face or erosion line than a fault - down-weighted, and emitted only if it clears the metric bar"
294,2,"[488, 489]","[2315, 2315]",231650.0,194450.0,B-only,"{""silent"": 0, ""concordant"": 0, ""A-only"": 0, ""B-only"": 2}",869.9959,4.2167,12.237,1.109,161.9408,54.17,False,0.98955,"surface-view only: scarp with no field offset; the catalogue was built from this same surface expression, so an uncatalogued scarp here is more likely a road cut, canal levee, quarry face or erosion line than a fault - down-weighted, and emitted only if it clears the metric bar"
306,2,"[500, 500]","[2426, 2427]",242800.0,193300.0,B-only,"{""silent"": 0, ""concordant"": 0, ""A-only"": 0, ""B-only"": 2}",1380.2036,4.8356,10.8213,2.1665,47.339,43.07,False,0.98499,"surface-view only: scarp with no field offset; the catalogue was built from this same surface expression, so an uncatalogued scarp here is more likely a road cut, canal levee, quarry face or erosion line than a fault - down-weighted, and emitted only if it clears the metric bar"
312,2,"[506, 506]","[2269, 2270]",227100.0,192700.0,B-only,"{""silent"": 0, ""concordant"": 0, ""A-only"": 0, ""B-only"": 2}",896.5726,4.5719,12.9944,0.8228,20.8742,59.64,False,0.98533,"surface-view only: scarp with no field offset; the catalogue was built from this same surface expression, so an uncatalogued scarp here is more likely a road cut, canal levee, quarry face or erosion line than a fault - down-weighted, and emitted only if it clears the metric bar"
342,2,"[543, 544]","[1192, 1193]",119400.0,188950.0,B-only,"{""silent"": 0, ""concordant"": 0, ""A-only"": 0, ""B-only"": 2}",574.4133,4.1394,10.9336,3.9555,91.9382,58.44,False,0.98564,"surface-view only: scarp with no field offset; the catalogue was built from this same surface expression, so an uncatalogued scarp here is more likely a road cut, canal levee, quarry face or erosion line than a fault - down-weighted, and emitted only if it clears the metric bar"
357,2,"[560, 561]","[2538, 2538]",253950.0,187250.0,silent,"{""silent"": 2, ""concordant"": 0, ""A-only"": 0, ""B-only"": 0}",2233.6011,7.9515,12.3525,2.551,35.1669,26.35,False,0.98499,neither view is in its confident tail; emitted on corridor mass that the calibrated density still values above the acceptance bar (bar 0.0593)
362,2,"[566, 566]","[1658, 1659]",166000.0,186700.0,B-only,"{""silent"": 0, ""concordant"": 0, ""A-only"": 0, ""B-only"": 2}",91.3213,7.809,10.7563,0.9223,35.9093,77.36,False,0.98576,"surface-view only: scarp with no field offset; the catalogue was built from this same surface expression, so an uncatalogued scarp here is more likely a road cut, canal levee, quarry face or erosion line than a fault - down-weighted, and emitted only if it clears the metric bar"
369,2,"[572, 573]","[648, 649]",65000.0,186050.0,silent,"{""silent"": 2, ""concordant"": 0, ""A-only"": 0, ""B-only"": 0}",3.2447,4.1796,15.583,1.4848,30.3939,20.8,False,0.98634,neither view is in its confident tail; emitted on corridor mass that the calibrated density still values above the acceptance bar (bar 0.0593)
379,2,"[577, 578]","[649, 650]",65100.0,185550.0,B-only,"{""silent"": 0, ""concordant"": 0, ""A-only"": 0, ""B-only"": 2}",3.1101,13.287,14.5816,1.2536,53.9113,19.92,False,0.98456,"surface-view only: scarp with no field offset; the catalogue was built from this same surface expression, so an uncatalogued scarp here is more likely a road cut, canal levee, quarry face or erosion line than a fault - down-weighted, and emitted only if it clears the metric bar"
382,2,"[580, 581]","[2342, 2342]",234350.0,185250.0,B-only,"{""silent"": 0, ""concordant"": 0, ""A-only"": 0, ""B-only"": 2}",1962.6682,4.5831,11.4183,0.75,23.734,26.39,False,0.98445,"surface-view only: scarp with no field offset; the catalogue was built from this same surface expression, so an uncatalogued scarp here is more likely a road cut, canal levee, quarry face or erosion line than a fault - down-weighted, and emitted only if it clears the metric bar"
383,2,"[581, 582]","[634, 634]",63550.0,185150.0,B-only,"{""silent"": 0, ""concordant"": 0, ""A-only"": 0, ""B-only"": 2}",7.7925,13.6787,14.6517,0.6496,89.9222,8.0,False,0.98799,"surface-view only: scarp with no field offset; the catalogue was built from this same surface expression, so an uncatalogued scarp here is more likely a road cut, canal levee, quarry face or erosion line than a fault - down-weighted, and emitted only if it clears the metric bar"
391,2,"[584, 585]","[2956, 2956]",295750.0,184850.0,silent,"{""silent"": 2, ""concordant"": 0, ""A-only"": 0, ""B-only"": 0}",14.5127,8.3622,9.2795,1.4994,130.6938,28.75,False,0.98848,neither view is in its confident tail; emitted on corridor mass that the calibrated density still values above the acceptance bar (bar 0.0593)
392,2,"[585, 585]","[218, 219]",22000.0,184800.0,B-only,"{""silent"": 0, ""concordant"": 0, ""A-only"": 0, ""B-only"": 2}",31.7125,4.6963,9.5691,1.3249,105.1465,15.63,False,0.98422,"surface-view only: scarp with no field offset; the catalogue was built from this same surface expression, so an uncatalogued scarp here is more likely a road cut, canal levee, quarry face or erosion line than a fault - down-weighted, and emitted only if it clears the metric bar"
403,2,"[597, 598]","[229, 230]",23100.0,183550.0,B-only,"{""silent"": 0, ""concordant"": 0, ""A-only"": 0, ""B-only"": 2}",26.2123,3.1796,5.3918,1.423,137.3934,23.43,False,0.98579,"surface-view only: scarp with no field offset; the catalogue was built from this same surface expression, so an uncatalogued scarp here is more likely a road cut, canal levee, quarry face or erosion line than a fault - down-weighted, and emitted only if it clears the metric bar"
406,2,"[601, 602]","[535, 535]",53650.0,183150.0,B-only,"{""silent"": 0, ""concordant"": 0, ""A-only"": 0, ""B-only"": 2}",116.9073,2.9245,8.768,1.4566,243.1875,68.9,False,0.98593,"surface-view only: scarp with no field offset; the catalogue was built from this same surface expression, so an uncatalogued scarp here is more likely a road cut, canal levee, quarry face or erosion line than a fault - down-weighted, and emitted only if it clears the metric bar"
409,2,"[606, 607]","[208, 208]",20950.0,182650.0,B-only,"{""silent"": 0, ""concordant"": 0, ""A-only"": 0, ""B-only"": 2}",34.2065,11.6086,12.8999,0.5576,154.5271,1.0,False,0.98556,"surface-view only: scarp with no field offset; the catalogue was built from this same surface expression, so an uncatalogued scarp here is more likely a road cut, canal levee, quarry face or erosion line than a fault - down-weighted, and emitted only if it clears the metric bar"
412,2,"[607, 608]","[220, 221]",22200.0,182550.0,B-only,"{""silent"": 0, ""concordant"": 0, ""A-only"": 0, ""B-only"": 2}",29.4893,6.2285,9.2317,1.4102,141.391,12.6,False,0.98419,"surface-view only: scarp with no field offset; the catalogue was built from this same surface expression, so an uncatalogued scarp here is more likely a road cut, canal levee, quarry face or erosion line than a fault - down-weighted, and emitted only if it clears the metric bar"
416,2,"[611, 612]","[209, 209]",21050.0,182150.0,B-only,"{""silent"": 0, ""concordant"": 0, ""A-only"": 0, ""B-only"": 2}",34.0996,8.8424,12.103,0.4792,161.2074,1.0,False,0.98936,"surface-view only: scarp with no field offset; the catalogue was built from this same surface expression, so an uncatalogued scarp here is more likely a road cut, canal levee, quarry face or erosion line than a fault - down-weighted, and emitted only if it clears the metric bar"
417,2,"[611, 612]","[2374, 2375]",237600.0,182150.0,B-only,"{""silent"": 0, ""concordant"": 0, ""A-only"": 0, ""B-only"": 2}",1345.8003,3.6471,8.4698,0.7331,32.2482,7.5,False,0.98478,"surface-view only: scarp with no field offset; the catalogue was built from this same surface expression, so an uncatalogued scarp here is more likely a road cut, canal levee, quarry face or erosion line than a fault - down-weighted, and emitted only if it clears the metric bar"
420,2,"[614, 615]","[620, 620]",62150.0,181850.0,B-only,"{""silent"": 0, ""concordant"": 0, ""A-only"": 0, ""B-only"": 2}",17.785,13.0541,12.5519,0.3856,29.8928,9.19,False,0.98558,"surface-view only: scarp with no field offset; the catalogue was built from this same surface expression, so an uncatalogued scarp here is more likely a road cut, canal levee, quarry face or erosion line than a fault - down-weighted, and emitted only if it clears the metric bar"
428,2,"[621, 622]","[2382, 2383]",238400.0,181150.0,silent,"{""silent"": 2, ""concordant"": 0, ""A-only"": 0, ""B-only"": 0}",1024.8993,7.2012,9.7165,1.0157,47.1565,7.54,False,0.98488,neither view is in its confident tail; emitted on corridor mass that the calibrated density still values above the acceptance bar (bar 0.0593)
442,2,"[649, 650]","[510, 510]",51150.0,178350.0,B-only,"{""silent"": 0, ""concordant"": 0, ""A-only"": 0, ""B-only"": 2}",308.2758,7.4582,13.3639,0.0884,64.7444,81.0,False,0.98659,"surface-view only: scarp with no field offset; the catalogue was built from this same surface expression, so an uncatalogued scarp here is more likely a road cut, canal levee, quarry face or erosion line than a fault - down-weighted, and emitted only if it clears the metric bar"
445,2,"[651, 652]","[2712, 2712]",271350.0,178150.0,B-only,"{""silent"": 0, ""concordant"": 0, ""A-only"": 0, ""B-only"": 2}",585.4285,7.5816,12.1333,1.6144,114.2597,10.32,False,0.98483,"surface-view only: scarp with no field offset; the catalogue was built from this same surface expression, so an uncatalogued scarp here is more likely a road cut, canal levee, quarry face or erosion line than a fault - down-weighted, and emitted only if it clears the metric bar"
464,2,"[673, 674]","[2513, 2513]",251450.0,175950.0,silent,"{""silent"": 2, ""concordant"": 0, ""A-only"": 0, ""B-only"": 0}",237.313,11.2332,11.7432,3.5072,4.2606,7.57,False,0.98595,neither view is in its confident tail; emitted on corridor mass that the calibrated density still values above the acceptance bar (bar 0.0593)
469,2,"[678, 679]","[225, 225]",22650.0,175450.0,B-only,"{""silent"": 0, ""concordant"": 0, ""A-only"": 0, ""B-only"": 2}",77.0003,15.8638,15.3543,6.2211,134.067,1.0,False,0.98736,"surface-view only: scarp with no field offset; the catalogue was built from this same surface expression, so an uncatalogued scarp here is more likely a road cut, canal levee, quarry face or erosion line than a fault - down-weighted, and emitted only if it clears the metric bar"
489,2,"[706, 706]","[2116, 2117]",211800.0,172700.0,B-only,"{""silent"": 1, ""concordant"": 0, ""A-only"": 0, ""B-only"": 1}",322.792,5.4228,9.7754,1.6765,17.9593,13.21,False,0.98625,"surface-view only: scarp with no field offset; the catalogue was built from this same surface expression, so an uncatalogued scarp here is more likely a road cut, canal levee, quarry face or erosion line than a fault - down-weighted, and emitted only if it clears the metric bar"
495,2,"[710, 711]","[2859, 2860]",286100.0,172250.0,B-only,"{""silent"": 0, ""concordant"": 0, ""A-only"": 0, ""B-only"": 2}",159.0816,7.7198,11.7726,3.2157,109.2661,21.79,False,0.98506,"surface-view only: scarp with no field offset; the catalogue was built from this same surface expression, so an uncatalogued scarp here is more likely a road cut, canal levee, quarry face or erosion line than a fault - down-weighted, and emitted only if it clears the metric bar"
516,2,"[740, 741]","[611, 612]",61300.0,169250.0,B-only,"{""silent"": 0, ""concordant"": 0, ""A-only"": 0, ""B-only"": 2}",54.9615,13.147,12.8261,2.7257,35.4318,8.88,False,0.98748,"surface-view only: scarp with no field offset; the catalogue was built from this same surface expression, so an uncatalogued scarp here is more likely a road cut, canal levee, quarry face or erosion line than a fault - down-weighted, and emitted only if it clears the metric bar"
534,2,"[771, 772]","[2486, 2487]",248800.0,166150.0,B-only,"{""silent"": 0, ""concordant"": 0, ""A-only"": 0, ""B-only"": 2}",5.8089,6.6092,14.2408,1.558,109.7346,2.5,False,0.98567,"surface-view only: scarp with no field offset; the catalogue was built from this same surface expression, so an uncatalogued scarp here is more likely a road cut, canal levee, quarry face or erosion line than a fault - down-weighted, and emitted only if it clears the metric bar"
535,2,"[771, 771]","[2510, 2511]",251200.0,166200.0,silent,"{""silent"": 2, ""concordant"": 0, ""A-only"": 0, ""B-only"": 0}",4.3011,5.8132,13.512,2.3122,103.6973,2.0,False,0.9873,neither view is in its confident tail; emitted on corridor mass that the calibrated density still values above the acceptance bar (bar 0.0593)
544,2,"[771, 771]","[3031, 3032]",303300.0,166200.0,silent,"{""silent"": 2, ""concordant"": 0, ""A-only"": 0, ""B-only"": 0}",62.2654,10.6471,13.285,9.3293,66.5855,2.0,False,0.9841,neither view is in its confident tail; emitted on corridor mass that the calibrated density still values above the acceptance bar (bar 0.0593)
547,2,"[772, 773]","[1563, 1564]",156500.0,166050.0,B-only,"{""silent"": 0, ""concordant"": 0, ""A-only"": 0, ""B-only"": 2}",75.2544,5.8683,12.4011,2.2934,94.2565,104.14,False,0.98424,"surface-view only: scarp with no field offset; the catalogue was built from this same surface expression, so an uncatalogued scarp here is more likely a road cut, canal levee, quarry face or erosion line than a fault - down-weighted, and emitted only if it clears the metric bar"
549,2,"[772, 772]","[2662, 2663]",266400.0,166100.0,B-only,"{""silent"": 0, ""concordant"": 0, ""A-only"": 0, ""B-only"": 2}",249.3266,7.0903,11.159,11.6548,146.2035,1.0,False,0.98367,"surface-view only: scarp with no field offset; the catalogue was built from this same surface expression, so an uncatalogued scarp here is more likely a road cut, canal levee, quarry face or erosion line than a fault - down-weighted, and emitted only if it clears the metric bar"
570,2,"[817, 818]","[638, 638]",63950.0,161550.0,silent,"{""silent"": 2, ""concordant"": 0, ""A-only"": 0, ""B-only"": 0}",83.4988,8.6804,13.2842,2.6131,189.7745,8.4,False,0.98851,neither view is in its confident tail; emitted on corridor mass that the calibrated density still values above the acceptance bar (bar 0.0593)
571,2,"[818, 819]","[1579, 1580]",158100.0,161450.0,B-only,"{""silent"": 0, ""concordant"": 0, ""A-only"": 0, ""B-only"": 2}",7.9545,5.6052,11.6494,0.8941,567.7082,57.68,False,0.98566,"surface-view only: scarp with no field offset; the catalogue was built from this same surface expression, so an uncatalogued scarp here is more likely a road cut, canal levee, quarry face or erosion line than a fault - down-weighted, and emitted only if it clears the metric bar"
572,2,"[819, 819]","[486, 487]",48800.0,161400.0,silent,"{""silent"": 2, ""concordant"": 0, ""A-only"": 0, ""B-only"": 0}",647.0485,8.2556,12.0676,1.3992,200.1628,33.16,False,0.98457,neither view is in its confident tail; emitted on corridor mass that the calibrated density still values above the acceptance bar (bar 0.0593)
576,2,"[823, 824]","[476, 476]",47750.0,160950.0,B-only,"{""silent"": 1, ""concordant"": 0, ""A-only"": 0, ""B-only"": 1}",405.0444,4.8683,9.2566,0.9591,196.8925,21.74,False,0.98525,"surface-view only: scarp with no field offset; the catalogue was built from this same surface expression, so an uncatalogued scarp here is more likely a road cut, canal levee, quarry face or erosion line than a fault - down-weighted, and emitted only if it clears the metric bar"
604,2,"[856, 856]","[61, 62]",6300.0,157700.0,B-only,"{""silent"": 0, ""concordant"": 0, ""A-only"": 0, ""B-only"": 2}",242.7832,5.5165,14.3873,23.5576,43.3282,1.0,False,0.98481,"surface-view only: scarp with no field offset; the catalogue was built from this same surface expression, so an uncatalogued scarp here is more likely a road cut, canal levee, quarry face or erosion line than a fault - down-weighted, and emitted only if it clears the metric bar"
606,2,"[856, 857]","[232, 232]",23350.0,157650.0,B-only,"{""silent"": 1, ""concordant"": 0, ""A-only"": 0, ""B-only"": 1}",33.6134,10.2625,13.1408,6.2734,327.3771,1.5,False,0.98723,"surface-view only: scarp with no field offset; the catalogue was built from this same surface expression, so an uncatalogued scarp here is more likely a road cut, canal levee, quarry face or erosion line than a fault - down-weighted, and emitted only if it clears the metric bar"
621,2,"[868, 869]","[21, 22]",2300.0,156450.0,B-only,"{""silent"": 0, ""concordant"": 0, ""A-only"": 0, ""B-only"": 2}",298.7247,3.1607,10.4947,1.3721,49.4636,13.5,False,0.98347,"surface-view only: scarp with no field offset; the catalogue was built from this same surface expression, so an uncatalogued scarp here is more likely a road cut, canal levee, quarry face or erosion line than a fault - down-weighted, and emitted only if it clears the metric bar"
630,2,"[886, 887]","[40, 41]",4200.0,154650.0,B-only,"{""silent"": 0, ""concordant"": 0, ""A-only"": 0, ""B-only"": 2}",144.1837,4.5099,9.7977,1.0078,23.011,7.28,False,0.98597,"surface-view only: scarp with no field offset; the catalogue was built from this same surface expression, so an uncatalogued scarp here is more likely a road cut, canal levee, quarry face or erosion line than a fault - down-weighted, and emitted only if it clears the metric bar"
632,2,"[888, 888]","[314, 315]",31600.0,154500.0,B-only,"{""silent"": 0, ""concordant"": 0, ""A-only"": 0, ""B-only"": 2}",42.5116,6.2327,10.2343,0.6822,110.5133,53.22,False,0.98633,"surface-view only: scarp with no field offset; the catalogue was built from this same surface expression, so an uncatalogued scarp here is more likely a road cut, canal levee, quarry face or erosion line than a fault - down-weighted, and emitted only if it clears the metric bar"
638,2,"[897, 898]","[2, 2]",350.0,153550.0,concordant,"{""silent"": 0, ""concordant"": 2, ""A-only"": 0, ""B-only"": 0}",12.1027,10.0638,14.9532,22.8716,183.2409,12.27,False,0.98677,"both views agree: continuation of a mapped structure beyond the end or the side of the mapped trace, the case where the catalogue is truncated by mapping convention rather than by data"
645,2,"[900, 900]","[377, 378]",37900.0,153300.0,silent,"{""silent"": 2, ""concordant"": 0, ""A-only"": 0, ""B-only"": 0}",32.2779,7.3347,10.1442,2.5146,73.2325,97.34,False,0.98615,neither view is in its confident tail; emitted on corridor mass that the calibrated density still values above the acceptance bar (bar 0.0593)
651,2,"[905, 906]","[323, 324]",32500.0,152750.0,B-only,"{""silent"": 0, ""concordant"": 0, ""A-only"": 0, ""B-only"": 2}",32.9499,3.4707,7.6596,2.4124,40.2775,56.15,False,0.98433,"surface-view only: scarp with no field offset; the catalogue was built from this same surface expression, so an uncatalogued scarp here is more likely a road cut, canal levee, quarry face or erosion line than a fault - down-weighted, and emitted only if it clears the metric bar"
653,2,"[909, 910]","[116, 116]",11750.0,152350.0,silent,"{""silent"": 2, ""concordant"": 0, ""A-only"": 0, ""B-only"": 0}",204.2682,3.5245,11.4606,1.5906,115.7976,10.56,False,0.9838,neither view is in its confident tail; emitted on corridor mass that the calibrated density still values above the acceptance bar (bar 0.0593)
666,2,"[924, 925]","[1088, 1089]",109000.0,150850.0,B-only,"{""silent"": 0, ""concordant"": 0, ""A-only"": 0, ""B-only"": 2}",307.64,7.7974,11.2072,3.9466,67.2695,41.58,False,0.98386,"surface-view only: scarp with no field offset; the catalogue was built from this same surface expression, so an uncatalogued scarp here is more likely a road cut, canal levee, quarry face or erosion line than a fault - down-weighted, and emitted only if it clears the metric bar"
668,2,"[925, 926]","[339, 340]",34100.0,150750.0,B-only,"{""silent"": 0, ""concordant"": 0, ""A-only"": 0, ""B-only"": 2}",22.4834,7.7084,11.3314,0.8829,164.6372,62.9,False,0.98348,"surface-view only: scarp with no field offset; the catalogue was built from this same surface expression, so an uncatalogued scarp here is more likely a road cut, canal levee, quarry face or erosion line than a fault - down-weighted, and emitted only if it clears the metric bar"
681,2,"[969, 969]","[482, 483]",48400.0,146400.0,B-only,"{""silent"": 1, ""concordant"": 0, ""A-only"": 0, ""B-only"": 1}",409.5938,13.1125,13.1341,4.1187,71.518,7.04,False,0.98822,"surface-view only: scarp with no field offset; the catalogue was built from this same surface expression, so an uncatalogued scarp here is more likely a road cut, canal levee, quarry face or erosion line than a fault - down-weighted, and emitted only if it clears the metric bar"
688,2,"[988, 989]","[1670, 1671]",167200.0,144450.0,B-only,"{""silent"": 0, ""concordant"": 0, ""A-only"": 0, ""B-only"": 2}",34.0664,11.4833,11.8201,4.4395,42.8399,8.77,False,0.98764,"surface-view only: scarp with no field offset; the catalogue was built from this same surface expression, so an uncatalogued scarp here is more likely a road cut, canal levee, quarry face or erosion line than a fault - down-weighted, and emitted only if it clears the metric bar"
697,2,"[1008, 1008]","[1660, 1661]",166200.0,142500.0,B-only,"{""silent"": 0, ""concordant"": 0, ""A-only"": 0, ""B-only"": 2}",113.2569,7.3382,11.5512,5.3432,43.9101,7.5,False,0.98502,"surface-view only: scarp with no field offset; the catalogue was built from this same surface expression, so an uncatalogued scarp here is more likely a road cut, canal levee, quarry face or erosion line than a fault - down-weighted, and emitted only if it clears the metric bar"
698,2,"[1014, 1014]","[1520, 1521]",152200.0,141900.0,B-only,"{""silent"": 0, ""concordant"": 0, ""A-only"": 0, ""B-only"": 2}",204.7571,7.3967,14.0312,3.378,30.6281,7.34,False,0.98706,"surface-view only: scarp with no field offset; the catalogue was built from this same surface expression, so an uncatalogued scarp here is more likely a road cut, canal levee, quarry face or erosion line than a fault - down-weighted, and emitted only if it clears the metric bar"
701,2,"[1021, 1022]","[1517, 1517]",151850.0,141150.0,B-only,"{""silent"": 0, ""concordant"": 0, ""A-only"": 0, ""B-only"": 2}",152.807,10.977,17.1308,2.852,18.3167,7.04,False,0.98702,"surface-view only: scarp with no field offset; the catalogue was built from this same surface expression, so an uncatalogued scarp here is more likely a road cut, canal levee, quarry face or erosion line than a fault - down-weighted, and emitted only if it clears the metric bar"
708,2,"[1046, 1047]","[1032, 1032]",103350.0,138650.0,B-only,"{""silent"": 0, ""concordant"": 0, ""A-only"": 0, ""B-only"": 2}",370.6895,5.9837,10.7707,1.906,385.1976,26.12,False,0.98428,"surface-view only: scarp with no field offset; the catalogue was built from this same surface expression, so an uncatalogued scarp here is more likely a road cut, canal levee, quarry face or erosion line than a fault - down-weighted, and emitted only if it clears the metric bar"
719,2,"[1071, 1072]","[585, 585]",58650.0,136150.0,B-only,"{""silent"": 0, ""concordant"": 0, ""A-only"": 0, ""B-only"": 2}",1384.5332,3.5046,10.698,1.3538,142.7538,7.04,False,0.98588,"surface-view only: scarp with no field offset; the catalogue was built from this same surface expression, so an uncatalogued scarp here is more likely a road cut, canal levee, quarry face or erosion line than a fault - down-weighted, and emitted only if it clears the metric bar"
730,2,"[1117, 1118]","[349, 349]",35050.0,131550.0,B-only,"{""silent"": 0, ""concordant"": 0, ""A-only"": 0, ""B-only"": 2}",592.3854,7.9861,14.6621,0.9562,350.352,7.28,False,0.98761,"surface-view only: scarp with no field offset; the catalogue was built from this same surface expression, so an uncatalogued scarp here is more likely a road cut, canal levee, quarry face or erosion line than a fault - down-weighted, and emitted only if it clears the metric bar"
747,2,"[1186, 1186]","[1722, 1723]",172400.0,124700.0,B-only,"{""silent"": 0, ""concordant"": 0, ""A-only"": 0, ""B-only"": 2}",969.3068,7.1709,10.3638,1.9791,135.539,17.5,False,0.98505,"surface-view only: scarp with no field offset; the catalogue was built from this same surface expression, so an uncatalogued scarp here is more likely a road cut, canal levee, quarry face or erosion line than a fault - down-weighted, and emitted only if it clears the metric bar"
762,2,"[1221, 1222]","[499, 499]",50050.0,121150.0,B-only,"{""silent"": 0, ""concordant"": 0, ""A-only"": 0, ""B-only"": 2}",344.9394,12.1166,14.1556,2.3475,223.5728,19.16,False,0.98405,"surface-view only: scarp with no field offset; the catalogue was built from this same surface expression, so an uncatalogued scarp here is more likely a road cut, canal levee, quarry face or erosion line than a fault - down-weighted, and emitted only if it clears the metric bar"
763,2,"[1221, 1222]","[501, 501]",50250.0,121150.0,B-only,"{""silent"": 0, ""concordant"": 0, ""A-only"": 0, ""B-only"": 2}",334.6497,13.2579,14.4664,2.4334,208.8734,19.78,False,0.98605,"surface-view only: scarp with no field offset; the catalogue was built from this same surface expression, so an uncatalogued scarp here is more likely a road cut, canal levee, quarry face or erosion line than a fault - down-weighted, and emitted only if it clears the metric bar"
770,2,"[1229, 1230]","[460, 460]",46150.0,120350.0,B-only,"{""silent"": 0, ""concordant"": 0, ""A-only"": 0, ""B-only"": 2}",819.1754,13.3517,11.7372,2.7846,227.2785,11.63,False,0.98785,"surface-view only: scarp with no field offset; the catalogue was built from this same surface expression, so an uncatalogued scarp here is more likely a road cut, canal levee, quarry face or erosion line than a fault - down-weighted, and emitted only if it clears the metric bar"
782,2,"[1248, 1248]","[484, 485]",48600.0,118500.0,silent,"{""silent"": 2, ""concordant"": 0, ""A-only"": 0, ""B-only"": 0}",466.3021,4.7786,9.5048,2.5154,169.209,12.42,False,0.98466,neither view is in its confident tail; emitted on corridor mass that the calibrated density still values above the acceptance bar (bar 0.0593)
788,2,"[1253, 1253]","[379, 380]",38100.0,118000.0,B-only,"{""silent"": 0, ""concordant"": 0, ""A-only"": 0, ""B-only"": 2}",1490.3933,7.6475,9.6409,0.2647,185.2394,30.0,False,0.98604,"surface-view only: scarp with no field offset; the catalogue was built from this same surface expression, so an uncatalogued scarp here is more likely a road cut, canal levee, quarry face or erosion line than a fault - down-weighted, and emitted only if it clears the metric bar"
791,2,"[1254, 1255]","[496, 497]",49800.0,117850.0,silent,"{""silent"": 2, ""concordant"": 0, ""A-only"": 0, ""B-only"": 0}",398.3148,13.1459,14.8704,2.4843,214.6362,9.08,False,0.98704,neither view is in its confident tail; emitted on corridor mass that the calibrated density still values above the acceptance bar (bar 0.0593)
803,2,"[1273, 1273]","[498, 499]",50000.0,116000.0,B-only,"{""silent"": 1, ""concordant"": 0, ""A-only"": 0, ""B-only"": 1}",821.4052,2.6873,9.6202,1.9727,177.3333,23.59,False,0.98681,"surface-view only: scarp with no field offset; the catalogue was built from this same surface expression, so an uncatalogued scarp here is more likely a road cut, canal levee, quarry face or erosion line than a fault - down-weighted, and emitted only if it clears the metric bar"
812,2,"[1285, 1285]","[1385, 1386]",138700.0,114800.0,B-only,"{""silent"": 0, ""concordant"": 0, ""A-only"": 0, ""B-only"": 2}",472.0344,5.2158,13.2723,1.3162,210.5363,18.53,False,0.98509,"surface-view only: scarp with no field offset; the catalogue was built from this same surface expression, so an uncatalogued scarp here is more likely a road cut, canal levee, quarry face or erosion line than a fault - down-weighted, and emitted only if it clears the metric bar"
813,2,"[1285, 1286]","[1388, 1388]",138950.0,114750.0,B-only,"{""silent"": 0, ""concordant"": 0, ""A-only"": 0, ""B-only"": 2}",480.2513,6.0634,13.2203,1.5837,205.6621,21.06,False,0.98409,"surface-view only: scarp with no field offset; the catalogue was built from this same surface expression, so an uncatalogued scarp here is more likely a road cut, canal levee, quarry face or erosion line than a fault - down-weighted, and emitted only if it clears the metric bar"
815,2,"[1288, 1289]","[1386, 1387]",138800.0,114450.0,B-only,"{""silent"": 0, ""concordant"": 0, ""A-only"": 0, ""B-only"": 2}",503.2419,8.3736,13.7048,1.396,183.1358,20.02,False,0.98497,"surface-view only: scarp with no field offset; the catalogue was built from this same surface expression, so an uncatalogued scarp here is more likely a road cut, canal levee, quarry face or erosion line than a fault - down-weighted, and emitted only if it clears the metric bar"
825,2,"[1302, 1303]","[328, 328]",32950.0,113050.0,B-only,"{""silent"": 0, ""concordant"": 0, ""A-only"": 0, ""B-only"": 2}",810.4277,1.4424,6.23,1.0025,70.2771,13.91,False,0.98438,"surface-view only: scarp with no field offset; the catalogue was built from this same surface expression, so an uncatalogued scarp here is more likely a road cut, canal levee, quarry face or erosion line than a fault - down-weighted, and emitted only if it clears the metric bar"
853,2,"[1363, 1364]","[1770, 1770]",177150.0,106950.0,silent,"{""silent"": 2, ""concordant"": 0, ""A-only"": 0, ""B-only"": 0}",827.348,17.7723,18.5349,17.7179,52.8725,1.71,False,0.98444,neither view is in its confident tail; emitted on corridor mass that the calibrated density still values above the acceptance bar (bar 0.0593)
856,2,"[1365, 1365]","[1658, 1659]",166000.0,106800.0,B-only,"{""silent"": 0, ""concordant"": 0, ""A-only"": 0, ""B-only"": 2}",227.0377,9.5769,10.7855,0.9021,77.085,22.9,False,0.98876,"surface-view only: scarp with no field offset; the catalogue was built from this same surface expression, so an uncatalogued scarp here is more likely a road cut, canal levee, quarry face or erosion line than a fault - down-weighted, and emitted only if it clears the metric bar"
862,2,"[1371, 1372]","[332, 333]",33400.0,106150.0,B-only,"{""silent"": 0, ""concordant"": 0, ""A-only"": 0, ""B-only"": 2}",479.2848,4.0775,7.4963,0.2,87.4313,43.34,False,0.98652,"surface-view only: scarp with no field offset; the catalogue was built from this same surface expression, so an uncatalogued scarp here is more likely a road cut, canal levee, quarry face or erosion line than a fault - down-weighted, and emitted only if it clears the metric bar"
865,2,"[1377, 1378]","[316, 317]",31800.0,105550.0,B-only,"{""silent"": 0, ""concordant"": 0, ""A-only"": 0, ""B-only"": 2}",367.5652,5.6961,11.2335,0.1237,164.1559,37.4,False,0.98527,"surface-view only: scarp with no field offset; the catalogue was built from this same surface expression, so an uncatalogued scarp here is more likely a road cut, canal levee, quarry face or erosion line than a fault - down-weighted, and emitted only if it clears the metric bar"
873,2,"[1401, 1402]","[1776, 1776]",177750.0,103150.0,silent,"{""silent"": 2, ""concordant"": 0, ""A-only"": 0, ""B-only"": 0}",537.247,10.7906,14.8531,15.3844,92.4205,2.0,False,0.98557,neither view is in its confident tail; emitted on corridor mass that the calibrated density still values above the acceptance bar (bar 0.0593)
880,2,"[1430, 1430]","[1183, 1184]",118500.0,100300.0,B-only,"{""silent"": 0, ""concordant"": 0, ""A-only"": 0, ""B-only"": 2}",184.681,3.8775,9.6686,2.1746,213.6351,7.04,False,0.98561,"surface-view only: scarp with no field offset; the catalogue was built from this same surface expression, so an uncatalogued scarp here is more likely a road cut, canal levee, quarry face or erosion line than a fault - down-weighted, and emitted only if it clears the metric bar"
889,2,"[1454, 1455]","[1159, 1160]",116100.0,97850.0,B-only,"{""silent"": 0, ""concordant"": 0, ""A-only"": 0, ""B-only"": 2}",127.9427,2.1781,10.3776,2.8088,166.0905,19.51,False,0.98415,"surface-view only: scarp with no field offset; the catalogue was built from this same surface expression, so an uncatalogued scarp here is more likely a road cut, canal levee, quarry face or erosion line than a fault - down-weighted, and emitted only if it clears the metric bar"
893,2,"[1472, 1473]","[1170, 1170]",117150.0,96050.0,B-only,"{""silent"": 0, ""concordant"": 0, ""A-only"": 0, ""B-only"": 2}",20.331,2.6007,9.1561,0.6855,118.0294,10.97,False,0.9848,"surface-view only: scarp with no field offset; the catalogue was built from this same surface expression, so an uncatalogued scarp here is more likely a road cut, canal levee, quarry face or erosion line than a fault - down-weighted, and emitted only if it clears the metric bar"
899,2,"[1509, 1509]","[1691, 1692]",169300.0,92400.0,B-only,"{""silent"": 0, ""concordant"": 0, ""A-only"": 0, ""B-only"": 2}",696.7249,6.3403,13.0702,2.0283,59.2161,30.55,False,0.98444,"surface-view only: scarp with no field offset; the catalogue was built from this same surface expression, so an uncatalogued scarp here is more likely a road cut, canal levee, quarry face or erosion line than a fault - down-weighted, and emitted only if it clears the metric bar"
929,2,"[1553, 1554]","[1310, 1311]",131200.0,87950.0,B-only,"{""silent"": 0, ""concordant"": 0, ""A-only"": 0, ""B-only"": 2}",428.1291,6.7671,14.1104,1.4518,248.418,18.51,False,0.98649,"surface-view only: scarp with no field offset; the catalogue was built from this same surface expression, so an uncatalogued scarp here is more likely a road cut, canal levee, quarry face or erosion line than a fault - down-weighted, and emitted only if it clears the metric bar"
934,2,"[1556, 1557]","[1196, 1196]",119750.0,87650.0,B-only,"{""silent"": 0, ""concordant"": 0, ""A-only"": 0, ""B-only"": 2}",254.8134,4.2032,11.0434,1.0857,254.4156,12.0,False,0.98424,"surface-view only: scarp with no field offset; the catalogue was built from this same surface expression, so an uncatalogued scarp here is more likely a road cut, canal levee, quarry face or erosion line than a fault - down-weighted, and emitted only if it clears the metric bar"
946,2,"[1575, 1576]","[598, 599]",60000.0,85750.0,B-only,"{""silent"": 0, ""concordant"": 0, ""A-only"": 0, ""B-only"": 2}",788.6953,2.5271,7.6559,1.7303,141.1831,20.12,False,0.98516,"surface-view only: scarp with no field offset; the catalogue was built from this same surface expression, so an uncatalogued scarp here is more likely a road cut, canal levee, quarry face or erosion line than a fault - down-weighted, and emitted only if it clears the metric bar"
975,2,"[1621, 1622]","[1097, 1098]",109900.0,81150.0,B-only,"{""silent"": 0, ""concordant"": 0, ""A-only"": 0, ""B-only"": 2}",223.6411,6.5195,11.0279,2.3787,139.4754,43.23,False,0.98501,"surface-view only: scarp with no field offset; the catalogue was built from this same surface expression, so an uncatalogued scarp here is more likely a road cut, canal levee, quarry face or erosion line than a fault - down-weighted, and emitted only if it clears the metric bar"
983,2,"[1628, 1629]","[738, 739]",74000.0,80450.0,B-only,"{""silent"": 0, ""concordant"": 0, ""A-only"": 0, ""B-only"": 2}",1826.6001,5.3381,12.9726,0.6254,49.525,16.32,False,0.98676,"surface-view only: scarp with no field offset; the catalogue was built from this same surface expression, so an uncatalogued scarp here is more likely a road cut, canal levee, quarry face or erosion line than a fault - down-weighted, and emitted only if it clears the metric bar"
987,2,"[1631, 1632]","[737, 737]",73850.0,80150.0,B-only,"{""silent"": 0, ""concordant"": 0, ""A-only"": 0, ""B-only"": 2}",1918.2065,3.6475,13.1591,0.5955,52.1087,13.09,False,0.98677,"surface-view only: scarp with no field offset; the catalogue was built from this same surface expression, so an uncatalogued scarp here is more likely a road cut, canal levee, quarry face or erosion line than a fault - down-weighted, and emitted only if it clears the metric bar"
996,2,"[1648, 1649]","[1204, 1205]",120600.0,78450.0,B-only,"{""silent"": 0, ""concordant"": 0, ""A-only"": 0, ""B-only"": 2}",477.8377,4.2923,11.7649,0.7414,79.3011,7.93,False,0.98445,"surface-view only: scarp with no field offset; the catalogue was built from this same surface expression, so an uncatalogued scarp here is more likely a road cut, canal levee, quarry face or erosion line than a fault - down-weighted, and emitted only if it clears the metric bar"
1001,2,"[1665, 1666]","[1361, 1361]",136250.0,76750.0,B-only,"{""silent"": 1, ""concordant"": 0, ""A-only"": 0, ""B-only"": 1}",147.8449,4.2586,14.2685,0.7211,27.2277,7.18,False,0.9862,"surface-view only: scarp with no field offset; the catalogue was built from this same surface expression, so an uncatalogued scarp here is more likely a road cut, canal levee, quarry face or erosion line than a fault - down-weighted, and emitted only if it clears the metric bar"
1002,2,"[1667, 1668]","[751, 752]",75300.0,76550.0,B-only,"{""silent"": 0, ""concordant"": 0, ""A-only"": 0, ""B-only"": 2}",811.6116,5.7629,12.3224,5.2315,107.3639,25.47,False,0.98402,"surface-view only: scarp with no field offset; the catalogue was built from this same surface expression, so an uncatalogued scarp here is more likely a road cut, canal levee, quarry face or erosion line than a fault - down-weighted, and emitted only if it clears the metric bar"
1012,2,"[1683, 1684]","[822, 822]",82350.0,74950.0,silent,"{""silent"": 2, ""concordant"": 0, ""A-only"": 0, ""B-only"": 0}",734.9894,4.8856,11.508,0.3185,130.7141,16.63,False,0.98418,neither view is in its confident tail; emitted on corridor mass that the calibrated density still values above the acceptance bar (bar 0.0593)
1014,2,"[1692, 1693]","[1298, 1299]",130000.0,74050.0,silent,"{""silent"": 2, ""concordant"": 0, ""A-only"": 0, ""B-only"": 0}",493.422,7.779,13.5485,2.8437,434.9072,29.72,False,0.98499,neither view is in its confident tail; emitted on corridor mass that the calibrated density still values above the acceptance bar (bar 0.0593)
1040,2,"[1911, 1912]","[874, 875]",87600.0,52150.0,silent,"{""silent"": 2, ""concordant"": 0, ""A-only"": 0, ""B-only"": 0}",690.0912,11.3063,14.4812,8.34,169.2547,2.12,False,0.98677,neither view is in its confident tail; emitted on corridor mass that the calibrated density still values above the acceptance bar (bar 0.0593)
1049,2,"[1926, 1927]","[896, 897]",89800.0,50650.0,A-only,"{""silent"": 1, ""concordant"": 0, ""A-only"": 1, ""B-only"": 0}",531.0522,20.2148,16.8321,11.123,107.7521,1.21,False,0.98633,"field-view only: potential-field offset (gravity step 11.123, magnetic step 107.752) with no corresponding scarp (surface rank 16.832); cover depth rank 531.052 is deep enough that a scarp would be buried, so this is a buried range-front fault the LiDAR-derived catalogue cannot contain"
1059,2,"[1946, 1947]","[1285, 1286]",128700.0,48650.0,B-only,"{""silent"": 0, ""concordant"": 0, ""A-only"": 0, ""B-only"": 2}",385.8019,7.6895,11.3067,1.0811,108.1838,29.75,False,0.98539,"surface-view only: scarp with no field offset; the catalogue was built from this same surface expression, so an uncatalogued scarp here is more likely a road cut, canal levee, quarry face or erosion line than a fault - down-weighted, and emitted only if it clears the metric bar"
1063,2,"[1953, 1953]","[1283, 1284]",128500.0,48000.0,B-only,"{""silent"": 1, ""concordant"": 0, ""A-only"": 0, ""B-only"": 1}",356.5608,7.4795,12.5316,1.2444,123.0402,35.6,False,0.98409,"surface-view only: scarp with no field offset; the catalogue was built from this same surface expression, so an uncatalogued scarp here is more likely a road cut, canal levee, quarry face or erosion line than a fault - down-weighted, and emitted only if it clears the metric bar"
1073,2,"[1965, 1966]","[1589, 1590]",159100.0,46750.0,B-only,"{""silent"": 0, ""concordant"": 0, ""A-only"": 0, ""B-only"": 2}",160.6175,12.8391,14.3646,4.3475,110.9136,8.88,False,0.98597,"surface-view only: scarp with no field offset; the catalogue was built from this same surface expression, so an uncatalogued scarp here is more likely a road cut, canal levee, quarry face or erosion line than a fault - down-weighted, and emitted only if it clears the metric bar"
1107,2,"[2054, 2054]","[1788, 1789]",179000.0,37900.0,B-only,"{""silent"": 0, ""concordant"": 0, ""A-only"": 0, ""B-only"": 2}",13.5939,3.5331,10.8258,1.159,139.002,12.54,False,0.98409,"surface-view only: scarp with no field offset; the catalogue was built from this same surface expression, so an uncatalogued scarp here is more likely a road cut, canal levee, quarry face or erosion line than a fault - down-weighted, and emitted only if it clears the metric bar"
1110,2,"[2056, 2056]","[1313, 1314]",131500.0,37700.0,B-only,"{""silent"": 0, ""concordant"": 0, ""A-only"": 0, ""B-only"": 2}",108.1416,4.4011,9.3031,1.6904,234.6077,20.4,False,0.98484,"surface-view only: scarp with no field offset; the catalogue was built from this same surface expression, so an uncatalogued scarp here is more likely a road cut, canal levee, quarry face or erosion line than a fault - down-weighted, and emitted only if it clears the metric bar"
1113,2,"[2060, 2061]","[1143, 1144]",114500.0,37250.0,B-only,"{""silent"": 0, ""concordant"": 0, ""A-only"": 0, ""B-only"": 2}",166.4922,3.8566,10.9936,2.1542,102.4829,22.19,False,0.98872,"surface-view only: scarp with no field offset; the catalogue was built from this same surface expression, so an uncatalogued scarp here is more likely a road cut, canal levee, quarry face or erosion line than a fault - down-weighted, and emitted only if it clears the metric bar"
1114,2,"[2060, 2061]","[1225, 1225]",122650.0,37250.0,B-only,"{""silent"": 0, ""concordant"": 0, ""A-only"": 0, ""B-only"": 2}",309.4852,4.6562,12.4805,1.2378,188.5343,14.61,False,0.98594,"surface-view only: scarp with no field offset; the catalogue was built from this same surface expression, so an uncatalogued scarp here is more likely a road cut, canal levee, quarry face or erosion line than a fault - down-weighted, and emitted only if it clears the metric bar"
1123,2,"[2111, 2111]","[1857, 1858]",185900.0,32200.0,B-only,"{""silent"": 1, ""concordant"": 0, ""A-only"": 0, ""B-only"": 1}",0.0222,11.0904,18.0266,1.7973,80.4232,2.41,False,0.98788,"surface-view only: scarp with no field offset; the catalogue was built from this same surface expression, so an uncatalogued scarp here is more likely a road cut, canal levee, quarry face or erosion line than a fault - down-weighted, and emitted only if it clears the metric bar"
1126,2,"[2121, 2122]","[1863, 1864]",186500.0,31150.0,B-only,"{""silent"": 0, ""concordant"": 0, ""A-only"": 0, ""B-only"": 2}",5.5174,14.4783,18.3977,2.8961,95.7702,1.71,False,0.98615,"surface-view only: scarp with no field offset; the catalogue was built from this same surface expression, so an uncatalogued scarp here is more likely a road cut, canal levee, quarry face or erosion line than a fault - down-weighted, and emitted only if it clears the metric bar"
1127,2,"[2124, 2124]","[1864, 1865]",186600.0,30900.0,B-only,"{""silent"": 1, ""concordant"": 0, ""A-only"": 0, ""B-only"": 1}",7.1065,12.0404,16.9527,3.0973,100.2788,1.83,False,0.98942,"surface-view only: scarp with no field offset; the catalogue was built from this same surface expression, so an uncatalogued scarp here is more likely a road cut, canal levee, quarry face or erosion line than a fault - down-weighted, and emitted only if it clears the metric bar"
1144,2,"[2213, 2213]","[1637, 1638]",163900.0,22000.0,B-only,"{""silent"": 0, ""concordant"": 0, ""A-only"": 0, ""B-only"": 2}",1130.4668,6.5724,12.2281,0.8595,62.66,18.53,False,0.98432,"surface-view only: scarp with no field offset; the catalogue was built from this same surface expression, so an uncatalogued scarp here is more likely a road cut, canal levee, quarry face or erosion line than a fault - down-weighted, and emitted only if it clears the metric bar"
1157,2,"[2311, 2312]","[1214, 1215]",121600.0,12150.0,B-only,"{""silent"": 0, ""concordant"": 0, ""A-only"": 0, ""B-only"": 2}",99.8636,10.3954,12.3009,1.6838,43.4365,35.76,False,0.98364,"surface-view only: scarp with no field offset; the catalogue was built from this same surface expression, so an uncatalogued scarp here is more likely a road cut, canal levee, quarry face or erosion line than a fault - down-weighted, and emitted only if it clears the metric bar"
1181,2,"[2389, 2390]","[1563, 1563]",156450.0,4350.0,B-only,"{""silent"": 0, ""concordant"": 0, ""A-only"": 0, ""B-only"": 2}",10.1355,15.2354,14.6266,1.2782,252.068,8.4,False,0.98609,"surface-view only: scarp with no field offset; the catalogue was built from this same surface expression, so an uncatalogued scarp here is more likely a road cut, canal levee, quarry face or erosion line than a fault - down-weighted, and emitted only if it clears the metric bar"
1185,2,"[2411, 2411]","[1256, 1257]",125800.0,2200.0,B-only,"{""silent"": 0, ""concordant"": 0, ""A-only"": 0, ""B-only"": 2}",280.1625,2.2677,6.4299,2.7657,134.4579,47.41,False,0.98387,"surface-view only: scarp with no field offset; the catalogue was built from this same surface expression, so an uncatalogued scarp here is more likely a road cut, canal levee, quarry face or erosion line than a fault - down-weighted, and emitted only if it clears the metric bar"
1190,2,"[2416, 2416]","[1256, 1257]",125800.0,1700.0,B-only,"{""silent"": 0, ""concordant"": 0, ""A-only"": 0, ""B-only"": 2}",198.1423,2.8726,7.0629,1.6611,175.1106,45.41,False,0.98513,"surface-view only: scarp with no field offset; the catalogue was built from this same surface expression, so an uncatalogued scarp here is more likely a road cut, canal levee, quarry face or erosion line than a fault - down-weighted, and emitted only if it clears the metric bar"
1201,2,"[2443, 2444]","[1458, 1459]",146000.0,-1050.0,B-only,"{""silent"": 0, ""concordant"": 0, ""A-only"": 0, ""B-only"": 2}",412.4539,2.1905,8.8559,3.9517,155.5794,30.21,False,0.98461,"surface-view only: scarp with no field offset; the catalogue was built from this same surface expression, so an uncatalogued scarp here is more likely a road cut, canal levee, quarry face or erosion line than a fault - down-weighted, and emitted only if it clears the metric bar"
1206,2,"[2460, 2460]","[1106, 1107]",110800.0,-2700.0,silent,"{""silent"": 2, ""concordant"": 0, ""A-only"": 0, ""B-only"": 0}",39.3241,9.2283,10.3762,5.4757,326.5716,1.5,False,0.98815,neither view is in its confident tail; emitted on corridor mass that the calibrated density still values above the acceptance bar (bar 0.0593)
1215,2,"[2493, 2494]","[1244, 1244]",124550.0,-6050.0,silent,"{""silent"": 2, ""concordant"": 0, ""A-only"": 0, ""B-only"": 0}",348.5586,1.3015,7.1277,2.7531,127.5277,49.07,False,0.98506,neither view is in its confident tail; emitted on corridor mass that the calibrated density still values above the acceptance bar (bar 0.0593)
1244,2,"[2643, 2643]","[1925, 1926]",192700.0,-21000.0,B-only,"{""silent"": 0, ""concordant"": 0, ""A-only"": 0, ""B-only"": 2}",636.6357,2.4207,9.9711,5.073,77.5938,35.58,False,0.98553,"surface-view only: scarp with no field offset; the catalogue was built from this same surface expression, so an uncatalogued scarp here is more likely a road cut, canal levee, quarry face or erosion line than a fault - down-weighted, and emitted only if it clears the metric bar"
1257,2,"[2748, 2749]","[1977, 1977]",197850.0,-31550.0,B-only,"{""silent"": 0, ""concordant"": 0, ""A-only"": 0, ""B-only"": 2}",324.2513,5.8541,13.1566,1.5337,39.4189,111.94,False,0.98847,"surface-view only: scarp with no field offset; the catalogue was built from this same surface expression, so an uncatalogued scarp here is more likely a road cut, canal levee, quarry face or erosion line than a fault - down-weighted, and emitted only if it clears the metric bar"
1261,2,"[2775, 2776]","[1658, 1658]",165950.0,-34250.0,A-only,"{""silent"": 0, ""concordant"": 0, ""A-only"": 2, ""B-only"": 0}",497.6992,5.3816,8.8256,16.1843,64.6537,2.0,False,0.98481,"field-view only: potential-field offset (gravity step 16.184, magnetic step 64.654) with no corresponding scarp (surface rank 8.826); cover depth rank 497.699 is deep enough that a scarp would be buried, so this is a buried range-front fault the LiDAR-derived catalogue cannot contain"
1265,2,"[2813, 2813]","[1760, 1761]",176200.0,-38000.0,B-only,"{""silent"": 0, ""concordant"": 0, ""A-only"": 0, ""B-only"": 2}",384.8647,6.6475,8.9702,0.4811,57.2797,59.84,False,0.98405,"surface-view only: scarp with no field offset; the catalogue was built from this same surface expression, so an uncatalogued scarp here is more likely a road cut, canal levee, quarry face or erosion line than a fault - down-weighted, and emitted only if it clears the metric bar"
1269,2,"[2869, 2869]","[1657, 1658]",165900.0,-43600.0,B-only,"{""silent"": 0, ""concordant"": 0, ""A-only"": 0, ""B-only"": 2}",28.5038,3.3511,11.0937,4.812,171.0414,1.5,False,0.98771,"surface-view only: scarp with no field offset; the catalogue was built from this same surface expression, so an uncatalogued scarp here is more likely a road cut, canal levee, quarry face or erosion line than a fault - down-weighted, and emitted only if it clears the metric bar"
1292,2,"[2934, 2935]","[1570, 1571]",157200.0,-50150.0,A-only,"{""silent"": 1, ""concordant"": 0, ""A-only"": 1, ""B-only"": 0}",209.8715,12.2164,16.0018,12.2614,82.0441,1.5,False,0.98611,"field-view only: potential-field offset (gravity step 12.261, magnetic step 82.044) with no corresponding scarp (surface rank 16.002); cover depth rank 209.871 is deep enough that a scarp would be buried, so this is a buried range-front fault the LiDAR-derived catalogue cannot contain"
1325,2,"[3037, 3038]","[2136, 2137]",213800.0,-60450.0,B-only,"{""silent"": 0, ""concordant"": 0, ""A-only"": 0, ""B-only"": 2}",0.8232,5.6456,13.1752,0.9578,35.4321,33.98,False,0.98614,"surface-view only: scarp with no field offset; the catalogue was built from this same surface expression, so an uncatalogued scarp here is more likely a road cut, canal levee, quarry face or erosion line than a fault - down-weighted, and emitted only if it clears the metric bar"
1340,2,"[3055, 3055]","[2055, 2056]",205700.0,-62200.0,B-only,"{""silent"": 0, ""concordant"": 0, ""A-only"": 0, ""B-only"": 2}",37.0459,9.1207,14.1433,1.8695,81.1999,22.7,False,0.98485,"surface-view only: scarp with no field offset; the catalogue was built from this same surface expression, so an uncatalogued scarp here is more likely a road cut, canal levee, quarry face or erosion line than a fault - down-weighted, and emitted only if it clears the metric bar"
1345,2,"[3080, 3081]","[1341, 1342]",134300.0,-64750.0,concordant,"{""silent"": 0, ""concordant"": 2, ""A-only"": 0, ""B-only"": 0}",644.7919,8.0514,11.1335,2.6026,87.5203,20.62,False,0.98381,"both views agree: continuation of a mapped structure beyond the end or the side of the mapped trace, the case where the catalogue is truncated by mapping convention rather than by data"
1346,2,"[3080, 3081]","[2115, 2115]",211650.0,-64750.0,B-only,"{""silent"": 0, ""concordant"": 0, ""A-only"": 0, ""B-only"": 2}",4.0784,7.8732,14.1307,1.3367,84.5073,63.55,False,0.98496,"surface-view only: scarp with no field offset; the catalogue was built from this same surface expression, so an uncatalogued scarp here is more likely a road cut, canal levee, quarry face or erosion line than a fault - down-weighted, and emitted only if it clears the metric bar"
1361,2,"[3132, 3132]","[1368, 1369]",137000.0,-69900.0,A-only,"{""silent"": 0, ""concordant"": 0, ""A-only"": 2, ""B-only"": 0}",47.0586,10.0545,13.6221,10.9714,115.2293,5.0,False,0.98576,"field-view only: potential-field offset (gravity step 10.971, magnetic step 115.229) with no corresponding scarp (surface rank 13.622); cover depth rank 47.059 is deep enough that a scarp would be buried, so this is a buried range-front fault the LiDAR-derived catalogue cannot contain"
1367,2,"[3146, 3147]","[1402, 1402]",140350.0,-71350.0,A-only,"{""silent"": 0, ""concordant"": 0, ""A-only"": 2, ""B-only"": 0}",22.0559,14.6275,16.4889,17.4647,198.6349,2.7,False,0.98428,"field-view only: potential-field offset (gravity step 17.465, magnetic step 198.635) with no corresponding scarp (surface rank 16.489); cover depth rank 22.056 is deep enough that a scarp would be buried, so this is a buried range-front fault the LiDAR-derived catalogue cannot contain"
1370,2,"[3151, 3152]","[1611, 1611]",161250.0,-71850.0,silent,"{""silent"": 2, ""concordant"": 0, ""A-only"": 0, ""B-only"": 0}",1806.3306,4.9505,8.6031,0.7749,14.5005,35.63,False,0.98394,neither view is in its confident tail; emitted on corridor mass that the calibrated density still values above the acceptance bar (bar 0.0593)
1381,2,"[3180, 3181]","[2142, 2143]",214400.0,-74750.0,B-only,"{""silent"": 0, ""concordant"": 0, ""A-only"": 0, ""B-only"": 2}",7.7731,8.8725,11.0725,0.8669,14.2974,7.5,False,0.98632,"surface-view only: scarp with no field offset; the catalogue was built from this same surface expression, so an uncatalogued scarp here is more likely a road cut, canal levee, quarry face or erosion line than a fault - down-weighted, and emitted only if it clears the metric bar"
1390,2,"[3200, 3200]","[2088, 2089]",209000.0,-76700.0,B-only,"{""silent"": 0, ""concordant"": 0, ""A-only"": 0, ""B-only"": 2}",148.842,2.9307,8.5879,3.6516,28.2527,25.93,False,0.98375,"surface-view only: scarp with no field offset; the catalogue was built from this same surface expression, so an uncatalogued scarp here is more likely a road cut, canal levee, quarry face or erosion line than a fault - down-weighted, and emitted only if it clears the metric bar"
1400,2,"[3217, 3218]","[1933, 1933]",193450.0,-78450.0,B-only,"{""silent"": 0, ""concordant"": 0, ""A-only"": 0, ""B-only"": 2}",118.1362,8.657,14.9531,2.7719,3.5885,76.13,False,0.98527,"surface-view only: scarp with no field offset; the catalogue was built from this same surface expression, so an uncatalogued scarp here is more likely a road cut, canal levee, quarry face or erosion line than a fault - down-weighted, and emitted only if it clears the metric bar"
1404,2,"[3221, 3222]","[1763, 1764]",176500.0,-78850.0,silent,"{""silent"": 2, ""concordant"": 0, ""A-only"": 0, ""B-only"": 0}",65.8301,6.4688,9.1372,2.7981,10.6174,13.2,False,0.98559,neither view is in its confident tail; emitted on corridor mass that the calibrated density still values above the acceptance bar (bar 0.0593)
1408,2,"[3224, 3225]","[1764, 1765]",176600.0,-79150.0,B-only,"{""silent"": 1, ""concordant"": 0, ""A-only"": 0, ""B-only"": 1}",53.2885,8.9254,10.3954,2.7889,12.9078,15.89,False,0.98494,"surface-view only: scarp with no field offset; the catalogue was built from this same surface expression, so an uncatalogued scarp here is more likely a road cut, canal levee, quarry face or erosion line than a fault - down-weighted, and emitted only if it clears the metric bar"
1420,2,"[3256, 3257]","[1807, 1807]",180850.0,-82350.0,B-only,"{""silent"": 0, ""concordant"": 0, ""A-only"": 0, ""B-only"": 2}",60.8603,16.1276,12.9993,2.2593,55.9819,13.0,False,0.98363,"surface-view only: scarp with no field offset; the catalogue was built from this same surface expression, so an uncatalogued scarp here is more likely a road cut, canal levee, quarry face or erosion line than a fault - down-weighted, and emitted only if it clears the metric bar"
1432,2,"[3274, 3275]","[2164, 2165]",216600.0,-84150.0,B-only,"{""silent"": 0, ""concordant"": 0, ""A-only"": 0, ""B-only"": 2}",32.1171,3.6733,10.7799,4.3408,19.4907,27.73,False,0.98433,"surface-view only: scarp with no field offset; the catalogue was built from this same surface expression, so an uncatalogued scarp here is more likely a road cut, canal levee, quarry face or erosion line than a fault - down-weighted, and emitted only if it clears the metric bar"
1442,2,"[3294, 3295]","[1752, 1753]",175400.0,-86150.0,silent,"{""silent"": 2, ""concordant"": 0, ""A-only"": 0, ""B-only"": 0}",110.1422,10.2526,13.4531,0.9484,307.5228,21.27,False,0.98839,neither view is in its confident tail; emitted on corridor mass that the calibrated density still values above the acceptance bar (bar 0.0593)
1445,2,"[3297, 3298]","[1528, 1528]",152950.0,-86450.0,concordant,"{""silent"": 0, ""concordant"": 1, ""A-only"": 0, ""B-only"": 1}",30.1999,25.8085,13.3502,25.9133,205.6079,1.0,False,0.99053,"both views agree: continuation of a mapped structure beyond the end or the side of the mapped trace, the case where the catalogue is truncated by mapping convention rather than by data"
1447,2,"[3299, 3299]","[1970, 1971]",197200.0,-86600.0,B-only,"{""silent"": 0, ""concordant"": 0, ""A-only"": 0, ""B-only"": 2}",506.3459,6.5179,10.4668,2.3154,2.9617,48.08,False,0.98665,"surface-view only: scarp with no field offset; the catalogue was built from this same surface expression, so an uncatalogued scarp here is more likely a road cut, canal levee, quarry face or erosion line than a fault - down-weighted, and emitted only if it clears the metric bar"
1452,2,"[3304, 3305]","[1530, 1531]",153200.0,-87150.0,concordant,"{""silent"": 0, ""concordant"": 1, ""A-only"": 0, ""B-only"": 1}",19.4776,18.3062,14.1451,25.4861,210.1616,1.0,False,0.99002,"both views agree: continuation of a mapped structure beyond the end or the side of the mapped trace, the case where the catalogue is truncated by mapping convention rather than by data"
1457,2,"[3311, 3312]","[1663, 1664]",166500.0,-87850.0,silent,"{""silent"": 2, ""concordant"": 0, ""A-only"": 0, ""B-only"": 0}",35.6075,11.7844,8.4988,1.367,19.6783,18.14,False,0.98564,neither view is in its confident tail; emitted on corridor mass that the calibrated density still values above the acceptance bar (bar 0.0593)
1476,2,"[3360, 3361]","[1872, 1872]",187350.0,-92750.0,B-only,"{""silent"": 0, ""concordant"": 0, ""A-only"": 0, ""B-only"": 2}",1032.4062,9.7997,15.1595,2.7745,169.1898,42.3,False,0.9868,"surface-view only: scarp with no field offset; the catalogue was built from this same surface expression, so an uncatalogued scarp here is more likely a road cut, canal levee, quarry face or erosion line than a fault - down-weighted, and emitted only if it clears the metric bar"
1477,2,"[3361, 3361]","[1868, 1869]",187000.0,-92800.0,B-only,"{""silent"": 0, ""concordant"": 0, ""A-only"": 0, ""B-only"": 2}",1048.4651,10.9281,14.7053,2.8163,162.8445,39.54,False,0.98758,"surface-view only: scarp with no field offset; the catalogue was built from this same surface expression, so an uncatalogued scarp here is more likely a road cut, canal levee, quarry face or erosion line than a fault - down-weighted, and emitted only if it clears the metric bar"
1488,2,"[3397, 3398]","[1835, 1836]",183700.0,-96450.0,B-only,"{""silent"": 0, ""concordant"": 0, ""A-only"": 0, ""B-only"": 2}",521.6749,7.0183,13.7773,1.8426,62.2345,51.7,False,0.98577,"surface-view only: scarp with no field offset; the catalogue was built from this same surface expression, so an uncatalogued scarp here is more likely a road cut, canal levee, quarry face or erosion line than a fault - down-weighted, and emitted only if it clears the metric bar"
1492,2,"[3414, 3415]","[1886, 1887]",188800.0,-98150.0,B-only,"{""silent"": 0, ""concordant"": 0, ""A-only"": 0, ""B-only"": 2}",382.7955,11.6584,10.5926,0.7492,205.604,78.72,False,0.9847,"surface-view only: scarp with no field offset; the catalogue was built from this same surface expression, so an uncatalogued scarp here is more likely a road cut, canal levee, quarry face or erosion line than a fault - down-weighted, and emitted only if it clears the metric bar"
1510,2,"[3477, 3478]","[1955, 1955]",195650.0,-104450.0,B-only,"{""silent"": 1, ""concordant"": 0, ""A-only"": 0, ""B-only"": 1}",211.4881,3.9583,10.0259,2.7158,26.1796,11.02,False,0.98551,"surface-view only: scarp with no field offset; the catalogue was built from this same surface expression, so an uncatalogued scarp here is more likely a road cut, canal levee, quarry face or erosion line than a fault - down-weighted, and emitted only if it clears the metric bar"
1514,2,"[3497, 3498]","[1646, 1646]",164750.0,-106450.0,concordant,"{""silent"": 1, ""concordant"": 1, ""A-only"": 0, ""B-only"": 0}",68.7896,17.4134,11.6383,35.6835,92.0147,1.21,False,0.98641,"both views agree: continuation of a mapped structure beyond the end or the side of the mapped trace, the case where the catalogue is truncated by mapping convention rather than by data"
1517,2,"[3504, 3504]","[2153, 2154]",215500.0,-107100.0,silent,"{""silent"": 2, ""concordant"": 0, ""A-only"": 0, ""B-only"": 0}",12.8305,15.2694,14.5248,10.0457,28.1248,2.41,False,0.98568,neither view is in its confident tail; emitted on corridor mass that the calibrated density still values above the acceptance bar (bar 0.0593)
1519,2,"[3514, 3515]","[1978, 1979]",198000.0,-108150.0,B-only,"{""silent"": 0, ""concordant"": 0, ""A-only"": 0, ""B-only"": 2}",12.5618,10.2194,12.808,3.8116,141.2847,17.69,False,0.98521,"surface-view only: scarp with no field offset; the catalogue was built from this same surface expression, so an uncatalogued scarp here is more likely a road cut, canal levee, quarry face or erosion line than a fault - down-weighted, and emitted only if it clears the metric bar"
1522,2,"[3525, 3525]","[1669, 1670]",167100.0,-109200.0,concordant,"{""silent"": 0, ""concordant"": 2, ""A-only"": 0, ""B-only"": 0}",112.2724,16.6966,12.652,36.1952,241.9698,1.21,False,0.98602,"both views agree: continuation of a mapped structure beyond the end or the side of the mapped trace, the case where the catalogue is truncated by mapping convention rather than by data"
1524,2,"[3536, 3537]","[2127, 2128]",212900.0,-110350.0,B-only,"{""silent"": 0, ""concordant"": 0, ""A-only"": 0, ""B-only"": 2}",37.195,9.3307,13.9529,13.3467,41.6241,1.41,False,0.9853,"surface-view only: scarp with no field offset; the catalogue was built from this same surface expression, so an uncatalogued scarp here is more likely a road cut, canal levee, quarry face or erosion line than a fault - down-weighted, and emitted only if it clears the metric bar"
1526,2,"[3554, 3554]","[2106, 2107]",210800.0,-112100.0,silent,"{""silent"": 2, ""concordant"": 0, ""A-only"": 0, ""B-only"": 0}",27.0633,8.5743,14.9279,8.5605,45.1425,2.53,False,0.98594,neither view is in its confident tail; emitted on corridor mass that the calibrated density still values above the acceptance bar (bar 0.0593)
1530,2,"[3582, 3582]","[1808, 1809]",181000.0,-114900.0,B-only,"{""silent"": 0, ""concordant"": 0, ""A-only"": 0, ""B-only"": 2}",188.1942,2.6915,7.8748,1.7123,33.3712,44.51,False,0.98401,"surface-view only: scarp with no field offset; the catalogue was built from this same surface expression, so an uncatalogued scarp here is more likely a road cut, canal levee, quarry face or erosion line than a fault - down-weighted, and emitted only if it clears the metric bar"
1536,2,"[3597, 3598]","[1846, 1847]",184800.0,-116450.0,silent,"{""silent"": 2, ""concordant"": 0, ""A-only"": 0, ""B-only"": 0}",80.775,4.5035,9.2672,0.5315,41.8177,33.6,False,0.98477,neither view is in its confident tail; emitted on corridor mass that the calibrated density still values above the acceptance bar (bar 0.0593)
4,1,"[0, 0]","[1827, 1827]",182850.0,243300.0,B-only,"{""silent"": 0, ""concordant"": 0, ""A-only"": 0, ""B-only"": 1}",1.9954,7.5502,13.9855,10.5792,226.3984,51.04,False,0.98657,"surface-view only: scarp with no field offset; the catalogue was built from this same surface expression, so an uncatalogued scarp here is more likely a road cut, canal levee, quarry face or erosion line than a fault - down-weighted, and emitted only if it clears the metric bar"
11,1,"[0, 0]","[2255, 2255]",225650.0,243300.0,B-only,"{""silent"": 0, ""concordant"": 0, ""A-only"": 0, ""B-only"": 1}",69.8256,17.0642,15.8837,5.7824,113.7845,9.9,False,0.98376,"surface-view only: scarp with no field offset; the catalogue was built from this same surface expression, so an uncatalogued scarp here is more likely a road cut, canal levee, quarry face or erosion line than a fault - down-weighted, and emitted only if it clears the metric bar"
12,1,"[0, 0]","[2415, 2415]",241650.0,243300.0,B-only,"{""silent"": 0, ""concordant"": 0, ""A-only"": 0, ""B-only"": 1}",22.6725,3.3955,11.3412,3.5506,126.3118,34.66,False,0.98374,"surface-view only: scarp with no field offset; the catalogue was built from this same surface expression, so an uncatalogued scarp here is more likely a road cut, canal levee, quarry face or erosion line than a fault - down-weighted, and emitted only if it clears the metric bar"
13,1,"[0, 0]","[2418, 2418]",241950.0,243300.0,B-only,"{""silent"": 0, ""concordant"": 0, ""A-only"": 0, ""B-only"": 1}",22.625,5.3381,11.9718,3.4432,129.1349,36.88,False,0.98616,"surface-view only: scarp with no field offset; the catalogue was built from this same surface expression, so an uncatalogued scarp here is more likely a road cut, canal levee, quarry face or erosion line than a fault - down-weighted, and emitted only if it clears the metric bar"
14,1,"[0, 0]","[2422, 2422]",242350.0,243300.0,B-only,"{""silent"": 0, ""concordant"": 0, ""A-only"": 0, ""B-only"": 1}",22.5621,4.2668,12.6903,3.3036,132.6821,40.0,False,0.99327,"surface-view only: scarp with no field offset; the catalogue was built from this same surface expression, so an uncatalogued scarp here is more likely a road cut, canal levee, quarry face or erosion line than a fault - down-weighted, and emitted only if it clears the metric bar"
15,1,"[0, 0]","[2424, 2424]",242550.0,243300.0,B-only,"{""silent"": 0, ""concordant"": 0, ""A-only"": 0, ""B-only"": 1}",22.6346,14.3396,13.7473,3.2347,133.4674,41.62,False,0.9834,"surface-view only: scarp with no field offset; the catalogue was built from this same surface expression, so an uncatalogued scarp here is more likely a road cut, canal levee, quarry face or erosion line than a fault - down-weighted, and emitted only if it clears the metric bar"
16,1,"[0, 0]","[2431, 2431]",243250.0,243300.0,B-only,"{""silent"": 0, ""concordant"": 0, ""A-only"": 0, ""B-only"": 1}",23.1513,9.8381,11.9893,3.0306,134.4247,40.61,False,0.98514,"surface-view only: scarp with no field offset; the catalogue was built from this same surface expression, so an uncatalogued scarp here is more likely a road cut, canal levee, quarry face or erosion line than a fault - down-weighted, and emitted only if it clears the metric bar"
20,1,"[0, 0]","[2749, 2749]",275050.0,243300.0,B-only,"{""silent"": 0, ""concordant"": 0, ""A-only"": 0, ""B-only"": 1}",28.8897,3.1178,16.5558,14.6199,260.9223,26.93,False,0.98531,"surface-view only: scarp with no field offset; the catalogue was built from this same surface expression, so an uncatalogued scarp here is more likely a road cut, canal levee, quarry face or erosion line than a fault - down-weighted, and emitted only if it clears the metric bar"
24,1,"[0, 0]","[3155, 3155]",315650.0,243300.0,silent,"{""silent"": 1, ""concordant"": 0, ""A-only"": 0, ""B-only"": 0}",67.4474,8.057,14.1911,18.5409,152.9923,42.95,False,0.99507,neither view is in its confident tail; emitted on corridor mass that the calibrated density still values above the acceptance bar (bar 0.0593)
25,1,"[0, 0]","[3157, 3157]",315850.0,243300.0,silent,"{""silent"": 1, ""concordant"": 0, ""A-only"": 0, ""B-only"": 0}",60.5668,18.9386,14.704,18.5536,154.6802,41.0,False,0.98627,neither view is in its confident tail; emitted on corridor mass that the calibrated density still values above the acceptance bar (bar 0.0593)
30,1,"[1, 1]","[960, 960]",96150.0,243200.0,silent,"{""silent"": 1, ""concordant"": 0, ""A-only"": 0, ""B-only"": 0}",54.9583,8.8237,17.2101,6.0653,88.4945,13.0,False,0.99144,neither view is in its confident tail; emitted on corridor mass that the calibrated density still values above the acceptance bar (bar 0.0593)
36,1,"[14, 14]","[678, 678]",67950.0,241900.0,silent,"{""silent"": 1, ""concordant"": 0, ""A-only"": 0, ""B-only"": 0}",20.4329,6.458,10.2866,1.2589,155.072,18.25,False,0.98401,neither view is in its confident tail; emitted on corridor mass that the calibrated density still values above the acceptance bar (bar 0.0593)
42,1,"[41, 41]","[3274, 3274]",327550.0,239200.0,B-only,"{""silent"": 0, ""concordant"": 0, ""A-only"": 0, ""B-only"": 1}",7.4072,5.2003,9.6565,3.1593,33.4032,76.9,False,0.98441,"surface-view only: scarp with no field offset; the catalogue was built from this same surface expression, so an uncatalogued scarp here is more likely a road cut, canal levee, quarry face or erosion line than a fault - down-weighted, and emitted only if it clears the metric bar"
44,1,"[47, 47]","[2968, 2968]",296950.0,238600.0,B-only,"{""silent"": 0, ""concordant"": 0, ""A-only"": 0, ""B-only"": 1}",22.9088,5.424,11.8909,0.3455,22.524,22.2,False,0.98498,"surface-view only: scarp with no field offset; the catalogue was built from this same surface expression, so an uncatalogued scarp here is more likely a road cut, canal levee, quarry face or erosion line than a fault - down-weighted, and emitted only if it clears the metric bar"
51,1,"[70, 70]","[2964, 2964]",296550.0,236300.0,B-only,"{""silent"": 0, ""concordant"": 0, ""A-only"": 0, ""B-only"": 1}",16.477,6.4414,10.4714,1.2889,19.623,38.47,False,0.98416,"surface-view only: scarp with no field offset; the catalogue was built from this same surface expression, so an uncatalogued scarp here is more likely a road cut, canal levee, quarry face or erosion line than a fault - down-weighted, and emitted only if it clears the metric bar"
52,1,"[74, 74]","[3262, 3262]",326350.0,235900.0,silent,"{""silent"": 1, ""concordant"": 0, ""A-only"": 0, ""B-only"": 0}",58.0258,1.8169,10.1923,1.6351,15.1276,56.94,False,0.98567,neither view is in its confident tail; emitted on corridor mass that the calibrated density still values above the acceptance bar (bar 0.0593)
56,1,"[82, 82]","[2878, 2878]",287950.0,235100.0,silent,"{""silent"": 1, ""concordant"": 0, ""A-only"": 0, ""B-only"": 0}",185.6991,3.4803,9.1602,1.3753,250.856,15.23,False,0.98617,neither view is in its confident tail; emitted on corridor mass that the calibrated density still values above the acceptance bar (bar 0.0593)
57,1,"[83, 83]","[2875, 2875]",287650.0,235000.0,silent,"{""silent"": 1, ""concordant"": 0, ""A-only"": 0, ""B-only"": 0}",176.0957,1.8806,9.4628,1.3123,291.1168,15.23,False,0.98926,neither view is in its confident tail; emitted on corridor mass that the calibrated density still values above the acceptance bar (bar 0.0593)
64,1,"[93, 93]","[479, 479]",48050.0,234000.0,silent,"{""silent"": 1, ""concordant"": 0, ""A-only"": 0, ""B-only"": 0}",85.5807,3.0691,12.7343,5.6886,64.0196,5.0,False,0.98693,neither view is in its confident tail; emitted on corridor mass that the calibrated density still values above the acceptance bar (bar 0.0593)
65,1,"[93, 93]","[3269, 3269]",327050.0,234000.0,silent,"{""silent"": 1, ""concordant"": 0, ""A-only"": 0, ""B-only"": 0}",63.2288,0.7751,7.9211,1.7379,60.3362,56.89,False,0.98342,neither view is in its confident tail; emitted on corridor mass that the calibrated density still values above the acceptance bar (bar 0.0593)
66,1,"[96, 96]","[470, 470]",47150.0,233700.0,silent,"{""silent"": 1, ""concordant"": 0, ""A-only"": 0, ""B-only"": 0}",70.4909,4.2514,9.4923,3.0899,97.2876,8.0,False,0.98352,neither view is in its confident tail; emitted on corridor mass that the calibrated density still values above the acceptance bar (bar 0.0593)
67,1,"[98, 98]","[3272, 3272]",327350.0,233500.0,silent,"{""silent"": 1, ""concordant"": 0, ""A-only"": 0, ""B-only"": 0}",62.3679,1.3382,7.2142,1.7664,39.7691,59.21,False,0.98429,neither view is in its confident tail; emitted on corridor mass that the calibrated density still values above the acceptance bar (bar 0.0593)
69,1,"[108, 108]","[2836, 2836]",283750.0,232500.0,silent,"{""silent"": 1, ""concordant"": 0, ""A-only"": 0, ""B-only"": 0}",20.8475,5.4277,12.4267,1.8945,354.3808,28.16,False,0.98494,neither view is in its confident tail; emitted on corridor mass that the calibrated density still values above the acceptance bar (bar 0.0593)
70,1,"[110, 110]","[2835, 2835]",283650.0,232300.0,silent,"{""silent"": 1, ""concordant"": 0, ""A-only"": 0, ""B-only"": 0}",17.9668,3.2238,11.6004,1.9047,340.3957,30.27,False,0.98361,neither view is in its confident tail; emitted on corridor mass that the calibrated density still values above the acceptance bar (bar 0.0593)
71,1,"[111, 111]","[461, 461]",46250.0,232200.0,silent,"{""silent"": 1, ""concordant"": 0, ""A-only"": 0, ""B-only"": 0}",133.0629,9.6523,9.8253,2.1432,544.5172,23.0,False,0.98505,neither view is in its confident tail; emitted on corridor mass that the calibrated density still values above the acceptance bar (bar 0.0593)
74,1,"[115, 115]","[3251, 3251]",325250.0,231800.0,silent,"{""silent"": 1, ""concordant"": 0, ""A-only"": 0, ""B-only"": 0}",119.3888,2.5029,7.6292,0.6779,38.7754,38.83,False,0.98562,neither view is in its confident tail; emitted on corridor mass that the calibrated density still values above the acceptance bar (bar 0.0593)
75,1,"[116, 116]","[3249, 3249]",325050.0,231700.0,B-only,"{""silent"": 0, ""concordant"": 0, ""A-only"": 0, ""B-only"": 1}",119.9557,8.9359,8.3707,0.9527,36.0442,37.11,False,0.98446,"surface-view only: scarp with no field offset; the catalogue was built from this same surface expression, so an uncatalogued scarp here is more likely a road cut, canal levee, quarry face or erosion line than a fault - down-weighted, and emitted only if it clears the metric bar"
80,1,"[126, 126]","[440, 440]",44150.0,230700.0,silent,"{""silent"": 1, ""concordant"": 0, ""A-only"": 0, ""B-only"": 0}",214.7892,1.2965,10.1227,4.4248,265.3488,36.12,False,0.98428,neither view is in its confident tail; emitted on corridor mass that the calibrated density still values above the acceptance bar (bar 0.0593)
81,1,"[127, 127]","[3249, 3249]",325050.0,230600.0,silent,"{""silent"": 1, ""concordant"": 0, ""A-only"": 0, ""B-only"": 0}",103.2838,6.1169,8.5651,1.3846,48.8719,41.18,False,0.9845,neither view is in its confident tail; emitted on corridor mass that the calibrated density still values above the acceptance bar (bar 0.0593)
82,1,"[133, 133]","[2563, 2563]",256450.0,230000.0,silent,"{""silent"": 1, ""concordant"": 0, ""A-only"": 0, ""B-only"": 0}",16.2318,4.8692,9.909,0.7138,87.1023,44.92,False,0.98431,neither view is in its confident tail; emitted on corridor mass that the calibrated density still values above the acceptance bar (bar 0.0593)
86,1,"[138, 138]","[2574, 2574]",257550.0,229500.0,B-only,"{""silent"": 0, ""concordant"": 0, ""A-only"": 0, ""B-only"": 1}",42.8407,1.3748,8.9113,1.5721,83.2248,48.04,False,0.98437,"surface-view only: scarp with no field offset; the catalogue was built from this same surface expression, so an uncatalogued scarp here is more likely a road cut, canal levee, quarry face or erosion line than a fault - down-weighted, and emitted only if it clears the metric bar"
87,1,"[138, 138]","[2580, 2580]",258150.0,229500.0,B-only,"{""silent"": 0, ""concordant"": 0, ""A-only"": 0, ""B-only"": 1}",78.7976,2.2947,10.5192,2.3635,78.8483,48.0,False,0.98568,"surface-view only: scarp with no field offset; the catalogue was built from this same surface expression, so an uncatalogued scarp here is more likely a road cut, canal levee, quarry face or erosion line than a fault - down-weighted, and emitted only if it clears the metric bar"
90,1,"[140, 140]","[2579, 2579]",258050.0,229300.0,B-only,"{""silent"": 0, ""concordant"": 0, ""A-only"": 0, ""B-only"": 1}",76.8684,1.1219,10.269,2.4714,86.7797,50.0,False,0.98484,"surface-view only: scarp with no field offset; the catalogue was built from this same surface expression, so an uncatalogued scarp here is more likely a road cut, canal levee, quarry face or erosion line than a fault - down-weighted, and emitted only if it clears the metric bar"
91,1,"[141, 141]","[3236, 3236]",323750.0,229200.0,B-only,"{""silent"": 0, ""concordant"": 0, ""A-only"": 0, ""B-only"": 1}",49.5632,1.25,9.4286,1.236,113.7731,41.05,False,0.98801,"surface-view only: scarp with no field offset; the catalogue was built from this same surface expression, so an uncatalogued scarp here is more likely a road cut, canal levee, quarry face or erosion line than a fault - down-weighted, and emitted only if it clears the metric bar"
99,1,"[152, 152]","[465, 465]",46650.0,228100.0,silent,"{""silent"": 1, ""concordant"": 0, ""A-only"": 0, ""B-only"": 0}",115.314,4.0285,11.8422,4.4397,198.7282,64.0,False,0.98345,neither view is in its confident tail; emitted on corridor mass that the calibrated density still values above the acceptance bar (bar 0.0593)
101,1,"[155, 155]","[468, 468]",46950.0,227800.0,B-only,"{""silent"": 0, ""concordant"": 0, ""A-only"": 0, ""B-only"": 1}",166.5196,5.7061,11.2972,6.0088,137.5263,67.0,False,0.98577,"surface-view only: scarp with no field offset; the catalogue was built from this same surface expression, so an uncatalogued scarp here is more likely a road cut, canal levee, quarry face or erosion line than a fault - down-weighted, and emitted only if it clears the metric bar"
102,1,"[156, 156]","[465, 465]",46650.0,227700.0,B-only,"{""silent"": 0, ""concordant"": 0, ""A-only"": 0, ""B-only"": 1}",165.8362,5.3529,11.3571,5.2197,82.9556,64.63,False,0.98426,"surface-view only: scarp with no field offset; the catalogue was built from this same surface expression, so an uncatalogued scarp here is more likely a road cut, canal levee, quarry face or erosion line than a fault - down-weighted, and emitted only if it clears the metric bar"
103,1,"[156, 156]","[3185, 3185]",318650.0,227700.0,B-only,"{""silent"": 0, ""concordant"": 0, ""A-only"": 0, ""B-only"": 1}",1.4368,0.2301,7.3172,0.5979,76.3001,56.44,False,0.98476,"surface-view only: scarp with no field offset; the catalogue was built from this same surface expression, so an uncatalogued scarp here is more likely a road cut, canal levee, quarry face or erosion line than a fault - down-weighted, and emitted only if it clears the metric bar"
104,1,"[157, 157]","[3142, 3142]",314350.0,227600.0,B-only,"{""silent"": 0, ""concordant"": 0, ""A-only"": 0, ""B-only"": 1}",56.9172,5.3884,9.0054,1.7861,86.5383,50.48,False,0.98347,"surface-view only: scarp with no field offset; the catalogue was built from this same surface expression, so an uncatalogued scarp here is more likely a road cut, canal levee, quarry face or erosion line than a fault - down-weighted, and emitted only if it clears the metric bar"
106,1,"[158, 158]","[2176, 2176]",217750.0,227500.0,B-only,"{""silent"": 0, ""concordant"": 0, ""A-only"": 0, ""B-only"": 1}",4.3895,1.7855,14.9925,0.5254,37.4735,15.23,False,0.98662,"surface-view only: scarp with no field offset; the catalogue was built from this same surface expression, so an uncatalogued scarp here is more likely a road cut, canal levee, quarry face or erosion line than a fault - down-weighted, and emitted only if it clears the metric bar"
111,1,"[162, 162]","[3226, 3226]",322750.0,227100.0,B-only,"{""silent"": 0, ""concordant"": 0, ""A-only"": 0, ""B-only"": 1}",11.1784,4.2049,8.0434,1.3095,91.7233,56.52,False,0.9871,"surface-view only: scarp with no field offset; the catalogue was built from this same surface expression, so an uncatalogued scarp here is more likely a road cut, canal levee, quarry face or erosion line than a fault - down-weighted, and emitted only if it clears the metric bar"
114,1,"[166, 166]","[3162, 3162]",316350.0,226700.0,B-only,"{""silent"": 0, ""concordant"": 0, ""A-only"": 0, ""B-only"": 1}",5.482,0.5542,7.7842,0.6621,54.1489,58.25,False,0.98349,"surface-view only: scarp with no field offset; the catalogue was built from this same surface expression, so an uncatalogued scarp here is more likely a road cut, canal levee, quarry face or erosion line than a fault - down-weighted, and emitted only if it clears the metric bar"
116,1,"[167, 167]","[1931, 1931]",193250.0,226600.0,B-only,"{""silent"": 0, ""concordant"": 0, ""A-only"": 0, ""B-only"": 1}",137.9052,3.9516,9.3572,1.3443,47.5634,69.12,False,0.98393,"surface-view only: scarp with no field offset; the catalogue was built from this same surface expression, so an uncatalogued scarp here is more likely a road cut, canal levee, quarry face or erosion line than a fault - down-weighted, and emitted only if it clears the metric bar"
118,1,"[169, 169]","[1926, 1926]",192750.0,226400.0,B-only,"{""silent"": 0, ""concordant"": 0, ""A-only"": 0, ""B-only"": 1}",86.7173,5.0232,11.9957,1.4246,61.2442,74.24,False,0.98479,"surface-view only: scarp with no field offset; the catalogue was built from this same surface expression, so an uncatalogued scarp here is more likely a road cut, canal levee, quarry face or erosion line than a fault - down-weighted, and emitted only if it clears the metric bar"
120,1,"[172, 172]","[2174, 2174]",217550.0,226100.0,silent,"{""silent"": 1, ""concordant"": 0, ""A-only"": 0, ""B-only"": 0}",2.1501,12.2185,17.9665,0.3788,17.473,18.68,False,0.98737,neither view is in its confident tail; emitted on corridor mass that the calibrated density still values above the acceptance bar (bar 0.0593)
122,1,"[173, 173]","[3217, 3217]",321850.0,226000.0,silent,"{""silent"": 1, ""concordant"": 0, ""A-only"": 0, ""B-only"": 0}",3.5563,2.7034,8.1658,0.9366,38.5443,66.12,False,0.98642,neither view is in its confident tail; emitted on corridor mass that the calibrated density still values above the acceptance bar (bar 0.0593)
124,1,"[175, 175]","[3222, 3222]",322350.0,225800.0,silent,"{""silent"": 1, ""concordant"": 0, ""A-only"": 0, ""B-only"": 0}",3.7236,5.3199,10.1175,1.0774,38.233,68.59,False,0.98682,neither view is in its confident tail; emitted on corridor mass that the calibrated density still values above the acceptance bar (bar 0.0593)
127,1,"[179, 179]","[1861, 1861]",186250.0,225400.0,B-only,"{""silent"": 0, ""concordant"": 0, ""A-only"": 0, ""B-only"": 1}",11.3543,10.8173,15.4987,2.2599,29.5838,100.3,False,0.98475,"surface-view only: scarp with no field offset; the catalogue was built from this same surface expression, so an uncatalogued scarp here is more likely a road cut, canal levee, quarry face or erosion line than a fault - down-weighted, and emitted only if it clears the metric bar"
128,1,"[181, 181]","[2183, 2183]",218450.0,225200.0,silent,"{""silent"": 1, ""concordant"": 0, ""A-only"": 0, ""B-only"": 0}",2.753,4.3888,14.0953,0.5366,7.3286,25.71,False,0.9835,neither view is in its confident tail; emitted on corridor mass that the calibrated density still values above the acceptance bar (bar 0.0593)
130,1,"[182, 182]","[3289, 3289]",329050.0,225100.0,B-only,"{""silent"": 0, ""concordant"": 0, ""A-only"": 0, ""B-only"": 1}",523.0604,3.1953,10.2227,1.8299,116.5487,106.78,False,0.98401,"surface-view only: scarp with no field offset; the catalogue was built from this same surface expression, so an uncatalogued scarp here is more likely a road cut, canal levee, quarry face or erosion line than a fault - down-weighted, and emitted only if it clears the metric bar"
131,1,"[183, 183]","[3291, 3291]",329250.0,225000.0,B-only,"{""silent"": 0, ""concordant"": 0, ""A-only"": 0, ""B-only"": 1}",543.0113,1.9446,10.1894,1.5627,149.5041,108.9,False,0.98615,"surface-view only: scarp with no field offset; the catalogue was built from this same surface expression, so an uncatalogued scarp here is more likely a road cut, canal levee, quarry face or erosion line than a fault - down-weighted, and emitted only if it clears the metric bar"
137,1,"[200, 200]","[1252, 1252]",125350.0,223300.0,B-only,"{""silent"": 0, ""concordant"": 0, ""A-only"": 0, ""B-only"": 1}",793.5325,7.1402,11.7718,0.5577,53.0272,85.15,False,0.98526,"surface-view only: scarp with no field offset; the catalogue was built from this same surface expression, so an uncatalogued scarp here is more likely a road cut, canal levee, quarry face or erosion line than a fault - down-weighted, and emitted only if it clears the metric bar"
141,1,"[214, 214]","[2438, 2438]",243950.0,221900.0,B-only,"{""silent"": 0, ""concordant"": 0, ""A-only"": 0, ""B-only"": 1}",6.8824,6.7636,14.0876,0.4729,55.6332,55.0,False,0.98423,"surface-view only: scarp with no field offset; the catalogue was built from this same surface expression, so an uncatalogued scarp here is more likely a road cut, canal levee, quarry face or erosion line than a fault - down-weighted, and emitted only if it clears the metric bar"
143,1,"[217, 217]","[3196, 3196]",319750.0,221600.0,B-only,"{""silent"": 0, ""concordant"": 0, ""A-only"": 0, ""B-only"": 1}",86.1695,4.8793,12.343,1.7473,37.0041,46.57,False,0.98346,"surface-view only: scarp with no field offset; the catalogue was built from this same surface expression, so an uncatalogued scarp here is more likely a road cut, canal levee, quarry face or erosion line than a fault - down-weighted, and emitted only if it clears the metric bar"
145,1,"[222, 222]","[2439, 2439]",244050.0,221100.0,B-only,"{""silent"": 0, ""concordant"": 0, ""A-only"": 0, ""B-only"": 1}",5.1444,5.8579,11.7095,0.3866,54.6141,54.15,False,0.98434,"surface-view only: scarp with no field offset; the catalogue was built from this same surface expression, so an uncatalogued scarp here is more likely a road cut, canal levee, quarry face or erosion line than a fault - down-weighted, and emitted only if it clears the metric bar"
146,1,"[225, 225]","[2026, 2026]",202750.0,220800.0,B-only,"{""silent"": 0, ""concordant"": 0, ""A-only"": 0, ""B-only"": 1}",292.5828,4.9294,11.0605,2.6758,20.9154,24.41,False,0.98535,"surface-view only: scarp with no field offset; the catalogue was built from this same surface expression, so an uncatalogued scarp here is more likely a road cut, canal levee, quarry face or erosion line than a fault - down-weighted, and emitted only if it clears the metric bar"
148,1,"[230, 230]","[1903, 1903]",190450.0,220300.0,silent,"{""silent"": 1, ""concordant"": 0, ""A-only"": 0, ""B-only"": 0}",104.0036,15.3883,13.7145,1.958,79.9134,116.5,False,0.98432,neither view is in its confident tail; emitted on corridor mass that the calibrated density still values above the acceptance bar (bar 0.0593)
149,1,"[233, 233]","[1903, 1903]",190450.0,220000.0,B-only,"{""silent"": 0, ""concordant"": 0, ""A-only"": 0, ""B-only"": 1}",136.5668,6.3196,12.9228,1.9869,87.5668,118.15,False,0.98704,"surface-view only: scarp with no field offset; the catalogue was built from this same surface expression, so an uncatalogued scarp here is more likely a road cut, canal levee, quarry face or erosion line than a fault - down-weighted, and emitted only if it clears the metric bar"
151,1,"[237, 237]","[2478, 2478]",247950.0,219600.0,B-only,"{""silent"": 0, ""concordant"": 0, ""A-only"": 0, ""B-only"": 1}",230.502,5.5189,10.6889,4.1842,330.7597,24.21,False,0.9838,"surface-view only: scarp with no field offset; the catalogue was built from this same surface expression, so an uncatalogued scarp here is more likely a road cut, canal levee, quarry face or erosion line than a fault - down-weighted, and emitted only if it clears the metric bar"
156,1,"[247, 247]","[348, 348]",34950.0,218600.0,B-only,"{""silent"": 0, ""concordant"": 0, ""A-only"": 0, ""B-only"": 1}",435.0927,2.3571,12.946,3.7479,74.6085,7.07,False,0.98461,"surface-view only: scarp with no field offset; the catalogue was built from this same surface expression, so an uncatalogued scarp here is more likely a road cut, canal levee, quarry face or erosion line than a fault - down-weighted, and emitted only if it clears the metric bar"
157,1,"[248, 248]","[366, 366]",36750.0,218500.0,B-only,"{""silent"": 0, ""concordant"": 0, ""A-only"": 0, ""B-only"": 1}",85.5762,5.7229,13.6387,0.9971,327.0651,10.0,False,0.98496,"surface-view only: scarp with no field offset; the catalogue was built from this same surface expression, so an uncatalogued scarp here is more likely a road cut, canal levee, quarry face or erosion line than a fault - down-weighted, and emitted only if it clears the metric bar"
161,1,"[250, 250]","[348, 348]",34950.0,218300.0,B-only,"{""silent"": 0, ""concordant"": 0, ""A-only"": 0, ""B-only"": 1}",442.8328,2.815,12.7518,3.6378,61.4474,8.06,False,0.98339,"surface-view only: scarp with no field offset; the catalogue was built from this same surface expression, so an uncatalogued scarp here is more likely a road cut, canal levee, quarry face or erosion line than a fault - down-weighted, and emitted only if it clears the metric bar"
162,1,"[258, 258]","[347, 347]",34850.0,217500.0,silent,"{""silent"": 1, ""concordant"": 0, ""A-only"": 0, ""B-only"": 0}",500.452,4.3582,12.5831,3.4829,88.8124,7.28,False,0.98415,neither view is in its confident tail; emitted on corridor mass that the calibrated density still values above the acceptance bar (bar 0.0593)
167,1,"[273, 273]","[3217, 3217]",321850.0,216000.0,B-only,"{""silent"": 0, ""concordant"": 0, ""A-only"": 0, ""B-only"": 1}",18.8444,3.6447,10.5086,1.9676,23.3648,10.05,False,0.9861,"surface-view only: scarp with no field offset; the catalogue was built from this same surface expression, so an uncatalogued scarp here is more likely a road cut, canal levee, quarry face or erosion line than a fault - down-weighted, and emitted only if it clears the metric bar"
176,1,"[308, 308]","[1829, 1829]",183050.0,212500.0,B-only,"{""silent"": 0, ""concordant"": 0, ""A-only"": 0, ""B-only"": 1}",5.0001,6.5939,13.4681,0.8221,49.3199,21.4,False,0.98484,"surface-view only: scarp with no field offset; the catalogue was built from this same surface expression, so an uncatalogued scarp here is more likely a road cut, canal levee, quarry face or erosion line than a fault - down-weighted, and emitted only if it clears the metric bar"
178,1,"[310, 310]","[310, 310]",31150.0,212300.0,B-only,"{""silent"": 0, ""concordant"": 0, ""A-only"": 0, ""B-only"": 1}",874.4185,7.1647,13.585,2.4667,54.8777,18.44,False,0.98421,"surface-view only: scarp with no field offset; the catalogue was built from this same surface expression, so an uncatalogued scarp here is more likely a road cut, canal levee, quarry face or erosion line than a fault - down-weighted, and emitted only if it clears the metric bar"
179,1,"[310, 310]","[1827, 1827]",182850.0,212300.0,B-only,"{""silent"": 0, ""concordant"": 0, ""A-only"": 0, ""B-only"": 1}",7.9579,8.4712,12.181,0.8808,28.0507,18.6,False,0.98344,"surface-view only: scarp with no field offset; the catalogue was built from this same surface expression, so an uncatalogued scarp here is more likely a road cut, canal levee, quarry face or erosion line than a fault - down-weighted, and emitted only if it clears the metric bar"
181,1,"[331, 331]","[1011, 1011]",101250.0,210200.0,B-only,"{""silent"": 0, ""concordant"": 0, ""A-only"": 0, ""B-only"": 1}",9.7301,11.1926,15.2101,1.7345,689.601,17.46,False,0.98527,"surface-view only: scarp with no field offset; the catalogue was built from this same surface expression, so an uncatalogued scarp here is more likely a road cut, canal levee, quarry face or erosion line than a fault - down-weighted, and emitted only if it clears the metric bar"
187,1,"[343, 343]","[1005, 1005]",100650.0,209000.0,B-only,"{""silent"": 0, ""concordant"": 0, ""A-only"": 0, ""B-only"": 1}",5.4011,23.9094,17.1002,1.5735,126.6059,17.2,False,0.98519,"surface-view only: scarp with no field offset; the catalogue was built from this same surface expression, so an uncatalogued scarp here is more likely a road cut, canal levee, quarry face or erosion line than a fault - down-weighted, and emitted only if it clears the metric bar"
189,1,"[343, 343]","[2404, 2404]",240550.0,209000.0,B-only,"{""silent"": 0, ""concordant"": 0, ""A-only"": 0, ""B-only"": 1}",32.2751,4.4302,11.7098,0.8864,132.5824,21.0,False,0.98342,"surface-view only: scarp with no field offset; the catalogue was built from this same surface expression, so an uncatalogued scarp here is more likely a road cut, canal levee, quarry face or erosion line than a fault - down-weighted, and emitted only if it clears the metric bar"
194,1,"[349, 349]","[992, 992]",99350.0,208400.0,B-only,"{""silent"": 0, ""concordant"": 0, ""A-only"": 0, ""B-only"": 1}",5.0353,5.4909,11.4516,1.5093,80.6727,8.54,False,0.98338,"surface-view only: scarp with no field offset; the catalogue was built from this same surface expression, so an uncatalogued scarp here is more likely a road cut, canal levee, quarry face or erosion line than a fault - down-weighted, and emitted only if it clears the metric bar"
195,1,"[352, 352]","[939, 939]",94050.0,208100.0,B-only,"{""silent"": 0, ""concordant"": 0, ""A-only"": 0, ""B-only"": 1}",6.5151,6.9654,10.582,0.5895,8.0912,26.68,False,0.9845,"surface-view only: scarp with no field offset; the catalogue was built from this same surface expression, so an uncatalogued scarp here is more likely a road cut, canal levee, quarry face or erosion line than a fault - down-weighted, and emitted only if it clears the metric bar"
196,1,"[353, 353]","[2393, 2393]",239450.0,208000.0,silent,"{""silent"": 1, ""concordant"": 0, ""A-only"": 0, ""B-only"": 0}",32.3828,6.0716,11.4533,0.5446,287.1651,31.0,False,0.98712,neither view is in its confident tail; emitted on corridor mass that the calibrated density still values above the acceptance bar (bar 0.0593)
197,1,"[356, 356]","[2399, 2399]",240050.0,207700.0,B-only,"{""silent"": 0, ""concordant"": 0, ""A-only"": 0, ""B-only"": 1}",45.4878,7.5354,9.395,0.2966,194.6579,34.0,False,0.98562,"surface-view only: scarp with no field offset; the catalogue was built from this same surface expression, so an uncatalogued scarp here is more likely a road cut, canal levee, quarry face or erosion line than a fault - down-weighted, and emitted only if it clears the metric bar"
205,1,"[371, 371]","[2392, 2392]",239350.0,206200.0,B-only,"{""silent"": 0, ""concordant"": 0, ""A-only"": 0, ""B-only"": 1}",60.3397,8.4234,12.3859,0.747,174.2805,34.01,False,0.98526,"surface-view only: scarp with no field offset; the catalogue was built from this same surface expression, so an uncatalogued scarp here is more likely a road cut, canal levee, quarry face or erosion line than a fault - down-weighted, and emitted only if it clears the metric bar"
207,1,"[372, 372]","[2366, 2366]",236750.0,206100.0,B-only,"{""silent"": 0, ""concordant"": 0, ""A-only"": 0, ""B-only"": 1}",101.6415,4.7662,9.4415,0.2556,134.3467,8.25,False,0.98343,"surface-view only: scarp with no field offset; the catalogue was built from this same surface expression, so an uncatalogued scarp here is more likely a road cut, canal levee, quarry face or erosion line than a fault - down-weighted, and emitted only if it clears the metric bar"
209,1,"[376, 376]","[2365, 2365]",236650.0,205700.0,B-only,"{""silent"": 0, ""concordant"": 0, ""A-only"": 0, ""B-only"": 1}",110.9602,6.1585,9.9958,0.3269,113.801,8.94,False,0.9857,"surface-view only: scarp with no field offset; the catalogue was built from this same surface expression, so an uncatalogued scarp here is more likely a road cut, canal levee, quarry face or erosion line than a fault - down-weighted, and emitted only if it clears the metric bar"
211,1,"[379, 379]","[2608, 2608]",260950.0,205400.0,B-only,"{""silent"": 0, ""concordant"": 0, ""A-only"": 0, ""B-only"": 1}",94.5622,16.371,15.9018,2.5763,18.4777,18.03,False,0.99045,"surface-view only: scarp with no field offset; the catalogue was built from this same surface expression, so an uncatalogued scarp here is more likely a road cut, canal levee, quarry face or erosion line than a fault - down-weighted, and emitted only if it clears the metric bar"
217,1,"[384, 384]","[3124, 3124]",312550.0,204900.0,B-only,"{""silent"": 0, ""concordant"": 0, ""A-only"": 0, ""B-only"": 1}",85.8404,6.1937,12.8937,1.2869,17.5024,8.06,False,0.98467,"surface-view only: scarp with no field offset; the catalogue was built from this same surface expression, so an uncatalogued scarp here is more likely a road cut, canal levee, quarry face or erosion line than a fault - down-weighted, and emitted only if it clears the metric bar"
219,1,"[385, 385]","[3121, 3121]",312250.0,204800.0,B-only,"{""silent"": 0, ""concordant"": 0, ""A-only"": 0, ""B-only"": 1}",102.0524,5.0538,12.3815,1.3817,22.7947,8.06,False,0.98465,"surface-view only: scarp with no field offset; the catalogue was built from this same surface expression, so an uncatalogued scarp here is more likely a road cut, canal levee, quarry face or erosion line than a fault - down-weighted, and emitted only if it clears the metric bar"
223,1,"[393, 393]","[1516, 1516]",151750.0,204000.0,B-only,"{""silent"": 0, ""concordant"": 0, ""A-only"": 0, ""B-only"": 1}",69.8134,8.6544,13.0881,2.1294,64.4015,10.3,False,0.98363,"surface-view only: scarp with no field offset; the catalogue was built from this same surface expression, so an uncatalogued scarp here is more likely a road cut, canal levee, quarry face or erosion line than a fault - down-weighted, and emitted only if it clears the metric bar"
229,1,"[407, 407]","[287, 287]",28850.0,202600.0,silent,"{""silent"": 1, ""concordant"": 0, ""A-only"": 0, ""B-only"": 0}",277.6356,2.1873,8.6672,1.7162,152.5149,26.48,False,0.98394,neither view is in its confident tail; emitted on corridor mass that the calibrated density still values above the acceptance bar (bar 0.0593)
231,1,"[408, 408]","[1518, 1518]",151950.0,202500.0,B-only,"{""silent"": 0, ""concordant"": 0, ""A-only"": 0, ""B-only"": 1}",37.6778,12.7991,13.7368,1.6106,33.8215,7.28,False,0.98412,"surface-view only: scarp with no field offset; the catalogue was built from this same surface expression, so an uncatalogued scarp here is more likely a road cut, canal levee, quarry face or erosion line than a fault - down-weighted, and emitted only if it clears the metric bar"
240,1,"[420, 420]","[2318, 2318]",231950.0,201300.0,B-only,"{""silent"": 0, ""concordant"": 0, ""A-only"": 0, ""B-only"": 1}",217.6081,5.3526,9.3969,1.5766,115.2106,32.0,False,0.98416,"surface-view only: scarp with no field offset; the catalogue was built from this same surface expression, so an uncatalogued scarp here is more likely a road cut, canal levee, quarry face or erosion line than a fault - down-weighted, and emitted only if it clears the metric bar"
241,1,"[421, 421]","[2320, 2320]",232150.0,201200.0,B-only,"{""silent"": 0, ""concordant"": 0, ""A-only"": 0, ""B-only"": 1}",213.9369,1.6488,10.645,2.0519,149.6345,33.06,False,0.98361,"surface-view only: scarp with no field offset; the catalogue was built from this same surface expression, so an uncatalogued scarp here is more likely a road cut, canal levee, quarry face or erosion line than a fault - down-weighted, and emitted only if it clears the metric bar"
244,1,"[425, 425]","[264, 264]",26550.0,200800.0,B-only,"{""silent"": 0, ""concordant"": 0, ""A-only"": 0, ""B-only"": 1}",189.215,7.3691,12.1027,1.0942,116.4276,8.06,False,0.98392,"surface-view only: scarp with no field offset; the catalogue was built from this same surface expression, so an uncatalogued scarp here is more likely a road cut, canal levee, quarry face or erosion line than a fault - down-weighted, and emitted only if it clears the metric bar"
258,1,"[444, 444]","[2295, 2295]",229650.0,198900.0,B-only,"{""silent"": 0, ""concordant"": 0, ""A-only"": 0, ""B-only"": 1}",394.1919,4.9987,9.8067,1.4758,85.7528,60.54,False,0.98354,"surface-view only: scarp with no field offset; the catalogue was built from this same surface expression, so an uncatalogued scarp here is more likely a road cut, canal levee, quarry face or erosion line than a fault - down-weighted, and emitted only if it clears the metric bar"
259,1,"[446, 446]","[281, 281]",28250.0,198700.0,silent,"{""silent"": 1, ""concordant"": 0, ""A-only"": 0, ""B-only"": 0}",147.1221,4.1748,11.5342,0.255,232.101,29.41,False,0.98441,neither view is in its confident tail; emitted on corridor mass that the calibrated density still values above the acceptance bar (bar 0.0593)
260,1,"[446, 446]","[1114, 1114]",111550.0,198700.0,silent,"{""silent"": 1, ""concordant"": 0, ""A-only"": 0, ""B-only"": 0}",1684.6874,1.0442,8.7485,3.0282,50.2707,16.12,False,0.98348,neither view is in its confident tail; emitted on corridor mass that the calibrated density still values above the acceptance bar (bar 0.0593)
264,1,"[453, 453]","[280, 280]",28150.0,198000.0,B-only,"{""silent"": 0, ""concordant"": 0, ""A-only"": 0, ""B-only"": 1}",116.2435,2.5673,10.0581,0.3617,267.6558,31.38,False,0.98478,"surface-view only: scarp with no field offset; the catalogue was built from this same surface expression, so an uncatalogued scarp here is more likely a road cut, canal levee, quarry face or erosion line than a fault - down-weighted, and emitted only if it clears the metric bar"
267,1,"[454, 454]","[269, 269]",27050.0,197900.0,silent,"{""silent"": 1, ""concordant"": 0, ""A-only"": 0, ""B-only"": 0}",81.4941,3.5517,9.4757,1.2331,273.1763,23.35,False,0.9848,neither view is in its confident tail; emitted on corridor mass that the calibrated density still values above the acceptance bar (bar 0.0593)
269,1,"[456, 456]","[491, 491]",49250.0,197700.0,silent,"{""silent"": 1, ""concordant"": 0, ""A-only"": 0, ""B-only"": 0}",533.165,12.4329,11.5813,1.0124,133.6249,12.81,False,0.98364,neither view is in its confident tail; emitted on corridor mass that the calibrated density still values above the acceptance bar (bar 0.0593)
270,1,"[458, 458]","[269, 269]",27050.0,197500.0,silent,"{""silent"": 1, ""concordant"": 0, ""A-only"": 0, ""B-only"": 0}",65.8228,8.6434,11.3714,1.2119,289.2607,26.25,False,0.98661,neither view is in its confident tail; emitted on corridor mass that the calibrated density still values above the acceptance bar (bar 0.0593)
271,1,"[458, 458]","[491, 491]",49250.0,197500.0,silent,"{""silent"": 1, ""concordant"": 0, ""A-only"": 0, ""B-only"": 0}",532.5475,11.3486,11.9028,1.0394,93.4609,14.42,False,0.98385,neither view is in its confident tail; emitted on corridor mass that the calibrated density still values above the acceptance bar (bar 0.0593)
279,1,"[479, 479]","[640, 640]",64150.0,195400.0,silent,"{""silent"": 1, ""concordant"": 0, ""A-only"": 0, ""B-only"": 0}",565.2585,7.8701,10.3671,3.571,80.3285,23.77,False,0.98695,neither view is in its confident tail; emitted on corridor mass that the calibrated density still values above the acceptance bar (bar 0.0593)
285,1,"[484, 484]","[2314, 2314]",231550.0,194900.0,B-only,"{""silent"": 0, ""concordant"": 0, ""A-only"": 0, ""B-only"": 1}",837.0855,2.4259,12.0565,0.9043,137.4952,58.69,False,0.9849,"surface-view only: scarp with no field offset; the catalogue was built from this same surface expression, so an uncatalogued scarp here is more likely a road cut, canal levee, quarry face or erosion line than a fault - down-weighted, and emitted only if it clears the metric bar"
289,1,"[486, 486]","[2273, 2273]",227450.0,194700.0,silent,"{""silent"": 1, ""concordant"": 0, ""A-only"": 0, ""B-only"": 0}",842.7992,8.6582,10.5253,1.2442,50.632,78.71,False,0.98381,neither view is in its confident tail; emitted on corridor mass that the calibrated density still values above the acceptance bar (bar 0.0593)
290,1,"[486, 486]","[2315, 2315]",231650.0,194700.0,B-only,"{""silent"": 0, ""concordant"": 0, ""A-only"": 0, ""B-only"": 1}",850.4778,3.124,12.0504,1.0113,152.976,56.46,False,0.98459,"surface-view only: scarp with no field offset; the catalogue was built from this same surface expression, so an uncatalogued scarp here is more likely a road cut, canal levee, quarry face or erosion line than a fault - down-weighted, and emitted only if it clears the metric bar"
291,1,"[487, 487]","[263, 263]",26450.0,194600.0,B-only,"{""silent"": 0, ""concordant"": 0, ""A-only"": 0, ""B-only"": 1}",29.6666,6.8179,11.3279,1.5877,108.0939,8.6,False,0.9838,"surface-view only: scarp with no field offset; the catalogue was built from this same surface expression, so an uncatalogued scarp here is more likely a road cut, canal levee, quarry face or erosion line than a fault - down-weighted, and emitted only if it clears the metric bar"
293,1,"[488, 488]","[2269, 2269]",227050.0,194500.0,silent,"{""silent"": 1, ""concordant"": 0, ""A-only"": 0, ""B-only"": 0}",841.9708,2.1074,12.2222,1.2919,35.685,75.15,False,0.98637,neither view is in its confident tail; emitted on corridor mass that the calibrated density still values above the acceptance bar (bar 0.0593)
296,1,"[491, 491]","[2253, 2253]",225450.0,194200.0,B-only,"{""silent"": 0, ""concordant"": 0, ""A-only"": 0, ""B-only"": 1}",772.4973,4.0336,10.3443,0.8938,23.8632,60.21,False,0.98665,"surface-view only: scarp with no field offset; the catalogue was built from this same surface expression, so an uncatalogued scarp here is more likely a road cut, canal levee, quarry face or erosion line than a fault - down-weighted, and emitted only if it clears the metric bar"
298,1,"[491, 491]","[2315, 2315]",231650.0,194200.0,B-only,"{""silent"": 0, ""concordant"": 0, ""A-only"": 0, ""B-only"": 1}",889.5147,6.6884,11.9914,1.1968,155.6315,51.89,False,0.98661,"surface-view only: scarp with no field offset; the catalogue was built from this same surface expression, so an uncatalogued scarp here is more likely a road cut, canal levee, quarry face or erosion line than a fault - down-weighted, and emitted only if it clears the metric bar"
299,1,"[493, 493]","[404, 404]",40550.0,194000.0,B-only,"{""silent"": 0, ""concordant"": 0, ""A-only"": 0, ""B-only"": 1}",20.8369,5.4583,12.714,1.343,79.0068,30.68,False,0.98498,"surface-view only: scarp with no field offset; the catalogue was built from this same surface expression, so an uncatalogued scarp here is more likely a road cut, canal levee, quarry face or erosion line than a fault - down-weighted, and emitted only if it clears the metric bar"
303,1,"[496, 496]","[2253, 2253]",225450.0,193700.0,B-only,"{""silent"": 0, ""concordant"": 0, ""A-only"": 0, ""B-only"": 1}",796.6669,4.0595,12.8384,1.1386,12.7449,60.0,False,0.98487,"surface-view only: scarp with no field offset; the catalogue was built from this same surface expression, so an uncatalogued scarp here is more likely a road cut, canal levee, quarry face or erosion line than a fault - down-weighted, and emitted only if it clears the metric bar"
305,1,"[499, 499]","[2259, 2259]",226050.0,193400.0,silent,"{""silent"": 1, ""concordant"": 0, ""A-only"": 0, ""B-only"": 0}",844.6808,5.4228,9.9483,0.9422,19.1414,61.1,False,0.98453,neither view is in its confident tail; emitted on corridor mass that the calibrated density still values above the acceptance bar (bar 0.0593)
307,1,"[500, 500]","[2443, 2443]",244450.0,193300.0,B-only,"{""silent"": 0, ""concordant"": 0, ""A-only"": 0, ""B-only"": 1}",1587.1626,3.9945,7.2113,1.0718,58.3809,26.93,False,0.9842,"surface-view only: scarp with no field offset; the catalogue was built from this same surface expression, so an uncatalogued scarp here is more likely a road cut, canal levee, quarry face or erosion line than a fault - down-weighted, and emitted only if it clears the metric bar"
310,1,"[504, 504]","[2448, 2448]",244950.0,192900.0,silent,"{""silent"": 1, ""concordant"": 0, ""A-only"": 0, ""B-only"": 0}",1727.9044,2.4772,7.3134,0.8401,75.0605,23.71,False,0.98513,neither view is in its confident tail; emitted on corridor mass that the calibrated density still values above the acceptance bar (bar 0.0593)
314,1,"[508, 508]","[2260, 2260]",226150.0,192500.0,B-only,"{""silent"": 0, ""concordant"": 0, ""A-only"": 0, ""B-only"": 1}",872.8979,1.3494,10.1883,0.9824,5.5771,53.23,False,0.98663,"surface-view only: scarp with no field offset; the catalogue was built from this same surface expression, so an uncatalogued scarp here is more likely a road cut, canal levee, quarry face or erosion line than a fault - down-weighted, and emitted only if it clears the metric bar"
317,1,"[513, 513]","[2263, 2263]",226450.0,192000.0,B-only,"{""silent"": 0, ""concordant"": 0, ""A-only"": 0, ""B-only"": 1}",894.6116,2.7797,10.1936,0.8071,16.7924,50.25,False,0.98792,"surface-view only: scarp with no field offset; the catalogue was built from this same surface expression, so an uncatalogued scarp here is more likely a road cut, canal levee, quarry face or erosion line than a fault - down-weighted, and emitted only if it clears the metric bar"
318,1,"[514, 514]","[316, 316]",31750.0,191900.0,B-only,"{""silent"": 0, ""concordant"": 0, ""A-only"": 0, ""B-only"": 1}",120.2357,2.6326,11.4089,1.0368,239.6343,17.0,False,0.98434,"surface-view only: scarp with no field offset; the catalogue was built from this same surface expression, so an uncatalogued scarp here is more likely a road cut, canal levee, quarry face or erosion line than a fault - down-weighted, and emitted only if it clears the metric bar"
319,1,"[515, 515]","[524, 524]",52550.0,191800.0,silent,"{""silent"": 1, ""concordant"": 0, ""A-only"": 0, ""B-only"": 0}",922.5729,6.142,12.4191,1.6728,44.1006,28.0,False,0.98736,neither view is in its confident tail; emitted on corridor mass that the calibrated density still values above the acceptance bar (bar 0.0593)
320,1,"[517, 517]","[524, 524]",52550.0,191600.0,B-only,"{""silent"": 0, ""concordant"": 0, ""A-only"": 0, ""B-only"": 1}",880.595,12.9707,13.2631,1.6753,45.1855,28.0,False,0.98352,"surface-view only: scarp with no field offset; the catalogue was built from this same surface expression, so an uncatalogued scarp here is more likely a road cut, canal levee, quarry face or erosion line than a fault - down-weighted, and emitted only if it clears the metric bar"
332,1,"[532, 532]","[2396, 2396]",239750.0,190100.0,silent,"{""silent"": 1, ""concordant"": 0, ""A-only"": 0, ""B-only"": 0}",1811.5082,7.7404,10.8853,3.2154,72.5758,26.17,False,0.98348,neither view is in its confident tail; emitted on corridor mass that the calibrated density still values above the acceptance bar (bar 0.0593)
336,1,"[538, 538]","[2532, 2532]",253350.0,189500.0,B-only,"{""silent"": 0, ""concordant"": 0, ""A-only"": 0, ""B-only"": 1}",1501.3434,8.1151,10.6119,0.9834,69.6273,13.04,False,0.98341,"surface-view only: scarp with no field offset; the catalogue was built from this same surface expression, so an uncatalogued scarp here is more likely a road cut, canal levee, quarry face or erosion line than a fault - down-weighted, and emitted only if it clears the metric bar"
338,1,"[539, 539]","[854, 854]",85550.0,189400.0,B-only,"{""silent"": 0, ""concordant"": 0, ""A-only"": 0, ""B-only"": 1}",426.0819,2.517,11.9352,5.1332,30.2768,8.06,False,0.9898,"surface-view only: scarp with no field offset; the catalogue was built from this same surface expression, so an uncatalogued scarp here is more likely a road cut, canal levee, quarry face or erosion line than a fault - down-weighted, and emitted only if it clears the metric bar"
345,1,"[548, 548]","[526, 526]",52750.0,188500.0,B-only,"{""silent"": 0, ""concordant"": 0, ""A-only"": 0, ""B-only"": 1}",368.2014,8.8581,12.2422,0.4788,88.6823,31.62,False,0.98869,"surface-view only: scarp with no field offset; the catalogue was built from this same surface expression, so an uncatalogued scarp here is more likely a road cut, canal levee, quarry face or erosion line than a fault - down-weighted, and emitted only if it clears the metric bar"
347,1,"[549, 549]","[197, 197]",19850.0,188400.0,silent,"{""silent"": 1, ""concordant"": 0, ""A-only"": 0, ""B-only"": 0}",40.4871,3.1397,8.8383,1.477,169.0505,3.0,False,0.98468,neither view is in its confident tail; emitted on corridor mass that the calibrated density still values above the acceptance bar (bar 0.0593)
348,1,"[551, 551]","[2557, 2557]",255850.0,188200.0,B-only,"{""silent"": 0, ""concordant"": 0, ""A-only"": 0, ""B-only"": 1}",1797.3379,5.4426,14.1751,0.4687,35.4925,40.26,False,0.98377,"surface-view only: scarp with no field offset; the catalogue was built from this same surface expression, so an uncatalogued scarp here is more likely a road cut, canal levee, quarry face or erosion line than a fault - down-weighted, and emitted only if it clears the metric bar"
349,1,"[552, 552]","[1452, 1452]",145350.0,188100.0,B-only,"{""silent"": 0, ""concordant"": 0, ""A-only"": 0, ""B-only"": 1}",6.6952,3.9232,10.1282,0.2337,6.8604,19.65,False,0.98356,"surface-view only: scarp with no field offset; the catalogue was built from this same surface expression, so an uncatalogued scarp here is more likely a road cut, canal levee, quarry face or erosion line than a fault - down-weighted, and emitted only if it clears the metric bar"
354,1,"[559, 559]","[230, 230]",23150.0,187400.0,silent,"{""silent"": 1, ""concordant"": 0, ""A-only"": 0, ""B-only"": 0}",39.758,1.1283,7.206,1.6893,108.8295,32.76,False,0.9853,neither view is in its confident tail; emitted on corridor mass that the calibrated density still values above the acceptance bar (bar 0.0593)
356,1,"[560, 560]","[463, 463]",46450.0,187300.0,silent,"{""silent"": 1, ""concordant"": 0, ""A-only"": 0, ""B-only"": 0}",34.4052,10.275,12.9864,0.9728,176.5186,9.22,False,0.98656,neither view is in its confident tail; emitted on corridor mass that the calibrated density still values above the acceptance bar (bar 0.0593)
360,1,"[565, 565]","[460, 460]",46150.0,186800.0,silent,"{""silent"": 1, ""concordant"": 0, ""A-only"": 0, ""B-only"": 0}",34.4553,4.3303,13.7072,0.9122,121.0889,9.49,False,0.99095,neither view is in its confident tail; emitted on corridor mass that the calibrated density still values above the acceptance bar (bar 0.0593)
361,1,"[565, 565]","[636, 636]",63750.0,186800.0,B-only,"{""silent"": 0, ""concordant"": 0, ""A-only"": 0, ""B-only"": 1}",7.2174,12.84,13.5055,1.2973,81.6511,8.0,False,0.98414,"surface-view only: scarp with no field offset; the catalogue was built from this same surface expression, so an uncatalogued scarp here is more likely a road cut, canal levee, quarry face or erosion line than a fault - down-weighted, and emitted only if it clears the metric bar"
364,1,"[568, 568]","[459, 459]",46050.0,186500.0,silent,"{""silent"": 1, ""concordant"": 0, ""A-only"": 0, ""B-only"": 0}",35.5891,4.7747,13.6097,0.8887,100.6282,9.49,False,0.98703,neither view is in its confident tail; emitted on corridor mass that the calibrated density still values above the acceptance bar (bar 0.0593)
368,1,"[571, 571]","[2225, 2225]",222650.0,186200.0,silent,"{""silent"": 1, ""concordant"": 0, ""A-only"": 0, ""B-only"": 0}",1203.5328,8.8245,15.9512,2.1216,46.7262,18.6,False,0.98516,neither view is in its confident tail; emitted on corridor mass that the calibrated density still values above the acceptance bar (bar 0.0593)
370,1,"[573, 573]","[200, 200]",20150.0,186000.0,B-only,"{""silent"": 0, ""concordant"": 0, ""A-only"": 0, ""B-only"": 1}",33.0796,18.3426,14.8035,1.1471,262.754,1.0,False,0.98413,"surface-view only: scarp with no field offset; the catalogue was built from this same surface expression, so an uncatalogued scarp here is more likely a road cut, canal levee, quarry face or erosion line than a fault - down-weighted, and emitted only if it clears the metric bar"
371,1,"[573, 573]","[1260, 1260]",126150.0,186000.0,B-only,"{""silent"": 0, ""concordant"": 0, ""A-only"": 0, ""B-only"": 1}",24.4606,2.6438,9.4582,0.4009,67.2796,51.61,False,0.98397,"surface-view only: scarp with no field offset; the catalogue was built from this same surface expression, so an uncatalogued scarp here is more likely a road cut, canal levee, quarry face or erosion line than a fault - down-weighted, and emitted only if it clears the metric bar"
377,1,"[576, 576]","[2537, 2537]",253850.0,185700.0,B-only,"{""silent"": 0, ""concordant"": 0, ""A-only"": 0, ""B-only"": 1}",2455.2249,14.9384,16.3517,1.0458,28.7024,19.72,False,0.99126,"surface-view only: scarp with no field offset; the catalogue was built from this same surface expression, so an uncatalogued scarp here is more likely a road cut, canal levee, quarry face or erosion line than a fault - down-weighted, and emitted only if it clears the metric bar"
380,1,"[579, 579]","[633, 633]",63450.0,185400.0,B-only,"{""silent"": 0, ""concordant"": 0, ""A-only"": 0, ""B-only"": 1}",8.6154,17.8273,16.0562,0.7368,99.9022,7.0,False,0.98342,"surface-view only: scarp with no field offset; the catalogue was built from this same surface expression, so an uncatalogued scarp here is more likely a road cut, canal levee, quarry face or erosion line than a fault - down-weighted, and emitted only if it clears the metric bar"
384,1,"[581, 581]","[1651, 1651]",165250.0,185200.0,B-only,"{""silent"": 0, ""concordant"": 0, ""A-only"": 0, ""B-only"": 1}",63.0443,5.7224,10.9827,0.715,32.1104,76.48,False,0.98658,"surface-view only: scarp with no field offset; the catalogue was built from this same surface expression, so an uncatalogued scarp here is more likely a road cut, canal levee, quarry face or erosion line than a fault - down-weighted, and emitted only if it clears the metric bar"
386,1,"[582, 582]","[243, 243]",24450.0,185100.0,B-only,"{""silent"": 0, ""concordant"": 0, ""A-only"": 0, ""B-only"": 1}",23.8348,2.9249,6.7714,1.109,231.3658,34.0,False,0.98434,"surface-view only: scarp with no field offset; the catalogue was built from this same surface expression, so an uncatalogued scarp here is more likely a road cut, canal levee, quarry face or erosion line than a fault - down-weighted, and emitted only if it clears the metric bar"
387,1,"[582, 582]","[2218, 2218]",221950.0,185100.0,silent,"{""silent"": 1, ""concordant"": 0, ""A-only"": 0, ""B-only"": 0}",1358.3992,6.6167,13.6976,1.8108,57.6443,31.11,False,0.98442,neither view is in its confident tail; emitted on corridor mass that the calibrated density still values above the acceptance bar (bar 0.0593)
390,1,"[584, 584]","[2347, 2347]",234850.0,184900.0,silent,"{""silent"": 1, ""concordant"": 0, ""A-only"": 0, ""B-only"": 0}",1948.236,8.6381,9.5149,0.7301,29.5959,20.88,False,0.98427,neither view is in its confident tail; emitted on corridor mass that the calibrated density still values above the acceptance bar (bar 0.0593)
393,1,"[587, 587]","[635, 635]",63650.0,184600.0,silent,"{""silent"": 1, ""concordant"": 0, ""A-only"": 0, ""B-only"": 0}",6.8171,28.3704,15.3703,0.4868,81.097,7.62,False,0.98449,neither view is in its confident tail; emitted on corridor mass that the calibrated density still values above the acceptance bar (bar 0.0593)
394,1,"[587, 587]","[2956, 2956]",295750.0,184600.0,silent,"{""silent"": 1, ""concordant"": 0, ""A-only"": 0, ""B-only"": 0}",15.1281,11.6662,9.4631,1.6476,115.1055,30.23,False,0.99019,neither view is in its confident tail; emitted on corridor mass that the calibrated density still values above the acceptance bar (bar 0.0593)
395,1,"[590, 590]","[635, 635]",63650.0,184300.0,silent,"{""silent"": 1, ""concordant"": 0, ""A-only"": 0, ""B-only"": 0}",6.634,21.9007,16.0195,0.4244,83.6189,7.0,False,0.9868,neither view is in its confident tail; emitted on corridor mass that the calibrated density still values above the acceptance bar (bar 0.0593)
397,1,"[593, 593]","[539, 539]",54050.0,184000.0,B-only,"{""silent"": 0, ""concordant"": 0, ""A-only"": 0, ""B-only"": 1}",129.4797,3.4473,8.4542,3.1086,300.9017,67.6,False,0.98545,"surface-view only: scarp with no field offset; the catalogue was built from this same surface expression, so an uncatalogued scarp here is more likely a road cut, canal levee, quarry face or erosion line than a fault - down-weighted, and emitted only if it clears the metric bar"
400,1,"[595, 595]","[2743, 2743]",274450.0,183800.0,B-only,"{""silent"": 0, ""concordant"": 0, ""A-only"": 0, ""B-only"": 1}",594.6804,4.1952,10.1857,4.0666,38.2188,22.56,False,0.9839,"surface-view only: scarp with no field offset; the catalogue was built from this same surface expression, so an uncatalogued scarp here is more likely a road cut, canal levee, quarry face or erosion line than a fault - down-weighted, and emitted only if it clears the metric bar"
401,1,"[596, 596]","[635, 635]",63650.0,183700.0,silent,"{""silent"": 1, ""concordant"": 0, ""A-only"": 0, ""B-only"": 0}",5.88,12.7131,12.173,0.3481,89.2361,8.6,False,0.98629,neither view is in its confident tail; emitted on corridor mass that the calibrated density still values above the acceptance bar (bar 0.0593)
405,1,"[598, 598]","[636, 636]",63750.0,183500.0,silent,"{""silent"": 1, ""concordant"": 0, ""A-only"": 0, ""B-only"": 0}",5.2496,8.3681,10.5302,0.3474,90.8645,10.63,False,0.98343,neither view is in its confident tail; emitted on corridor mass that the calibrated density still values above the acceptance bar (bar 0.0593)
413,1,"[607, 607]","[2735, 2735]",273650.0,182600.0,silent,"{""silent"": 1, ""concordant"": 0, ""A-only"": 0, ""B-only"": 0}",799.4537,18.0768,11.4709,2.9538,41.087,19.21,False,0.98566,neither view is in its confident tail; emitted on corridor mass that the calibrated density still values above the acceptance bar (bar 0.0593)
418,1,"[612, 612]","[440, 440]",44150.0,182100.0,B-only,"{""silent"": 0, ""concordant"": 0, ""A-only"": 0, ""B-only"": 1}",143.6895,7.728,12.9086,0.9752,50.5252,7.0,False,0.98848,"surface-view only: scarp with no field offset; the catalogue was built from this same surface expression, so an uncatalogued scarp here is more likely a road cut, canal levee, quarry face or erosion line than a fault - down-weighted, and emitted only if it clears the metric bar"
422,1,"[615, 615]","[2226, 2226]",222750.0,181800.0,silent,"{""silent"": 1, ""concordant"": 0, ""A-only"": 0, ""B-only"": 0}",1502.8728,1.0989,14.7778,1.5696,41.6163,43.19,False,0.9835,neither view is in its confident tail; emitted on corridor mass that the calibrated density still values above the acceptance bar (bar 0.0593)
423,1,"[617, 617]","[619, 619]",62050.0,181600.0,silent,"{""silent"": 1, ""concordant"": 0, ""A-only"": 0, ""B-only"": 0}",21.0468,7.5214,12.8835,0.489,39.4901,9.22,False,0.98445,neither view is in its confident tail; emitted on corridor mass that the calibrated density still values above the acceptance bar (bar 0.0593)
424,1,"[618, 618]","[1629, 1629]",163050.0,181500.0,B-only,"{""silent"": 0, ""concordant"": 0, ""A-only"": 0, ""B-only"": 1}",18.1271,8.5682,12.1958,1.1009,72.6931,77.01,False,0.9844,"surface-view only: scarp with no field offset; the catalogue was built from this same surface expression, so an uncatalogued scarp here is more likely a road cut, canal levee, quarry face or erosion line than a fault - down-weighted, and emitted only if it clears the metric bar"
426,1,"[620, 620]","[1630, 1630]",163150.0,181300.0,B-only,"{""silent"": 0, ""concordant"": 0, ""A-only"": 0, ""B-only"": 1}",20.2045,9.6956,12.3309,1.0472,77.7843,77.1,False,0.98377,"surface-view only: scarp with no field offset; the catalogue was built from this same surface expression, so an uncatalogued scarp here is more likely a road cut, canal levee, quarry face or erosion line than a fault - down-weighted, and emitted only if it clears the metric bar"
431,1,"[624, 624]","[615, 615]",61650.0,180900.0,B-only,"{""silent"": 0, ""concordant"": 0, ""A-only"": 0, ""B-only"": 1}",40.3451,5.784,11.3133,0.6982,73.3324,7.62,False,0.98688,"surface-view only: scarp with no field offset; the catalogue was built from this same surface expression, so an uncatalogued scarp here is more likely a road cut, canal levee, quarry face or erosion line than a fault - down-weighted, and emitted only if it clears the metric bar"
432,1,"[624, 624]","[2720, 2720]",272150.0,180900.0,B-only,"{""silent"": 0, ""concordant"": 0, ""A-only"": 0, ""B-only"": 1}",774.5372,9.0805,10.1822,2.0587,80.4323,18.36,False,0.98454,"surface-view only: scarp with no field offset; the catalogue was built from this same surface expression, so an uncatalogued scarp here is more likely a road cut, canal levee, quarry face or erosion line than a fault - down-weighted, and emitted only if it clears the metric bar"
433,1,"[631, 631]","[2001, 2001]",200250.0,180200.0,B-only,"{""silent"": 0, ""concordant"": 0, ""A-only"": 0, ""B-only"": 1}",60.4914,8.9328,10.4527,1.6302,25.2059,17.46,False,0.98759,"surface-view only: scarp with no field offset; the catalogue was built from this same surface expression, so an uncatalogued scarp here is more likely a road cut, canal levee, quarry face or erosion line than a fault - down-weighted, and emitted only if it clears the metric bar"
438,1,"[642, 642]","[613, 613]",61450.0,179100.0,B-only,"{""silent"": 0, ""concordant"": 0, ""A-only"": 0, ""B-only"": 1}",84.1408,6.0397,11.7229,0.6252,39.0674,7.07,False,0.98905,"surface-view only: scarp with no field offset; the catalogue was built from this same surface expression, so an uncatalogued scarp here is more likely a road cut, canal levee, quarry face or erosion line than a fault - down-weighted, and emitted only if it clears the metric bar"
440,1,"[645, 645]","[539, 539]",54050.0,178800.0,B-only,"{""silent"": 0, ""concordant"": 0, ""A-only"": 0, ""B-only"": 1}",175.4169,11.5947,10.6154,0.3958,83.7697,65.49,False,0.98448,"surface-view only: scarp with no field offset; the catalogue was built from this same surface expression, so an uncatalogued scarp here is more likely a road cut, canal levee, quarry face or erosion line than a fault - down-weighted, and emitted only if it clears the metric bar"
444,1,"[650, 650]","[2630, 2630]",263150.0,178300.0,silent,"{""silent"": 1, ""concordant"": 0, ""A-only"": 0, ""B-only"": 0}",533.9214,6.1096,10.341,0.3917,17.8678,15.56,False,0.98477,neither view is in its confident tail; emitted on corridor mass that the calibrated density still values above the acceptance bar (bar 0.0593)
451,1,"[658, 658]","[2147, 2147]",214850.0,177500.0,B-only,"{""silent"": 0, ""concordant"": 0, ""A-only"": 0, ""B-only"": 1}",366.5211,4.1951,11.4102,1.4736,141.4637,14.87,False,0.9854,"surface-view only: scarp with no field offset; the catalogue was built from this same surface expression, so an uncatalogued scarp here is more likely a road cut, canal levee, quarry face or erosion line than a fault - down-weighted, and emitted only if it clears the metric bar"
453,1,"[664, 664]","[2137, 2137]",213850.0,176900.0,silent,"{""silent"": 1, ""concordant"": 0, ""A-only"": 0, ""B-only"": 0}",407.3521,14.1048,11.3625,1.7535,183.9961,8.54,False,0.98946,neither view is in its confident tail; emitted on corridor mass that the calibrated density still values above the acceptance bar (bar 0.0593)
462,1,"[672, 672]","[2155, 2155]",215650.0,176100.0,silent,"{""silent"": 1, ""concordant"": 0, ""A-only"": 0, ""B-only"": 0}",396.7655,2.5273,9.555,0.9551,70.7991,10.44,False,0.9836,neither view is in its confident tail; emitted on corridor mass that the calibrated density still values above the acceptance bar (bar 0.0593)
465,1,"[675, 675]","[2142, 2142]",214350.0,175800.0,silent,"{""silent"": 1, ""concordant"": 0, ""A-only"": 0, ""B-only"": 0}",359.4479,8.3736,9.2475,0.598,267.4914,10.82,False,0.99199,neither view is in its confident tail; emitted on corridor mass that the calibrated density still values above the acceptance bar (bar 0.0593)
467,1,"[677, 677]","[2143, 2143]",214450.0,175600.0,silent,"{""silent"": 1, ""concordant"": 0, ""A-only"": 0, ""B-only"": 0}",357.3816,19.583,9.5367,0.4054,246.6342,8.6,False,0.98717,neither view is in its confident tail; emitted on corridor mass that the calibrated density still values above the acceptance bar (bar 0.0593)
474,1,"[687, 687]","[540, 540]",54150.0,174600.0,silent,"{""silent"": 1, ""concordant"": 0, ""A-only"": 0, ""B-only"": 0}",353.4001,2.5893,8.9674,1.3446,125.2075,66.91,False,0.98374,neither view is in its confident tail; emitted on corridor mass that the calibrated density still values above the acceptance bar (bar 0.0593)
480,1,"[697, 697]","[1918, 1918]",191950.0,173600.0,silent,"{""silent"": 1, ""concordant"": 0, ""A-only"": 0, ""B-only"": 0}",115.4778,3.4075,8.5498,0.5978,6.7404,8.06,False,0.98341,neither view is in its confident tail; emitted on corridor mass that the calibrated density still values above the acceptance bar (bar 0.0593)
484,1,"[703, 703]","[2115, 2115]",211650.0,173000.0,silent,"{""silent"": 1, ""concordant"": 0, ""A-only"": 0, ""B-only"": 0}",337.7147,9.2788,9.4462,1.5989,17.1476,9.85,False,0.98348,neither view is in its confident tail; emitted on corridor mass that the calibrated density still values above the acceptance bar (bar 0.0593)
485,1,"[704, 704]","[460, 460]",46150.0,172900.0,B-only,"{""silent"": 0, ""concordant"": 0, ""A-only"": 0, ""B-only"": 1}",35.5899,11.2013,12.9545,2.393,103.7717,22.8,False,0.98476,"surface-view only: scarp with no field offset; the catalogue was built from this same surface expression, so an uncatalogued scarp here is more likely a road cut, canal levee, quarry face or erosion line than a fault - down-weighted, and emitted only if it clears the metric bar"
486,1,"[704, 704]","[539, 539]",54050.0,172900.0,silent,"{""silent"": 1, ""concordant"": 0, ""A-only"": 0, ""B-only"": 0}",461.315,2.5741,9.8313,1.6975,168.0807,71.51,False,0.98423,neither view is in its confident tail; emitted on corridor mass that the calibrated density still values above the acceptance bar (bar 0.0593)
487,1,"[705, 705]","[2796, 2796]",279750.0,172800.0,B-only,"{""silent"": 0, ""concordant"": 0, ""A-only"": 0, ""B-only"": 1}",326.1547,6.6392,14.1734,2.872,26.2472,8.25,False,0.98865,"surface-view only: scarp with no field offset; the catalogue was built from this same surface expression, so an uncatalogued scarp here is more likely a road cut, canal levee, quarry face or erosion line than a fault - down-weighted, and emitted only if it clears the metric bar"
491,1,"[707, 707]","[2865, 2865]",286650.0,172600.0,B-only,"{""silent"": 0, ""concordant"": 0, ""A-only"": 0, ""B-only"": 1}",238.5381,6.9173,13.7383,3.3403,100.9864,28.3,False,0.9856,"surface-view only: scarp with no field offset; the catalogue was built from this same surface expression, so an uncatalogued scarp here is more likely a road cut, canal levee, quarry face or erosion line than a fault - down-weighted, and emitted only if it clears the metric bar"
497,1,"[711, 711]","[533, 533]",53450.0,172200.0,B-only,"{""silent"": 0, ""concordant"": 0, ""A-only"": 0, ""B-only"": 1}",497.7201,4.1795,11.6175,1.9814,132.7356,74.46,False,0.98539,"surface-view only: scarp with no field offset; the catalogue was built from this same surface expression, so an uncatalogued scarp here is more likely a road cut, canal levee, quarry face or erosion line than a fault - down-weighted, and emitted only if it clears the metric bar"
499,1,"[712, 712]","[2863, 2863]",286450.0,172100.0,B-only,"{""silent"": 0, ""concordant"": 0, ""A-only"": 0, ""B-only"": 1}",190.7587,3.9455,12.4884,3.5279,94.8459,24.17,False,0.98463,"surface-view only: scarp with no field offset; the catalogue was built from this same surface expression, so an uncatalogued scarp here is more likely a road cut, canal levee, quarry face or erosion line than a fault - down-weighted, and emitted only if it clears the metric bar"
500,1,"[713, 713]","[2844, 2844]",284550.0,172000.0,B-only,"{""silent"": 0, ""concordant"": 0, ""A-only"": 0, ""B-only"": 1}",38.3722,4.9776,11.8932,1.6745,71.9516,9.49,False,0.98479,"surface-view only: scarp with no field offset; the catalogue was built from this same surface expression, so an uncatalogued scarp here is more likely a road cut, canal levee, quarry face or erosion line than a fault - down-weighted, and emitted only if it clears the metric bar"
503,1,"[716, 716]","[2858, 2858]",285950.0,171700.0,B-only,"{""silent"": 0, ""concordant"": 0, ""A-only"": 0, ""B-only"": 1}",119.9744,5.2155,11.0204,3.1769,56.5276,18.03,False,0.98462,"surface-view only: scarp with no field offset; the catalogue was built from this same surface expression, so an uncatalogued scarp here is more likely a road cut, canal levee, quarry face or erosion line than a fault - down-weighted, and emitted only if it clears the metric bar"
508,1,"[731, 731]","[281, 281]",28250.0,170200.0,B-only,"{""silent"": 0, ""concordant"": 0, ""A-only"": 0, ""B-only"": 1}",54.9446,10.5135,10.7915,1.3134,231.0897,42.76,False,0.98392,"surface-view only: scarp with no field offset; the catalogue was built from this same surface expression, so an uncatalogued scarp here is more likely a road cut, canal levee, quarry face or erosion line than a fault - down-weighted, and emitted only if it clears the metric bar"
509,1,"[732, 732]","[514, 514]",51550.0,170100.0,B-only,"{""silent"": 0, ""concordant"": 0, ""A-only"": 0, ""B-only"": 1}",597.0952,4.3785,12.5593,2.447,105.8684,76.79,False,0.98406,"surface-view only: scarp with no field offset; the catalogue was built from this same surface expression, so an uncatalogued scarp here is more likely a road cut, canal levee, quarry face or erosion line than a fault - down-weighted, and emitted only if it clears the metric bar"
513,1,"[736, 736]","[516, 516]",51750.0,169700.0,silent,"{""silent"": 1, ""concordant"": 0, ""A-only"": 0, ""B-only"": 0}",683.8843,7.6963,11.5833,2.4745,105.4461,79.43,False,0.98361,neither view is in its confident tail; emitted on corridor mass that the calibrated density still values above the acceptance bar (bar 0.0593)
519,1,"[745, 745]","[1608, 1608]",160950.0,168800.0,B-only,"{""silent"": 0, ""concordant"": 0, ""A-only"": 0, ""B-only"": 1}",438.3514,2.9451,10.1284,1.1669,584.8767,79.65,False,0.98408,"surface-view only: scarp with no field offset; the catalogue was built from this same surface expression, so an uncatalogued scarp here is more likely a road cut, canal levee, quarry face or erosion line than a fault - down-weighted, and emitted only if it clears the metric bar"
531,1,"[771, 771]","[457, 457]",45850.0,166200.0,B-only,"{""silent"": 0, ""concordant"": 0, ""A-only"": 0, ""B-only"": 1}",179.7565,5.7696,12.2913,1.8948,151.6987,26.0,False,0.98579,"surface-view only: scarp with no field offset; the catalogue was built from this same surface expression, so an uncatalogued scarp here is more likely a road cut, canal levee, quarry face or erosion line than a fault - down-weighted, and emitted only if it clears the metric bar"
532,1,"[771, 771]","[2124, 2124]",212550.0,166200.0,silent,"{""silent"": 1, ""concordant"": 0, ""A-only"": 0, ""B-only"": 0}",188.8656,3.6236,12.4099,1.9,110.6011,2.0,False,0.98363,neither view is in its confident tail; emitted on corridor mass that the calibrated density still values above the acceptance bar (bar 0.0593)
533,1,"[771, 771]","[2482, 2482]",248350.0,166200.0,B-only,"{""silent"": 0, ""concordant"": 0, ""A-only"": 0, ""B-only"": 1}",7.5489,3.485,14.0181,1.2039,102.2552,2.0,False,0.99075,"surface-view only: scarp with no field offset; the catalogue was built from this same surface expression, so an uncatalogued scarp here is more likely a road cut, canal levee, quarry face or erosion line than a fault - down-weighted, and emitted only if it clears the metric bar"
538,1,"[771, 771]","[2762, 2762]",276350.0,166200.0,silent,"{""silent"": 1, ""concordant"": 0, ""A-only"": 0, ""B-only"": 0}",397.0833,3.5936,13.3821,8.2411,53.5894,2.0,False,0.98545,neither view is in its confident tail; emitted on corridor mass that the calibrated density still values above the acceptance bar (bar 0.0593)
540,1,"[771, 771]","[2990, 2990]",299150.0,166200.0,silent,"{""silent"": 1, ""concordant"": 0, ""A-only"": 0, ""B-only"": 0}",81.1112,5.6801,12.3714,4.3237,135.1753,2.0,False,0.98385,neither view is in its confident tail; emitted on corridor mass that the calibrated density still values above the acceptance bar (bar 0.0593)
541,1,"[771, 771]","[3020, 3020]",302150.0,166200.0,silent,"{""silent"": 1, ""concordant"": 0, ""A-only"": 0, ""B-only"": 0}",61.0204,6.8657,12.8384,8.7013,28.3618,2.0,False,0.98421,neither view is in its confident tail; emitted on corridor mass that the calibrated density still values above the acceptance bar (bar 0.0593)
542,1,"[771, 771]","[3022, 3022]",302350.0,166200.0,silent,"{""silent"": 1, ""concordant"": 0, ""A-only"": 0, ""B-only"": 0}",59.0024,1.2076,12.9641,8.8496,26.2787,2.0,False,0.98996,neither view is in its confident tail; emitted on corridor mass that the calibrated density still values above the acceptance bar (bar 0.0593)
550,1,"[772, 772]","[3025, 3025]",302650.0,166100.0,B-only,"{""silent"": 0, ""concordant"": 0, ""A-only"": 0, ""B-only"": 1}",56.6366,6.8624,13.6638,10.0874,27.3815,1.0,False,0.98608,"surface-view only: scarp with no field offset; the catalogue was built from this same surface expression, so an uncatalogued scarp here is more likely a road cut, canal levee, quarry face or erosion line than a fault - down-weighted, and emitted only if it clears the metric bar"
553,1,"[775, 775]","[455, 455]",45650.0,165800.0,B-only,"{""silent"": 0, ""concordant"": 0, ""A-only"": 0, ""B-only"": 1}",182.3088,2.22,12.7679,1.8105,254.7857,23.35,False,0.98382,"surface-view only: scarp with no field offset; the catalogue was built from this same surface expression, so an uncatalogued scarp here is more likely a road cut, canal levee, quarry face or erosion line than a fault - down-weighted, and emitted only if it clears the metric bar"
556,1,"[794, 794]","[1131, 1131]",113250.0,163900.0,silent,"{""silent"": 1, ""concordant"": 0, ""A-only"": 0, ""B-only"": 0}",163.514,2.1112,8.702,1.5094,57.6488,26.83,False,0.9835,neither view is in its confident tail; emitted on corridor mass that the calibrated density still values above the acceptance bar (bar 0.0593)
566,1,"[811, 811]","[491, 491]",49250.0,162200.0,B-only,"{""silent"": 0, ""concordant"": 0, ""A-only"": 0, ""B-only"": 1}",790.427,14.0651,12.5307,1.5527,273.6547,40.82,False,0.98496,"surface-view only: scarp with no field offset; the catalogue was built from this same surface expression, so an uncatalogued scarp here is more likely a road cut, canal levee, quarry face or erosion line than a fault - down-weighted, and emitted only if it clears the metric bar"
567,1,"[813, 813]","[490, 490]",49150.0,162000.0,silent,"{""silent"": 1, ""concordant"": 0, ""A-only"": 0, ""B-only"": 0}",758.9602,9.3916,12.7096,1.5366,282.4715,38.95,False,0.98354,neither view is in its confident tail; emitted on corridor mass that the calibrated density still values above the acceptance bar (bar 0.0593)
568,1,"[815, 815]","[315, 315]",31650.0,161800.0,B-only,"{""silent"": 0, ""concordant"": 0, ""A-only"": 0, ""B-only"": 1}",28.6756,7.7724,11.8167,2.0798,238.6798,56.52,False,0.98528,"surface-view only: scarp with no field offset; the catalogue was built from this same surface expression, so an uncatalogued scarp here is more likely a road cut, canal levee, quarry face or erosion line than a fault - down-weighted, and emitted only if it clears the metric bar"
569,1,"[815, 815]","[486, 486]",48750.0,161800.0,silent,"{""silent"": 1, ""concordant"": 0, ""A-only"": 0, ""B-only"": 0}",660.3832,5.3023,10.4723,1.5227,133.9755,34.48,False,0.9834,neither view is in its confident tail; emitted on corridor mass that the calibrated density still values above the acceptance bar (bar 0.0593)
574,1,"[821, 821]","[490, 490]",49150.0,161200.0,silent,"{""silent"": 1, ""concordant"": 0, ""A-only"": 0, ""B-only"": 0}",694.2021,7.633,11.0938,1.5582,289.2667,35.74,False,0.98396,neither view is in its confident tail; emitted on corridor mass that the calibrated density still values above the acceptance bar (bar 0.0593)
577,1,"[823, 823]","[1299, 1299]",130050.0,161000.0,B-only,"{""silent"": 0, ""concordant"": 0, ""A-only"": 0, ""B-only"": 1}",186.51,4.623,12.9198,0.4135,42.6377,56.82,False,0.98538,"surface-view only: scarp with no field offset; the catalogue was built from this same surface expression, so an uncatalogued scarp here is more likely a road cut, canal levee, quarry face or erosion line than a fault - down-weighted, and emitted only if it clears the metric bar"
581,1,"[830, 830]","[482, 482]",48350.0,160300.0,B-only,"{""silent"": 0, ""concordant"": 0, ""A-only"": 0, ""B-only"": 1}",436.6311,6.4131,10.076,1.1163,181.3484,26.08,False,0.98457,"surface-view only: scarp with no field offset; the catalogue was built from this same surface expression, so an uncatalogued scarp here is more likely a road cut, canal levee, quarry face or erosion line than a fault - down-weighted, and emitted only if it clears the metric bar"
586,1,"[837, 837]","[620, 620]",62150.0,159600.0,silent,"{""silent"": 1, ""concordant"": 0, ""A-only"": 0, ""B-only"": 0}",63.5622,6.2854,10.0582,1.0972,123.8647,24.17,False,0.98626,neither view is in its confident tail; emitted on corridor mass that the calibrated density still values above the acceptance bar (bar 0.0593)
587,1,"[839, 839]","[264, 264]",26550.0,159400.0,silent,"{""silent"": 1, ""concordant"": 0, ""A-only"": 0, ""B-only"": 0}",22.322,11.3598,16.0215,2.8901,137.6519,2.0,False,0.98801,neither view is in its confident tail; emitted on corridor mass that the calibrated density still values above the acceptance bar (bar 0.0593)
588,1,"[840, 840]","[622, 622]",62350.0,159300.0,silent,"{""silent"": 1, ""concordant"": 0, ""A-only"": 0, ""B-only"": 0}",50.9657,7.6077,10.6487,0.4811,142.1247,26.25,False,0.98899,neither view is in its confident tail; emitted on corridor mass that the calibrated density still values above the acceptance bar (bar 0.0593)
589,1,"[842, 842]","[265, 265]",26650.0,159100.0,silent,"{""silent"": 1, ""concordant"": 0, ""A-only"": 0, ""B-only"": 0}",21.831,12.2527,15.9664,2.9327,130.3185,2.0,False,0.98408,neither view is in its confident tail; emitted on corridor mass that the calibrated density still values above the acceptance bar (bar 0.0593)
591,1,"[849, 849]","[609, 609]",61050.0,158400.0,silent,"{""silent"": 1, ""concordant"": 0, ""A-only"": 0, ""B-only"": 0}",91.2269,5.8214,11.4289,1.5142,126.167,39.96,False,0.98585,neither view is in its confident tail; emitted on corridor mass that the calibrated density still values above the acceptance bar (bar 0.0593)
602,1,"[856, 856]","[55, 55]",5650.0,157700.0,B-only,"{""silent"": 0, ""concordant"": 0, ""A-only"": 0, ""B-only"": 1}",271.2603,14.5952,15.2062,23.9371,22.1672,1.0,False,0.98445,"surface-view only: scarp with no field offset; the catalogue was built from this same surface expression, so an uncatalogued scarp here is more likely a road cut, canal levee, quarry face or erosion line than a fault - down-weighted, and emitted only if it clears the metric bar"
605,1,"[856, 856]","[132, 132]",13350.0,157700.0,silent,"{""silent"": 1, ""concordant"": 0, ""A-only"": 0, ""B-only"": 0}",101.5415,21.6463,18.8405,11.3152,58.1809,1.0,False,0.98439,neither view is in its confident tail; emitted on corridor mass that the calibrated density still values above the acceptance bar (bar 0.0593)
608,1,"[856, 856]","[509, 509]",51050.0,157700.0,B-only,"{""silent"": 0, ""concordant"": 0, ""A-only"": 0, ""B-only"": 1}",263.4907,4.7363,8.1316,2.4008,60.3608,57.8,False,0.98459,"surface-view only: scarp with no field offset; the catalogue was built from this same surface expression, so an uncatalogued scarp here is more likely a road cut, canal levee, quarry face or erosion line than a fault - down-weighted, and emitted only if it clears the metric bar"
609,1,"[857, 857]","[49, 49]",5050.0,157600.0,silent,"{""silent"": 1, ""concordant"": 0, ""A-only"": 0, ""B-only"": 0}",300.492,10.3147,14.1144,21.8386,46.5157,2.0,False,0.98549,neither view is in its confident tail; emitted on corridor mass that the calibrated density still values above the acceptance bar (bar 0.0593)
612,1,"[857, 857]","[148, 148]",14950.0,157600.0,silent,"{""silent"": 1, ""concordant"": 0, ""A-only"": 0, ""B-only"": 0}",30.0339,9.9265,16.7999,8.0044,43.7823,2.0,False,0.98571,neither view is in its confident tail; emitted on corridor mass that the calibrated density still values above the acceptance bar (bar 0.0593)
613,1,"[858, 858]","[132, 132]",13350.0,157500.0,silent,"{""silent"": 1, ""concordant"": 0, ""A-only"": 0, ""B-only"": 0}",109.2019,6.5247,14.1026,9.3934,69.2866,3.0,False,0.99076,neither view is in its confident tail; emitted on corridor mass that the calibrated density still values above the acceptance bar (bar 0.0593)
614,1,"[858, 858]","[150, 150]",15150.0,157500.0,silent,"{""silent"": 1, ""concordant"": 0, ""A-only"": 0, ""B-only"": 0}",25.4924,4.4688,15.5043,7.0733,56.5991,3.0,False,0.98701,neither view is in its confident tail; emitted on corridor mass that the calibrated density still values above the acceptance bar (bar 0.0593)
615,1,"[858, 858]","[154, 154]",15550.0,157500.0,silent,"{""silent"": 1, ""concordant"": 0, ""A-only"": 0, ""B-only"": 0}",15.089,7.048,13.5086,6.8021,81.1341,3.0,False,0.9839,neither view is in its confident tail; emitted on corridor mass that the calibrated density still values above the acceptance bar (bar 0.0593)
616,1,"[858, 858]","[240, 240]",24150.0,157500.0,silent,"{""silent"": 1, ""concordant"": 0, ""A-only"": 0, ""B-only"": 0}",31.0242,3.9769,12.0606,4.944,225.5525,3.0,False,0.98557,neither view is in its confident tail; emitted on corridor mass that the calibrated density still values above the acceptance bar (bar 0.0593)
622,1,"[870, 870]","[984, 984]",98550.0,156300.0,B-only,"{""silent"": 0, ""concordant"": 0, ""A-only"": 0, ""B-only"": 1}",118.6725,5.5291,10.8044,1.2847,100.792,55.15,False,0.98501,"surface-view only: scarp with no field offset; the catalogue was built from this same surface expression, so an uncatalogued scarp here is more likely a road cut, canal levee, quarry face or erosion line than a fault - down-weighted, and emitted only if it clears the metric bar"
623,1,"[871, 871]","[6, 6]",750.0,156200.0,B-only,"{""silent"": 0, ""concordant"": 0, ""A-only"": 0, ""B-only"": 1}",215.4969,5.7351,10.2245,11.4637,113.452,7.21,False,0.98379,"surface-view only: scarp with no field offset; the catalogue was built from this same surface expression, so an uncatalogued scarp here is more likely a road cut, canal levee, quarry face or erosion line than a fault - down-weighted, and emitted only if it clears the metric bar"
626,1,"[875, 875]","[1732, 1732]",173350.0,155800.0,B-only,"{""silent"": 0, ""concordant"": 0, ""A-only"": 0, ""B-only"": 1}",13.4163,20.1149,15.2808,3.6494,131.0888,7.07,False,0.99091,"surface-view only: scarp with no field offset; the catalogue was built from this same surface expression, so an uncatalogued scarp here is more likely a road cut, canal levee, quarry face or erosion line than a fault - down-weighted, and emitted only if it clears the metric bar"
633,1,"[892, 892]","[347, 347]",34850.0,154100.0,B-only,"{""silent"": 0, ""concordant"": 0, ""A-only"": 0, ""B-only"": 1}",31.377,4.1862,8.8538,1.0108,66.9437,82.01,False,0.98566,"surface-view only: scarp with no field offset; the catalogue was built from this same surface expression, so an uncatalogued scarp here is more likely a road cut, canal levee, quarry face or erosion line than a fault - down-weighted, and emitted only if it clears the metric bar"
636,1,"[894, 894]","[381, 381]",38250.0,153900.0,silent,"{""silent"": 1, ""concordant"": 0, ""A-only"": 0, ""B-only"": 0}",36.4217,5.4049,7.8594,2.3972,60.4019,90.55,False,0.98368,neither view is in its confident tail; emitted on corridor mass that the calibrated density still values above the acceptance bar (bar 0.0593)
637,1,"[895, 895]","[3, 3]",450.0,153800.0,B-only,"{""silent"": 0, ""concordant"": 0, ""A-only"": 0, ""B-only"": 1}",18.1817,1.7661,14.0025,19.5823,165.2599,11.0,False,0.99043,"surface-view only: scarp with no field offset; the catalogue was built from this same surface expression, so an uncatalogued scarp here is more likely a road cut, canal levee, quarry face or erosion line than a fault - down-weighted, and emitted only if it clears the metric bar"
642,1,"[899, 899]","[267, 267]",26850.0,153400.0,B-only,"{""silent"": 0, ""concordant"": 0, ""A-only"": 0, ""B-only"": 1}",46.4648,13.1516,12.9151,2.6044,90.3155,9.22,False,0.98394,"surface-view only: scarp with no field offset; the catalogue was built from this same surface expression, so an uncatalogued scarp here is more likely a road cut, canal levee, quarry face or erosion line than a fault - down-weighted, and emitted only if it clears the metric bar"
643,1,"[900, 900]","[2, 2]",350.0,153300.0,concordant,"{""silent"": 0, ""concordant"": 1, ""A-only"": 0, ""B-only"": 0}",9.2359,2.9222,14.4418,22.6995,178.5129,13.0,False,0.9886,"both views agree: continuation of a mapped structure beyond the end or the side of the mapped trace, the case where the catalogue is truncated by mapping convention rather than by data"
644,1,"[900, 900]","[317, 317]",31850.0,153300.0,silent,"{""silent"": 1, ""concordant"": 0, ""A-only"": 0, ""B-only"": 0}",37.2847,2.1973,9.1821,2.5792,60.8631,50.96,False,0.9841,neither view is in its confident tail; emitted on corridor mass that the calibrated density still values above the acceptance bar (bar 0.0593)
652,1,"[906, 906]","[321, 321]",32250.0,152700.0,B-only,"{""silent"": 0, ""concordant"": 0, ""A-only"": 0, ""B-only"": 1}",34.0505,3.9824,9.0157,2.276,56.4711,53.6,False,0.9856,"surface-view only: scarp with no field offset; the catalogue was built from this same surface expression, so an uncatalogued scarp here is more likely a road cut, canal levee, quarry face or erosion line than a fault - down-weighted, and emitted only if it clears the metric bar"
654,1,"[909, 909]","[379, 379]",38050.0,152400.0,B-only,"{""silent"": 0, ""concordant"": 0, ""A-only"": 0, ""B-only"": 1}",26.7764,2.6813,9.0703,2.7513,85.5765,103.23,False,0.98378,"surface-view only: scarp with no field offset; the catalogue was built from this same surface expression, so an uncatalogued scarp here is more likely a road cut, canal levee, quarry face or erosion line than a fault - down-weighted, and emitted only if it clears the metric bar"
663,1,"[921, 921]","[522, 522]",52350.0,151200.0,A-only,"{""silent"": 0, ""concordant"": 0, ""A-only"": 1, ""B-only"": 0}",272.5074,5.6595,11.0703,8.3389,18.1734,22.63,False,0.98864,"field-view only: potential-field offset (gravity step 8.339, magnetic step 18.173) with no corresponding scarp (surface rank 11.070); cover depth rank 272.507 is deep enough that a scarp would be buried, so this is a buried range-front fault the LiDAR-derived catalogue cannot contain"
664,1,"[922, 922]","[1091, 1091]",109250.0,151100.0,B-only,"{""silent"": 0, ""concordant"": 0, ""A-only"": 0, ""B-only"": 1}",315.0465,8.7419,12.3194,4.0831,56.6363,39.32,False,0.98421,"surface-view only: scarp with no field offset; the catalogue was built from this same surface expression, so an uncatalogued scarp here is more likely a road cut, canal levee, quarry face or erosion line than a fault - down-weighted, and emitted only if it clears the metric bar"
665,1,"[922, 922]","[1093, 1093]",109450.0,151100.0,B-only,"{""silent"": 0, ""concordant"": 0, ""A-only"": 0, ""B-only"": 1}",289.9277,5.8376,12.1845,4.087,50.3591,37.34,False,0.98393,"surface-view only: scarp with no field offset; the catalogue was built from this same surface expression, so an uncatalogued scarp here is more likely a road cut, canal levee, quarry face or erosion line than a fault - down-weighted, and emitted only if it clears the metric bar"
673,1,"[939, 939]","[441, 441]",44250.0,149400.0,B-only,"{""silent"": 0, ""concordant"": 0, ""A-only"": 0, ""B-only"": 1}",234.2033,13.9656,11.7142,3.2016,66.4472,40.25,False,0.98685,"surface-view only: scarp with no field offset; the catalogue was built from this same surface expression, so an uncatalogued scarp here is more likely a road cut, canal levee, quarry face or erosion line than a fault - down-weighted, and emitted only if it clears the metric bar"
678,1,"[964, 964]","[40, 40]",4150.0,146900.0,A-only,"{""silent"": 0, ""concordant"": 0, ""A-only"": 1, ""B-only"": 0}",0.9487,2.9725,12.1566,15.856,191.5628,3.16,False,0.98541,"field-view only: potential-field offset (gravity step 15.856, magnetic step 191.563) with no corresponding scarp (surface rank 12.157); cover depth rank 0.949 is deep enough that a scarp would be buried, so this is a buried range-front fault the LiDAR-derived catalogue cannot contain"
683,1,"[980, 980]","[486, 486]",48750.0,145300.0,B-only,"{""silent"": 0, ""concordant"": 0, ""A-only"": 0, ""B-only"": 1}",350.1394,19.0339,14.43,3.125,83.206,8.6,False,0.98707,"surface-view only: scarp with no field offset; the catalogue was built from this same surface expression, so an uncatalogued scarp here is more likely a road cut, canal levee, quarry face or erosion line than a fault - down-weighted, and emitted only if it clears the metric bar"
684,1,"[982, 982]","[487, 487]",48850.0,145100.0,B-only,"{""silent"": 0, ""concordant"": 0, ""A-only"": 0, ""B-only"": 1}",343.797,11.4747,13.8585,3.0847,88.0132,8.54,False,0.98993,"surface-view only: scarp with no field offset; the catalogue was built from this same surface expression, so an uncatalogued scarp here is more likely a road cut, canal levee, quarry face or erosion line than a fault - down-weighted, and emitted only if it clears the metric bar"
685,1,"[982, 982]","[784, 784]",78550.0,145100.0,silent,"{""silent"": 1, ""concordant"": 0, ""A-only"": 0, ""B-only"": 0}",526.4349,6.4346,12.6426,2.7567,168.8915,27.07,False,0.98446,neither view is in its confident tail; emitted on corridor mass that the calibrated density still values above the acceptance bar (bar 0.0593)
691,1,"[990, 990]","[1668, 1668]",166950.0,144300.0,B-only,"{""silent"": 0, ""concordant"": 0, ""A-only"": 0, ""B-only"": 1}",29.8248,19.2397,11.6526,4.2672,28.4747,9.22,False,0.98383,"surface-view only: scarp with no field offset; the catalogue was built from this same surface expression, so an uncatalogued scarp here is more likely a road cut, canal levee, quarry face or erosion line than a fault - down-weighted, and emitted only if it clears the metric bar"
694,1,"[1001, 1001]","[1655, 1655]",165650.0,143200.0,silent,"{""silent"": 1, ""concordant"": 0, ""A-only"": 0, ""B-only"": 0}",81.1772,13.5416,12.2239,4.9975,32.0834,7.28,False,0.98375,neither view is in its confident tail; emitted on corridor mass that the calibrated density still values above the acceptance bar (bar 0.0593)
695,1,"[1004, 1004]","[958, 958]",95950.0,142900.0,B-only,"{""silent"": 0, ""concordant"": 0, ""A-only"": 0, ""B-only"": 1}",509.5513,3.5306,8.6058,6.1152,192.3279,25.06,False,0.98395,"surface-view only: scarp with no field offset; the catalogue was built from this same surface expression, so an uncatalogued scarp here is more likely a road cut, canal levee, quarry face or erosion line than a fault - down-weighted, and emitted only if it clears the metric bar"
699,1,"[1020, 1020]","[564, 564]",56550.0,141300.0,B-only,"{""silent"": 0, ""concordant"": 0, ""A-only"": 0, ""B-only"": 1}",979.4548,0.8893,7.2169,2.2867,188.2388,22.14,False,0.98501,"surface-view only: scarp with no field offset; the catalogue was built from this same surface expression, so an uncatalogued scarp here is more likely a road cut, canal levee, quarry face or erosion line than a fault - down-weighted, and emitted only if it clears the metric bar"
702,1,"[1024, 1024]","[121, 121]",12250.0,140900.0,silent,"{""silent"": 1, ""concordant"": 0, ""A-only"": 0, ""B-only"": 0}",24.451,12.0448,15.7142,10.1283,787.8799,4.47,False,0.98529,neither view is in its confident tail; emitted on corridor mass that the calibrated density still values above the acceptance bar (bar 0.0593)
707,1,"[1038, 1038]","[305, 305]",30650.0,139500.0,B-only,"{""silent"": 0, ""concordant"": 0, ""A-only"": 0, ""B-only"": 1}",449.8046,1.8485,11.8496,2.2253,238.9542,7.28,False,0.98545,"surface-view only: scarp with no field offset; the catalogue was built from this same surface expression, so an uncatalogued scarp here is more likely a road cut, canal levee, quarry face or erosion line than a fault - down-weighted, and emitted only if it clears the metric bar"
709,1,"[1047, 1047]","[1503, 1503]",150450.0,138600.0,B-only,"{""silent"": 0, ""concordant"": 0, ""A-only"": 0, ""B-only"": 1}",175.0669,11.7155,13.5453,3.0407,18.9813,7.28,False,0.98482,"surface-view only: scarp with no field offset; the catalogue was built from this same surface expression, so an uncatalogued scarp here is more likely a road cut, canal levee, quarry face or erosion line than a fault - down-weighted, and emitted only if it clears the metric bar"
711,1,"[1050, 1050]","[576, 576]",57750.0,138300.0,B-only,"{""silent"": 0, ""concordant"": 0, ""A-only"": 0, ""B-only"": 1}",998.2943,12.7246,11.6032,0.8969,266.6896,13.04,False,0.98495,"surface-view only: scarp with no field offset; the catalogue was built from this same surface expression, so an uncatalogued scarp here is more likely a road cut, canal levee, quarry face or erosion line than a fault - down-weighted, and emitted only if it clears the metric bar"
721,1,"[1074, 1074]","[1593, 1593]",159450.0,135900.0,B-only,"{""silent"": 0, ""concordant"": 0, ""A-only"": 0, ""B-only"": 1}",1514.0447,5.2138,8.9742,4.0307,87.6491,8.6,False,0.98385,"surface-view only: scarp with no field offset; the catalogue was built from this same surface expression, so an uncatalogued scarp here is more likely a road cut, canal levee, quarry face or erosion line than a fault - down-weighted, and emitted only if it clears the metric bar"
725,1,"[1106, 1106]","[269, 269]",27050.0,132700.0,silent,"{""silent"": 1, ""concordant"": 0, ""A-only"": 0, ""B-only"": 0}",68.0512,8.4328,9.6944,14.2582,91.9439,1.0,False,0.98338,neither view is in its confident tail; emitted on corridor mass that the calibrated density still values above the acceptance bar (bar 0.0593)
731,1,"[1119, 1119]","[538, 538]",53950.0,131400.0,silent,"{""silent"": 1, ""concordant"": 0, ""A-only"": 0, ""B-only"": 0}",371.2147,13.8002,13.5159,2.3104,93.9883,8.54,False,0.98517,neither view is in its confident tail; emitted on corridor mass that the calibrated density still values above the acceptance bar (bar 0.0593)
734,1,"[1124, 1124]","[634, 634]",63550.0,130900.0,B-only,"{""silent"": 0, ""concordant"": 0, ""A-only"": 0, ""B-only"": 1}",1615.7954,4.7175,10.416,0.5417,264.7019,9.0,False,0.98399,"surface-view only: scarp with no field offset; the catalogue was built from this same surface expression, so an uncatalogued scarp here is more likely a road cut, canal levee, quarry face or erosion line than a fault - down-weighted, and emitted only if it clears the metric bar"
736,1,"[1131, 1131]","[534, 534]",53550.0,130200.0,B-only,"{""silent"": 0, ""concordant"": 0, ""A-only"": 0, ""B-only"": 1}",343.3774,9.1179,13.8432,1.3851,23.9437,7.0,False,0.98753,"surface-view only: scarp with no field offset; the catalogue was built from this same surface expression, so an uncatalogued scarp here is more likely a road cut, canal levee, quarry face or erosion line than a fault - down-weighted, and emitted only if it clears the metric bar"
737,1,"[1132, 1132]","[269, 269]",27050.0,130100.0,silent,"{""silent"": 1, ""concordant"": 0, ""A-only"": 0, ""B-only"": 0}",63.2683,10.6789,7.4266,12.8849,168.4684,2.0,False,0.98586,neither view is in its confident tail; emitted on corridor mass that the calibrated density still values above the acceptance bar (bar 0.0593)
739,1,"[1139, 1139]","[810, 810]",81150.0,129400.0,B-only,"{""silent"": 0, ""concordant"": 0, ""A-only"": 0, ""B-only"": 1}",1107.1997,2.9868,9.5838,0.4618,117.3138,13.6,False,0.98593,"surface-view only: scarp with no field offset; the catalogue was built from this same surface expression, so an uncatalogued scarp here is more likely a road cut, canal levee, quarry face or erosion line than a fault - down-weighted, and emitted only if it clears the metric bar"
746,1,"[1185, 1185]","[1719, 1719]",172050.0,124800.0,B-only,"{""silent"": 0, ""concordant"": 0, ""A-only"": 0, ""B-only"": 1}",777.0128,8.8576,10.725,1.9404,128.2579,20.62,False,0.98423,"surface-view only: scarp with no field offset; the catalogue was built from this same surface expression, so an uncatalogued scarp here is more likely a road cut, canal levee, quarry face or erosion line than a fault - down-weighted, and emitted only if it clears the metric bar"
751,1,"[1205, 1205]","[327, 327]",32850.0,122800.0,B-only,"{""silent"": 0, ""concordant"": 0, ""A-only"": 0, ""B-only"": 1}",466.8557,3.0796,10.4767,0.698,246.8337,8.06,False,0.98828,"surface-view only: scarp with no field offset; the catalogue was built from this same surface expression, so an uncatalogued scarp here is more likely a road cut, canal levee, quarry face or erosion line than a fault - down-weighted, and emitted only if it clears the metric bar"
754,1,"[1208, 1208]","[1709, 1709]",171050.0,122500.0,B-only,"{""silent"": 0, ""concordant"": 0, ""A-only"": 0, ""B-only"": 1}",196.1021,5.4096,10.314,2.053,97.7898,34.37,False,0.98602,"surface-view only: scarp with no field offset; the catalogue was built from this same surface expression, so an uncatalogued scarp here is more likely a road cut, canal levee, quarry face or erosion line than a fault - down-weighted, and emitted only if it clears the metric bar"
755,1,"[1209, 1209]","[1713, 1713]",171450.0,122400.0,B-only,"{""silent"": 0, ""concordant"": 0, ""A-only"": 0, ""B-only"": 1}",207.1548,6.2494,10.0418,1.8705,81.1501,30.59,False,0.98345,"surface-view only: scarp with no field offset; the catalogue was built from this same surface expression, so an uncatalogued scarp here is more likely a road cut, canal levee, quarry face or erosion line than a fault - down-weighted, and emitted only if it clears the metric bar"
756,1,"[1209, 1209]","[1715, 1715]",171650.0,122400.0,B-only,"{""silent"": 0, ""concordant"": 0, ""A-only"": 0, ""B-only"": 1}",211.0594,6.3597,10.007,1.7433,85.2564,28.64,False,0.98449,"surface-view only: scarp with no field offset; the catalogue was built from this same surface expression, so an uncatalogued scarp here is more likely a road cut, canal levee, quarry face or erosion line than a fault - down-weighted, and emitted only if it clears the metric bar"
757,1,"[1210, 1210]","[491, 491]",49250.0,122300.0,silent,"{""silent"": 1, ""concordant"": 0, ""A-only"": 0, ""B-only"": 0}",476.4204,4.3252,12.3311,2.2973,313.972,9.9,False,0.98366,neither view is in its confident tail; emitted on corridor mass that the calibrated density still values above the acceptance bar (bar 0.0593)
761,1,"[1216, 1216]","[547, 547]",54850.0,121700.0,B-only,"{""silent"": 0, ""concordant"": 0, ""A-only"": 0, ""B-only"": 1}",173.2687,1.3793,7.6334,2.5218,62.4031,7.07,False,0.98395,"surface-view only: scarp with no field offset; the catalogue was built from this same surface expression, so an uncatalogued scarp here is more likely a road cut, canal levee, quarry face or erosion line than a fault - down-weighted, and emitted only if it clears the metric bar"
765,1,"[1224, 1224]","[1695, 1695]",169650.0,120900.0,B-only,"{""silent"": 0, ""concordant"": 0, ""A-only"": 0, ""B-only"": 1}",397.7633,5.7624,11.0456,4.7568,64.671,29.15,False,0.98895,"surface-view only: scarp with no field offset; the catalogue was built from this same surface expression, so an uncatalogued scarp here is more likely a road cut, canal levee, quarry face or erosion line than a fault - down-weighted, and emitted only if it clears the metric bar"
767,1,"[1226, 1226]","[571, 571]",57250.0,120700.0,B-only,"{""silent"": 0, ""concordant"": 0, ""A-only"": 0, ""B-only"": 1}",149.0405,7.4931,11.5089,1.8094,149.7955,13.34,False,0.98536,"surface-view only: scarp with no field offset; the catalogue was built from this same surface expression, so an uncatalogued scarp here is more likely a road cut, canal levee, quarry face or erosion line than a fault - down-weighted, and emitted only if it clears the metric bar"
769,1,"[1228, 1228]","[582, 582]",58350.0,120500.0,B-only,"{""silent"": 0, ""concordant"": 0, ""A-only"": 0, ""B-only"": 1}",261.7108,3.5573,8.7658,1.8304,107.8185,16.64,False,0.9838,"surface-view only: scarp with no field offset; the catalogue was built from this same surface expression, so an uncatalogued scarp here is more likely a road cut, canal levee, quarry face or erosion line than a fault - down-weighted, and emitted only if it clears the metric bar"
771,1,"[1229, 1229]","[462, 462]",46350.0,120400.0,concordant,"{""silent"": 0, ""concordant"": 1, ""A-only"": 0, ""B-only"": 0}",776.3564,7.7833,10.1976,2.8675,205.8952,12.08,False,0.98443,"both views agree: continuation of a mapped structure beyond the end or the side of the mapped trace, the case where the catalogue is truncated by mapping convention rather than by data"
772,1,"[1231, 1231]","[376, 376]",37750.0,120200.0,silent,"{""silent"": 1, ""concordant"": 0, ""A-only"": 0, ""B-only"": 0}",2110.2451,10.2505,9.4209,0.6317,256.9604,30.02,False,0.98643,neither view is in its confident tail; emitted on corridor mass that the calibrated density still values above the acceptance bar (bar 0.0593)
773,1,"[1233, 1233]","[377, 377]",37850.0,120000.0,silent,"{""silent"": 1, ""concordant"": 0, ""A-only"": 0, ""B-only"": 0}",2072.8926,11.9648,9.0002,0.5671,216.5912,29.02,False,0.98337,neither view is in its confident tail; emitted on corridor mass that the calibrated density still values above the acceptance bar (bar 0.0593)
774,1,"[1235, 1235]","[1698, 1698]",169950.0,119800.0,B-only,"{""silent"": 0, ""concordant"": 0, ""A-only"": 0, ""B-only"": 1}",488.2041,9.3715,11.9723,4.6191,46.5765,18.0,False,0.98357,"surface-view only: scarp with no field offset; the catalogue was built from this same surface expression, so an uncatalogued scarp here is more likely a road cut, canal levee, quarry face or erosion line than a fault - down-weighted, and emitted only if it clears the metric bar"
775,1,"[1238, 1238]","[1696, 1696]",169750.0,119500.0,B-only,"{""silent"": 0, ""concordant"": 0, ""A-only"": 0, ""B-only"": 1}",540.0262,5.6338,10.7849,4.7303,53.3769,15.13,False,0.98423,"surface-view only: scarp with no field offset; the catalogue was built from this same surface expression, so an uncatalogued scarp here is more likely a road cut, canal levee, quarry face or erosion line than a fault - down-weighted, and emitted only if it clears the metric bar"
778,1,"[1243, 1243]","[459, 459]",46050.0,119000.0,silent,"{""silent"": 1, ""concordant"": 0, ""A-only"": 0, ""B-only"": 0}",837.2742,7.2395,10.4598,2.3988,171.3356,23.32,False,0.98955,neither view is in its confident tail; emitted on corridor mass that the calibrated density still values above the acceptance bar (bar 0.0593)
779,1,"[1244, 1244]","[479, 479]",48050.0,118900.0,B-only,"{""silent"": 0, ""concordant"": 0, ""A-only"": 0, ""B-only"": 1}",516.8552,12.4881,13.6632,2.5847,147.4495,15.52,False,0.98639,"surface-view only: scarp with no field offset; the catalogue was built from this same surface expression, so an uncatalogued scarp here is more likely a road cut, canal levee, quarry face or erosion line than a fault - down-weighted, and emitted only if it clears the metric bar"
784,1,"[1249, 1249]","[516, 516]",51750.0,118400.0,B-only,"{""silent"": 0, ""concordant"": 0, ""A-only"": 0, ""B-only"": 1}",241.9688,7.5736,11.3007,3.0141,128.1703,8.25,False,0.98369,"surface-view only: scarp with no field offset; the catalogue was built from this same surface expression, so an uncatalogued scarp here is more likely a road cut, canal levee, quarry face or erosion line than a fault - down-weighted, and emitted only if it clears the metric bar"
786,1,"[1252, 1252]","[490, 490]",49150.0,118100.0,silent,"{""silent"": 1, ""concordant"": 0, ""A-only"": 0, ""B-only"": 0}",432.6184,9.9428,13.4689,2.3782,159.2458,11.4,False,0.98633,neither view is in its confident tail; emitted on corridor mass that the calibrated density still values above the acceptance bar (bar 0.0593)
787,1,"[1252, 1252]","[493, 493]",49450.0,118100.0,silent,"{""silent"": 1, ""concordant"": 0, ""A-only"": 0, ""B-only"": 0}",398.7572,12.1066,13.2498,2.3179,113.8165,9.22,False,0.98355,neither view is in its confident tail; emitted on corridor mass that the calibrated density still values above the acceptance bar (bar 0.0593)
790,1,"[1254, 1254]","[494, 494]",49550.0,117900.0,silent,"{""silent"": 1, ""concordant"": 0, ""A-only"": 0, ""B-only"": 0}",410.1735,18.2543,15.2222,2.3971,162.1098,10.0,False,0.9853,neither view is in its confident tail; emitted on corridor mass that the calibrated density still values above the acceptance bar (bar 0.0593)
792,1,"[1254, 1254]","[515, 515]",51650.0,117900.0,silent,"{""silent"": 1, ""concordant"": 0, ""A-only"": 0, ""B-only"": 0}",323.9331,10.418,10.0318,3.2078,125.2453,7.62,False,0.98693,neither view is in its confident tail; emitted on corridor mass that the calibrated density still values above the acceptance bar (bar 0.0593)
797,1,"[1262, 1262]","[645, 645]",64650.0,117100.0,B-only,"{""silent"": 0, ""concordant"": 0, ""A-only"": 0, ""B-only"": 1}",647.8664,4.4087,8.9998,2.1369,87.4103,10.3,False,0.98514,"surface-view only: scarp with no field offset; the catalogue was built from this same surface expression, so an uncatalogued scarp here is more likely a road cut, canal levee, quarry face or erosion line than a fault - down-weighted, and emitted only if it clears the metric bar"
798,1,"[1263, 1263]","[1400, 1400]",140150.0,117000.0,B-only,"{""silent"": 0, ""concordant"": 0, ""A-only"": 0, ""B-only"": 1}",329.8976,8.5053,14.2368,2.6828,199.0084,16.4,False,0.98398,"surface-view only: scarp with no field offset; the catalogue was built from this same surface expression, so an uncatalogued scarp here is more likely a road cut, canal levee, quarry face or erosion line than a fault - down-weighted, and emitted only if it clears the metric bar"
799,1,"[1264, 1264]","[360, 360]",36150.0,116900.0,silent,"{""silent"": 1, ""concordant"": 0, ""A-only"": 0, ""B-only"": 0}",1272.1204,2.6366,9.0886,0.9516,393.9855,43.6,False,0.98366,neither view is in its confident tail; emitted on corridor mass that the calibrated density still values above the acceptance bar (bar 0.0593)
800,1,"[1265, 1265]","[1398, 1398]",139950.0,116800.0,B-only,"{""silent"": 0, ""concordant"": 0, ""A-only"": 0, ""B-only"": 1}",326.3601,8.7988,14.3068,2.4234,236.9489,19.21,False,0.9848,"surface-view only: scarp with no field offset; the catalogue was built from this same surface expression, so an uncatalogued scarp here is more likely a road cut, canal levee, quarry face or erosion line than a fault - down-weighted, and emitted only if it clears the metric bar"
802,1,"[1273, 1273]","[399, 399]",40050.0,116000.0,B-only,"{""silent"": 0, ""concordant"": 0, ""A-only"": 0, ""B-only"": 1}",1366.4663,6.5577,10.9135,1.0457,54.5682,32.98,False,0.98489,"surface-view only: scarp with no field offset; the catalogue was built from this same surface expression, so an uncatalogued scarp here is more likely a road cut, canal levee, quarry face or erosion line than a fault - down-weighted, and emitted only if it clears the metric bar"
804,1,"[1274, 1274]","[401, 401]",40250.0,115900.0,B-only,"{""silent"": 0, ""concordant"": 0, ""A-only"": 0, ""B-only"": 1}",1369.0463,6.424,10.9703,1.1108,51.6709,33.54,False,0.98413,"surface-view only: scarp with no field offset; the catalogue was built from this same surface expression, so an uncatalogued scarp here is more likely a road cut, canal levee, quarry face or erosion line than a fault - down-weighted, and emitted only if it clears the metric bar"
807,1,"[1278, 1278]","[339, 339]",34050.0,115500.0,B-only,"{""silent"": 0, ""concordant"": 0, ""A-only"": 0, ""B-only"": 1}",929.1102,4.8288,9.3227,1.4484,156.6439,35.38,False,0.98587,"surface-view only: scarp with no field offset; the catalogue was built from this same surface expression, so an uncatalogued scarp here is more likely a road cut, canal levee, quarry face or erosion line than a fault - down-weighted, and emitted only if it clears the metric bar"
809,1,"[1282, 1282]","[386, 386]",38750.0,115100.0,silent,"{""silent"": 1, ""concordant"": 0, ""A-only"": 0, ""B-only"": 0}",1605.3585,10.9259,12.9999,0.6231,160.2788,46.07,False,0.98533,neither view is in its confident tail; emitted on corridor mass that the calibrated density still values above the acceptance bar (bar 0.0593)
810,1,"[1282, 1282]","[1389, 1389]",139050.0,115100.0,B-only,"{""silent"": 0, ""concordant"": 0, ""A-only"": 0, ""B-only"": 1}",446.3362,6.636,13.3469,1.6718,307.5314,22.0,False,0.98468,"surface-view only: scarp with no field offset; the catalogue was built from this same surface expression, so an uncatalogued scarp here is more likely a road cut, canal levee, quarry face or erosion line than a fault - down-weighted, and emitted only if it clears the metric bar"
811,1,"[1284, 1284]","[281, 281]",28250.0,114900.0,B-only,"{""silent"": 0, ""concordant"": 0, ""A-only"": 0, ""B-only"": 1}",192.0536,3.8063,12.4055,2.9041,153.6079,9.0,False,0.98595,"surface-view only: scarp with no field offset; the catalogue was built from this same surface expression, so an uncatalogued scarp here is more likely a road cut, canal levee, quarry face or erosion line than a fault - down-weighted, and emitted only if it clears the metric bar"
814,1,"[1287, 1287]","[471, 471]",47250.0,114600.0,B-only,"{""silent"": 0, ""concordant"": 0, ""A-only"": 0, ""B-only"": 1}",1169.4368,0.9403,8.7019,1.4572,171.3613,44.27,False,0.98377,"surface-view only: scarp with no field offset; the catalogue was built from this same surface expression, so an uncatalogued scarp here is more likely a road cut, canal levee, quarry face or erosion line than a fault - down-weighted, and emitted only if it clears the metric bar"
818,1,"[1291, 1291]","[416, 416]",41750.0,114200.0,silent,"{""silent"": 1, ""concordant"": 0, ""A-only"": 0, ""B-only"": 0}",1373.2659,7.401,10.5488,1.2605,123.1709,50.8,False,0.98463,neither view is in its confident tail; emitted on corridor mass that the calibrated density still values above the acceptance bar (bar 0.0593)
819,1,"[1292, 1292]","[388, 388]",38950.0,114100.0,silent,"{""silent"": 1, ""concordant"": 0, ""A-only"": 0, ""B-only"": 0}",1618.4053,11.6567,11.7461,0.7258,259.8982,54.42,False,0.98702,neither view is in its confident tail; emitted on corridor mass that the calibrated density still values above the acceptance bar (bar 0.0593)
820,1,"[1292, 1292]","[1386, 1386]",138750.0,114100.0,B-only,"{""silent"": 0, ""concordant"": 0, ""A-only"": 0, ""B-only"": 1}",532.5018,10.4683,13.2925,1.2305,338.3486,20.62,False,0.98472,"surface-view only: scarp with no field offset; the catalogue was built from this same surface expression, so an uncatalogued scarp here is more likely a road cut, canal levee, quarry face or erosion line than a fault - down-weighted, and emitted only if it clears the metric bar"
822,1,"[1297, 1297]","[296, 296]",29750.0,113600.0,concordant,"{""silent"": 0, ""concordant"": 1, ""A-only"": 0, ""B-only"": 0}",311.6101,3.7378,9.1922,3.4357,149.5562,14.0,False,0.98467,"both views agree: continuation of a mapped structure beyond the end or the side of the mapped trace, the case where the catalogue is truncated by mapping convention rather than by data"
826,1,"[1304, 1304]","[473, 473]",47450.0,112900.0,silent,"{""silent"": 1, ""concordant"": 0, ""A-only"": 0, ""B-only"": 0}",1312.9547,3.5031,9.1795,1.2626,300.9021,36.06,False,0.98549,neither view is in its confident tail; emitted on corridor mass that the calibrated density still values above the acceptance bar (bar 0.0593)
828,1,"[1310, 1310]","[287, 287]",28850.0,112300.0,silent,"{""silent"": 1, ""concordant"": 0, ""A-only"": 0, ""B-only"": 0}",106.2278,6.1972,9.8514,3.1377,184.2399,5.0,False,0.98577,neither view is in its confident tail; emitted on corridor mass that the calibrated density still values above the acceptance bar (bar 0.0593)
829,1,"[1310, 1310]","[289, 289]",29050.0,112300.0,silent,"{""silent"": 1, ""concordant"": 0, ""A-only"": 0, ""B-only"": 0}",126.9372,4.1627,8.8736,2.4731,157.0572,7.0,False,0.98513,neither view is in its confident tail; emitted on corridor mass that the calibrated density still values above the acceptance bar (bar 0.0593)
830,1,"[1312, 1312]","[288, 288]",28950.0,112100.0,silent,"{""silent"": 1, ""concordant"": 0, ""A-only"": 0, ""B-only"": 0}",105.0092,2.7055,8.8853,2.6748,121.7497,6.0,False,0.98604,neither view is in its confident tail; emitted on corridor mass that the calibrated density still values above the acceptance bar (bar 0.0593)
832,1,"[1322, 1322]","[422, 422]",42350.0,111100.0,silent,"{""silent"": 1, ""concordant"": 0, ""A-only"": 0, ""B-only"": 0}",1006.0927,9.3848,13.2317,1.0435,300.914,48.3,False,0.98513,neither view is in its confident tail; emitted on corridor mass that the calibrated density still values above the acceptance bar (bar 0.0593)
838,1,"[1333, 1333]","[287, 287]",28850.0,110000.0,concordant,"{""silent"": 0, ""concordant"": 1, ""A-only"": 0, ""B-only"": 0}",42.1086,10.132,9.7995,4.3289,129.8479,5.1,False,0.98386,"both views agree: continuation of a mapped structure beyond the end or the side of the mapped trace, the case where the catalogue is truncated by mapping convention rather than by data"
839,1,"[1335, 1335]","[285, 285]",28650.0,109800.0,concordant,"{""silent"": 0, ""concordant"": 1, ""A-only"": 0, ""B-only"": 0}",39.8645,11.0342,10.2116,4.5806,149.97,4.24,False,0.98633,"both views agree: continuation of a mapped structure beyond the end or the side of the mapped trace, the case where the catalogue is truncated by mapping convention rather than by data"
842,1,"[1342, 1342]","[311, 311]",31250.0,109100.0,silent,"{""silent"": 1, ""concordant"": 0, ""A-only"": 0, ""B-only"": 0}",268.6667,1.163,7.191,2.2269,89.0702,11.18,False,0.98623,neither view is in its confident tail; emitted on corridor mass that the calibrated density still values above the acceptance bar (bar 0.0593)
846,1,"[1350, 1350]","[1767, 1767]",176850.0,108300.0,silent,"{""silent"": 1, ""concordant"": 0, ""A-only"": 0, ""B-only"": 0}",908.2256,25.0802,18.9292,16.2585,49.135,2.0,False,0.98696,neither view is in its confident tail; emitted on corridor mass that the calibrated density still values above the acceptance bar (bar 0.0593)
847,1,"[1353, 1353]","[1767, 1767]",176850.0,108000.0,silent,"{""silent"": 1, ""concordant"": 0, ""A-only"": 0, ""B-only"": 0}",900.2307,10.3291,15.9564,15.5122,33.592,2.83,False,0.99114,neither view is in its confident tail; emitted on corridor mass that the calibrated density still values above the acceptance bar (bar 0.0593)
848,1,"[1358, 1358]","[1769, 1769]",177050.0,107500.0,silent,"{""silent"": 1, ""concordant"": 0, ""A-only"": 0, ""B-only"": 0}",865.4755,3.7496,17.1737,17.4885,44.6369,1.41,False,0.99033,neither view is in its confident tail; emitted on corridor mass that the calibrated density still values above the acceptance bar (bar 0.0593)
849,1,"[1359, 1359]","[1302, 1302]",130350.0,107400.0,B-only,"{""silent"": 0, ""concordant"": 0, ""A-only"": 0, ""B-only"": 1}",414.2865,4.6864,8.9513,1.4236,190.905,14.04,False,0.98443,"surface-view only: scarp with no field offset; the catalogue was built from this same surface expression, so an uncatalogued scarp here is more likely a road cut, canal levee, quarry face or erosion line than a fault - down-weighted, and emitted only if it clears the metric bar"
855,1,"[1364, 1364]","[1655, 1655]",165650.0,106900.0,silent,"{""silent"": 1, ""concordant"": 0, ""A-only"": 0, ""B-only"": 0}",262.9677,5.3511,9.4721,0.917,84.3804,21.63,False,0.98525,neither view is in its confident tail; emitted on corridor mass that the calibrated density still values above the acceptance bar (bar 0.0593)
861,1,"[1371, 1371]","[327, 327]",32850.0,106200.0,silent,"{""silent"": 1, ""concordant"": 0, ""A-only"": 0, ""B-only"": 0}",443.5828,4.6046,10.2396,0.1463,145.7519,38.9,False,0.9836,neither view is in its confident tail; emitted on corridor mass that the calibrated density still values above the acceptance bar (bar 0.0593)
866,1,"[1383, 1383]","[267, 267]",26850.0,105000.0,concordant,"{""silent"": 0, ""concordant"": 1, ""A-only"": 0, ""B-only"": 0}",127.347,10.1757,13.0757,15.8469,121.8263,1.0,False,0.98456,"both views agree: continuation of a mapped structure beyond the end or the side of the mapped trace, the case where the catalogue is truncated by mapping convention rather than by data"
868,1,"[1390, 1390]","[1290, 1290]",129150.0,104300.0,B-only,"{""silent"": 0, ""concordant"": 0, ""A-only"": 0, ""B-only"": 1}",277.8622,4.1979,9.5401,1.9718,220.8176,17.0,False,0.98402,"surface-view only: scarp with no field offset; the catalogue was built from this same surface expression, so an uncatalogued scarp here is more likely a road cut, canal levee, quarry face or erosion line than a fault - down-weighted, and emitted only if it clears the metric bar"
869,1,"[1391, 1391]","[353, 353]",35450.0,104200.0,B-only,"{""silent"": 0, ""concordant"": 0, ""A-only"": 0, ""B-only"": 1}",619.3116,0.7626,10.3686,0.6965,130.1273,54.12,False,0.98509,"surface-view only: scarp with no field offset; the catalogue was built from this same surface expression, so an uncatalogued scarp here is more likely a road cut, canal levee, quarry face or erosion line than a fault - down-weighted, and emitted only if it clears the metric bar"
872,1,"[1399, 1399]","[1597, 1597]",159850.0,103400.0,B-only,"{""silent"": 0, ""concordant"": 0, ""A-only"": 0, ""B-only"": 1}",453.1554,5.3092,9.9853,0.6443,200.3339,13.34,False,0.98536,"surface-view only: scarp with no field offset; the catalogue was built from this same surface expression, so an uncatalogued scarp here is more likely a road cut, canal levee, quarry face or erosion line than a fault - down-weighted, and emitted only if it clears the metric bar"
874,1,"[1402, 1402]","[1598, 1598]",159950.0,103100.0,B-only,"{""silent"": 0, ""concordant"": 0, ""A-only"": 0, ""B-only"": 1}",448.4698,5.2765,10.5845,0.5936,191.6239,15.0,False,0.98597,"surface-view only: scarp with no field offset; the catalogue was built from this same surface expression, so an uncatalogued scarp here is more likely a road cut, canal levee, quarry face or erosion line than a fault - down-weighted, and emitted only if it clears the metric bar"
875,1,"[1403, 1403]","[498, 498]",49950.0,103000.0,B-only,"{""silent"": 0, ""concordant"": 0, ""A-only"": 0, ""B-only"": 1}",163.046,6.1007,13.6683,2.2192,171.1151,9.49,False,0.98364,"surface-view only: scarp with no field offset; the catalogue was built from this same surface expression, so an uncatalogued scarp here is more likely a road cut, canal levee, quarry face or erosion line than a fault - down-weighted, and emitted only if it clears the metric bar"
876,1,"[1416, 1416]","[454, 454]",45550.0,101700.0,B-only,"{""silent"": 0, ""concordant"": 0, ""A-only"": 0, ""B-only"": 1}",689.5379,2.4045,15.1485,1.7817,285.0455,41.76,False,0.98818,"surface-view only: scarp with no field offset; the catalogue was built from this same surface expression, so an uncatalogued scarp here is more likely a road cut, canal levee, quarry face or erosion line than a fault - down-weighted, and emitted only if it clears the metric bar"
877,1,"[1417, 1417]","[452, 452]",45350.0,101600.0,silent,"{""silent"": 1, ""concordant"": 0, ""A-only"": 0, ""B-only"": 0}",710.0083,5.8396,14.1756,1.6302,282.0351,42.2,False,0.98447,neither view is in its confident tail; emitted on corridor mass that the calibrated density still values above the acceptance bar (bar 0.0593)
883,1,"[1438, 1438]","[751, 751]",75250.0,99500.0,B-only,"{""silent"": 0, ""concordant"": 0, ""A-only"": 0, ""B-only"": 1}",125.9394,3.78,10.0559,1.7948,115.6478,22.02,False,0.98387,"surface-view only: scarp with no field offset; the catalogue was built from this same surface expression, so an uncatalogued scarp here is more likely a road cut, canal levee, quarry face or erosion line than a fault - down-weighted, and emitted only if it clears the metric bar"
888,1,"[1453, 1453]","[340, 340]",34150.0,98000.0,A-only,"{""silent"": 0, ""concordant"": 0, ""A-only"": 1, ""B-only"": 0}",718.7708,0.9843,11.1124,8.9049,200.1681,5.66,False,0.98604,"field-view only: potential-field offset (gravity step 8.905, magnetic step 200.168) with no corresponding scarp (surface rank 11.112); cover depth rank 718.771 is deep enough that a scarp would be buried, so this is a buried range-front fault the LiDAR-derived catalogue cannot contain"
894,1,"[1483, 1483]","[366, 366]",36750.0,95000.0,A-only,"{""silent"": 0, ""concordant"": 0, ""A-only"": 1, ""B-only"": 0}",522.8505,11.4294,16.5054,13.056,333.1738,2.0,False,0.98735,"field-view only: potential-field offset (gravity step 13.056, magnetic step 333.174) with no corresponding scarp (surface rank 16.505); cover depth rank 522.851 is deep enough that a scarp would be buried, so this is a buried range-front fault the LiDAR-derived catalogue cannot contain"
896,1,"[1485, 1485]","[372, 372]",37350.0,94800.0,A-only,"{""silent"": 0, ""concordant"": 0, ""A-only"": 1, ""B-only"": 0}",443.5245,10.84,14.3059,7.5935,300.4844,4.24,False,0.98823,"field-view only: potential-field offset (gravity step 7.593, magnetic step 300.484) with no corresponding scarp (surface rank 14.306); cover depth rank 443.524 is deep enough that a scarp would be buried, so this is a buried range-front fault the LiDAR-derived catalogue cannot contain"
897,1,"[1495, 1495]","[1755, 1755]",175650.0,93800.0,B-only,"{""silent"": 0, ""concordant"": 0, ""A-only"": 0, ""B-only"": 1}",1622.9641,13.6475,14.2697,26.3122,51.6001,1.0,False,0.9883,"surface-view only: scarp with no field offset; the catalogue was built from this same surface expression, so an uncatalogued scarp here is more likely a road cut, canal levee, quarry face or erosion line than a fault - down-weighted, and emitted only if it clears the metric bar"
898,1,"[1506, 1506]","[1693, 1693]",169450.0,92700.0,B-only,"{""silent"": 0, ""concordant"": 0, ""A-only"": 0, ""B-only"": 1}",702.3273,3.2955,12.1974,1.9188,50.4532,30.08,False,0.98439,"surface-view only: scarp with no field offset; the catalogue was built from this same surface expression, so an uncatalogued scarp here is more likely a road cut, canal levee, quarry face or erosion line than a fault - down-weighted, and emitted only if it clears the metric bar"
901,1,"[1512, 1512]","[1750, 1750]",175150.0,92100.0,B-only,"{""silent"": 0, ""concordant"": 0, ""A-only"": 0, ""B-only"": 1}",2284.9558,14.9078,12.9948,28.3513,60.3089,1.0,False,0.98346,"surface-view only: scarp with no field offset; the catalogue was built from this same surface expression, so an uncatalogued scarp here is more likely a road cut, canal levee, quarry face or erosion line than a fault - down-weighted, and emitted only if it clears the metric bar"
905,1,"[1530, 1530]","[1374, 1374]",137550.0,90300.0,silent,"{""silent"": 1, ""concordant"": 0, ""A-only"": 0, ""B-only"": 0}",506.5659,3.9773,10.0291,0.7544,201.8188,41.44,False,0.98369,neither view is in its confident tail; emitted on corridor mass that the calibrated density still values above the acceptance bar (bar 0.0593)
911,1,"[1542, 1542]","[1734, 1734]",173550.0,89100.0,B-only,"{""silent"": 0, ""concordant"": 0, ""A-only"": 0, ""B-only"": 1}",2733.7244,13.7849,14.2838,8.4339,110.177,7.07,False,0.98413,"surface-view only: scarp with no field offset; the catalogue was built from this same surface expression, so an uncatalogued scarp here is more likely a road cut, canal levee, quarry face or erosion line than a fault - down-weighted, and emitted only if it clears the metric bar"
913,1,"[1544, 1544]","[1732, 1732]",173350.0,88900.0,B-only,"{""silent"": 0, ""concordant"": 0, ""A-only"": 0, ""B-only"": 1}",2611.5134,4.7383,11.7743,5.515,91.1349,8.54,False,0.98364,"surface-view only: scarp with no field offset; the catalogue was built from this same surface expression, so an uncatalogued scarp here is more likely a road cut, canal levee, quarry face or erosion line than a fault - down-weighted, and emitted only if it clears the metric bar"
917,1,"[1548, 1548]","[1164, 1164]",116550.0,88500.0,B-only,"{""silent"": 0, ""concordant"": 0, ""A-only"": 0, ""B-only"": 1}",210.9868,5.0332,11.3439,0.7682,639.7716,16.03,False,0.98354,"surface-view only: scarp with no field offset; the catalogue was built from this same surface expression, so an uncatalogued scarp here is more likely a road cut, canal levee, quarry face or erosion line than a fault - down-weighted, and emitted only if it clears the metric bar"
922,1,"[1550, 1550]","[449, 449]",45050.0,88300.0,B-only,"{""silent"": 0, ""concordant"": 0, ""A-only"": 0, ""B-only"": 1}",342.6283,3.4173,8.8109,3.7597,82.1096,9.22,False,0.98568,"surface-view only: scarp with no field offset; the catalogue was built from this same surface expression, so an uncatalogued scarp here is more likely a road cut, canal levee, quarry face or erosion line than a fault - down-weighted, and emitted only if it clears the metric bar"
924,1,"[1550, 1550]","[1305, 1305]",130650.0,88300.0,silent,"{""silent"": 1, ""concordant"": 0, ""A-only"": 0, ""B-only"": 0}",422.3276,12.0713,11.0583,1.1427,225.8334,22.02,False,0.98349,neither view is in its confident tail; emitted on corridor mass that the calibrated density still values above the acceptance bar (bar 0.0593)
926,1,"[1552, 1552]","[1304, 1304]",130550.0,88100.0,silent,"{""silent"": 1, ""concordant"": 0, ""A-only"": 0, ""B-only"": 0}",422.6805,12.0115,12.6432,1.2939,250.5916,20.0,False,0.98359,neither view is in its confident tail; emitted on corridor mass that the calibrated density still values above the acceptance bar (bar 0.0593)
927,1,"[1553, 1553]","[439, 439]",44050.0,88000.0,concordant,"{""silent"": 0, ""concordant"": 1, ""A-only"": 0, ""B-only"": 0}",319.1386,7.6059,10.0528,11.3587,143.0733,1.41,False,0.98418,"both views agree: continuation of a mapped structure beyond the end or the side of the mapped trace, the case where the catalogue is truncated by mapping convention rather than by data"
930,1,"[1555, 1555]","[494, 494]",49550.0,87800.0,B-only,"{""silent"": 0, ""concordant"": 0, ""A-only"": 0, ""B-only"": 1}",792.8419,2.3716,9.7039,2.7289,105.433,14.14,False,0.98807,"surface-view only: scarp with no field offset; the catalogue was built from this same surface expression, so an uncatalogued scarp here is more likely a road cut, canal levee, quarry face or erosion line than a fault - down-weighted, and emitted only if it clears the metric bar"
931,1,"[1555, 1555]","[1308, 1308]",130950.0,87800.0,B-only,"{""silent"": 0, ""concordant"": 0, ""A-only"": 0, ""B-only"": 1}",433.8832,5.4529,12.246,1.5958,277.1944,17.26,False,0.98402,"surface-view only: scarp with no field offset; the catalogue was built from this same surface expression, so an uncatalogued scarp here is more likely a road cut, canal levee, quarry face or erosion line than a fault - down-weighted, and emitted only if it clears the metric bar"
935,1,"[1556, 1556]","[1302, 1302]",130350.0,87700.0,B-only,"{""silent"": 0, ""concordant"": 0, ""A-only"": 0, ""B-only"": 1}",437.9602,6.2379,11.214,1.6463,177.0505,16.12,False,0.9872,"surface-view only: scarp with no field offset; the catalogue was built from this same surface expression, so an uncatalogued scarp here is more likely a road cut, canal levee, quarry face or erosion line than a fault - down-weighted, and emitted only if it clears the metric bar"
938,1,"[1560, 1560]","[1160, 1160]",116150.0,87300.0,B-only,"{""silent"": 0, ""concordant"": 0, ""A-only"": 0, ""B-only"": 1}",276.8425,3.1551,10.9937,0.6905,336.4793,28.44,False,0.98581,"surface-view only: scarp with no field offset; the catalogue was built from this same surface expression, so an uncatalogued scarp here is more likely a road cut, canal levee, quarry face or erosion line than a fault - down-weighted, and emitted only if it clears the metric bar"
941,1,"[1565, 1565]","[1359, 1359]",136050.0,86800.0,B-only,"{""silent"": 0, ""concordant"": 0, ""A-only"": 0, ""B-only"": 1}",423.8963,6.2916,9.8112,0.8146,93.2169,27.29,False,0.98743,"surface-view only: scarp with no field offset; the catalogue was built from this same surface expression, so an uncatalogued scarp here is more likely a road cut, canal levee, quarry face or erosion line than a fault - down-weighted, and emitted only if it clears the metric bar"
949,1,"[1578, 1578]","[628, 628]",62950.0,85500.0,B-only,"{""silent"": 0, ""concordant"": 0, ""A-only"": 0, ""B-only"": 1}",846.5599,5.1802,11.1756,2.4403,120.9064,18.36,False,0.9834,"surface-view only: scarp with no field offset; the catalogue was built from this same surface expression, so an uncatalogued scarp here is more likely a road cut, canal levee, quarry face or erosion line than a fault - down-weighted, and emitted only if it clears the metric bar"
954,1,"[1585, 1585]","[471, 471]",47250.0,84800.0,B-only,"{""silent"": 0, ""concordant"": 0, ""A-only"": 0, ""B-only"": 1}",910.5093,13.196,12.4243,11.3714,103.5554,1.0,False,0.98581,"surface-view only: scarp with no field offset; the catalogue was built from this same surface expression, so an uncatalogued scarp here is more likely a road cut, canal levee, quarry face or erosion line than a fault - down-weighted, and emitted only if it clears the metric bar"
955,1,"[1588, 1588]","[480, 480]",48150.0,84500.0,silent,"{""silent"": 1, ""concordant"": 0, ""A-only"": 0, ""B-only"": 0}",1099.8062,3.6252,9.7111,5.9056,71.7693,4.24,False,0.98686,neither view is in its confident tail; emitted on corridor mass that the calibrated density still values above the acceptance bar (bar 0.0593)
957,1,"[1589, 1589]","[478, 478]",47950.0,84400.0,A-only,"{""silent"": 0, ""concordant"": 0, ""A-only"": 1, ""B-only"": 0}",1090.0737,5.8935,10.109,9.076,103.8683,2.24,False,0.98578,"field-view only: potential-field offset (gravity step 9.076, magnetic step 103.868) with no corresponding scarp (surface rank 10.109); cover depth rank 1090.074 is deep enough that a scarp would be buried, so this is a buried range-front fault the LiDAR-derived catalogue cannot contain"
958,1,"[1590, 1590]","[896, 896]",89750.0,84300.0,B-only,"{""silent"": 0, ""concordant"": 0, ""A-only"": 0, ""B-only"": 1}",495.0499,5.1481,10.3841,3.6846,111.3112,46.14,False,0.98445,"surface-view only: scarp with no field offset; the catalogue was built from this same surface expression, so an uncatalogued scarp here is more likely a road cut, canal levee, quarry face or erosion line than a fault - down-weighted, and emitted only if it clears the metric bar"
959,1,"[1593, 1593]","[481, 481]",48250.0,84000.0,concordant,"{""silent"": 0, ""concordant"": 1, ""A-only"": 0, ""B-only"": 0}",1225.464,8.8259,11.5861,11.8121,137.1767,1.41,False,0.98354,"both views agree: continuation of a mapped structure beyond the end or the side of the mapped trace, the case where the catalogue is truncated by mapping convention rather than by data"
962,1,"[1601, 1601]","[1365, 1365]",136650.0,83200.0,B-only,"{""silent"": 0, ""concordant"": 0, ""A-only"": 0, ""B-only"": 1}",218.4189,8.6166,12.4471,1.9093,134.0334,29.53,False,0.98852,"surface-view only: scarp with no field offset; the catalogue was built from this same surface expression, so an uncatalogued scarp here is more likely a road cut, canal levee, quarry face or erosion line than a fault - down-weighted, and emitted only if it clears the metric bar"
964,1,"[1604, 1604]","[1367, 1367]",136850.0,82900.0,B-only,"{""silent"": 0, ""concordant"": 0, ""A-only"": 0, ""B-only"": 1}",174.2013,5.1219,13.8219,1.5708,107.4494,32.76,False,0.98827,"surface-view only: scarp with no field offset; the catalogue was built from this same surface expression, so an uncatalogued scarp here is more likely a road cut, canal levee, quarry face or erosion line than a fault - down-weighted, and emitted only if it clears the metric bar"
965,1,"[1605, 1605]","[1369, 1369]",137050.0,82800.0,B-only,"{""silent"": 0, ""concordant"": 0, ""A-only"": 0, ""B-only"": 1}",152.069,5.854,11.6206,1.2875,83.4172,34.99,False,0.98338,"surface-view only: scarp with no field offset; the catalogue was built from this same surface expression, so an uncatalogued scarp here is more likely a road cut, canal levee, quarry face or erosion line than a fault - down-weighted, and emitted only if it clears the metric bar"
967,1,"[1612, 1612]","[775, 775]",77650.0,82100.0,B-only,"{""silent"": 0, ""concordant"": 0, ""A-only"": 0, ""B-only"": 1}",587.3336,3.0355,10.2801,2.6026,124.0411,25.71,False,0.98476,"surface-view only: scarp with no field offset; the catalogue was built from this same surface expression, so an uncatalogued scarp here is more likely a road cut, canal levee, quarry face or erosion line than a fault - down-weighted, and emitted only if it clears the metric bar"
972,1,"[1618, 1618]","[1252, 1252]",125350.0,81500.0,B-only,"{""silent"": 0, ""concordant"": 0, ""A-only"": 0, ""B-only"": 1}",870.246,1.9553,11.6597,1.4361,312.3823,19.72,False,0.98451,"surface-view only: scarp with no field offset; the catalogue was built from this same surface expression, so an uncatalogued scarp here is more likely a road cut, canal levee, quarry face or erosion line than a fault - down-weighted, and emitted only if it clears the metric bar"
973,1,"[1619, 1619]","[759, 759]",76050.0,81400.0,silent,"{""silent"": 1, ""concordant"": 0, ""A-only"": 0, ""B-only"": 0}",1011.3508,8.6854,12.1509,1.7028,184.3565,25.24,False,0.98663,neither view is in its confident tail; emitted on corridor mass that the calibrated density still values above the acceptance bar (bar 0.0593)
976,1,"[1621, 1621]","[1100, 1100]",110150.0,81200.0,B-only,"{""silent"": 0, ""concordant"": 0, ""A-only"": 0, ""B-only"": 1}",235.3204,6.2438,12.5082,2.3785,99.9134,45.18,False,0.98381,"surface-view only: scarp with no field offset; the catalogue was built from this same surface expression, so an uncatalogued scarp here is more likely a road cut, canal levee, quarry face or erosion line than a fault - down-weighted, and emitted only if it clears the metric bar"
977,1,"[1621, 1621]","[1380, 1380]",138150.0,81200.0,B-only,"{""silent"": 0, ""concordant"": 0, ""A-only"": 0, ""B-only"": 1}",19.3592,4.8686,11.2509,1.9937,221.3249,38.33,False,0.98458,"surface-view only: scarp with no field offset; the catalogue was built from this same surface expression, so an uncatalogued scarp here is more likely a road cut, canal levee, quarry face or erosion line than a fault - down-weighted, and emitted only if it clears the metric bar"
979,1,"[1624, 1624]","[988, 988]",98950.0,80900.0,B-only,"{""silent"": 0, ""concordant"": 0, ""A-only"": 0, ""B-only"": 1}",106.684,3.8434,12.0977,1.2476,133.6788,15.62,False,0.9849,"surface-view only: scarp with no field offset; the catalogue was built from this same surface expression, so an uncatalogued scarp here is more likely a road cut, canal levee, quarry face or erosion line than a fault - down-weighted, and emitted only if it clears the metric bar"
980,1,"[1624, 1624]","[1388, 1388]",138950.0,80900.0,silent,"{""silent"": 1, ""concordant"": 0, ""A-only"": 0, ""B-only"": 0}",30.5,7.1799,10.1489,3.0425,178.9907,31.38,False,0.98554,neither view is in its confident tail; emitted on corridor mass that the calibrated density still values above the acceptance bar (bar 0.0593)
989,1,"[1632, 1632]","[1376, 1376]",137750.0,80100.0,B-only,"{""silent"": 0, ""concordant"": 0, ""A-only"": 0, ""B-only"": 1}",21.0815,4.1527,12.8414,2.3402,60.4246,26.68,False,0.98717,"surface-view only: scarp with no field offset; the catalogue was built from this same surface expression, so an uncatalogued scarp here is more likely a road cut, canal levee, quarry face or erosion line than a fault - down-weighted, and emitted only if it clears the metric bar"
990,1,"[1634, 1634]","[1374, 1374]",137550.0,79900.0,B-only,"{""silent"": 0, ""concordant"": 0, ""A-only"": 0, ""B-only"": 1}",21.4753,5.0139,13.1757,2.2714,60.6168,24.33,False,0.98604,"surface-view only: scarp with no field offset; the catalogue was built from this same surface expression, so an uncatalogued scarp here is more likely a road cut, canal levee, quarry face or erosion line than a fault - down-weighted, and emitted only if it clears the metric bar"
994,1,"[1642, 1642]","[1046, 1046]",104750.0,79100.0,B-only,"{""silent"": 0, ""concordant"": 0, ""A-only"": 0, ""B-only"": 1}",5.7415,8.0487,9.7687,1.7044,116.7935,26.63,False,0.98404,"surface-view only: scarp with no field offset; the catalogue was built from this same surface expression, so an uncatalogued scarp here is more likely a road cut, canal levee, quarry face or erosion line than a fault - down-weighted, and emitted only if it clears the metric bar"
995,1,"[1642, 1642]","[1082, 1082]",108350.0,79100.0,B-only,"{""silent"": 0, ""concordant"": 0, ""A-only"": 0, ""B-only"": 1}",25.2539,6.8113,10.3273,2.6463,176.538,47.41,False,0.98351,"surface-view only: scarp with no field offset; the catalogue was built from this same surface expression, so an uncatalogued scarp here is more likely a road cut, canal levee, quarry face or erosion line than a fault - down-weighted, and emitted only if it clears the metric bar"
1000,1,"[1663, 1663]","[1361, 1361]",136250.0,77000.0,silent,"{""silent"": 1, ""concordant"": 0, ""A-only"": 0, ""B-only"": 0}",139.6987,3.5241,12.5396,0.6221,26.813,8.06,False,0.98454,neither view is in its confident tail; emitted on corridor mass that the calibrated density still values above the acceptance bar (bar 0.0593)
1003,1,"[1669, 1669]","[1360, 1360]",136150.0,76400.0,B-only,"{""silent"": 0, ""concordant"": 0, ""A-only"": 0, ""B-only"": 1}",161.6069,3.7264,13.9037,0.8792,37.7645,8.0,False,0.98476,"surface-view only: scarp with no field offset; the catalogue was built from this same surface expression, so an uncatalogued scarp here is more likely a road cut, canal levee, quarry face or erosion line than a fault - down-weighted, and emitted only if it clears the metric bar"
1004,1,"[1670, 1670]","[1376, 1376]",137750.0,76300.0,B-only,"{""silent"": 0, ""concordant"": 0, ""A-only"": 0, ""B-only"": 1}",170.7833,16.5058,14.9283,1.8847,35.5802,8.0,False,0.98599,"surface-view only: scarp with no field offset; the catalogue was built from this same surface expression, so an uncatalogued scarp here is more likely a road cut, canal levee, quarry face or erosion line than a fault - down-weighted, and emitted only if it clears the metric bar"
1007,1,"[1674, 1674]","[1358, 1358]",135950.0,75900.0,B-only,"{""silent"": 0, ""concordant"": 0, ""A-only"": 0, ""B-only"": 1}",176.8553,3.6617,14.0581,1.0173,50.8916,8.25,False,0.98388,"surface-view only: scarp with no field offset; the catalogue was built from this same surface expression, so an uncatalogued scarp here is more likely a road cut, canal levee, quarry face or erosion line than a fault - down-weighted, and emitted only if it clears the metric bar"
1010,1,"[1677, 1677]","[1356, 1356]",135750.0,75600.0,B-only,"{""silent"": 0, ""concordant"": 0, ""A-only"": 0, ""B-only"": 1}",184.8989,2.6799,14.2253,1.0263,76.7903,8.6,False,0.98524,"surface-view only: scarp with no field offset; the catalogue was built from this same surface expression, so an uncatalogued scarp here is more likely a road cut, canal levee, quarry face or erosion line than a fault - down-weighted, and emitted only if it clears the metric bar"
1013,1,"[1688, 1688]","[1295, 1295]",129650.0,74500.0,B-only,"{""silent"": 0, ""concordant"": 0, ""A-only"": 0, ""B-only"": 1}",557.8327,6.8449,13.5712,2.5439,386.5582,31.06,False,0.98654,"surface-view only: scarp with no field offset; the catalogue was built from this same surface expression, so an uncatalogued scarp here is more likely a road cut, canal levee, quarry face or erosion line than a fault - down-weighted, and emitted only if it clears the metric bar"
1015,1,"[1693, 1693]","[1296, 1296]",129750.0,74000.0,silent,"{""silent"": 1, ""concordant"": 0, ""A-only"": 0, ""B-only"": 0}",500.2939,6.1894,12.356,2.7344,427.7404,27.66,False,0.98362,neither view is in its confident tail; emitted on corridor mass that the calibrated density still values above the acceptance bar (bar 0.0593)
1018,1,"[1699, 1699]","[824, 824]",82550.0,73400.0,B-only,"{""silent"": 0, ""concordant"": 0, ""A-only"": 0, ""B-only"": 1}",654.7642,5.3886,13.0931,0.7034,105.8207,24.41,False,0.98611,"surface-view only: scarp with no field offset; the catalogue was built from this same surface expression, so an uncatalogued scarp here is more likely a road cut, canal levee, quarry face or erosion line than a fault - down-weighted, and emitted only if it clears the metric bar"
1021,1,"[1701, 1701]","[1299, 1299]",130050.0,73200.0,silent,"{""silent"": 1, ""concordant"": 0, ""A-only"": 0, ""B-only"": 0}",378.8308,5.4674,12.6601,2.6293,458.791,24.04,False,0.98415,neither view is in its confident tail; emitted on corridor mass that the calibrated density still values above the acceptance bar (bar 0.0593)
1023,1,"[1713, 1713]","[1290, 1290]",129150.0,72000.0,silent,"{""silent"": 1, ""concordant"": 0, ""A-only"": 0, ""B-only"": 0}",237.4168,6.8601,12.2317,1.9136,280.7651,9.43,False,0.98341,neither view is in its confident tail; emitted on corridor mass that the calibrated density still values above the acceptance bar (bar 0.0593)
1032,1,"[1887, 1887]","[1028, 1028]",102950.0,54600.0,B-only,"{""silent"": 0, ""concordant"": 0, ""A-only"": 0, ""B-only"": 1}",237.8327,2.7732,9.4419,3.194,1201.9587,74.95,False,0.98375,"surface-view only: scarp with no field offset; the catalogue was built from this same surface expression, so an uncatalogued scarp here is more likely a road cut, canal levee, quarry face or erosion line than a fault - down-weighted, and emitted only if it clears the metric bar"
1034,1,"[1889, 1889]","[888, 888]",88950.0,54400.0,silent,"{""silent"": 1, ""concordant"": 0, ""A-only"": 0, ""B-only"": 0}",768.3074,9.1888,11.014,0.7728,117.3408,18.97,False,0.98638,neither view is in its confident tail; emitted on corridor mass that the calibrated density still values above the acceptance bar (bar 0.0593)
1039,1,"[1910, 1910]","[933, 933]",93450.0,52300.0,B-only,"{""silent"": 0, ""concordant"": 0, ""A-only"": 0, ""B-only"": 1}",660.611,13.0799,13.3039,0.8391,43.2754,11.4,False,0.98396,"surface-view only: scarp with no field offset; the catalogue was built from this same surface expression, so an uncatalogued scarp here is more likely a road cut, canal levee, quarry face or erosion line than a fault - down-weighted, and emitted only if it clears the metric bar"
1042,1,"[1915, 1915]","[886, 886]",88750.0,51800.0,silent,"{""silent"": 1, ""concordant"": 0, ""A-only"": 0, ""B-only"": 0}",678.4444,10.1575,11.7228,7.7711,99.7987,3.16,False,0.98506,neither view is in its confident tail; emitted on corridor mass that the calibrated density still values above the acceptance bar (bar 0.0593)
1043,1,"[1917, 1917]","[884, 884]",88550.0,51600.0,B-only,"{""silent"": 0, ""concordant"": 0, ""A-only"": 0, ""B-only"": 1}",661.0883,9.2988,15.4857,9.3694,86.407,1.0,False,0.98501,"surface-view only: scarp with no field offset; the catalogue was built from this same surface expression, so an uncatalogued scarp here is more likely a road cut, canal levee, quarry face or erosion line than a fault - down-weighted, and emitted only if it clears the metric bar"
1044,1,"[1917, 1917]","[886, 886]",88750.0,51600.0,silent,"{""silent"": 1, ""concordant"": 0, ""A-only"": 0, ""B-only"": 0}",661.63,7.8339,13.7938,9.4769,85.6706,1.41,False,0.98409,neither view is in its confident tail; emitted on corridor mass that the calibrated density still values above the acceptance bar (bar 0.0593)
1045,1,"[1917, 1917]","[1495, 1495]",149650.0,51600.0,B-only,"{""silent"": 0, ""concordant"": 0, ""A-only"": 0, ""B-only"": 1}",210.7834,8.9162,9.7216,2.5078,160.1623,51.24,False,0.98363,"surface-view only: scarp with no field offset; the catalogue was built from this same surface expression, so an uncatalogued scarp here is more likely a road cut, canal levee, quarry face or erosion line than a fault - down-weighted, and emitted only if it clears the metric bar"
1046,1,"[1918, 1918]","[1492, 1492]",149350.0,51500.0,B-only,"{""silent"": 0, ""concordant"": 0, ""A-only"": 0, ""B-only"": 1}",173.0257,4.196,8.6712,2.3876,179.5097,53.14,False,0.98491,"surface-view only: scarp with no field offset; the catalogue was built from this same surface expression, so an uncatalogued scarp here is more likely a road cut, canal levee, quarry face or erosion line than a fault - down-weighted, and emitted only if it clears the metric bar"
1047,1,"[1924, 1924]","[895, 895]",89650.0,50900.0,A-only,"{""silent"": 0, ""concordant"": 0, ""A-only"": 1, ""B-only"": 0}",569.464,18.0463,16.808,10.8901,104.3308,1.41,False,0.98917,"field-view only: potential-field offset (gravity step 10.890, magnetic step 104.331) with no corresponding scarp (surface rank 16.808); cover depth rank 569.464 is deep enough that a scarp would be buried, so this is a buried range-front fault the LiDAR-derived catalogue cannot contain"
1048,1,"[1924, 1924]","[1570, 1570]",157150.0,50900.0,B-only,"{""silent"": 0, ""concordant"": 0, ""A-only"": 0, ""B-only"": 1}",157.5884,13.2652,13.5509,1.3048,125.1449,8.06,False,0.98504,"surface-view only: scarp with no field offset; the catalogue was built from this same surface expression, so an uncatalogued scarp here is more likely a road cut, canal levee, quarry face or erosion line than a fault - down-weighted, and emitted only if it clears the metric bar"
1053,1,"[1935, 1935]","[1303, 1303]",130450.0,49800.0,B-only,"{""silent"": 0, ""concordant"": 0, ""A-only"": 0, ""B-only"": 1}",668.0118,8.0233,10.3295,0.6915,137.1504,31.06,False,0.98417,"surface-view only: scarp with no field offset; the catalogue was built from this same surface expression, so an uncatalogued scarp here is more likely a road cut, canal levee, quarry face or erosion line than a fault - down-weighted, and emitted only if it clears the metric bar"
1055,1,"[1939, 1939]","[950, 950]",95150.0,49400.0,B-only,"{""silent"": 0, ""concordant"": 0, ""A-only"": 0, ""B-only"": 1}",768.1814,9.3518,11.545,1.0296,66.7537,11.66,False,0.98585,"surface-view only: scarp with no field offset; the catalogue was built from this same surface expression, so an uncatalogued scarp here is more likely a road cut, canal levee, quarry face or erosion line than a fault - down-weighted, and emitted only if it clears the metric bar"
1058,1,"[1945, 1945]","[1357, 1357]",135850.0,48800.0,B-only,"{""silent"": 0, ""concordant"": 0, ""A-only"": 0, ""B-only"": 1}",1069.495,4.5306,9.502,0.467,306.6939,83.36,False,0.98411,"surface-view only: scarp with no field offset; the catalogue was built from this same surface expression, so an uncatalogued scarp here is more likely a road cut, canal levee, quarry face or erosion line than a fault - down-weighted, and emitted only if it clears the metric bar"
1061,1,"[1951, 1951]","[956, 956]",95750.0,48200.0,B-only,"{""silent"": 0, ""concordant"": 0, ""A-only"": 0, ""B-only"": 1}",755.7354,13.5802,13.6217,0.6854,156.5651,8.6,False,0.98647,"surface-view only: scarp with no field offset; the catalogue was built from this same surface expression, so an uncatalogued scarp here is more likely a road cut, canal levee, quarry face or erosion line than a fault - down-weighted, and emitted only if it clears the metric bar"
1066,1,"[1955, 1955]","[1594, 1594]",159550.0,47800.0,B-only,"{""silent"": 0, ""concordant"": 0, ""A-only"": 0, ""B-only"": 1}",190.6258,4.2408,12.1485,5.0437,107.4389,10.82,False,0.98418,"surface-view only: scarp with no field offset; the catalogue was built from this same surface expression, so an uncatalogued scarp here is more likely a road cut, canal levee, quarry face or erosion line than a fault - down-weighted, and emitted only if it clears the metric bar"
1067,1,"[1957, 1957]","[1284, 1284]",128550.0,47600.0,B-only,"{""silent"": 0, ""concordant"": 0, ""A-only"": 0, ""B-only"": 1}",365.0133,5.7401,12.9518,1.2443,134.3551,39.62,False,0.98348,"surface-view only: scarp with no field offset; the catalogue was built from this same surface expression, so an uncatalogued scarp here is more likely a road cut, canal levee, quarry face or erosion line than a fault - down-weighted, and emitted only if it clears the metric bar"
1070,1,"[1962, 1962]","[1567, 1567]",156850.0,47100.0,silent,"{""silent"": 1, ""concordant"": 0, ""A-only"": 0, ""B-only"": 0}",147.475,5.5011,11.4667,0.9787,165.2359,9.0,False,0.98353,neither view is in its confident tail; emitted on corridor mass that the calibrated density still values above the acceptance bar (bar 0.0593)
1075,1,"[1968, 1968]","[958, 958]",95950.0,46500.0,B-only,"{""silent"": 0, ""concordant"": 0, ""A-only"": 0, ""B-only"": 1}",502.0103,0.5687,11.264,0.8417,63.601,10.3,False,0.98886,"surface-view only: scarp with no field offset; the catalogue was built from this same surface expression, so an uncatalogued scarp here is more likely a road cut, canal levee, quarry face or erosion line than a fault - down-weighted, and emitted only if it clears the metric bar"
1079,1,"[1984, 1984]","[967, 967]",96850.0,44900.0,B-only,"{""silent"": 0, ""concordant"": 0, ""A-only"": 0, ""B-only"": 1}",333.06,9.4465,12.782,1.1539,59.3322,8.06,False,0.98492,"surface-view only: scarp with no field offset; the catalogue was built from this same surface expression, so an uncatalogued scarp here is more likely a road cut, canal levee, quarry face or erosion line than a fault - down-weighted, and emitted only if it clears the metric bar"
1083,1,"[2004, 2004]","[1550, 1550]",155150.0,42900.0,silent,"{""silent"": 1, ""concordant"": 0, ""A-only"": 0, ""B-only"": 0}",129.0829,3.7147,7.6512,4.5806,122.1674,14.32,False,0.98392,neither view is in its confident tail; emitted on corridor mass that the calibrated density still values above the acceptance bar (bar 0.0593)
1086,1,"[2021, 2021]","[1533, 1533]",153450.0,41200.0,B-only,"{""silent"": 0, ""concordant"": 0, ""A-only"": 0, ""B-only"": 1}",112.095,1.7686,8.7398,2.1195,168.275,7.07,False,0.98416,"surface-view only: scarp with no field offset; the catalogue was built from this same surface expression, so an uncatalogued scarp here is more likely a road cut, canal levee, quarry face or erosion line than a fault - down-weighted, and emitted only if it clears the metric bar"
1091,1,"[2027, 2027]","[1545, 1545]",154650.0,40600.0,B-only,"{""silent"": 0, ""concordant"": 0, ""A-only"": 0, ""B-only"": 1}",200.0027,4.2819,9.3075,4.9002,105.5668,20.25,False,0.98456,"surface-view only: scarp with no field offset; the catalogue was built from this same surface expression, so an uncatalogued scarp here is more likely a road cut, canal levee, quarry face or erosion line than a fault - down-weighted, and emitted only if it clears the metric bar"
1095,1,"[2030, 2030]","[1540, 1540]",154150.0,40300.0,silent,"{""silent"": 1, ""concordant"": 0, ""A-only"": 0, ""B-only"": 0}",150.9699,5.7738,7.9257,4.717,136.5931,16.0,False,0.9863,neither view is in its confident tail; emitted on corridor mass that the calibrated density still values above the acceptance bar (bar 0.0593)
1096,1,"[2032, 2032]","[1540, 1540]",154150.0,40100.0,silent,"{""silent"": 1, ""concordant"": 0, ""A-only"": 0, ""B-only"": 0}",159.84,6.4008,9.5482,4.88,154.3191,16.03,False,0.98399,neither view is in its confident tail; emitted on corridor mass that the calibrated density still values above the acceptance bar (bar 0.0593)
1097,1,"[2035, 2035]","[1792, 1792]",179350.0,39800.0,B-only,"{""silent"": 0, ""concordant"": 0, ""A-only"": 0, ""B-only"": 1}",20.267,16.0182,12.3097,1.6089,23.6255,7.62,False,0.98359,"surface-view only: scarp with no field offset; the catalogue was built from this same surface expression, so an uncatalogued scarp here is more likely a road cut, canal levee, quarry face or erosion line than a fault - down-weighted, and emitted only if it clears the metric bar"
1099,1,"[2040, 2040]","[1822, 1822]",182350.0,39300.0,B-only,"{""silent"": 0, ""concordant"": 0, ""A-only"": 0, ""B-only"": 1}",7.9665,11.857,12.0161,2.2909,239.2707,1.0,False,0.98911,"surface-view only: scarp with no field offset; the catalogue was built from this same surface expression, so an uncatalogued scarp here is more likely a road cut, canal levee, quarry face or erosion line than a fault - down-weighted, and emitted only if it clears the metric bar"
1103,1,"[2049, 2049]","[1537, 1537]",153850.0,38400.0,B-only,"{""silent"": 0, ""concordant"": 0, ""A-only"": 0, ""B-only"": 1}",195.4105,3.7176,10.1039,6.0906,94.2035,18.38,False,0.98353,"surface-view only: scarp with no field offset; the catalogue was built from this same surface expression, so an uncatalogued scarp here is more likely a road cut, canal levee, quarry face or erosion line than a fault - down-weighted, and emitted only if it clears the metric bar"
1104,1,"[2049, 2049]","[1785, 1785]",178650.0,38400.0,silent,"{""silent"": 1, ""concordant"": 0, ""A-only"": 0, ""B-only"": 0}",27.8251,8.0633,10.7667,1.5485,70.8799,7.28,False,0.98379,neither view is in its confident tail; emitted on corridor mass that the calibrated density still values above the acceptance bar (bar 0.0593)
1105,1,"[2050, 2050]","[1787, 1787]",178850.0,38300.0,B-only,"{""silent"": 0, ""concordant"": 0, ""A-only"": 0, ""B-only"": 1}",18.1994,1.9707,11.9533,1.4159,80.7816,8.94,False,0.98953,"surface-view only: scarp with no field offset; the catalogue was built from this same surface expression, so an uncatalogued scarp here is more likely a road cut, canal levee, quarry face or erosion line than a fault - down-weighted, and emitted only if it clears the metric bar"
1108,1,"[2055, 2055]","[1503, 1503]",150450.0,37800.0,silent,"{""silent"": 1, ""concordant"": 0, ""A-only"": 0, ""B-only"": 0}",23.4351,12.009,10.3506,1.6841,190.3871,7.62,False,0.98465,neither view is in its confident tail; emitted on corridor mass that the calibrated density still values above the acceptance bar (bar 0.0593)
1109,1,"[2055, 2055]","[1785, 1785]",178650.0,37800.0,B-only,"{""silent"": 0, ""concordant"": 0, ""A-only"": 0, ""B-only"": 1}",21.101,2.0302,9.9068,1.1757,148.2238,9.22,False,0.98391,"surface-view only: scarp with no field offset; the catalogue was built from this same surface expression, so an uncatalogued scarp here is more likely a road cut, canal levee, quarry face or erosion line than a fault - down-weighted, and emitted only if it clears the metric bar"
1116,1,"[2060, 2060]","[1301, 1301]",130250.0,37300.0,B-only,"{""silent"": 0, ""concordant"": 0, ""A-only"": 0, ""B-only"": 1}",110.2676,3.6528,12.0732,1.1956,272.0401,7.28,False,0.98551,"surface-view only: scarp with no field offset; the catalogue was built from this same surface expression, so an uncatalogued scarp here is more likely a road cut, canal levee, quarry face or erosion line than a fault - down-weighted, and emitted only if it clears the metric bar"
1118,1,"[2062, 2062]","[1141, 1141]",114250.0,37100.0,silent,"{""silent"": 1, ""concordant"": 0, ""A-only"": 0, ""B-only"": 0}",133.8642,4.0222,9.872,2.2667,58.5313,25.08,False,0.98562,neither view is in its confident tail; emitted on corridor mass that the calibrated density still values above the acceptance bar (bar 0.0593)
1119,1,"[2065, 2065]","[995, 995]",99650.0,36800.0,concordant,"{""silent"": 0, ""concordant"": 1, ""A-only"": 0, ""B-only"": 0}",10.9326,13.4189,14.1999,2.1817,196.3611,5.66,False,0.98383,"both views agree: continuation of a mapped structure beyond the end or the side of the mapped trace, the case where the catalogue is truncated by mapping convention rather than by data"
1125,1,"[2118, 2118]","[1862, 1862]",186350.0,31500.0,silent,"{""silent"": 1, ""concordant"": 0, ""A-only"": 0, ""B-only"": 0}",3.5822,19.0595,18.3602,2.5822,89.3881,1.41,False,0.98343,neither view is in its confident tail; emitted on corridor mass that the calibrated density still values above the acceptance bar (bar 0.0593)
1129,1,"[2133, 2133]","[1172, 1172]",117350.0,30000.0,B-only,"{""silent"": 0, ""concordant"": 0, ""A-only"": 0, ""B-only"": 1}",166.4975,3.5791,9.1009,1.1011,43.9736,8.06,False,0.98625,"surface-view only: scarp with no field offset; the catalogue was built from this same surface expression, so an uncatalogued scarp here is more likely a road cut, canal levee, quarry face or erosion line than a fault - down-weighted, and emitted only if it clears the metric bar"
1133,1,"[2169, 2169]","[1386, 1386]",138750.0,26400.0,B-only,"{""silent"": 0, ""concordant"": 0, ""A-only"": 0, ""B-only"": 1}",339.3487,8.1786,13.4684,2.3349,144.8308,28.3,False,0.98409,"surface-view only: scarp with no field offset; the catalogue was built from this same surface expression, so an uncatalogued scarp here is more likely a road cut, canal levee, quarry face or erosion line than a fault - down-weighted, and emitted only if it clears the metric bar"
1134,1,"[2175, 2175]","[1373, 1373]",137450.0,25800.0,silent,"{""silent"": 1, ""concordant"": 0, ""A-only"": 0, ""B-only"": 0}",345.6734,5.0735,12.3624,0.8125,71.812,14.21,False,0.98371,neither view is in its confident tail; emitted on corridor mass that the calibrated density still values above the acceptance bar (bar 0.0593)
1135,1,"[2180, 2180]","[1391, 1391]",139250.0,25300.0,B-only,"{""silent"": 0, ""concordant"": 0, ""A-only"": 0, ""B-only"": 1}",277.5939,5.3819,13.0224,1.5736,188.858,21.21,False,0.98358,"surface-view only: scarp with no field offset; the catalogue was built from this same surface expression, so an uncatalogued scarp here is more likely a road cut, canal levee, quarry face or erosion line than a fault - down-weighted, and emitted only if it clears the metric bar"
1137,1,"[2187, 2187]","[1397, 1397]",139850.0,24600.0,B-only,"{""silent"": 0, ""concordant"": 0, ""A-only"": 0, ""B-only"": 1}",243.0615,2.4167,12.7076,1.3145,186.9713,12.04,False,0.98692,"surface-view only: scarp with no field offset; the catalogue was built from this same surface expression, so an uncatalogued scarp here is more likely a road cut, canal levee, quarry face or erosion line than a fault - down-weighted, and emitted only if it clears the metric bar"
1140,1,"[2192, 2192]","[1697, 1697]",169850.0,24100.0,B-only,"{""silent"": 0, ""concordant"": 0, ""A-only"": 0, ""B-only"": 1}",48.2785,10.6044,10.4849,1.6909,30.3783,16.55,False,0.98457,"surface-view only: scarp with no field offset; the catalogue was built from this same surface expression, so an uncatalogued scarp here is more likely a road cut, canal levee, quarry face or erosion line than a fault - down-weighted, and emitted only if it clears the metric bar"
1145,1,"[2217, 2217]","[1705, 1705]",170650.0,21600.0,B-only,"{""silent"": 0, ""concordant"": 0, ""A-only"": 0, ""B-only"": 1}",26.3787,4.5944,11.37,2.1905,73.6144,11.18,False,0.985,"surface-view only: scarp with no field offset; the catalogue was built from this same surface expression, so an uncatalogued scarp here is more likely a road cut, canal levee, quarry face or erosion line than a fault - down-weighted, and emitted only if it clears the metric bar"
1147,1,"[2234, 2234]","[1700, 1700]",170150.0,19900.0,B-only,"{""silent"": 0, ""concordant"": 0, ""A-only"": 0, ""B-only"": 1}",82.4279,6.8095,10.7388,2.1863,80.3439,8.06,False,0.9847,"surface-view only: scarp with no field offset; the catalogue was built from this same surface expression, so an uncatalogued scarp here is more likely a road cut, canal levee, quarry face or erosion line than a fault - down-weighted, and emitted only if it clears the metric bar"
1152,1,"[2303, 2303]","[1170, 1170]",117150.0,13000.0,B-only,"{""silent"": 0, ""concordant"": 0, ""A-only"": 0, ""B-only"": 1}",387.3553,5.6132,7.407,2.3675,48.5706,80.78,False,0.98342,"surface-view only: scarp with no field offset; the catalogue was built from this same surface expression, so an uncatalogued scarp here is more likely a road cut, canal levee, quarry face or erosion line than a fault - down-weighted, and emitted only if it clears the metric bar"
1153,1,"[2306, 2306]","[1175, 1175]",117650.0,12700.0,silent,"{""silent"": 1, ""concordant"": 0, ""A-only"": 0, ""B-only"": 0}",307.5815,4.3568,6.6536,2.1866,85.1698,75.19,False,0.98388,neither view is in its confident tail; emitted on corridor mass that the calibrated density still values above the acceptance bar (bar 0.0593)
1154,1,"[2306, 2306]","[1204, 1204]",120550.0,12700.0,B-only,"{""silent"": 0, ""concordant"": 0, ""A-only"": 0, ""B-only"": 1}",80.6061,10.1506,11.8301,1.6614,117.7787,47.54,False,0.98349,"surface-view only: scarp with no field offset; the catalogue was built from this same surface expression, so an uncatalogued scarp here is more likely a road cut, canal levee, quarry face or erosion line than a fault - down-weighted, and emitted only if it clears the metric bar"
1155,1,"[2307, 2307]","[1177, 1177]",117850.0,12600.0,B-only,"{""silent"": 0, ""concordant"": 0, ""A-only"": 0, ""B-only"": 1}",282.0993,3.2833,7.4998,2.1354,103.3606,73.01,False,0.98363,"surface-view only: scarp with no field offset; the catalogue was built from this same surface expression, so an uncatalogued scarp here is more likely a road cut, canal levee, quarry face or erosion line than a fault - down-weighted, and emitted only if it clears the metric bar"
1156,1,"[2309, 2309]","[1205, 1205]",120650.0,12400.0,B-only,"{""silent"": 0, ""concordant"": 0, ""A-only"": 0, ""B-only"": 1}",108.6987,7.1667,11.6591,1.8685,108.8994,45.54,False,0.98346,"surface-view only: scarp with no field offset; the catalogue was built from this same surface expression, so an uncatalogued scarp here is more likely a road cut, canal levee, quarry face or erosion line than a fault - down-weighted, and emitted only if it clears the metric bar"
1158,1,"[2312, 2312]","[1174, 1174]",117550.0,12100.0,B-only,"{""silent"": 0, ""concordant"": 0, ""A-only"": 0, ""B-only"": 1}",390.1118,6.0052,7.3875,2.3347,106.7589,74.97,False,0.98528,"surface-view only: scarp with no field offset; the catalogue was built from this same surface expression, so an uncatalogued scarp here is more likely a road cut, canal levee, quarry face or erosion line than a fault - down-weighted, and emitted only if it clears the metric bar"
1160,1,"[2334, 2334]","[1067, 1067]",106850.0,9900.0,silent,"{""silent"": 1, ""concordant"": 0, ""A-only"": 0, ""B-only"": 0}",332.6264,5.5214,3.3065,5.5807,354.4925,3.0,False,0.98342,neither view is in its confident tail; emitted on corridor mass that the calibrated density still values above the acceptance bar (bar 0.0593)
1162,1,"[2347, 2347]","[1068, 1068]",106950.0,8600.0,silent,"{""silent"": 1, ""concordant"": 0, ""A-only"": 0, ""B-only"": 0}",226.6151,7.2071,5.8558,3.5114,386.7637,2.0,False,0.98387,neither view is in its confident tail; emitted on corridor mass that the calibrated density still values above the acceptance bar (bar 0.0593)
1163,1,"[2347, 2347]","[1292, 1292]",129350.0,8600.0,B-only,"{""silent"": 0, ""concordant"": 0, ""A-only"": 0, ""B-only"": 1}",43.9996,5.8959,12.1969,1.6618,149.4543,17.46,False,0.98581,"surface-view only: scarp with no field offset; the catalogue was built from this same surface expression, so an uncatalogued scarp here is more likely a road cut, canal levee, quarry face or erosion line than a fault - down-weighted, and emitted only if it clears the metric bar"
1165,1,"[2350, 2350]","[1317, 1317]",131850.0,8300.0,B-only,"{""silent"": 0, ""concordant"": 0, ""A-only"": 0, ""B-only"": 1}",15.1799,7.1832,11.4669,0.3988,185.1147,22.83,False,0.98541,"surface-view only: scarp with no field offset; the catalogue was built from this same surface expression, so an uncatalogued scarp here is more likely a road cut, canal levee, quarry face or erosion line than a fault - down-weighted, and emitted only if it clears the metric bar"
1166,1,"[2350, 2350]","[1319, 1319]",132050.0,8300.0,B-only,"{""silent"": 0, ""concordant"": 0, ""A-only"": 0, ""B-only"": 1}",13.4291,6.3051,11.3032,0.4581,186.7984,23.71,False,0.98406,"surface-view only: scarp with no field offset; the catalogue was built from this same surface expression, so an uncatalogued scarp here is more likely a road cut, canal levee, quarry face or erosion line than a fault - down-weighted, and emitted only if it clears the metric bar"
1171,1,"[2366, 2366]","[1569, 1569]",157050.0,6700.0,B-only,"{""silent"": 0, ""concordant"": 0, ""A-only"": 0, ""B-only"": 1}",16.2814,11.8503,14.9491,0.8605,368.9282,18.25,False,0.98428,"surface-view only: scarp with no field offset; the catalogue was built from this same surface expression, so an uncatalogued scarp here is more likely a road cut, canal levee, quarry face or erosion line than a fault - down-weighted, and emitted only if it clears the metric bar"
1174,1,"[2377, 2377]","[1088, 1088]",108950.0,5600.0,silent,"{""silent"": 1, ""concordant"": 0, ""A-only"": 0, ""B-only"": 0}",216.812,1.0705,7.767,4.9169,4.3428,8.54,False,0.9858,neither view is in its confident tail; emitted on corridor mass that the calibrated density still values above the acceptance bar (bar 0.0593)
1175,1,"[2379, 2379]","[1089, 1089]",109050.0,5400.0,silent,"{""silent"": 1, ""concordant"": 0, ""A-only"": 0, ""B-only"": 0}",213.7886,0.479,7.8532,4.7402,3.0513,8.54,False,0.98636,neither view is in its confident tail; emitted on corridor mass that the calibrated density still values above the acceptance bar (bar 0.0593)
1177,1,"[2380, 2380]","[1581, 1581]",158250.0,5300.0,B-only,"{""silent"": 0, ""concordant"": 0, ""A-only"": 0, ""B-only"": 1}",0.3386,5.9806,14.4649,0.988,322.0685,28.02,False,0.98861,"surface-view only: scarp with no field offset; the catalogue was built from this same surface expression, so an uncatalogued scarp here is more likely a road cut, canal levee, quarry face or erosion line than a fault - down-weighted, and emitted only if it clears the metric bar"
1178,1,"[2381, 2381]","[1090, 1090]",109150.0,5200.0,silent,"{""silent"": 1, ""concordant"": 0, ""A-only"": 0, ""B-only"": 0}",210.4566,1.6985,7.6106,4.7922,1.9854,8.54,False,0.98377,neither view is in its confident tail; emitted on corridor mass that the calibrated density still values above the acceptance bar (bar 0.0593)
1184,1,"[2403, 2403]","[1346, 1346]",134750.0,3000.0,B-only,"{""silent"": 0, ""concordant"": 0, ""A-only"": 0, ""B-only"": 1}",17.1834,3.7796,7.8328,0.8167,40.355,19.24,False,0.98355,"surface-view only: scarp with no field offset; the catalogue was built from this same surface expression, so an uncatalogued scarp here is more likely a road cut, canal levee, quarry face or erosion line than a fault - down-weighted, and emitted only if it clears the metric bar"
1188,1,"[2414, 2414]","[1575, 1575]",157650.0,1900.0,B-only,"{""silent"": 0, ""concordant"": 0, ""A-only"": 0, ""B-only"": 1}",51.9203,10.2379,12.15,1.8982,303.6597,7.62,False,0.98603,"surface-view only: scarp with no field offset; the catalogue was built from this same surface expression, so an uncatalogued scarp here is more likely a road cut, canal levee, quarry face or erosion line than a fault - down-weighted, and emitted only if it clears the metric bar"
1191,1,"[2420, 2420]","[1244, 1244]",124550.0,1300.0,B-only,"{""silent"": 0, ""concordant"": 0, ""A-only"": 0, ""B-only"": 1}",255.901,5.0593,7.2234,3.4378,201.948,56.29,False,0.98485,"surface-view only: scarp with no field offset; the catalogue was built from this same surface expression, so an uncatalogued scarp here is more likely a road cut, canal levee, quarry face or erosion line than a fault - down-weighted, and emitted only if it clears the metric bar"
1193,1,"[2424, 2424]","[1599, 1599]",160050.0,900.0,silent,"{""silent"": 1, ""concordant"": 0, ""A-only"": 0, ""B-only"": 0}",2.9655,12.8949,13.9088,0.5801,137.0083,21.21,False,0.98728,neither view is in its confident tail; emitted on corridor mass that the calibrated density still values above the acceptance bar (bar 0.0593)
1196,1,"[2435, 2435]","[1287, 1287]",128850.0,-200.0,silent,"{""silent"": 1, ""concordant"": 0, ""A-only"": 0, ""B-only"": 0}",204.0557,1.2987,7.1001,1.7938,316.4109,12.37,False,0.98356,neither view is in its confident tail; emitted on corridor mass that the calibrated density still values above the acceptance bar (bar 0.0593)
1198,1,"[2441, 2441]","[1619, 1619]",162050.0,-800.0,silent,"{""silent"": 1, ""concordant"": 0, ""A-only"": 0, ""B-only"": 0}",10.4414,6.6332,13.5303,0.6868,123.8485,34.93,False,0.98408,neither view is in its confident tail; emitted on corridor mass that the calibrated density still values above the acceptance bar (bar 0.0593)
1202,1,"[2445, 2445]","[1369, 1369]",137050.0,-1200.0,silent,"{""silent"": 1, ""concordant"": 0, ""A-only"": 0, ""B-only"": 0}",41.2115,2.4435,6.572,2.3871,188.325,14.76,False,0.9838,neither view is in its confident tail; emitted on corridor mass that the calibrated density still values above the acceptance bar (bar 0.0593)
1205,1,"[2455, 2455]","[1325, 1325]",132650.0,-2200.0,silent,"{""silent"": 1, ""concordant"": 0, ""A-only"": 0, ""B-only"": 0}",147.5109,3.7975,10.8545,2.4067,41.1441,8.0,False,0.9847,neither view is in its confident tail; emitted on corridor mass that the calibrated density still values above the acceptance bar (bar 0.0593)
1208,1,"[2482, 2482]","[1606, 1606]",160750.0,-4900.0,B-only,"{""silent"": 0, ""concordant"": 0, ""A-only"": 0, ""B-only"": 1}",95.8706,8.1326,10.9721,3.1046,62.5627,9.22,False,0.98577,"surface-view only: scarp with no field offset; the catalogue was built from this same surface expression, so an uncatalogued scarp here is more likely a road cut, canal levee, quarry face or erosion line than a fault - down-weighted, and emitted only if it clears the metric bar"
1211,1,"[2488, 2488]","[1535, 1535]",153650.0,-5500.0,concordant,"{""silent"": 0, ""concordant"": 1, ""A-only"": 0, ""B-only"": 0}",142.4768,7.3851,10.384,3.5024,37.8934,16.76,False,0.98494,"both views agree: continuation of a mapped structure beyond the end or the side of the mapped trace, the case where the catalogue is truncated by mapping convention rather than by data"
1212,1,"[2490, 2490]","[1308, 1308]",130950.0,-5700.0,B-only,"{""silent"": 0, ""concordant"": 0, ""A-only"": 0, ""B-only"": 1}",30.428,6.0339,11.426,0.9013,308.6511,12.53,False,0.98733,"surface-view only: scarp with no field offset; the catalogue was built from this same surface expression, so an uncatalogued scarp here is more likely a road cut, canal levee, quarry face or erosion line than a fault - down-weighted, and emitted only if it clears the metric bar"
1216,1,"[2496, 2496]","[1245, 1245]",124650.0,-6300.0,silent,"{""silent"": 1, ""concordant"": 0, ""A-only"": 0, ""B-only"": 0}",336.0935,2.5445,7.2749,2.7779,149.7001,48.26,False,0.98344,neither view is in its confident tail; emitted on corridor mass that the calibrated density still values above the acceptance bar (bar 0.0593)
1219,1,"[2507, 2507]","[1330, 1330]",133150.0,-7400.0,B-only,"{""silent"": 0, ""concordant"": 0, ""A-only"": 0, ""B-only"": 1}",64.3696,0.8131,9.1576,1.9778,67.5538,13.45,False,0.98361,"surface-view only: scarp with no field offset; the catalogue was built from this same surface expression, so an uncatalogued scarp here is more likely a road cut, canal levee, quarry face or erosion line than a fault - down-weighted, and emitted only if it clears the metric bar"
1225,1,"[2520, 2520]","[1212, 1212]",121350.0,-8700.0,B-only,"{""silent"": 0, ""concordant"": 0, ""A-only"": 0, ""B-only"": 1}",737.4343,2.2971,9.1,2.3482,252.5593,37.12,False,0.98883,"surface-view only: scarp with no field offset; the catalogue was built from this same surface expression, so an uncatalogued scarp here is more likely a road cut, canal levee, quarry face or erosion line than a fault - down-weighted, and emitted only if it clears the metric bar"
1227,1,"[2526, 2526]","[1381, 1381]",138250.0,-9300.0,concordant,"{""silent"": 0, ""concordant"": 1, ""A-only"": 0, ""B-only"": 0}",14.9168,6.6194,13.0716,2.2764,136.4059,8.06,False,0.98502,"both views agree: continuation of a mapped structure beyond the end or the side of the mapped trace, the case where the catalogue is truncated by mapping convention rather than by data"
1228,1,"[2529, 2529]","[1206, 1206]",120750.0,-9600.0,silent,"{""silent"": 1, ""concordant"": 0, ""A-only"": 0, ""B-only"": 0}",648.8893,4.0801,7.9263,1.8741,383.7411,28.16,False,0.98369,neither view is in its confident tail; emitted on corridor mass that the calibrated density still values above the acceptance bar (bar 0.0593)
1230,1,"[2531, 2531]","[1214, 1214]",121550.0,-9800.0,silent,"{""silent"": 1, ""concordant"": 0, ""A-only"": 0, ""B-only"": 0}",566.8338,7.3329,9.0496,1.7424,276.5025,28.0,False,0.9853,neither view is in its confident tail; emitted on corridor mass that the calibrated density still values above the acceptance bar (bar 0.0593)
1241,1,"[2557, 2557]","[1480, 1480]",148150.0,-12400.0,B-only,"{""silent"": 0, ""concordant"": 0, ""A-only"": 0, ""B-only"": 1}",135.0932,12.9401,15.8766,8.3436,73.8445,2.0,False,0.98561,"surface-view only: scarp with no field offset; the catalogue was built from this same surface expression, so an uncatalogued scarp here is more likely a road cut, canal levee, quarry face or erosion line than a fault - down-weighted, and emitted only if it clears the metric bar"
1250,1,"[2685, 2685]","[1679, 1679]",168050.0,-25200.0,concordant,"{""silent"": 0, ""concordant"": 1, ""A-only"": 0, ""B-only"": 0}",139.3317,16.913,13.9185,3.4891,97.7041,7.62,False,0.98349,"both views agree: continuation of a mapped structure beyond the end or the side of the mapped trace, the case where the catalogue is truncated by mapping convention rather than by data"
1258,1,"[2758, 2758]","[2006, 2006]",200750.0,-32500.0,B-only,"{""silent"": 0, ""concordant"": 0, ""A-only"": 0, ""B-only"": 1}",224.7115,5.1907,11.3089,1.0368,33.0029,140.09,False,0.98783,"surface-view only: scarp with no field offset; the catalogue was built from this same surface expression, so an uncatalogued scarp here is more likely a road cut, canal levee, quarry face or erosion line than a fault - down-weighted, and emitted only if it clears the metric bar"
1260,1,"[2772, 2772]","[2036, 2036]",203750.0,-33900.0,B-only,"{""silent"": 0, ""concordant"": 0, ""A-only"": 0, ""B-only"": 1}",114.3434,9.6735,13.1343,1.29,79.7119,117.95,False,0.98476,"surface-view only: scarp with no field offset; the catalogue was built from this same surface expression, so an uncatalogued scarp here is more likely a road cut, canal levee, quarry face or erosion line than a fault - down-weighted, and emitted only if it clears the metric bar"
1262,1,"[2781, 2781]","[1658, 1658]",165950.0,-34800.0,A-only,"{""silent"": 0, ""concordant"": 0, ""A-only"": 1, ""B-only"": 0}",445.1388,2.9619,9.0687,15.4042,92.7994,2.0,False,0.98397,"field-view only: potential-field offset (gravity step 15.404, magnetic step 92.799) with no corresponding scarp (surface rank 9.069); cover depth rank 445.139 is deep enough that a scarp would be buried, so this is a buried range-front fault the LiDAR-derived catalogue cannot contain"
1263,1,"[2785, 2785]","[2023, 2023]",202450.0,-35200.0,B-only,"{""silent"": 0, ""concordant"": 0, ""A-only"": 0, ""B-only"": 1}",175.5159,9.1578,13.0186,0.5684,83.6366,134.2,False,0.98475,"surface-view only: scarp with no field offset; the catalogue was built from this same surface expression, so an uncatalogued scarp here is more likely a road cut, canal levee, quarry face or erosion line than a fault - down-weighted, and emitted only if it clears the metric bar"
1268,1,"[2839, 2839]","[1847, 1847]",184850.0,-40600.0,B-only,"{""silent"": 0, ""concordant"": 0, ""A-only"": 0, ""B-only"": 1}",-0.8416,4.0748,13.6074,0.5677,127.1529,55.95,False,0.9851,"surface-view only: scarp with no field offset; the catalogue was built from this same surface expression, so an uncatalogued scarp here is more likely a road cut, canal levee, quarry face or erosion line than a fault - down-weighted, and emitted only if it clears the metric bar"
1270,1,"[2871, 2871]","[1657, 1657]",165850.0,-43800.0,B-only,"{""silent"": 0, ""concordant"": 0, ""A-only"": 0, ""B-only"": 1}",39.9478,10.0381,12.0723,5.2358,189.2449,1.0,False,0.98519,"surface-view only: scarp with no field offset; the catalogue was built from this same surface expression, so an uncatalogued scarp here is more likely a road cut, canal levee, quarry face or erosion line than a fault - down-weighted, and emitted only if it clears the metric bar"
1271,1,"[2873, 2873]","[1711, 1711]",171250.0,-44000.0,B-only,"{""silent"": 0, ""concordant"": 0, ""A-only"": 0, ""B-only"": 1}",82.227,4.8231,8.2524,2.072,33.3377,35.36,False,0.98605,"surface-view only: scarp with no field offset; the catalogue was built from this same surface expression, so an uncatalogued scarp here is more likely a road cut, canal levee, quarry face or erosion line than a fault - down-weighted, and emitted only if it clears the metric bar"
1277,1,"[2900, 2900]","[2008, 2008]",200950.0,-46700.0,B-only,"{""silent"": 0, ""concordant"": 0, ""A-only"": 0, ""B-only"": 1}",45.8369,9.2487,9.9136,0.6637,94.6801,84.1,False,0.9866,"surface-view only: scarp with no field offset; the catalogue was built from this same surface expression, so an uncatalogued scarp here is more likely a road cut, canal levee, quarry face or erosion line than a fault - down-weighted, and emitted only if it clears the metric bar"
1281,1,"[2908, 2908]","[2165, 2165]",216650.0,-47500.0,B-only,"{""silent"": 0, ""concordant"": 0, ""A-only"": 0, ""B-only"": 1}",767.2977,4.8614,11.3034,2.4274,39.1258,14.32,False,0.98447,"surface-view only: scarp with no field offset; the catalogue was built from this same surface expression, so an uncatalogued scarp here is more likely a road cut, canal levee, quarry face or erosion line than a fault - down-weighted, and emitted only if it clears the metric bar"
1285,1,"[2933, 2933]","[1371, 1371]",137250.0,-50000.0,B-only,"{""silent"": 0, ""concordant"": 0, ""A-only"": 0, ""B-only"": 1}",326.882,10.9059,14.3719,15.8789,246.6316,1.0,False,0.9847,"surface-view only: scarp with no field offset; the catalogue was built from this same surface expression, so an uncatalogued scarp here is more likely a road cut, canal levee, quarry face or erosion line than a fault - down-weighted, and emitted only if it clears the metric bar"
1287,1,"[2934, 2934]","[1373, 1373]",137450.0,-50100.0,A-only,"{""silent"": 0, ""concordant"": 0, ""A-only"": 1, ""B-only"": 0}",326.6556,7.8933,12.693,13.9193,223.9034,2.0,False,0.984,"field-view only: potential-field offset (gravity step 13.919, magnetic step 223.903) with no corresponding scarp (surface rank 12.693); cover depth rank 326.656 is deep enough that a scarp would be buried, so this is a buried range-front fault the LiDAR-derived catalogue cannot contain"
1298,1,"[2947, 2947]","[1603, 1603]",160450.0,-51400.0,B-only,"{""silent"": 0, ""concordant"": 0, ""A-only"": 0, ""B-only"": 1}",506.9709,9.1853,10.2653,0.7418,42.7955,14.0,False,0.98382,"surface-view only: scarp with no field offset; the catalogue was built from this same surface expression, so an uncatalogued scarp here is more likely a road cut, canal levee, quarry face or erosion line than a fault - down-weighted, and emitted only if it clears the metric bar"
1300,1,"[2955, 2955]","[2141, 2141]",214250.0,-52200.0,silent,"{""silent"": 1, ""concordant"": 0, ""A-only"": 0, ""B-only"": 0}",-4.5568,13.7587,14.3383,1.767,142.2806,9.9,False,0.98354,neither view is in its confident tail; emitted on corridor mass that the calibrated density still values above the acceptance bar (bar 0.0593)
1301,1,"[2957, 2957]","[1475, 1475]",147650.0,-52400.0,B-only,"{""silent"": 0, ""concordant"": 0, ""A-only"": 0, ""B-only"": 1}",211.6736,4.7599,11.1058,1.9476,81.2688,25.0,False,0.98385,"surface-view only: scarp with no field offset; the catalogue was built from this same surface expression, so an uncatalogued scarp here is more likely a road cut, canal levee, quarry face or erosion line than a fault - down-weighted, and emitted only if it clears the metric bar"
1302,1,"[2959, 2959]","[2144, 2144]",214550.0,-52600.0,B-only,"{""silent"": 0, ""concordant"": 0, ""A-only"": 0, ""B-only"": 1}",-3.1384,8.4631,14.8228,1.7972,140.5444,14.87,False,0.98809,"surface-view only: scarp with no field offset; the catalogue was built from this same surface expression, so an uncatalogued scarp here is more likely a road cut, canal levee, quarry face or erosion line than a fault - down-weighted, and emitted only if it clears the metric bar"
1303,1,"[2961, 2961]","[2146, 2146]",214750.0,-52800.0,silent,"{""silent"": 1, ""concordant"": 0, ""A-only"": 0, ""B-only"": 0}",-0.8962,7.6843,13.6723,1.7997,136.2292,17.69,False,0.98644,neither view is in its confident tail; emitted on corridor mass that the calibrated density still values above the acceptance bar (bar 0.0593)
1310,1,"[3006, 3006]","[1541, 1541]",154250.0,-57300.0,B-only,"{""silent"": 0, ""concordant"": 0, ""A-only"": 0, ""B-only"": 1}",69.48,7.7484,12.4887,1.5413,91.7934,24.7,False,0.98367,"surface-view only: scarp with no field offset; the catalogue was built from this same surface expression, so an uncatalogued scarp here is more likely a road cut, canal levee, quarry face or erosion line than a fault - down-weighted, and emitted only if it clears the metric bar"
1313,1,"[3018, 3018]","[1644, 1644]",164550.0,-58500.0,silent,"{""silent"": 1, ""concordant"": 0, ""A-only"": 0, ""B-only"": 0}",303.4043,2.9136,7.9503,4.7403,102.8324,8.06,False,0.98343,neither view is in its confident tail; emitted on corridor mass that the calibrated density still values above the acceptance bar (bar 0.0593)
1316,1,"[3027, 3027]","[1565, 1565]",156650.0,-59400.0,silent,"{""silent"": 1, ""concordant"": 0, ""A-only"": 0, ""B-only"": 0}",124.1878,5.5038,10.782,0.6719,109.1949,9.85,False,0.98524,neither view is in its confident tail; emitted on corridor mass that the calibrated density still values above the acceptance bar (bar 0.0593)
1322,1,"[3031, 3031]","[2134, 2134]",213550.0,-59800.0,B-only,"{""silent"": 0, ""concordant"": 0, ""A-only"": 0, ""B-only"": 1}",0.8634,17.8336,15.7489,0.6411,47.7682,33.24,False,0.98444,"surface-view only: scarp with no field offset; the catalogue was built from this same surface expression, so an uncatalogued scarp here is more likely a road cut, canal levee, quarry face or erosion line than a fault - down-weighted, and emitted only if it clears the metric bar"
1323,1,"[3034, 3034]","[1577, 1577]",157850.0,-60100.0,silent,"{""silent"": 1, ""concordant"": 0, ""A-only"": 0, ""B-only"": 0}",153.0177,2.9242,9.0928,0.7944,116.693,13.15,False,0.98437,neither view is in its confident tail; emitted on corridor mass that the calibrated density still values above the acceptance bar (bar 0.0593)
1324,1,"[3036, 3036]","[1803, 1803]",180450.0,-60300.0,B-only,"{""silent"": 0, ""concordant"": 0, ""A-only"": 0, ""B-only"": 1}",351.0771,8.4615,10.0703,1.8562,66.0703,29.83,False,0.98466,"surface-view only: scarp with no field offset; the catalogue was built from this same surface expression, so an uncatalogued scarp here is more likely a road cut, canal levee, quarry face or erosion line than a fault - down-weighted, and emitted only if it clears the metric bar"
1326,1,"[3038, 3038]","[1590, 1590]",159150.0,-60500.0,B-only,"{""silent"": 0, ""concordant"": 0, ""A-only"": 0, ""B-only"": 1}",162.2552,6.8067,11.8908,0.412,176.5034,18.97,False,0.98527,"surface-view only: scarp with no field offset; the catalogue was built from this same surface expression, so an uncatalogued scarp here is more likely a road cut, canal levee, quarry face or erosion line than a fault - down-weighted, and emitted only if it clears the metric bar"
1327,1,"[3038, 3038]","[1806, 1806]",180750.0,-60500.0,silent,"{""silent"": 1, ""concordant"": 0, ""A-only"": 0, ""B-only"": 0}",359.9213,2.167,10.5157,2.0482,68.7827,33.42,False,0.98443,neither view is in its confident tail; emitted on corridor mass that the calibrated density still values above the acceptance bar (bar 0.0593)
1330,1,"[3041, 3041]","[1779, 1779]",178050.0,-60800.0,silent,"{""silent"": 1, ""concordant"": 0, ""A-only"": 0, ""B-only"": 0}",399.8529,5.0873,10.6514,0.4728,52.3786,13.34,False,0.98557,neither view is in its confident tail; emitted on corridor mass that the calibrated density still values above the acceptance bar (bar 0.0593)
1331,1,"[3041, 3041]","[1795, 1795]",179650.0,-60800.0,silent,"{""silent"": 1, ""concordant"": 0, ""A-only"": 0, ""B-only"": 0}",354.6621,8.6972,13.1163,1.304,32.0997,28.02,False,0.98653,neither view is in its confident tail; emitted on corridor mass that the calibrated density still values above the acceptance bar (bar 0.0593)
1334,1,"[3043, 3043]","[2140, 2140]",214150.0,-61000.0,B-only,"{""silent"": 0, ""concordant"": 0, ""A-only"": 0, ""B-only"": 1}",0.9831,7.6079,12.2628,1.1636,38.0827,34.66,False,0.98358,"surface-view only: scarp with no field offset; the catalogue was built from this same surface expression, so an uncatalogued scarp here is more likely a road cut, canal levee, quarry face or erosion line than a fault - down-weighted, and emitted only if it clears the metric bar"
1339,1,"[3055, 3055]","[2052, 2052]",205350.0,-62200.0,B-only,"{""silent"": 0, ""concordant"": 0, ""A-only"": 0, ""B-only"": 1}",44.1385,5.0669,13.4014,2.3153,67.6756,19.24,False,0.98668,"surface-view only: scarp with no field offset; the catalogue was built from this same surface expression, so an uncatalogued scarp here is more likely a road cut, canal levee, quarry face or erosion line than a fault - down-weighted, and emitted only if it clears the metric bar"
1342,1,"[3067, 3067]","[1598, 1598]",159950.0,-63400.0,B-only,"{""silent"": 0, ""concordant"": 0, ""A-only"": 0, ""B-only"": 1}",107.4585,5.5774,10.9019,2.0312,37.1462,47.0,False,0.98459,"surface-view only: scarp with no field offset; the catalogue was built from this same surface expression, so an uncatalogued scarp here is more likely a road cut, canal levee, quarry face or erosion line than a fault - down-weighted, and emitted only if it clears the metric bar"
1351,1,"[3100, 3100]","[1627, 1627]",162850.0,-66700.0,silent,"{""silent"": 1, ""concordant"": 0, ""A-only"": 0, ""B-only"": 0}",416.5386,5.3881,8.764,4.8004,44.1227,80.06,False,0.98411,neither view is in its confident tail; emitted on corridor mass that the calibrated density still values above the acceptance bar (bar 0.0593)
1358,1,"[3112, 3112]","[2151, 2151]",215250.0,-67900.0,B-only,"{""silent"": 0, ""concordant"": 0, ""A-only"": 0, ""B-only"": 1}",20.7094,10.8027,14.915,2.4018,19.4249,24.35,False,0.98401,"surface-view only: scarp with no field offset; the catalogue was built from this same surface expression, so an uncatalogued scarp here is more likely a road cut, canal levee, quarry face or erosion line than a fault - down-weighted, and emitted only if it clears the metric bar"
1366,1,"[3146, 3146]","[1400, 1400]",140150.0,-71300.0,A-only,"{""silent"": 0, ""concordant"": 0, ""A-only"": 1, ""B-only"": 0}",19.9523,13.9039,16.7302,18.9104,212.5312,2.24,False,0.98446,"field-view only: potential-field offset (gravity step 18.910, magnetic step 212.531) with no corresponding scarp (surface rank 16.730); cover depth rank 19.952 is deep enough that a scarp would be buried, so this is a buried range-front fault the LiDAR-derived catalogue cannot contain"
1369,1,"[3149, 3149]","[1403, 1403]",140450.0,-71600.0,A-only,"{""silent"": 0, ""concordant"": 0, ""A-only"": 1, ""B-only"": 0}",19.9565,15.3813,19.7735,20.8762,230.9624,1.41,False,0.99093,"field-view only: potential-field offset (gravity step 20.876, magnetic step 230.962) with no corresponding scarp (surface rank 19.773); cover depth rank 19.956 is deep enough that a scarp would be buried, so this is a buried range-front fault the LiDAR-derived catalogue cannot contain"
1377,1,"[3168, 3168]","[1485, 1485]",148650.0,-73500.0,B-only,"{""silent"": 0, ""concordant"": 0, ""A-only"": 0, ""B-only"": 1}",18.6364,2.4541,10.634,0.683,106.4946,22.8,False,0.98485,"surface-view only: scarp with no field offset; the catalogue was built from this same surface expression, so an uncatalogued scarp here is more likely a road cut, canal levee, quarry face or erosion line than a fault - down-weighted, and emitted only if it clears the metric bar"
1382,1,"[3181, 3181]","[2139, 2139]",214050.0,-74800.0,B-only,"{""silent"": 0, ""concordant"": 0, ""A-only"": 0, ""B-only"": 1}",9.9935,10.4936,12.2752,0.9726,13.0099,11.0,False,0.98398,"surface-view only: scarp with no field offset; the catalogue was built from this same surface expression, so an uncatalogued scarp here is more likely a road cut, canal levee, quarry face or erosion line than a fault - down-weighted, and emitted only if it clears the metric bar"
1384,1,"[3187, 3187]","[1466, 1466]",146750.0,-75400.0,concordant,"{""silent"": 0, ""concordant"": 1, ""A-only"": 0, ""B-only"": 0}",5.4852,5.726,14.1013,18.558,164.2193,1.41,False,0.99051,"both views agree: continuation of a mapped structure beyond the end or the side of the mapped trace, the case where the catalogue is truncated by mapping convention rather than by data"
1386,1,"[3188, 3188]","[2098, 2098]",209950.0,-75500.0,B-only,"{""silent"": 0, ""concordant"": 0, ""A-only"": 0, ""B-only"": 1}",38.8325,1.4389,8.5184,2.0272,11.6117,10.63,False,0.98747,"surface-view only: scarp with no field offset; the catalogue was built from this same surface expression, so an uncatalogued scarp here is more likely a road cut, canal levee, quarry face or erosion line than a fault - down-weighted, and emitted only if it clears the metric bar"
1387,1,"[3192, 3192]","[2094, 2094]",209550.0,-75900.0,B-only,"{""silent"": 0, ""concordant"": 0, ""A-only"": 0, ""B-only"": 1}",68.9149,4.856,8.374,2.7431,15.5687,16.28,False,0.98474,"surface-view only: scarp with no field offset; the catalogue was built from this same surface expression, so an uncatalogued scarp here is more likely a road cut, canal levee, quarry face or erosion line than a fault - down-weighted, and emitted only if it clears the metric bar"
1392,1,"[3202, 3202]","[1824, 1824]",182550.0,-76900.0,silent,"{""silent"": 1, ""concordant"": 0, ""A-only"": 0, ""B-only"": 0}",8.0286,3.8664,12.919,2.9588,4.062,30.27,False,0.98927,neither view is in its confident tail; emitted on corridor mass that the calibrated density still values above the acceptance bar (bar 0.0593)
1393,1,"[3204, 3204]","[1823, 1823]",182450.0,-77100.0,B-only,"{""silent"": 0, ""concordant"": 0, ""A-only"": 0, ""B-only"": 1}",5.9244,3.792,11.3299,2.9791,4.2325,29.07,False,0.98519,"surface-view only: scarp with no field offset; the catalogue was built from this same surface expression, so an uncatalogued scarp here is more likely a road cut, canal levee, quarry face or erosion line than a fault - down-weighted, and emitted only if it clears the metric bar"
1398,1,"[3214, 3214]","[1923, 1923]",192450.0,-78100.0,B-only,"{""silent"": 0, ""concordant"": 0, ""A-only"": 0, ""B-only"": 1}",77.7263,7.7465,16.0652,2.2494,5.6575,79.4,False,0.98465,"surface-view only: scarp with no field offset; the catalogue was built from this same surface expression, so an uncatalogued scarp here is more likely a road cut, canal levee, quarry face or erosion line than a fault - down-weighted, and emitted only if it clears the metric bar"
1403,1,"[3219, 3219]","[2156, 2156]",215750.0,-78600.0,silent,"{""silent"": 1, ""concordant"": 0, ""A-only"": 0, ""B-only"": 0}",15.146,10.3281,11.3514,1.3241,36.861,8.54,False,0.98801,neither view is in its confident tail; emitted on corridor mass that the calibrated density still values above the acceptance bar (bar 0.0593)
1405,1,"[3221, 3221]","[2155, 2155]",215650.0,-78800.0,silent,"{""silent"": 1, ""concordant"": 0, ""A-only"": 0, ""B-only"": 0}",18.0183,9.0513,9.8202,1.5858,36.3755,8.25,False,0.9858,neither view is in its confident tail; emitted on corridor mass that the calibrated density still values above the acceptance bar (bar 0.0593)
1406,1,"[3222, 3222]","[1914, 1914]",191550.0,-78900.0,B-only,"{""silent"": 0, ""concordant"": 0, ""A-only"": 0, ""B-only"": 1}",28.5054,12.0573,16.0347,0.9629,10.4437,83.63,False,0.98456,"surface-view only: scarp with no field offset; the catalogue was built from this same surface expression, so an uncatalogued scarp here is more likely a road cut, canal levee, quarry face or erosion line than a fault - down-weighted, and emitted only if it clears the metric bar"
1409,1,"[3227, 3227]","[1827, 1827]",182850.0,-79400.0,B-only,"{""silent"": 0, ""concordant"": 0, ""A-only"": 0, ""B-only"": 1}",7.0634,10.3134,14.5996,3.9811,15.1728,34.23,False,0.98551,"surface-view only: scarp with no field offset; the catalogue was built from this same surface expression, so an uncatalogued scarp here is more likely a road cut, canal levee, quarry face or erosion line than a fault - down-weighted, and emitted only if it clears the metric bar"
1416,1,"[3250, 3250]","[1780, 1780]",178150.0,-81700.0,silent,"{""silent"": 1, ""concordant"": 0, ""A-only"": 0, ""B-only"": 0}",43.7179,13.393,9.959,3.3764,39.0986,9.0,False,0.98771,neither view is in its confident tail; emitted on corridor mass that the calibrated density still values above the acceptance bar (bar 0.0593)
1419,1,"[3254, 3254]","[2149, 2149]",215050.0,-82100.0,B-only,"{""silent"": 0, ""concordant"": 0, ""A-only"": 0, ""B-only"": 1}",59.495,8.6941,11.1361,4.2629,53.6226,9.22,False,0.98677,"surface-view only: scarp with no field offset; the catalogue was built from this same surface expression, so an uncatalogued scarp here is more likely a road cut, canal levee, quarry face or erosion line than a fault - down-weighted, and emitted only if it clears the metric bar"
1421,1,"[3260, 3260]","[1806, 1806]",180750.0,-82700.0,B-only,"{""silent"": 0, ""concordant"": 0, ""A-only"": 0, ""B-only"": 1}",85.1387,5.0374,12.7096,2.7897,53.695,12.37,False,0.98378,"surface-view only: scarp with no field offset; the catalogue was built from this same surface expression, so an uncatalogued scarp here is more likely a road cut, canal levee, quarry face or erosion line than a fault - down-weighted, and emitted only if it clears the metric bar"
1422,1,"[3261, 3261]","[1803, 1803]",180450.0,-82800.0,B-only,"{""silent"": 0, ""concordant"": 0, ""A-only"": 0, ""B-only"": 1}",90.1795,12.9218,15.3177,3.3172,47.9906,9.85,False,0.98641,"surface-view only: scarp with no field offset; the catalogue was built from this same surface expression, so an uncatalogued scarp here is more likely a road cut, canal levee, quarry face or erosion line than a fault - down-weighted, and emitted only if it clears the metric bar"
1425,1,"[3266, 3266]","[1814, 1814]",181550.0,-83300.0,silent,"{""silent"": 1, ""concordant"": 0, ""A-only"": 0, ""B-only"": 0}",136.8475,8.9963,12.5934,2.8964,52.6445,21.93,False,0.9846,neither view is in its confident tail; emitted on corridor mass that the calibrated density still values above the acceptance bar (bar 0.0593)
1427,1,"[3270, 3270]","[2000, 2000]",200150.0,-83700.0,B-only,"{""silent"": 0, ""concordant"": 0, ""A-only"": 0, ""B-only"": 1}",249.4163,4.5099,8.691,1.8815,6.9854,69.01,False,0.98562,"surface-view only: scarp with no field offset; the catalogue was built from this same surface expression, so an uncatalogued scarp here is more likely a road cut, canal levee, quarry face or erosion line than a fault - down-weighted, and emitted only if it clears the metric bar"
1428,1,"[3271, 3271]","[2176, 2176]",217750.0,-83800.0,B-only,"{""silent"": 0, ""concordant"": 0, ""A-only"": 0, ""B-only"": 1}",6.1153,4.3203,11.2337,3.6971,17.0612,27.59,False,0.98581,"surface-view only: scarp with no field offset; the catalogue was built from this same surface expression, so an uncatalogued scarp here is more likely a road cut, canal levee, quarry face or erosion line than a fault - down-weighted, and emitted only if it clears the metric bar"
1430,1,"[3273, 3273]","[1743, 1743]",174450.0,-84000.0,silent,"{""silent"": 1, ""concordant"": 0, ""A-only"": 0, ""B-only"": 0}",149.3049,15.1531,13.1612,1.3582,138.0982,11.0,False,0.98467,neither view is in its confident tail; emitted on corridor mass that the calibrated density still values above the acceptance bar (bar 0.0593)
1438,1,"[3284, 3284]","[1938, 1938]",193950.0,-85100.0,B-only,"{""silent"": 0, ""concordant"": 0, ""A-only"": 0, ""B-only"": 1}",90.6631,9.2976,14.2007,2.2556,7.9152,79.01,False,0.98484,"surface-view only: scarp with no field offset; the catalogue was built from this same surface expression, so an uncatalogued scarp here is more likely a road cut, canal levee, quarry face or erosion line than a fault - down-weighted, and emitted only if it clears the metric bar"
1444,1,"[3296, 3296]","[1739, 1739]",174050.0,-86300.0,silent,"{""silent"": 1, ""concordant"": 0, ""A-only"": 0, ""B-only"": 0}",78.151,11.082,12.2296,0.1257,30.7096,11.66,False,0.98438,neither view is in its confident tail; emitted on corridor mass that the calibrated density still values above the acceptance bar (bar 0.0593)
1446,1,"[3299, 3299]","[1737, 1737]",173850.0,-86600.0,silent,"{""silent"": 1, ""concordant"": 0, ""A-only"": 0, ""B-only"": 0}",68.5533,8.7092,9.6871,0.1268,66.7632,13.6,False,0.98376,neither view is in its confident tail; emitted on corridor mass that the calibrated density still values above the acceptance bar (bar 0.0593)
1449,1,"[3301, 3301]","[1529, 1529]",153050.0,-86800.0,B-only,"{""silent"": 0, ""concordant"": 0, ""A-only"": 0, ""B-only"": 1}",24.8001,34.823,13.4716,25.8294,209.7374,1.0,False,0.98685,"surface-view only: scarp with no field offset; the catalogue was built from this same surface expression, so an uncatalogued scarp here is more likely a road cut, canal levee, quarry face or erosion line than a fault - down-weighted, and emitted only if it clears the metric bar"
1451,1,"[3301, 3301]","[1654, 1654]",165550.0,-86800.0,silent,"{""silent"": 1, ""concordant"": 0, ""A-only"": 0, ""B-only"": 0}",79.4459,4.9815,7.8636,0.8362,26.2723,7.0,False,0.98423,neither view is in its confident tail; emitted on corridor mass that the calibrated density still values above the acceptance bar (bar 0.0593)
1458,1,"[3312, 3312]","[1653, 1653]",165450.0,-87900.0,B-only,"{""silent"": 0, ""concordant"": 0, ""A-only"": 0, ""B-only"": 1}",87.7209,7.1086,7.9778,1.5274,52.9563,9.22,False,0.98475,"surface-view only: scarp with no field offset; the catalogue was built from this same surface expression, so an uncatalogued scarp here is more likely a road cut, canal levee, quarry face or erosion line than a fault - down-weighted, and emitted only if it clears the metric bar"
1460,1,"[3315, 3315]","[1661, 1661]",166250.0,-88200.0,silent,"{""silent"": 1, ""concordant"": 0, ""A-only"": 0, ""B-only"": 0}",44.7464,8.0472,7.0295,1.6449,36.3069,14.56,False,0.98472,neither view is in its confident tail; emitted on corridor mass that the calibrated density still values above the acceptance bar (bar 0.0593)
1461,1,"[3317, 3317]","[1661, 1661]",166250.0,-88400.0,silent,"{""silent"": 1, ""concordant"": 0, ""A-only"": 0, ""B-only"": 0}",50.8163,5.7609,7.0057,1.763,44.161,14.14,False,0.98504,neither view is in its confident tail; emitted on corridor mass that the calibrated density still values above the acceptance bar (bar 0.0593)
1466,1,"[3341, 3341]","[2291, 2291]",229250.0,-90800.0,silent,"{""silent"": 1, ""concordant"": 0, ""A-only"": 0, ""B-only"": 0}",159.8039,11.0605,14.517,3.1355,85.1431,1.41,False,0.98685,neither view is in its confident tail; emitted on corridor mass that the calibrated density still values above the acceptance bar (bar 0.0593)
1469,1,"[3350, 3350]","[2282, 2282]",228350.0,-91700.0,silent,"{""silent"": 1, ""concordant"": 0, ""A-only"": 0, ""B-only"": 0}",59.9289,2.5895,13.2675,1.9447,55.8437,2.83,False,0.98759,neither view is in its confident tail; emitted on corridor mass that the calibrated density still values above the acceptance bar (bar 0.0593)
1470,1,"[3351, 3351]","[1940, 1940]",194150.0,-91800.0,silent,"{""silent"": 1, ""concordant"": 0, ""A-only"": 0, ""B-only"": 0}",666.8248,4.3491,8.7848,3.3356,45.9665,44.38,False,0.98344,neither view is in its confident tail; emitted on corridor mass that the calibrated density still values above the acceptance bar (bar 0.0593)
1472,1,"[3355, 3355]","[2279, 2279]",228050.0,-92200.0,silent,"{""silent"": 1, ""concordant"": 0, ""A-only"": 0, ""B-only"": 0}",40.0312,12.1373,14.9695,2.4792,63.4876,1.41,False,0.98711,neither view is in its confident tail; emitted on corridor mass that the calibrated density still values above the acceptance bar (bar 0.0593)
1475,1,"[3359, 3359]","[2276, 2276]",227750.0,-92600.0,silent,"{""silent"": 1, ""concordant"": 0, ""A-only"": 0, ""B-only"": 0}",35.4632,7.2571,16.1056,2.9847,60.1409,1.41,False,0.99098,neither view is in its confident tail; emitted on corridor mass that the calibrated density still values above the acceptance bar (bar 0.0593)
1479,1,"[3369, 3369]","[1909, 1909]",191050.0,-93600.0,silent,"{""silent"": 1, ""concordant"": 0, ""A-only"": 0, ""B-only"": 0}",844.7005,9.7948,8.2829,2.5974,58.7587,72.01,False,0.98373,neither view is in its confident tail; emitted on corridor mass that the calibrated density still values above the acceptance bar (bar 0.0593)
1481,1,"[3377, 3377]","[1906, 1906]",190750.0,-94400.0,B-only,"{""silent"": 0, ""concordant"": 0, ""A-only"": 0, ""B-only"": 1}",917.6458,5.2196,11.7699,2.332,33.4598,75.54,False,0.98379,"surface-view only: scarp with no field offset; the catalogue was built from this same surface expression, so an uncatalogued scarp here is more likely a road cut, canal levee, quarry face or erosion line than a fault - down-weighted, and emitted only if it clears the metric bar"
1482,1,"[3382, 3382]","[2128, 2128]",212950.0,-94900.0,silent,"{""silent"": 1, ""concordant"": 0, ""A-only"": 0, ""B-only"": 0}",1565.0979,7.2474,12.454,2.885,28.1585,7.07,False,0.99262,neither view is in its confident tail; emitted on corridor mass that the calibrated density still values above the acceptance bar (bar 0.0593)
1486,1,"[3390, 3390]","[2250, 2250]",225150.0,-95700.0,silent,"{""silent"": 1, ""concordant"": 0, ""A-only"": 0, ""B-only"": 0}",152.9622,17.6386,16.2592,9.7095,72.3291,1.41,False,0.98366,neither view is in its confident tail; emitted on corridor mass that the calibrated density still values above the acceptance bar (bar 0.0593)
1495,1,"[3422, 3422]","[1894, 1894]",189550.0,-98900.0,silent,"{""silent"": 1, ""concordant"": 0, ""A-only"": 0, ""B-only"": 0}",341.2706,8.4769,11.1677,1.7249,129.3813,68.48,False,0.98625,neither view is in its confident tail; emitted on corridor mass that the calibrated density still values above the acceptance bar (bar 0.0593)
1496,1,"[3429, 3429]","[2217, 2217]",221850.0,-99600.0,silent,"{""silent"": 1, ""concordant"": 0, ""A-only"": 0, ""B-only"": 0}",994.0693,2.6613,11.0446,19.3352,119.4835,1.41,False,0.98478,neither view is in its confident tail; emitted on corridor mass that the calibrated density still values above the acceptance bar (bar 0.0593)
1498,1,"[3433, 3433]","[2214, 2214]",221550.0,-100000.0,silent,"{""silent"": 1, ""concordant"": 0, ""A-only"": 0, ""B-only"": 0}",1067.9833,11.981,13.2834,20.4135,140.6562,1.41,False,0.98374,neither view is in its confident tail; emitted on corridor mass that the calibrated density still values above the acceptance bar (bar 0.0593)
1502,1,"[3447, 3447]","[2201, 2201]",220250.0,-101400.0,silent,"{""silent"": 1, ""concordant"": 0, ""A-only"": 0, ""B-only"": 0}",1043.2102,4.9055,14.3057,18.7218,177.1506,2.24,False,0.98589,neither view is in its confident tail; emitted on corridor mass that the calibrated density still values above the acceptance bar (bar 0.0593)
1504,1,"[3456, 3456]","[2194, 2194]",219550.0,-102300.0,silent,"{""silent"": 1, ""concordant"": 0, ""A-only"": 0, ""B-only"": 0}",860.5876,2.8637,11.85,18.665,135.9955,2.24,False,0.98499,neither view is in its confident tail; emitted on corridor mass that the calibrated density still values above the acceptance bar (bar 0.0593)
1507,1,"[3474, 3474]","[1954, 1954]",195550.0,-104100.0,B-only,"{""silent"": 0, ""concordant"": 0, ""A-only"": 0, ""B-only"": 1}",288.4153,5.7775,9.5669,3.4773,30.1502,8.94,False,0.98505,"surface-view only: scarp with no field offset; the catalogue was built from this same surface expression, so an uncatalogued scarp here is more likely a road cut, canal levee, quarry face or erosion line than a fault - down-weighted, and emitted only if it clears the metric bar"
1515,1,"[3502, 3502]","[2154, 2154]",215550.0,-106900.0,silent,"{""silent"": 1, ""concordant"": 0, ""A-only"": 0, ""B-only"": 0}",11.127,6.0719,12.2846,8.8237,21.4988,2.83,False,0.98734,neither view is in its confident tail; emitted on corridor mass that the calibrated density still values above the acceptance bar (bar 0.0593)
1516,1,"[3502, 3502]","[2156, 2156]",215750.0,-106900.0,silent,"{""silent"": 1, ""concordant"": 0, ""A-only"": 0, ""B-only"": 0}",8.9104,17.1928,15.8893,11.1296,27.4986,1.41,False,0.98383,neither view is in its confident tail; emitted on corridor mass that the calibrated density still values above the acceptance bar (bar 0.0593)
1518,1,"[3506, 3506]","[2153, 2153]",215450.0,-107300.0,silent,"{""silent"": 1, ""concordant"": 0, ""A-only"": 0, ""B-only"": 0}",14.4504,27.643,16.9788,11.2901,35.3012,1.41,False,0.98401,neither view is in its confident tail; emitted on corridor mass that the calibrated density still values above the acceptance bar (bar 0.0593)
1525,1,"[3551, 3551]","[2109, 2109]",211050.0,-111800.0,silent,"{""silent"": 1, ""concordant"": 0, ""A-only"": 0, ""B-only"": 0}",29.921,4.9588,14.037,9.3294,56.0514,2.83,False,0.98372,neither view is in its confident tail; emitted on corridor mass that the calibrated density still values above the acceptance bar (bar 0.0593)
1535,1,"[3596, 3596]","[1872, 1872]",187350.0,-116300.0,B-only,"{""silent"": 0, ""concordant"": 0, ""A-only"": 0, ""B-only"": 1}",42.4093,2.3678,10.1488,0.4345,126.1389,37.85,False,0.98358,"surface-view only: scarp with no field offset; the catalogue was built from this same surface expression, so an uncatalogued scarp here is more likely a road cut, canal levee, quarry face or erosion line than a fault - down-weighted, and emitted only if it clears the metric bar"
1540,1,"[3707, 3707]","[1898, 1898]",189950.0,-127400.0,silent,"{""silent"": 1, ""concordant"": 0, ""A-only"": 0, ""B-only"": 0}",1.2501,4.1291,14.0809,3.0008,34.3027,22.0,False,0.98407,neither view is in its confident tail; emitted on corridor mass that the calibrated density still values above the acceptance bar (bar 0.0593)
1542,1,"[3722, 3722]","[1866, 1866]",186750.0,-128900.0,silent,"{""silent"": 1, ""concordant"": 0, ""A-only"": 0, ""B-only"": 0}",11.9625,12.4699,13.2866,6.7024,44.7528,7.0,False,0.98688,neither view is in its confident tail; emitted on corridor mass that the calibrated density still values above the acceptance bar (bar 0.0593)
