candidate_id,row,col,easting,northing,longitude,latitude,view_A_score,view_B_score,basement_depth_band_value,slope_band_value,signed_gravity_cover_alignment,gravity_scale_persistence,gravity_coherence,distance_to_catalogue_m,geological_reasoning,alternative_explanations,verification_status
H55-A-00001,102,2759,519300.0,4498300.0,-116.7717689,40.635316,0.8088596,0.5063102,108.19194,3.58206,0.98701,0.99854,0.99717,509.9,"Potential-field view is in its training-reference confident tail while the surface view abstains. Signed normal/cover support is incomplete; do not interpret this discrepancy as proof of a buried fault. No fault displacement, geothermal fluid flow or vent has been verified at this pixel.",Lithologic contact; basin-fill model dependence on gravity; intrusive/dike boundary; processing or coverage effects. Surface-only features may instead be roads or erosion.,MODEL HYPOTHESIS ONLY — requires expert/field review
H55-A-00002,123,2760,519400.0,4496200.0,-116.7706511,40.6163953,0.8088596,0.5197243,90.85684,3.18591,0.98944,0.99834,0.99775,447.21,"Potential-field view is in its training-reference confident tail while the surface view abstains. Signed normal/cover support is incomplete; do not interpret this discrepancy as proof of a buried fault. No fault displacement, geothermal fluid flow or vent has been verified at this pixel.",Lithologic contact; basin-fill model dependence on gravity; intrusive/dike boundary; processing or coverage effects. Surface-only features may instead be roads or erosion.,MODEL HYPOTHESIS ONLY — requires expert/field review
H55-A-00003,140,2759,519300.0,4494500.0,-116.7718853,40.6010827,0.8121859,0.5558669,120.38766,3.40293,0.99158,1.0,0.99956,500.0,"Potential-field view is in its training-reference confident tail while the surface view abstains. Signed normal/cover support is incomplete; do not interpret this discrepancy as proof of a buried fault. No fault displacement, geothermal fluid flow or vent has been verified at this pixel.",Lithologic contact; basin-fill model dependence on gravity; intrusive/dike boundary; processing or coverage effects. Surface-only features may instead be roads or erosion.,MODEL HYPOTHESIS ONLY — requires expert/field review
H55-A-00004,144,2758,519200.0,4494100.0,-116.7730795,40.5974815,0.8202996,0.5790077,146.40544,3.11536,0.99191,0.99997,0.99978,608.28,"Potential-field view is in its training-reference confident tail while the surface view abstains. Signed normal/cover support is incomplete; do not interpret this discrepancy as proof of a buried fault. No fault displacement, geothermal fluid flow or vent has been verified at this pixel.",Lithologic contact; basin-fill model dependence on gravity; intrusive/dike boundary; processing or coverage effects. Surface-only features may instead be roads or erosion.,MODEL HYPOTHESIS ONLY — requires expert/field review
H55-A-00005,176,1733,416700.0,4490900.0,-117.9840163,40.5646851,0.8219345,0.6039895,289.40417,3.72621,0.99984,0.99516,0.98403,565.69,"Potential-field view is in its training-reference confident tail while the surface view abstains. Signed normal/cover support is incomplete; do not interpret this discrepancy as proof of a buried fault. No fault displacement, geothermal fluid flow or vent has been verified at this pixel.",Lithologic contact; basin-fill model dependence on gravity; intrusive/dike boundary; processing or coverage effects. Surface-only features may instead be roads or erosion.,MODEL HYPOTHESIS ONLY — requires expert/field review
H55-A-00006,181,1733,416700.0,4490400.0,-117.9839504,40.5601813,0.8288428,0.6003667,238.82391,3.51493,0.99676,0.99137,0.97747,412.31,"Potential-field view is in its training-reference confident tail while the surface view abstains. Signed normal/cover support is incomplete; do not interpret this discrepancy as proof of a buried fault. No fault displacement, geothermal fluid flow or vent has been verified at this pixel.",Lithologic contact; basin-fill model dependence on gravity; intrusive/dike boundary; processing or coverage effects. Surface-only features may instead be roads or erosion.,MODEL HYPOTHESIS ONLY — requires expert/field review
H55-A-00007,199,1638,407200.0,4488600.0,-118.0958827,40.542958,0.8242313,0.5786889,325.14859,4.16248,0.6484,0.98742,0.99391,300.0,"Potential-field view is in its training-reference confident tail while the surface view abstains. Deeper-than-median modelled cover, anti-aligned gravity/cover normals and cross-scale gravity persistence are consistent with a covered basin-margin discontinuity. No fault displacement, geothermal fluid flow or vent has been verified at this pixel.",Lithologic contact; basin-fill model dependence on gravity; intrusive/dike boundary; processing or coverage effects. Surface-only features may instead be roads or erosion.,MODEL HYPOTHESIS ONLY — requires expert/field review
H55-A-00008,203,1634,406800.0,4488200.0,-118.1005465,40.5393102,0.8123795,0.6000638,264.44424,5.50098,0.62401,0.99727,0.99428,100.0,"Potential-field view is in its training-reference confident tail while the surface view abstains. Signed normal/cover support is incomplete; do not interpret this discrepancy as proof of a buried fault. No fault displacement, geothermal fluid flow or vent has been verified at this pixel.",Lithologic contact; basin-fill model dependence on gravity; intrusive/dike boundary; processing or coverage effects. Surface-only features may instead be roads or erosion.,MODEL HYPOTHESIS ONLY — requires expert/field review
H55-A-00009,208,1634,406800.0,4487700.0,-118.1004728,40.5348066,0.8144965,0.5487338,276.76892,4.55166,0.6016,0.99694,0.98448,316.23,"Potential-field view is in its training-reference confident tail while the surface view abstains. Signed normal/cover support is incomplete; do not interpret this discrepancy as proof of a buried fault. No fault displacement, geothermal fluid flow or vent has been verified at this pixel.",Lithologic contact; basin-fill model dependence on gravity; intrusive/dike boundary; processing or coverage effects. Surface-only features may instead be roads or erosion.,MODEL HYPOTHESIS ONLY — requires expert/field review
H55-A-00010,254,2694,512800.0,4483100.0,-116.8489422,40.4985073,0.8280834,0.5866027,220.71365,3.69851,0.98451,0.99952,0.99903,500.0,"Potential-field view is in its training-reference confident tail while the surface view abstains. Signed normal/cover support is incomplete; do not interpret this discrepancy as proof of a buried fault. No fault displacement, geothermal fluid flow or vent has been verified at this pixel.",Lithologic contact; basin-fill model dependence on gravity; intrusive/dike boundary; processing or coverage effects. Surface-only features may instead be roads or erosion.,MODEL HYPOTHESIS ONLY — requires expert/field review
H55-A-00011,261,2685,511900.0,4482400.0,-116.8595765,40.4922144,0.8189279,0.5954744,230.72592,3.79429,0.96767,0.9967,0.99794,670.82,"Potential-field view is in its training-reference confident tail while the surface view abstains. Signed normal/cover support is incomplete; do not interpret this discrepancy as proof of a buried fault. No fault displacement, geothermal fluid flow or vent has been verified at this pixel.",Lithologic contact; basin-fill model dependence on gravity; intrusive/dike boundary; processing or coverage effects. Surface-only features may instead be roads or erosion.,MODEL HYPOTHESIS ONLY — requires expert/field review
H55-A-00012,281,2663,509700.0,4480400.0,-116.8855677,40.474225,0.8166,0.574482,267.18158,3.00612,0.97758,0.99989,0.9997,223.61,"Potential-field view is in its training-reference confident tail while the surface view abstains. Signed normal/cover support is incomplete; do not interpret this discrepancy as proof of a buried fault. No fault displacement, geothermal fluid flow or vent has been verified at this pixel.",Lithologic contact; basin-fill model dependence on gravity; intrusive/dike boundary; processing or coverage effects. Surface-only features may instead be roads or erosion.,MODEL HYPOTHESIS ONLY — requires expert/field review
H55-A-00013,329,1503,393700.0,4475600.0,-118.2530917,40.4242466,0.8266624,0.6007895,265.21228,10.0955,0.97107,0.99837,0.99566,500.0,"Potential-field view is in its training-reference confident tail while the surface view abstains. Signed normal/cover support is incomplete; do not interpret this discrepancy as proof of a buried fault. No fault displacement, geothermal fluid flow or vent has been verified at this pixel.",Lithologic contact; basin-fill model dependence on gravity; intrusive/dike boundary; processing or coverage effects. Surface-only features may instead be roads or erosion.,MODEL HYPOTHESIS ONLY — requires expert/field review
H55-A-00014,594,2892,532600.0,4449100.0,-116.6170143,40.1916576,0.8139245,0.5148587,231.33607,15.63175,0.9705,0.9988,0.95537,509.9,"Potential-field view is in its training-reference confident tail while the surface view abstains. Signed normal/cover support is incomplete; do not interpret this discrepancy as proof of a buried fault. No fault displacement, geothermal fluid flow or vent has been verified at this pixel.",Lithologic contact; basin-fill model dependence on gravity; intrusive/dike boundary; processing or coverage effects. Surface-only features may instead be roads or erosion.,MODEL HYPOTHESIS ONLY — requires expert/field review
H55-A-00015,724,1016,345000.0,4436100.0,-118.8174081,40.060909,0.8193082,0.5166905,280.08392,3.29204,0.99854,0.99697,0.99552,400.0,"Potential-field view is in its training-reference confident tail while the surface view abstains. Signed normal/cover support is incomplete; do not interpret this discrepancy as proof of a buried fault. No fault displacement, geothermal fluid flow or vent has been verified at this pixel.",Lithologic contact; basin-fill model dependence on gravity; intrusive/dike boundary; processing or coverage effects. Surface-only features may instead be roads or erosion.,MODEL HYPOTHESIS ONLY — requires expert/field review
H55-A-00016,730,1017,345100.0,4435500.0,-118.8160926,40.0555243,0.8082469,0.5931839,251.70862,3.76696,0.99757,0.99872,0.98844,141.42,"Potential-field view is in its training-reference confident tail while the surface view abstains. Signed normal/cover support is incomplete; do not interpret this discrepancy as proof of a buried fault. No fault displacement, geothermal fluid flow or vent has been verified at this pixel.",Lithologic contact; basin-fill model dependence on gravity; intrusive/dike boundary; processing or coverage effects. Surface-only features may instead be roads or erosion.,MODEL HYPOTHESIS ONLY — requires expert/field review
H55-A-00017,1150,1558,399200.0,4393500.0,-118.1754928,39.6853911,0.8113426,0.5168176,727.32635,3.02135,0.99799,0.99275,0.97649,200.0,"Potential-field view is in its training-reference confident tail while the surface view abstains. Deeper-than-median modelled cover, anti-aligned gravity/cover normals and cross-scale gravity persistence are consistent with a covered basin-margin discontinuity. No fault displacement, geothermal fluid flow or vent has been verified at this pixel.",Lithologic contact; basin-fill model dependence on gravity; intrusive/dike boundary; processing or coverage effects. Surface-only features may instead be roads or erosion.,MODEL HYPOTHESIS ONLY — requires expert/field review
H55-A-00018,1153,1554,398800.0,4393200.0,-118.1801105,39.6826412,0.811607,0.6000336,523.13849,4.54068,0.99738,0.99689,0.99291,600.0,"Potential-field view is in its training-reference confident tail while the surface view abstains. Deeper-than-median modelled cover, anti-aligned gravity/cover normals and cross-scale gravity persistence are consistent with a covered basin-margin discontinuity. No fault displacement, geothermal fluid flow or vent has been verified at this pixel.",Lithologic contact; basin-fill model dependence on gravity; intrusive/dike boundary; processing or coverage effects. Surface-only features may instead be roads or erosion.,MODEL HYPOTHESIS ONLY — requires expert/field review
H55-A-00019,1155,1558,399200.0,4393000.0,-118.1754164,39.6808869,0.8214003,0.4671114,645.40497,3.41943,0.99893,0.99733,0.99434,200.0,"Potential-field view is in its training-reference confident tail while the surface view abstains. Deeper-than-median modelled cover, anti-aligned gravity/cover normals and cross-scale gravity persistence are consistent with a covered basin-margin discontinuity. No fault displacement, geothermal fluid flow or vent has been verified at this pixel.",Lithologic contact; basin-fill model dependence on gravity; intrusive/dike boundary; processing or coverage effects. Surface-only features may instead be roads or erosion.,MODEL HYPOTHESIS ONLY — requires expert/field review
H55-A-00020,1156,1547,398100.0,4392900.0,-118.1882253,39.6798555,0.8252112,0.5491683,273.82831,4.91811,0.99455,0.99951,0.99561,424.26,"Potential-field view is in its training-reference confident tail while the surface view abstains. Signed normal/cover support is incomplete; do not interpret this discrepancy as proof of a buried fault. No fault displacement, geothermal fluid flow or vent has been verified at this pixel.",Lithologic contact; basin-fill model dependence on gravity; intrusive/dike boundary; processing or coverage effects. Surface-only features may instead be roads or erosion.,MODEL HYPOTHESIS ONLY — requires expert/field review
H55-A-00021,1156,1563,399700.0,4392900.0,-118.1695719,39.6800449,0.8352907,0.5028982,832.12463,3.19229,0.99969,0.99902,0.99146,300.0,"Potential-field view is in its training-reference confident tail while the surface view abstains. Deeper-than-median modelled cover, anti-aligned gravity/cover normals and cross-scale gravity persistence are consistent with a covered basin-margin discontinuity. No fault displacement, geothermal fluid flow or vent has been verified at this pixel.",Lithologic contact; basin-fill model dependence on gravity; intrusive/dike boundary; processing or coverage effects. Surface-only features may instead be roads or erosion.,MODEL HYPOTHESIS ONLY — requires expert/field review
H55-A-00022,1157,1566,400000.0,4392800.0,-118.1660592,39.6791792,0.8225685,0.4662446,941.52502,2.92194,0.9994,0.99934,0.99019,223.61,"Potential-field view is in its training-reference confident tail while the surface view abstains. Deeper-than-median modelled cover, anti-aligned gravity/cover normals and cross-scale gravity persistence are consistent with a covered basin-margin discontinuity. No fault displacement, geothermal fluid flow or vent has been verified at this pixel.",Lithologic contact; basin-fill model dependence on gravity; intrusive/dike boundary; processing or coverage effects. Surface-only features may instead be roads or erosion.,MODEL HYPOTHESIS ONLY — requires expert/field review
H55-A-00023,1161,1552,398600.0,4392400.0,-118.1823194,39.6754108,0.8142076,0.5383809,334.0769,3.95325,0.99965,0.99746,0.99855,640.31,"Potential-field view is in its training-reference confident tail while the surface view abstains. Deeper-than-median modelled cover, anti-aligned gravity/cover normals and cross-scale gravity persistence are consistent with a covered basin-margin discontinuity. No fault displacement, geothermal fluid flow or vent has been verified at this pixel.",Lithologic contact; basin-fill model dependence on gravity; intrusive/dike boundary; processing or coverage effects. Surface-only features may instead be roads or erosion.,MODEL HYPOTHESIS ONLY — requires expert/field review
H55-A-00024,1161,1563,399700.0,4392400.0,-118.1694959,39.6755407,0.8105296,0.426951,714.0965,2.85316,0.99913,0.99917,0.99596,141.42,"Potential-field view is in its training-reference confident tail while the surface view abstains. Deeper-than-median modelled cover, anti-aligned gravity/cover normals and cross-scale gravity persistence are consistent with a covered basin-margin discontinuity. No fault displacement, geothermal fluid flow or vent has been verified at this pixel.",Lithologic contact; basin-fill model dependence on gravity; intrusive/dike boundary; processing or coverage effects. Surface-only features may instead be roads or erosion.,MODEL HYPOTHESIS ONLY — requires expert/field review
H55-A-00025,1164,1554,398800.0,4392100.0,-118.1799418,39.672732,0.8226537,0.5358991,326.9465,3.60682,0.99999,0.99739,0.99784,632.46,"Potential-field view is in its training-reference confident tail while the surface view abstains. Deeper-than-median modelled cover, anti-aligned gravity/cover normals and cross-scale gravity persistence are consistent with a covered basin-margin discontinuity. No fault displacement, geothermal fluid flow or vent has been verified at this pixel.",Lithologic contact; basin-fill model dependence on gravity; intrusive/dike boundary; processing or coverage effects. Surface-only features may instead be roads or erosion.,MODEL HYPOTHESIS ONLY — requires expert/field review
H55-A-00026,1169,1557,399100.0,4391600.0,-118.1763683,39.6682633,0.8246214,0.5456219,322.86053,2.96221,0.99862,0.99805,0.99457,282.84,"Potential-field view is in its training-reference confident tail while the surface view abstains. Deeper-than-median modelled cover, anti-aligned gravity/cover normals and cross-scale gravity persistence are consistent with a covered basin-margin discontinuity. No fault displacement, geothermal fluid flow or vent has been verified at this pixel.",Lithologic contact; basin-fill model dependence on gravity; intrusive/dike boundary; processing or coverage effects. Surface-only features may instead be roads or erosion.,MODEL HYPOTHESIS ONLY — requires expert/field review
H55-A-00027,1169,1572,400600.0,4391600.0,-118.1588835,39.6684391,0.8077349,0.5954989,988.7254,2.60469,0.99985,0.99815,0.99797,223.61,"Potential-field view is in its training-reference confident tail while the surface view abstains. Deeper-than-median modelled cover, anti-aligned gravity/cover normals and cross-scale gravity persistence are consistent with a covered basin-margin discontinuity. No fault displacement, geothermal fluid flow or vent has been verified at this pixel.",Lithologic contact; basin-fill model dependence on gravity; intrusive/dike boundary; processing or coverage effects. Surface-only features may instead be roads or erosion.,MODEL HYPOTHESIS ONLY — requires expert/field review
H55-A-00028,1170,1567,400100.0,4391500.0,-118.1646967,39.6674799,0.8137707,0.5408193,682.73407,2.35779,0.99956,0.99839,0.99678,200.0,"Potential-field view is in its training-reference confident tail while the surface view abstains. Deeper-than-median modelled cover, anti-aligned gravity/cover normals and cross-scale gravity persistence are consistent with a covered basin-margin discontinuity. No fault displacement, geothermal fluid flow or vent has been verified at this pixel.",Lithologic contact; basin-fill model dependence on gravity; intrusive/dike boundary; processing or coverage effects. Surface-only features may instead be roads or erosion.,MODEL HYPOTHESIS ONLY — requires expert/field review
H55-A-00029,1173,1556,399000.0,4391200.0,-118.1774728,39.6646481,0.8244516,0.5788061,213.18871,3.7695,0.99476,0.99724,0.98673,282.84,"Potential-field view is in its training-reference confident tail while the surface view abstains. Signed normal/cover support is incomplete; do not interpret this discrepancy as proof of a buried fault. No fault displacement, geothermal fluid flow or vent has been verified at this pixel.",Lithologic contact; basin-fill model dependence on gravity; intrusive/dike boundary; processing or coverage effects. Surface-only features may instead be roads or erosion.,MODEL HYPOTHESIS ONLY — requires expert/field review
H55-A-00030,1173,1570,400400.0,4391200.0,-118.1611545,39.6648124,0.8286034,0.5254645,777.9472,2.772,0.99914,0.99847,0.99394,100.0,"Potential-field view is in its training-reference confident tail while the surface view abstains. Deeper-than-median modelled cover, anti-aligned gravity/cover normals and cross-scale gravity persistence are consistent with a covered basin-margin discontinuity. No fault displacement, geothermal fluid flow or vent has been verified at this pixel.",Lithologic contact; basin-fill model dependence on gravity; intrusive/dike boundary; processing or coverage effects. Surface-only features may instead be roads or erosion.,MODEL HYPOTHESIS ONLY — requires expert/field review
H55-A-00031,1177,1558,399200.0,4390800.0,-118.1750805,39.6610684,0.8082836,0.6056055,207.45988,2.44767,0.98491,0.99994,0.9844,141.42,"Potential-field view is in its training-reference confident tail while the surface view abstains. Signed normal/cover support is incomplete; do not interpret this discrepancy as proof of a buried fault. No fault displacement, geothermal fluid flow or vent has been verified at this pixel.",Lithologic contact; basin-fill model dependence on gravity; intrusive/dike boundary; processing or coverage effects. Surface-only features may instead be roads or erosion.,MODEL HYPOTHESIS ONLY — requires expert/field review
H55-A-00032,1178,1554,398800.0,4390700.0,-118.1797273,39.6601202,0.8287364,0.5551979,97.63507,3.65119,0.9731,0.99991,0.97964,500.0,"Potential-field view is in its training-reference confident tail while the surface view abstains. Signed normal/cover support is incomplete; do not interpret this discrepancy as proof of a buried fault. No fault displacement, geothermal fluid flow or vent has been verified at this pixel.",Lithologic contact; basin-fill model dependence on gravity; intrusive/dike boundary; processing or coverage effects. Surface-only features may instead be roads or erosion.,MODEL HYPOTHESIS ONLY — requires expert/field review
H55-A-00033,1184,1559,399300.0,4390100.0,-118.1738083,39.6547742,0.8187392,0.5259151,149.16621,4.21663,0.98645,0.99998,0.99266,141.42,"Potential-field view is in its training-reference confident tail while the surface view abstains. Signed normal/cover support is incomplete; do not interpret this discrepancy as proof of a buried fault. No fault displacement, geothermal fluid flow or vent has been verified at this pixel.",Lithologic contact; basin-fill model dependence on gravity; intrusive/dike boundary; processing or coverage effects. Surface-only features may instead be roads or erosion.,MODEL HYPOTHESIS ONLY — requires expert/field review
H55-A-00034,1186,1556,399000.0,4389900.0,-118.177274,39.6529372,0.8315505,0.6081085,51.03353,2.59638,0.99407,1.0,0.99172,500.0,"Potential-field view is in its training-reference confident tail while the surface view abstains. Signed normal/cover support is incomplete; do not interpret this discrepancy as proof of a buried fault. No fault displacement, geothermal fluid flow or vent has been verified at this pixel.",Lithologic contact; basin-fill model dependence on gravity; intrusive/dike boundary; processing or coverage effects. Surface-only features may instead be roads or erosion.,MODEL HYPOTHESIS ONLY — requires expert/field review
H55-A-00035,1186,1564,399800.0,4389900.0,-118.1679509,39.6530313,0.813073,0.6069405,257.79541,5.2285,0.99537,0.99999,0.99282,200.0,"Potential-field view is in its training-reference confident tail while the surface view abstains. Signed normal/cover support is incomplete; do not interpret this discrepancy as proof of a buried fault. No fault displacement, geothermal fluid flow or vent has been verified at this pixel.",Lithologic contact; basin-fill model dependence on gravity; intrusive/dike boundary; processing or coverage effects. Surface-only features may instead be roads or erosion.,MODEL HYPOTHESIS ONLY — requires expert/field review
H55-A-00036,1188,1560,399400.0,4389700.0,-118.172582,39.6511826,0.8289359,0.5839359,152.98691,5.72598,0.9989,0.99998,0.99407,223.61,"Potential-field view is in its training-reference confident tail while the surface view abstains. Signed normal/cover support is incomplete; do not interpret this discrepancy as proof of a buried fault. No fault displacement, geothermal fluid flow or vent has been verified at this pixel.",Lithologic contact; basin-fill model dependence on gravity; intrusive/dike boundary; processing or coverage effects. Surface-only features may instead be roads or erosion.,MODEL HYPOTHESIS ONLY — requires expert/field review
H55-A-00037,1188,1572,400600.0,4389700.0,-118.1585977,39.651323,0.8140138,0.5147783,643.4679,3.11117,0.99315,0.99984,0.9925,500.0,"Potential-field view is in its training-reference confident tail while the surface view abstains. Deeper-than-median modelled cover, anti-aligned gravity/cover normals and cross-scale gravity persistence are consistent with a covered basin-margin discontinuity. No fault displacement, geothermal fluid flow or vent has been verified at this pixel.",Lithologic contact; basin-fill model dependence on gravity; intrusive/dike boundary; processing or coverage effects. Surface-only features may instead be roads or erosion.,MODEL HYPOTHESIS ONLY — requires expert/field review
H55-A-00038,1191,1564,399800.0,4389400.0,-118.1678751,39.6485271,0.8076956,0.5445821,247.48654,4.55855,0.99852,0.99996,0.99505,223.61,"Potential-field view is in its training-reference confident tail while the surface view abstains. Signed normal/cover support is incomplete; do not interpret this discrepancy as proof of a buried fault. No fault displacement, geothermal fluid flow or vent has been verified at this pixel.",Lithologic contact; basin-fill model dependence on gravity; intrusive/dike boundary; processing or coverage effects. Surface-only features may instead be roads or erosion.,MODEL HYPOTHESIS ONLY — requires expert/field review
H55-A-00039,1200,1566,400000.0,4388500.0,-118.1654083,39.6404428,0.8087682,0.5117365,264.38736,3.26311,0.93933,0.99997,0.99756,200.0,"Potential-field view is in its training-reference confident tail while the surface view abstains. Signed normal/cover support is incomplete; do not interpret this discrepancy as proof of a buried fault. No fault displacement, geothermal fluid flow or vent has been verified at this pixel.",Lithologic contact; basin-fill model dependence on gravity; intrusive/dike boundary; processing or coverage effects. Surface-only features may instead be roads or erosion.,MODEL HYPOTHESIS ONLY — requires expert/field review
H55-A-00040,1213,1567,400100.0,4387200.0,-118.1640468,39.6287435,0.8087624,0.5949794,227.21004,3.93331,0.97157,0.99961,0.98206,282.84,"Potential-field view is in its training-reference confident tail while the surface view abstains. Signed normal/cover support is incomplete; do not interpret this discrepancy as proof of a buried fault. No fault displacement, geothermal fluid flow or vent has been verified at this pixel.",Lithologic contact; basin-fill model dependence on gravity; intrusive/dike boundary; processing or coverage effects. Surface-only features may instead be roads or erosion.,MODEL HYPOTHESIS ONLY — requires expert/field review
H55-A-00041,1213,1571,400500.0,4387200.0,-118.1593869,39.6287901,0.8151751,0.4148265,391.11102,2.53019,0.98923,0.99994,0.97775,583.1,"Potential-field view is in its training-reference confident tail while the surface view abstains. Deeper-than-median modelled cover, anti-aligned gravity/cover normals and cross-scale gravity persistence are consistent with a covered basin-margin discontinuity. No fault displacement, geothermal fluid flow or vent has been verified at this pixel.",Lithologic contact; basin-fill model dependence on gravity; intrusive/dike boundary; processing or coverage effects. Surface-only features may instead be roads or erosion.,MODEL HYPOTHESIS ONLY — requires expert/field review
H55-A-00042,1221,1572,400600.0,4386400.0,-118.1581017,39.6215949,0.8103413,0.4674446,401.91443,3.01798,0.97961,0.96208,0.96848,1220.66,"Potential-field view is in its training-reference confident tail while the surface view abstains. Deeper-than-median modelled cover, anti-aligned gravity/cover normals and cross-scale gravity persistence are consistent with a covered basin-margin discontinuity. No fault displacement, geothermal fluid flow or vent has been verified at this pixel.",Lithologic contact; basin-fill model dependence on gravity; intrusive/dike boundary; processing or coverage effects. Surface-only features may instead be roads or erosion.,MODEL HYPOTHESIS ONLY — requires expert/field review
H55-A-00043,1479,1228,366200.0,4360600.0,-118.5535884,39.384522,0.8079369,0.509637,127.27928,4.8806,0.83843,0.99995,0.99053,800.0,"Potential-field view is in its training-reference confident tail while the surface view abstains. Signed normal/cover support is incomplete; do not interpret this discrepancy as proof of a buried fault. No fault displacement, geothermal fluid flow or vent has been verified at this pixel.",Lithologic contact; basin-fill model dependence on gravity; intrusive/dike boundary; processing or coverage effects. Surface-only features may instead be roads or erosion.,MODEL HYPOTHESIS ONLY — requires expert/field review
H55-A-00044,1482,1224,365800.0,4360300.0,-118.5581712,39.3817577,0.8303422,0.5844565,168.48277,6.30407,0.86507,0.99776,0.99154,1063.01,"Potential-field view is in its training-reference confident tail while the surface view abstains. Signed normal/cover support is incomplete; do not interpret this discrepancy as proof of a buried fault. No fault displacement, geothermal fluid flow or vent has been verified at this pixel.",Lithologic contact; basin-fill model dependence on gravity; intrusive/dike boundary; processing or coverage effects. Surface-only features may instead be roads or erosion.,MODEL HYPOTHESIS ONLY — requires expert/field review
H55-A-00045,1482,1228,366200.0,4360300.0,-118.5535285,39.3818198,0.816916,0.5710143,155.57054,4.42804,0.85679,0.99817,0.99622,728.01,"Potential-field view is in its training-reference confident tail while the surface view abstains. Signed normal/cover support is incomplete; do not interpret this discrepancy as proof of a buried fault. No fault displacement, geothermal fluid flow or vent has been verified at this pixel.",Lithologic contact; basin-fill model dependence on gravity; intrusive/dike boundary; processing or coverage effects. Surface-only features may instead be roads or erosion.,MODEL HYPOTHESIS ONLY — requires expert/field review
H55-A-00046,1485,1226,366000.0,4360000.0,-118.5557899,39.3790865,0.8185266,0.5630239,202.76854,1.99704,0.88161,0.99538,0.99715,707.11,"Potential-field view is in its training-reference confident tail while the surface view abstains. Signed normal/cover support is incomplete; do not interpret this discrepancy as proof of a buried fault. No fault displacement, geothermal fluid flow or vent has been verified at this pixel.",Lithologic contact; basin-fill model dependence on gravity; intrusive/dike boundary; processing or coverage effects. Surface-only features may instead be roads or erosion.,MODEL HYPOTHESIS ONLY — requires expert/field review
H55-A-00047,1489,1231,366500.0,4359600.0,-118.549907,39.375561,0.8504054,0.5656203,254.54463,2.04148,0.93431,0.99712,0.99343,100.0,"Potential-field view is in its training-reference confident tail while the surface view abstains. Signed normal/cover support is incomplete; do not interpret this discrepancy as proof of a buried fault. No fault displacement, geothermal fluid flow or vent has been verified at this pixel.",Lithologic contact; basin-fill model dependence on gravity; intrusive/dike boundary; processing or coverage effects. Surface-only features may instead be roads or erosion.,MODEL HYPOTHESIS ONLY — requires expert/field review
H55-A-00048,1491,1228,366200.0,4359400.0,-118.5533488,39.3737131,0.8561639,0.54561,287.64868,1.83063,0.94306,0.99513,0.99436,141.42,"Potential-field view is in its training-reference confident tail while the surface view abstains. Signed normal/cover support is incomplete; do not interpret this discrepancy as proof of a buried fault. No fault displacement, geothermal fluid flow or vent has been verified at this pixel.",Lithologic contact; basin-fill model dependence on gravity; intrusive/dike boundary; processing or coverage effects. Surface-only features may instead be roads or erosion.,MODEL HYPOTHESIS ONLY — requires expert/field review
H55-A-00049,1493,1221,365500.0,4359200.0,-118.5614325,39.3718028,0.8109604,0.4201148,315.39276,0.89241,0.99545,0.99967,0.99796,282.84,"Potential-field view is in its training-reference confident tail while the surface view abstains. Signed normal/cover support is incomplete; do not interpret this discrepancy as proof of a buried fault. No fault displacement, geothermal fluid flow or vent has been verified at this pixel.",Lithologic contact; basin-fill model dependence on gravity; intrusive/dike boundary; processing or coverage effects. Surface-only features may instead be roads or erosion.,MODEL HYPOTHESIS ONLY — requires expert/field review
H55-A-00050,1494,1226,366000.0,4359100.0,-118.5556099,39.3709798,0.8178967,0.3974254,335.93076,0.96739,0.9821,0.99921,0.99465,141.42,"Potential-field view is in its training-reference confident tail while the surface view abstains. Deeper-than-median modelled cover, anti-aligned gravity/cover normals and cross-scale gravity persistence are consistent with a covered basin-margin discontinuity. No fault displacement, geothermal fluid flow or vent has been verified at this pixel.",Lithologic contact; basin-fill model dependence on gravity; intrusive/dike boundary; processing or coverage effects. Surface-only features may instead be roads or erosion.,MODEL HYPOTHESIS ONLY — requires expert/field review
H55-A-00051,1578,1299,373300.0,4350700.0,-118.469306,39.2964157,0.8156351,0.4497905,619.53979,0.93904,1.0,0.99573,0.99554,200.0,"Potential-field view is in its training-reference confident tail while the surface view abstains. Deeper-than-median modelled cover, anti-aligned gravity/cover normals and cross-scale gravity persistence are consistent with a covered basin-margin discontinuity. No fault displacement, geothermal fluid flow or vent has been verified at this pixel.",Lithologic contact; basin-fill model dependence on gravity; intrusive/dike boundary; processing or coverage effects. Surface-only features may instead be roads or erosion.,MODEL HYPOTHESIS ONLY — requires expert/field review
H55-A-00052,1579,1297,373100.0,4350600.0,-118.4716057,39.2954856,0.8090736,0.4565522,630.01288,1.29616,1.0,0.99492,0.98935,200.0,"Potential-field view is in its training-reference confident tail while the surface view abstains. Deeper-than-median modelled cover, anti-aligned gravity/cover normals and cross-scale gravity persistence are consistent with a covered basin-margin discontinuity. No fault displacement, geothermal fluid flow or vent has been verified at this pixel.",Lithologic contact; basin-fill model dependence on gravity; intrusive/dike boundary; processing or coverage effects. Surface-only features may instead be roads or erosion.,MODEL HYPOTHESIS ONLY — requires expert/field review
H55-A-00053,1583,1312,374600.0,4350200.0,-118.4541416,39.2921009,0.8114058,0.4795764,709.34924,1.51121,0.99877,0.99676,0.98647,1100.0,"Potential-field view is in its training-reference confident tail while the surface view abstains. Deeper-than-median modelled cover, anti-aligned gravity/cover normals and cross-scale gravity persistence are consistent with a covered basin-margin discontinuity. No fault displacement, geothermal fluid flow or vent has been verified at this pixel.",Lithologic contact; basin-fill model dependence on gravity; intrusive/dike boundary; processing or coverage effects. Surface-only features may instead be roads or erosion.,MODEL HYPOTHESIS ONLY — requires expert/field review
H55-A-00054,2452,1821,425500.0,4263300.0,-117.8545483,38.5149655,0.809293,0.5601441,299.26157,4.00744,0.82311,0.99829,0.98314,1104.54,"Potential-field view is in its training-reference confident tail while the surface view abstains. Signed normal/cover support is incomplete; do not interpret this discrepancy as proof of a buried fault. No fault displacement, geothermal fluid flow or vent has been verified at this pixel.",Lithologic contact; basin-fill model dependence on gravity; intrusive/dike boundary; processing or coverage effects. Surface-only features may instead be roads or erosion.,MODEL HYPOTHESIS ONLY — requires expert/field review
H55-A-00055,2452,1828,426200.0,4263300.0,-117.8465198,38.5150238,0.8306136,0.4298102,195.52559,7.21715,0.7771,0.99677,0.98512,948.68,"Potential-field view is in its training-reference confident tail while the surface view abstains. Signed normal/cover support is incomplete; do not interpret this discrepancy as proof of a buried fault. No fault displacement, geothermal fluid flow or vent has been verified at this pixel.",Lithologic contact; basin-fill model dependence on gravity; intrusive/dike boundary; processing or coverage effects. Surface-only features may instead be roads or erosion.,MODEL HYPOTHESIS ONLY — requires expert/field review
H55-A-00056,2453,1793,422700.0,4263200.0,-117.886651,38.5138256,0.8139628,0.5246938,491.85724,3.87502,0.9822,0.99994,0.91583,200.0,"Potential-field view is in its training-reference confident tail while the surface view abstains. Deeper-than-median modelled cover, anti-aligned gravity/cover normals and cross-scale gravity persistence are consistent with a covered basin-margin discontinuity. No fault displacement, geothermal fluid flow or vent has been verified at this pixel.",Lithologic contact; basin-fill model dependence on gravity; intrusive/dike boundary; processing or coverage effects. Surface-only features may instead be roads or erosion.,MODEL HYPOTHESIS ONLY — requires expert/field review
H55-A-00057,2453,1798,423200.0,4263200.0,-117.8809165,38.5138689,0.8183737,0.6043947,517.29053,5.81471,0.9442,0.99938,0.93614,300.0,"Potential-field view is in its training-reference confident tail while the surface view abstains. Deeper-than-median modelled cover, anti-aligned gravity/cover normals and cross-scale gravity persistence are consistent with a covered basin-margin discontinuity. No fault displacement, geothermal fluid flow or vent has been verified at this pixel.",Lithologic contact; basin-fill model dependence on gravity; intrusive/dike boundary; processing or coverage effects. Surface-only features may instead be roads or erosion.,MODEL HYPOTHESIS ONLY — requires expert/field review
H55-A-00058,2453,1831,426500.0,4263200.0,-117.8430685,38.5141475,0.8197948,0.5945716,175.95181,7.85274,0.77595,0.99483,0.98478,721.11,"Potential-field view is in its training-reference confident tail while the surface view abstains. Signed normal/cover support is incomplete; do not interpret this discrepancy as proof of a buried fault. No fault displacement, geothermal fluid flow or vent has been verified at this pixel.",Lithologic contact; basin-fill model dependence on gravity; intrusive/dike boundary; processing or coverage effects. Surface-only features may instead be roads or erosion.,MODEL HYPOTHESIS ONLY — requires expert/field review
H55-A-00059,2454,1791,422500.0,4263100.0,-117.8889337,38.5129071,0.8139628,0.5103027,502.19287,3.40182,0.98684,0.99956,0.90703,282.84,"Potential-field view is in its training-reference confident tail while the surface view abstains. Deeper-than-median modelled cover, anti-aligned gravity/cover normals and cross-scale gravity persistence are consistent with a covered basin-margin discontinuity. No fault displacement, geothermal fluid flow or vent has been verified at this pixel.",Lithologic contact; basin-fill model dependence on gravity; intrusive/dike boundary; processing or coverage effects. Surface-only features may instead be roads or erosion.,MODEL HYPOTHESIS ONLY — requires expert/field review
H55-A-00060,2454,1807,424100.0,4263100.0,-117.8705835,38.513045,0.8172097,0.5296623,548.53668,2.92636,0.90194,1.0,0.96517,1170.47,"Potential-field view is in its training-reference confident tail while the surface view abstains. Deeper-than-median modelled cover, anti-aligned gravity/cover normals and cross-scale gravity persistence are consistent with a covered basin-margin discontinuity. No fault displacement, geothermal fluid flow or vent has been verified at this pixel.",Lithologic contact; basin-fill model dependence on gravity; intrusive/dike boundary; processing or coverage effects. Surface-only features may instead be roads or erosion.,MODEL HYPOTHESIS ONLY — requires expert/field review
H55-A-00061,2455,1788,422200.0,4263000.0,-117.8923632,38.5119798,0.8183215,0.4658335,497.94891,2.79293,0.9965,0.99872,0.88137,500.0,"Potential-field view is in its training-reference confident tail while the surface view abstains. Deeper-than-median modelled cover, anti-aligned gravity/cover normals and cross-scale gravity persistence are consistent with a covered basin-margin discontinuity. No fault displacement, geothermal fluid flow or vent has been verified at this pixel.",Lithologic contact; basin-fill model dependence on gravity; intrusive/dike boundary; processing or coverage effects. Surface-only features may instead be roads or erosion.,MODEL HYPOTHESIS ONLY — requires expert/field review
H55-A-00062,2455,1834,426800.0,4263000.0,-117.8396068,38.51237,0.8084843,0.5529682,192.7648,9.03546,0.81539,0.99275,0.98259,670.82,"Potential-field view is in its training-reference confident tail while the surface view abstains. Signed normal/cover support is incomplete; do not interpret this discrepancy as proof of a buried fault. No fault displacement, geothermal fluid flow or vent has been verified at this pixel.",Lithologic contact; basin-fill model dependence on gravity; intrusive/dike boundary; processing or coverage effects. Surface-only features may instead be roads or erosion.,MODEL HYPOTHESIS ONLY — requires expert/field review
H55-A-00063,2457,1791,422500.0,4262800.0,-117.8889005,38.5102038,0.8210811,0.5509627,580.9754,4.29119,0.98644,0.99962,0.89627,141.42,"Potential-field view is in its training-reference confident tail while the surface view abstains. Deeper-than-median modelled cover, anti-aligned gravity/cover normals and cross-scale gravity persistence are consistent with a covered basin-margin discontinuity. No fault displacement, geothermal fluid flow or vent has been verified at this pixel.",Lithologic contact; basin-fill model dependence on gravity; intrusive/dike boundary; processing or coverage effects. Surface-only features may instead be roads or erosion.,MODEL HYPOTHESIS ONLY — requires expert/field review
H55-A-00064,2457,1796,423000.0,4262800.0,-117.8831663,38.5102472,0.8129356,0.5205023,648.82623,4.7362,0.96419,0.99999,0.90991,282.84,"Potential-field view is in its training-reference confident tail while the surface view abstains. Deeper-than-median modelled cover, anti-aligned gravity/cover normals and cross-scale gravity persistence are consistent with a covered basin-margin discontinuity. No fault displacement, geothermal fluid flow or vent has been verified at this pixel.",Lithologic contact; basin-fill model dependence on gravity; intrusive/dike boundary; processing or coverage effects. Surface-only features may instead be roads or erosion.,MODEL HYPOTHESIS ONLY — requires expert/field review
H55-A-00065,2457,1806,424000.0,4262800.0,-117.8716978,38.5103331,0.8246587,0.5495041,690.43671,2.95968,0.91675,0.99964,0.96102,1140.18,"Potential-field view is in its training-reference confident tail while the surface view abstains. Deeper-than-median modelled cover, anti-aligned gravity/cover normals and cross-scale gravity persistence are consistent with a covered basin-margin discontinuity. No fault displacement, geothermal fluid flow or vent has been verified at this pixel.",Lithologic contact; basin-fill model dependence on gravity; intrusive/dike boundary; processing or coverage effects. Surface-only features may instead be roads or erosion.,MODEL HYPOTHESIS ONLY — requires expert/field review
H55-A-00066,2457,1809,424300.0,4262800.0,-117.8682573,38.5103587,0.8132789,0.5886206,669.83337,8.09622,0.90896,1.0,0.9713,1431.78,"Potential-field view is in its training-reference confident tail while the surface view abstains. Deeper-than-median modelled cover, anti-aligned gravity/cover normals and cross-scale gravity persistence are consistent with a covered basin-margin discontinuity. No fault displacement, geothermal fluid flow or vent has been verified at this pixel.",Lithologic contact; basin-fill model dependence on gravity; intrusive/dike boundary; processing or coverage effects. Surface-only features may instead be roads or erosion.,MODEL HYPOTHESIS ONLY — requires expert/field review
H55-A-00067,2458,1834,426800.0,4262700.0,-117.8395754,38.5096666,0.8084843,0.5875421,283.06339,9.16558,0.86275,0.99064,0.97957,707.11,"Potential-field view is in its training-reference confident tail while the surface view abstains. Signed normal/cover support is incomplete; do not interpret this discrepancy as proof of a buried fault. No fault displacement, geothermal fluid flow or vent has been verified at this pixel.",Lithologic contact; basin-fill model dependence on gravity; intrusive/dike boundary; processing or coverage effects. Surface-only features may instead be roads or erosion.,MODEL HYPOTHESIS ONLY — requires expert/field review
H55-A-00068,2459,1804,423800.0,4262600.0,-117.8739697,38.5085138,0.8182896,0.5838032,773.28516,5.68624,0.9269,0.9992,0.95487,1029.56,"Potential-field view is in its training-reference confident tail while the surface view abstains. Deeper-than-median modelled cover, anti-aligned gravity/cover normals and cross-scale gravity persistence are consistent with a covered basin-margin discontinuity. No fault displacement, geothermal fluid flow or vent has been verified at this pixel.",Lithologic contact; basin-fill model dependence on gravity; intrusive/dike boundary; processing or coverage effects. Surface-only features may instead be roads or erosion.,MODEL HYPOTHESIS ONLY — requires expert/field review
H55-A-00069,2460,1808,424200.0,4262500.0,-117.8693716,38.5076469,0.8103117,0.5488949,826.16693,2.29209,0.91848,1.0,0.96466,1431.78,"Potential-field view is in its training-reference confident tail while the surface view abstains. Deeper-than-median modelled cover, anti-aligned gravity/cover normals and cross-scale gravity persistence are consistent with a covered basin-margin discontinuity. No fault displacement, geothermal fluid flow or vent has been verified at this pixel.",Lithologic contact; basin-fill model dependence on gravity; intrusive/dike boundary; processing or coverage effects. Surface-only features may instead be roads or erosion.,MODEL HYPOTHESIS ONLY — requires expert/field review
H55-A-00070,2461,1799,423300.0,4262400.0,-117.8796819,38.5066687,0.8090032,0.5255073,822.67889,1.84707,0.9457,0.99959,0.92461,721.11,"Potential-field view is in its training-reference confident tail while the surface view abstains. Deeper-than-median modelled cover, anti-aligned gravity/cover normals and cross-scale gravity persistence are consistent with a covered basin-margin discontinuity. No fault displacement, geothermal fluid flow or vent has been verified at this pixel.",Lithologic contact; basin-fill model dependence on gravity; intrusive/dike boundary; processing or coverage effects. Surface-only features may instead be roads or erosion.,MODEL HYPOTHESIS ONLY — requires expert/field review
H55-A-00071,2462,1801,423500.0,4262300.0,-117.8773774,38.5057848,0.8160818,0.5091033,879.82239,2.29706,0.9408,1.0,0.9388,943.4,"Potential-field view is in its training-reference confident tail while the surface view abstains. Deeper-than-median modelled cover, anti-aligned gravity/cover normals and cross-scale gravity persistence are consistent with a covered basin-margin discontinuity. No fault displacement, geothermal fluid flow or vent has been verified at this pixel.",Lithologic contact; basin-fill model dependence on gravity; intrusive/dike boundary; processing or coverage effects. Surface-only features may instead be roads or erosion.,MODEL HYPOTHESIS ONLY — requires expert/field review
H55-A-00072,2462,1804,423800.0,4262300.0,-117.873937,38.5058105,0.8224769,0.4236527,907.3573,3.13478,0.93494,0.99887,0.94816,1204.16,"Potential-field view is in its training-reference confident tail while the surface view abstains. Deeper-than-median modelled cover, anti-aligned gravity/cover normals and cross-scale gravity persistence are consistent with a covered basin-margin discontinuity. No fault displacement, geothermal fluid flow or vent has been verified at this pixel.",Lithologic contact; basin-fill model dependence on gravity; intrusive/dike boundary; processing or coverage effects. Surface-only features may instead be roads or erosion.,MODEL HYPOTHESIS ONLY — requires expert/field review
H55-A-00073,2463,1806,424000.0,4262200.0,-117.8716326,38.5049265,0.8299888,0.4651515,972.76337,2.956,0.93347,0.99913,0.95087,1421.27,"Potential-field view is in its training-reference confident tail while the surface view abstains. Deeper-than-median modelled cover, anti-aligned gravity/cover normals and cross-scale gravity persistence are consistent with a covered basin-margin discontinuity. No fault displacement, geothermal fluid flow or vent has been verified at this pixel.",Lithologic contact; basin-fill model dependence on gravity; intrusive/dike boundary; processing or coverage effects. Surface-only features may instead be roads or erosion.,MODEL HYPOTHESIS ONLY — requires expert/field review
H55-A-00074,2463,1809,424300.0,4262200.0,-117.8681923,38.504952,0.8171376,0.5826496,959.50568,3.37699,0.92933,0.99992,0.96508,1300.0,"Potential-field view is in its training-reference confident tail while the surface view abstains. Deeper-than-median modelled cover, anti-aligned gravity/cover normals and cross-scale gravity persistence are consistent with a covered basin-margin discontinuity. No fault displacement, geothermal fluid flow or vent has been verified at this pixel.",Lithologic contact; basin-fill model dependence on gravity; intrusive/dike boundary; processing or coverage effects. Surface-only features may instead be roads or erosion.,MODEL HYPOTHESIS ONLY — requires expert/field review
H55-A-00075,2464,1803,423700.0,4262100.0,-117.875062,38.5039997,0.8323531,0.467478,1000.09772,1.8529,0.94585,0.99885,0.94112,1220.66,"Potential-field view is in its training-reference confident tail while the surface view abstains. Deeper-than-median modelled cover, anti-aligned gravity/cover normals and cross-scale gravity persistence are consistent with a covered basin-margin discontinuity. No fault displacement, geothermal fluid flow or vent has been verified at this pixel.",Lithologic contact; basin-fill model dependence on gravity; intrusive/dike boundary; processing or coverage effects. Surface-only features may instead be roads or erosion.,MODEL HYPOTHESIS ONLY — requires expert/field review
H55-A-00076,2465,1764,419800.0,4262000.0,-117.9197733,38.5027559,0.8310761,0.4306668,194.69603,2.50916,0.99499,0.99823,0.98973,300.0,"Potential-field view is in its training-reference confident tail while the surface view abstains. Signed normal/cover support is incomplete; do not interpret this discrepancy as proof of a buried fault. No fault displacement, geothermal fluid flow or vent has been verified at this pixel.",Lithologic contact; basin-fill model dependence on gravity; intrusive/dike boundary; processing or coverage effects. Surface-only features may instead be roads or erosion.,MODEL HYPOTHESIS ONLY — requires expert/field review
H55-A-00077,2465,1769,420300.0,4262000.0,-117.9140397,38.5028008,0.8166447,0.4961131,267.05829,1.61709,0.97013,0.99712,0.98236,583.1,"Potential-field view is in its training-reference confident tail while the surface view abstains. Signed normal/cover support is incomplete; do not interpret this discrepancy as proof of a buried fault. No fault displacement, geothermal fluid flow or vent has been verified at this pixel.",Lithologic contact; basin-fill model dependence on gravity; intrusive/dike boundary; processing or coverage effects. Surface-only features may instead be roads or erosion.,MODEL HYPOTHESIS ONLY — requires expert/field review
H55-A-00078,2465,1800,423400.0,4262000.0,-117.8784913,38.5030729,0.8154943,0.4123515,1019.91034,2.67047,0.95789,0.99993,0.92089,1063.01,"Potential-field view is in its training-reference confident tail while the surface view abstains. Deeper-than-median modelled cover, anti-aligned gravity/cover normals and cross-scale gravity persistence are consistent with a covered basin-margin discontinuity. No fault displacement, geothermal fluid flow or vent has been verified at this pixel.",Lithologic contact; basin-fill model dependence on gravity; intrusive/dike boundary; processing or coverage effects. Surface-only features may instead be roads or erosion.,MODEL HYPOTHESIS ONLY — requires expert/field review
H55-A-00079,2466,1807,424100.0,4261900.0,-117.8704533,38.5022317,0.8408615,0.5266031,1186.4231,3.8852,0.94459,0.99849,0.94988,1500.0,"Potential-field view is in its training-reference confident tail while the surface view abstains. Deeper-than-median modelled cover, anti-aligned gravity/cover normals and cross-scale gravity persistence are consistent with a covered basin-margin discontinuity. No fault displacement, geothermal fluid flow or vent has been verified at this pixel.",Lithologic contact; basin-fill model dependence on gravity; intrusive/dike boundary; processing or coverage effects. Surface-only features may instead be roads or erosion.,MODEL HYPOTHESIS ONLY — requires expert/field review
H55-A-00080,2467,1766,420000.0,4261800.0,-117.917457,38.5009717,0.8121818,0.4695346,209.29279,3.08707,0.98185,0.99652,0.98936,223.61,"Potential-field view is in its training-reference confident tail while the surface view abstains. Signed normal/cover support is incomplete; do not interpret this discrepancy as proof of a buried fault. No fault displacement, geothermal fluid flow or vent has been verified at this pixel.",Lithologic contact; basin-fill model dependence on gravity; intrusive/dike boundary; processing or coverage effects. Surface-only features may instead be roads or erosion.,MODEL HYPOTHESIS ONLY — requires expert/field review
H55-A-00081,2467,1799,423300.0,4261800.0,-117.8796161,38.501262,0.8220139,0.5552925,1114.42529,2.89729,0.9707,0.99984,0.90179,1081.67,"Potential-field view is in its training-reference confident tail while the surface view abstains. Deeper-than-median modelled cover, anti-aligned gravity/cover normals and cross-scale gravity persistence are consistent with a covered basin-margin discontinuity. No fault displacement, geothermal fluid flow or vent has been verified at this pixel.",Lithologic contact; basin-fill model dependence on gravity; intrusive/dike boundary; processing or coverage effects. Surface-only features may instead be roads or erosion.,MODEL HYPOTHESIS ONLY — requires expert/field review
H55-A-00082,2467,1805,423900.0,4261800.0,-117.8727359,38.5013135,0.8544828,0.4043492,1221.33826,2.77727,0.95319,0.99663,0.93755,1562.05,"Potential-field view is in its training-reference confident tail while the surface view abstains. Deeper-than-median modelled cover, anti-aligned gravity/cover normals and cross-scale gravity persistence are consistent with a covered basin-margin discontinuity. No fault displacement, geothermal fluid flow or vent has been verified at this pixel.",Lithologic contact; basin-fill model dependence on gravity; intrusive/dike boundary; processing or coverage effects. Surface-only features may instead be roads or erosion.,MODEL HYPOTHESIS ONLY — requires expert/field review
H55-A-00083,2467,1844,427800.0,4261800.0,-117.828014,38.5016382,0.8339819,0.5267565,347.42108,6.9437,0.97431,0.99057,0.98897,223.61,"Potential-field view is in its training-reference confident tail while the surface view abstains. Deeper-than-median modelled cover, anti-aligned gravity/cover normals and cross-scale gravity persistence are consistent with a covered basin-margin discontinuity. No fault displacement, geothermal fluid flow or vent has been verified at this pixel.",Lithologic contact; basin-fill model dependence on gravity; intrusive/dike boundary; processing or coverage effects. Surface-only features may instead be roads or erosion.,MODEL HYPOTHESIS ONLY — requires expert/field review
H55-A-00084,2469,1758,419200.0,4261600.0,-117.9266074,38.4990973,0.8459558,0.5423773,110.84238,4.53122,0.99968,0.99644,0.98021,360.56,"Potential-field view is in its training-reference confident tail while the surface view abstains. Signed normal/cover support is incomplete; do not interpret this discrepancy as proof of a buried fault. No fault displacement, geothermal fluid flow or vent has been verified at this pixel.",Lithologic contact; basin-fill model dependence on gravity; intrusive/dike boundary; processing or coverage effects. Surface-only features may instead be roads or erosion.,MODEL HYPOTHESIS ONLY — requires expert/field review
H55-A-00085,2469,1761,419500.0,4261600.0,-117.9231674,38.4991245,0.8123885,0.54983,145.47697,2.6724,0.99803,0.99797,0.98781,200.0,"Potential-field view is in its training-reference confident tail while the surface view abstains. Signed normal/cover support is incomplete; do not interpret this discrepancy as proof of a buried fault. No fault displacement, geothermal fluid flow or vent has been verified at this pixel.",Lithologic contact; basin-fill model dependence on gravity; intrusive/dike boundary; processing or coverage effects. Surface-only features may instead be roads or erosion.,MODEL HYPOTHESIS ONLY — requires expert/field review
H55-A-00086,2469,1767,420100.0,4261600.0,-117.9162875,38.4991785,0.8495811,0.4869055,219.61496,3.38443,0.97669,0.99682,0.98829,223.61,"Potential-field view is in its training-reference confident tail while the surface view abstains. Signed normal/cover support is incomplete; do not interpret this discrepancy as proof of a buried fault. No fault displacement, geothermal fluid flow or vent has been verified at this pixel.",Lithologic contact; basin-fill model dependence on gravity; intrusive/dike boundary; processing or coverage effects. Surface-only features may instead be roads or erosion.,MODEL HYPOTHESIS ONLY — requires expert/field review
H55-A-00087,2469,1802,423600.0,4261600.0,-117.8761542,38.4994856,0.8138154,0.4203529,1287.83154,1.68883,0.96552,0.99869,0.91767,1442.22,"Potential-field view is in its training-reference confident tail while the surface view abstains. Deeper-than-median modelled cover, anti-aligned gravity/cover normals and cross-scale gravity persistence are consistent with a covered basin-margin discontinuity. No fault displacement, geothermal fluid flow or vent has been verified at this pixel.",Lithologic contact; basin-fill model dependence on gravity; intrusive/dike boundary; processing or coverage effects. Surface-only features may instead be roads or erosion.,MODEL HYPOTHESIS ONLY — requires expert/field review
H55-A-00088,2470,1763,419700.0,4261500.0,-117.9208626,38.4982414,0.8552889,0.5592443,164.6196,12.59662,0.9946,0.9977,0.98971,141.42,"Potential-field view is in its training-reference confident tail while the surface view abstains. Signed normal/cover support is incomplete; do not interpret this discrepancy as proof of a buried fault. No fault displacement, geothermal fluid flow or vent has been verified at this pixel.",Lithologic contact; basin-fill model dependence on gravity; intrusive/dike boundary; processing or coverage effects. Surface-only features may instead be roads or erosion.,MODEL HYPOTHESIS ONLY — requires expert/field review
H55-A-00089,2470,1799,423300.0,4261500.0,-117.8795832,38.4985587,0.8090032,0.4812556,1277.23499,2.22161,0.97898,0.99993,0.88456,1236.93,"Potential-field view is in its training-reference confident tail while the surface view abstains. Deeper-than-median modelled cover, anti-aligned gravity/cover normals and cross-scale gravity persistence are consistent with a covered basin-margin discontinuity. No fault displacement, geothermal fluid flow or vent has been verified at this pixel.",Lithologic contact; basin-fill model dependence on gravity; intrusive/dike boundary; processing or coverage effects. Surface-only features may instead be roads or erosion.,MODEL HYPOTHESIS ONLY — requires expert/field review
H55-A-00090,2470,1805,423900.0,4261500.0,-117.8727033,38.4986102,0.823855,0.4860465,1418.35486,1.43831,0.96071,0.9948,0.92358,1700.0,"Potential-field view is in its training-reference confident tail while the surface view abstains. Deeper-than-median modelled cover, anti-aligned gravity/cover normals and cross-scale gravity persistence are consistent with a covered basin-margin discontinuity. No fault displacement, geothermal fluid flow or vent has been verified at this pixel.",Lithologic contact; basin-fill model dependence on gravity; intrusive/dike boundary; processing or coverage effects. Surface-only features may instead be roads or erosion.,MODEL HYPOTHESIS ONLY — requires expert/field review
H55-A-00091,2472,1758,419200.0,4261300.0,-117.9265727,38.496394,0.844889,0.543008,94.521,1.41908,0.99912,0.99527,0.97632,300.0,"Potential-field view is in its training-reference confident tail while the surface view abstains. Signed normal/cover support is incomplete; do not interpret this discrepancy as proof of a buried fault. No fault displacement, geothermal fluid flow or vent has been verified at this pixel.",Lithologic contact; basin-fill model dependence on gravity; intrusive/dike boundary; processing or coverage effects. Surface-only features may instead be roads or erosion.,MODEL HYPOTHESIS ONLY — requires expert/field review
H55-A-00092,2472,1769,420300.0,4261300.0,-117.91396,38.4964931,0.8114182,0.5005371,265.26395,1.53019,0.97885,0.99858,0.98688,300.0,"Potential-field view is in its training-reference confident tail while the surface view abstains. Signed normal/cover support is incomplete; do not interpret this discrepancy as proof of a buried fault. No fault displacement, geothermal fluid flow or vent has been verified at this pixel.",Lithologic contact; basin-fill model dependence on gravity; intrusive/dike boundary; processing or coverage effects. Surface-only features may instead be roads or erosion.,MODEL HYPOTHESIS ONLY — requires expert/field review
H55-A-00093,2472,1774,420800.0,4261300.0,-117.9082269,38.4965377,0.8094291,0.5587038,397.52084,0.48063,0.97324,0.99973,0.98399,200.0,"Potential-field view is in its training-reference confident tail while the surface view abstains. Deeper-than-median modelled cover, anti-aligned gravity/cover normals and cross-scale gravity persistence are consistent with a covered basin-margin discontinuity. No fault displacement, geothermal fluid flow or vent has been verified at this pixel.",Lithologic contact; basin-fill model dependence on gravity; intrusive/dike boundary; processing or coverage effects. Surface-only features may instead be roads or erosion.,MODEL HYPOTHESIS ONLY — requires expert/field review
H55-A-00094,2473,1763,419700.0,4261200.0,-117.9208282,38.4955381,0.8655144,0.5670446,152.78325,4.28175,0.99627,0.99784,0.98762,200.0,"Potential-field view is in its training-reference confident tail while the surface view abstains. Signed normal/cover support is incomplete; do not interpret this discrepancy as proof of a buried fault. No fault displacement, geothermal fluid flow or vent has been verified at this pixel.",Lithologic contact; basin-fill model dependence on gravity; intrusive/dike boundary; processing or coverage effects. Surface-only features may instead be roads or erosion.,MODEL HYPOTHESIS ONLY — requires expert/field review
H55-A-00095,2473,1818,425200.0,4261200.0,-117.8577646,38.496017,0.8178748,0.5157825,1582.29871,3.88777,0.90611,0.99978,0.97349,447.21,"Potential-field view is in its training-reference confident tail while the surface view abstains. Deeper-than-median modelled cover, anti-aligned gravity/cover normals and cross-scale gravity persistence are consistent with a covered basin-margin discontinuity. No fault displacement, geothermal fluid flow or vent has been verified at this pixel.",Lithologic contact; basin-fill model dependence on gravity; intrusive/dike boundary; processing or coverage effects. Surface-only features may instead be roads or erosion.,MODEL HYPOTHESIS ONLY — requires expert/field review
H55-A-00096,2474,1776,421000.0,4261100.0,-117.9059111,38.4947533,0.819024,0.4249488,461.57697,1.56504,0.98178,0.99997,0.98601,100.0,"Potential-field view is in its training-reference confident tail while the surface view abstains. Deeper-than-median modelled cover, anti-aligned gravity/cover normals and cross-scale gravity persistence are consistent with a covered basin-margin discontinuity. No fault displacement, geothermal fluid flow or vent has been verified at this pixel.",Lithologic contact; basin-fill model dependence on gravity; intrusive/dike boundary; processing or coverage effects. Surface-only features may instead be roads or erosion.,MODEL HYPOTHESIS ONLY — requires expert/field review
H55-A-00097,2475,1817,425100.0,4261000.0,-117.8588898,38.4942063,0.8252375,0.5160234,1753.34875,3.3576,0.89628,0.99982,0.96416,640.31,"Potential-field view is in its training-reference confident tail while the surface view abstains. Deeper-than-median modelled cover, anti-aligned gravity/cover normals and cross-scale gravity persistence are consistent with a covered basin-margin discontinuity. No fault displacement, geothermal fluid flow or vent has been verified at this pixel.",Lithologic contact; basin-fill model dependence on gravity; intrusive/dike boundary; processing or coverage effects. Surface-only features may instead be roads or erosion.,MODEL HYPOTHESIS ONLY — requires expert/field review
H55-A-00098,2475,1866,430000.0,4261000.0,-117.802706,38.4946049,0.8151151,0.4579794,59.22548,12.08357,0.92139,0.99962,0.98787,721.11,"Potential-field view is in its training-reference confident tail while the surface view abstains. Signed normal/cover support is incomplete; do not interpret this discrepancy as proof of a buried fault. No fault displacement, geothermal fluid flow or vent has been verified at this pixel.",Lithologic contact; basin-fill model dependence on gravity; intrusive/dike boundary; processing or coverage effects. Surface-only features may instead be roads or erosion.,MODEL HYPOTHESIS ONLY — requires expert/field review
H55-A-00099,2477,1759,419300.0,4260800.0,-117.9253685,38.4918976,0.8406126,0.50129,82.62543,3.62075,0.99923,0.99245,0.96505,282.84,"Potential-field view is in its training-reference confident tail while the surface view abstains. Signed normal/cover support is incomplete; do not interpret this discrepancy as proof of a buried fault. No fault displacement, geothermal fluid flow or vent has been verified at this pixel.",Lithologic contact; basin-fill model dependence on gravity; intrusive/dike boundary; processing or coverage effects. Surface-only features may instead be roads or erosion.,MODEL HYPOTHESIS ONLY — requires expert/field review
H55-A-00100,2477,1765,419900.0,4260800.0,-117.9184892,38.4919517,0.8514271,0.4521013,161.56956,1.83717,0.99676,0.99782,0.98556,141.42,"Potential-field view is in its training-reference confident tail while the surface view abstains. Signed normal/cover support is incomplete; do not interpret this discrepancy as proof of a buried fault. No fault displacement, geothermal fluid flow or vent has been verified at this pixel.",Lithologic contact; basin-fill model dependence on gravity; intrusive/dike boundary; processing or coverage effects. Surface-only features may instead be roads or erosion.,MODEL HYPOTHESIS ONLY — requires expert/field review
H55-A-00101,2478,1835,426900.0,4260700.0,-117.8382197,38.4916525,0.8293934,0.6109042,1276.07861,6.74198,0.99882,0.99997,0.99085,565.69,"Potential-field view is in its training-reference confident tail while the surface view abstains. Deeper-than-median modelled cover, anti-aligned gravity/cover normals and cross-scale gravity persistence are consistent with a covered basin-margin discontinuity. No fault displacement, geothermal fluid flow or vent has been verified at this pixel.",Lithologic contact; basin-fill model dependence on gravity; intrusive/dike boundary; processing or coverage effects. Surface-only features may instead be roads or erosion.,MODEL HYPOTHESIS ONLY — requires expert/field review
H55-A-00102,2479,1869,430300.0,4260600.0,-117.7992263,38.4910239,0.8187978,0.5080728,61.79207,16.555,0.95948,0.99987,0.98382,806.23,"Potential-field view is in its training-reference confident tail while the surface view abstains. Signed normal/cover support is incomplete; do not interpret this discrepancy as proof of a buried fault. No fault displacement, geothermal fluid flow or vent has been verified at this pixel.",Lithologic contact; basin-fill model dependence on gravity; intrusive/dike boundary; processing or coverage effects. Surface-only features may instead be roads or erosion.,MODEL HYPOTHESIS ONLY — requires expert/field review
H55-A-00103,2481,1758,419200.0,4260400.0,-117.9264689,38.4882841,0.8489848,0.5566897,49.89159,3.18752,0.99774,0.99576,0.91842,500.0,"Potential-field view is in its training-reference confident tail while the surface view abstains. Signed normal/cover support is incomplete; do not interpret this discrepancy as proof of a buried fault. No fault displacement, geothermal fluid flow or vent has been verified at this pixel.",Lithologic contact; basin-fill model dependence on gravity; intrusive/dike boundary; processing or coverage effects. Surface-only features may instead be roads or erosion.,MODEL HYPOTHESIS ONLY — requires expert/field review
H55-A-00104,2481,1763,419700.0,4260400.0,-117.9207364,38.4883293,0.8463522,0.5522659,117.6968,2.66947,0.99955,0.99931,0.96928,316.23,"Potential-field view is in its training-reference confident tail while the surface view abstains. Signed normal/cover support is incomplete; do not interpret this discrepancy as proof of a buried fault. No fault displacement, geothermal fluid flow or vent has been verified at this pixel.",Lithologic contact; basin-fill model dependence on gravity; intrusive/dike boundary; processing or coverage effects. Surface-only features may instead be roads or erosion.,MODEL HYPOTHESIS ONLY — requires expert/field review
H55-A-00105,2481,1776,421000.0,4260400.0,-117.9058321,38.4884456,0.8101137,0.4751208,486.46469,2.65363,0.99617,0.99973,0.99591,282.84,"Potential-field view is in its training-reference confident tail while the surface view abstains. Deeper-than-median modelled cover, anti-aligned gravity/cover normals and cross-scale gravity persistence are consistent with a covered basin-margin discontinuity. No fault displacement, geothermal fluid flow or vent has been verified at this pixel.",Lithologic contact; basin-fill model dependence on gravity; intrusive/dike boundary; processing or coverage effects. Surface-only features may instead be roads or erosion.,MODEL HYPOTHESIS ONLY — requires expert/field review
H55-A-00106,2481,1782,421600.0,4260400.0,-117.8989532,38.4884986,0.814995,0.5475357,799.03925,2.10598,0.99522,0.99912,0.98892,223.61,"Potential-field view is in its training-reference confident tail while the surface view abstains. Deeper-than-median modelled cover, anti-aligned gravity/cover normals and cross-scale gravity persistence are consistent with a covered basin-margin discontinuity. No fault displacement, geothermal fluid flow or vent has been verified at this pixel.",Lithologic contact; basin-fill model dependence on gravity; intrusive/dike boundary; processing or coverage effects. Surface-only features may instead be roads or erosion.,MODEL HYPOTHESIS ONLY — requires expert/field review
H55-A-00107,2481,1865,429900.0,4260400.0,-117.8037926,38.4891903,0.824634,0.4986378,149.46725,18.81684,0.95438,0.99992,0.98856,360.56,"Potential-field view is in its training-reference confident tail while the surface view abstains. Signed normal/cover support is incomplete; do not interpret this discrepancy as proof of a buried fault. No fault displacement, geothermal fluid flow or vent has been verified at this pixel.",Lithologic contact; basin-fill model dependence on gravity; intrusive/dike boundary; processing or coverage effects. Surface-only features may instead be roads or erosion.,MODEL HYPOTHESIS ONLY — requires expert/field review
H55-A-00108,2482,1766,420000.0,4260300.0,-117.9172856,38.4874552,0.8520619,0.4355967,154.29179,2.31542,0.99998,1.0,0.98278,200.0,"Potential-field view is in its training-reference confident tail while the surface view abstains. Signed normal/cover support is incomplete; do not interpret this discrepancy as proof of a buried fault. No fault displacement, geothermal fluid flow or vent has been verified at this pixel.",Lithologic contact; basin-fill model dependence on gravity; intrusive/dike boundary; processing or coverage effects. Surface-only features may instead be roads or erosion.,MODEL HYPOTHESIS ONLY — requires expert/field review
H55-A-00109,2483,1836,427000.0,4260200.0,-117.837021,38.4871551,0.8275796,0.5423104,1533.41199,3.91038,0.99625,0.99998,0.9904,670.82,"Potential-field view is in its training-reference confident tail while the surface view abstains. Deeper-than-median modelled cover, anti-aligned gravity/cover normals and cross-scale gravity persistence are consistent with a covered basin-margin discontinuity. No fault displacement, geothermal fluid flow or vent has been verified at this pixel.",Lithologic contact; basin-fill model dependence on gravity; intrusive/dike boundary; processing or coverage effects. Surface-only features may instead be roads or erosion.,MODEL HYPOTHESIS ONLY — requires expert/field review
H55-A-00110,2483,1841,427500.0,4260200.0,-117.8312885,38.487196,0.8090384,0.5783476,1235.61279,3.78598,0.96424,0.99926,0.99381,282.84,"Potential-field view is in its training-reference confident tail while the surface view abstains. Deeper-than-median modelled cover, anti-aligned gravity/cover normals and cross-scale gravity persistence are consistent with a covered basin-margin discontinuity. No fault displacement, geothermal fluid flow or vent has been verified at this pixel.",Lithologic contact; basin-fill model dependence on gravity; intrusive/dike boundary; processing or coverage effects. Surface-only features may instead be roads or erosion.,MODEL HYPOTHESIS ONLY — requires expert/field review
H55-A-00111,2483,1870,430400.0,4260200.0,-117.79804,38.4874272,0.8303516,0.6072494,81.34039,5.98657,0.99605,1.0,0.98465,565.69,"Potential-field view is in its training-reference confident tail while the surface view abstains. Signed normal/cover support is incomplete; do not interpret this discrepancy as proof of a buried fault. No fault displacement, geothermal fluid flow or vent has been verified at this pixel.",Lithologic contact; basin-fill model dependence on gravity; intrusive/dike boundary; processing or coverage effects. Surface-only features may instead be roads or erosion.,MODEL HYPOTHESIS ONLY — requires expert/field review
H55-A-00112,2484,1777,421100.0,4260100.0,-117.9046518,38.4857511,0.8247412,0.4097188,531.77332,1.99098,0.99964,0.99902,0.99664,316.23,"Potential-field view is in its training-reference confident tail while the surface view abstains. Deeper-than-median modelled cover, anti-aligned gravity/cover normals and cross-scale gravity persistence are consistent with a covered basin-margin discontinuity. No fault displacement, geothermal fluid flow or vent has been verified at this pixel.",Lithologic contact; basin-fill model dependence on gravity; intrusive/dike boundary; processing or coverage effects. Surface-only features may instead be roads or erosion.,MODEL HYPOTHESIS ONLY — requires expert/field review
H55-A-00113,2484,1786,422000.0,4260100.0,-117.8943338,38.4858304,0.8130615,0.5677032,1051.02234,1.79191,0.99862,0.99924,0.97906,282.84,"Potential-field view is in its training-reference confident tail while the surface view abstains. Deeper-than-median modelled cover, anti-aligned gravity/cover normals and cross-scale gravity persistence are consistent with a covered basin-margin discontinuity. No fault displacement, geothermal fluid flow or vent has been verified at this pixel.",Lithologic contact; basin-fill model dependence on gravity; intrusive/dike boundary; processing or coverage effects. Surface-only features may instead be roads or erosion.,MODEL HYPOTHESIS ONLY — requires expert/field review
H55-A-00114,2485,1766,420000.0,4260000.0,-117.9172513,38.4847519,0.8603613,0.4806244,144.75299,2.75943,0.99467,0.99711,0.98653,316.23,"Potential-field view is in its training-reference confident tail while the surface view abstains. Signed normal/cover support is incomplete; do not interpret this discrepancy as proof of a buried fault. No fault displacement, geothermal fluid flow or vent has been verified at this pixel.",Lithologic contact; basin-fill model dependence on gravity; intrusive/dike boundary; processing or coverage effects. Surface-only features may instead be roads or erosion.,MODEL HYPOTHESIS ONLY — requires expert/field review
H55-A-00115,2485,1779,421300.0,4260000.0,-117.9023477,38.4848677,0.8295395,0.5659046,643.1499,2.10092,0.99977,0.99874,0.99368,223.61,"Potential-field view is in its training-reference confident tail while the surface view abstains. Deeper-than-median modelled cover, anti-aligned gravity/cover normals and cross-scale gravity persistence are consistent with a covered basin-margin discontinuity. No fault displacement, geothermal fluid flow or vent has been verified at this pixel.",Lithologic contact; basin-fill model dependence on gravity; intrusive/dike boundary; processing or coverage effects. Surface-only features may instead be roads or erosion.,MODEL HYPOTHESIS ONLY — requires expert/field review
H55-A-00116,2486,1782,421600.0,4259900.0,-117.8988972,38.483993,0.8157805,0.607814,813.2157,2.85562,0.99973,0.99852,0.98703,200.0,"Potential-field view is in its training-reference confident tail while the surface view abstains. Deeper-than-median modelled cover, anti-aligned gravity/cover normals and cross-scale gravity persistence are consistent with a covered basin-margin discontinuity. No fault displacement, geothermal fluid flow or vent has been verified at this pixel.",Lithologic contact; basin-fill model dependence on gravity; intrusive/dike boundary; processing or coverage effects. Surface-only features may instead be roads or erosion.,MODEL HYPOTHESIS ONLY — requires expert/field review
H55-A-00117,2486,1836,427000.0,4259900.0,-117.8369897,38.4844518,0.8133011,0.5653508,1657.78308,3.4562,0.98966,0.99993,0.99101,848.53,"Potential-field view is in its training-reference confident tail while the surface view abstains. Deeper-than-median modelled cover, anti-aligned gravity/cover normals and cross-scale gravity persistence are consistent with a covered basin-margin discontinuity. No fault displacement, geothermal fluid flow or vent has been verified at this pixel.",Lithologic contact; basin-fill model dependence on gravity; intrusive/dike boundary; processing or coverage effects. Surface-only features may instead be roads or erosion.,MODEL HYPOTHESIS ONLY — requires expert/field review
H55-A-00118,2486,1839,427300.0,4259900.0,-117.8335504,38.4844763,0.8133011,0.5602823,1483.12512,3.09949,0.96947,0.99981,0.9929,640.31,"Potential-field view is in its training-reference confident tail while the surface view abstains. Deeper-than-median modelled cover, anti-aligned gravity/cover normals and cross-scale gravity persistence are consistent with a covered basin-margin discontinuity. No fault displacement, geothermal fluid flow or vent has been verified at this pixel.",Lithologic contact; basin-fill model dependence on gravity; intrusive/dike boundary; processing or coverage effects. Surface-only features may instead be roads or erosion.,MODEL HYPOTHESIS ONLY — requires expert/field review
H55-A-00119,2487,1765,419900.0,4259800.0,-117.9183749,38.4829407,0.8503335,0.542282,126.10254,2.55592,0.98508,0.99316,0.98679,500.0,"Potential-field view is in its training-reference confident tail while the surface view abstains. Signed normal/cover support is incomplete; do not interpret this discrepancy as proof of a buried fault. No fault displacement, geothermal fluid flow or vent has been verified at this pixel.",Lithologic contact; basin-fill model dependence on gravity; intrusive/dike boundary; processing or coverage effects. Surface-only features may instead be roads or erosion.,MODEL HYPOTHESIS ONLY — requires expert/field review
H55-A-00120,2487,1776,421000.0,4259800.0,-117.9057644,38.4830389,0.8662454,0.4954469,476.2027,0.50581,0.99982,0.9975,0.9919,565.69,"Potential-field view is in its training-reference confident tail while the surface view abstains. Deeper-than-median modelled cover, anti-aligned gravity/cover normals and cross-scale gravity persistence are consistent with a covered basin-margin discontinuity. No fault displacement, geothermal fluid flow or vent has been verified at this pixel.",Lithologic contact; basin-fill model dependence on gravity; intrusive/dike boundary; processing or coverage effects. Surface-only features may instead be roads or erosion.,MODEL HYPOTHESIS ONLY — requires expert/field review
H55-A-00121,2488,1774,420800.0,4259700.0,-117.9080459,38.4821201,0.8584694,0.4823249,402.30075,1.73295,0.99915,0.99677,0.98998,447.21,"Potential-field view is in its training-reference confident tail while the surface view abstains. Deeper-than-median modelled cover, anti-aligned gravity/cover normals and cross-scale gravity persistence are consistent with a covered basin-margin discontinuity. No fault displacement, geothermal fluid flow or vent has been verified at this pixel.",Lithologic contact; basin-fill model dependence on gravity; intrusive/dike boundary; processing or coverage effects. Surface-only features may instead be roads or erosion.,MODEL HYPOTHESIS ONLY — requires expert/field review
H55-A-00122,2488,1779,421300.0,4259700.0,-117.902314,38.4821644,0.816535,0.5810399,631.1106,4.52293,0.99996,0.99757,0.98331,300.0,"Potential-field view is in its training-reference confident tail while the surface view abstains. Deeper-than-median modelled cover, anti-aligned gravity/cover normals and cross-scale gravity persistence are consistent with a covered basin-margin discontinuity. No fault displacement, geothermal fluid flow or vent has been verified at this pixel.",Lithologic contact; basin-fill model dependence on gravity; intrusive/dike boundary; processing or coverage effects. Surface-only features may instead be roads or erosion.,MODEL HYPOTHESIS ONLY — requires expert/field review
H55-A-00123,2489,1770,420400.0,4259600.0,-117.9126201,38.4811833,0.8763186,0.4142,259.73044,1.50988,0.99688,0.99596,0.98943,300.0,"Potential-field view is in its training-reference confident tail while the surface view abstains. Signed normal/cover support is incomplete; do not interpret this discrepancy as proof of a buried fault. No fault displacement, geothermal fluid flow or vent has been verified at this pixel.",Lithologic contact; basin-fill model dependence on gravity; intrusive/dike boundary; processing or coverage effects. Surface-only features may instead be roads or erosion.,MODEL HYPOTHESIS ONLY — requires expert/field review
H55-A-00124,2489,1784,421800.0,4259600.0,-117.8965709,38.4813073,0.8232338,0.5267637,919.71722,1.43525,0.9992,0.99782,0.96956,200.0,"Potential-field view is in its training-reference confident tail while the surface view abstains. Deeper-than-median modelled cover, anti-aligned gravity/cover normals and cross-scale gravity persistence are consistent with a covered basin-margin discontinuity. No fault displacement, geothermal fluid flow or vent has been verified at this pixel.",Lithologic contact; basin-fill model dependence on gravity; intrusive/dike boundary; processing or coverage effects. Surface-only features may instead be roads or erosion.,MODEL HYPOTHESIS ONLY — requires expert/field review
H55-A-00125,2489,1787,422100.0,4259600.0,-117.8931317,38.4813336,0.8217961,0.5653851,1098.44678,1.99592,0.99847,0.99838,0.96318,300.0,"Potential-field view is in its training-reference confident tail while the surface view abstains. Deeper-than-median modelled cover, anti-aligned gravity/cover normals and cross-scale gravity persistence are consistent with a covered basin-margin discontinuity. No fault displacement, geothermal fluid flow or vent has been verified at this pixel.",Lithologic contact; basin-fill model dependence on gravity; intrusive/dike boundary; processing or coverage effects. Surface-only features may instead be roads or erosion.,MODEL HYPOTHESIS ONLY — requires expert/field review
H55-A-00126,2489,1834,426800.0,4259600.0,-117.8392512,38.481732,0.8238626,0.5215045,1889.68518,2.93829,0.9912,0.99994,0.99123,608.28,"Potential-field view is in its training-reference confident tail while the surface view abstains. Deeper-than-median modelled cover, anti-aligned gravity/cover normals and cross-scale gravity persistence are consistent with a covered basin-margin discontinuity. No fault displacement, geothermal fluid flow or vent has been verified at this pixel.",Lithologic contact; basin-fill model dependence on gravity; intrusive/dike boundary; processing or coverage effects. Surface-only features may instead be roads or erosion.,MODEL HYPOTHESIS ONLY — requires expert/field review
H55-A-00127,2490,1767,420100.0,4259500.0,-117.9160478,38.4802554,0.8539271,0.5848713,152.89897,2.12597,0.99171,0.99551,0.98616,500.0,"Potential-field view is in its training-reference confident tail while the surface view abstains. Signed normal/cover support is incomplete; do not interpret this discrepancy as proof of a buried fault. No fault displacement, geothermal fluid flow or vent has been verified at this pixel.",Lithologic contact; basin-fill model dependence on gravity; intrusive/dike boundary; processing or coverage effects. Surface-only features may instead be roads or erosion.,MODEL HYPOTHESIS ONLY — requires expert/field review
H55-A-00128,2491,1779,421300.0,4259400.0,-117.9022803,38.4794611,0.8174922,0.4005808,619.07159,1.12642,0.99795,0.99945,0.96552,200.0,"Potential-field view is in its training-reference confident tail while the surface view abstains. Deeper-than-median modelled cover, anti-aligned gravity/cover normals and cross-scale gravity persistence are consistent with a covered basin-margin discontinuity. No fault displacement, geothermal fluid flow or vent has been verified at this pixel.",Lithologic contact; basin-fill model dependence on gravity; intrusive/dike boundary; processing or coverage effects. Surface-only features may instead be roads or erosion.,MODEL HYPOTHESIS ONLY — requires expert/field review
H55-A-00129,2491,1836,427000.0,4259400.0,-117.8369376,38.4799462,0.8193072,0.48348,1864.92114,3.30735,0.97411,0.99989,0.99181,538.52,"Potential-field view is in its training-reference confident tail while the surface view abstains. Deeper-than-median modelled cover, anti-aligned gravity/cover normals and cross-scale gravity persistence are consistent with a covered basin-margin discontinuity. No fault displacement, geothermal fluid flow or vent has been verified at this pixel.",Lithologic contact; basin-fill model dependence on gravity; intrusive/dike boundary; processing or coverage effects. Surface-only features may instead be roads or erosion.,MODEL HYPOTHESIS ONLY — requires expert/field review
H55-A-00130,2492,1776,421000.0,4259300.0,-117.905708,38.4785334,0.8730097,0.4485357,454.71808,2.91851,0.99833,0.99997,0.9645,316.23,"Potential-field view is in its training-reference confident tail while the surface view abstains. Deeper-than-median modelled cover, anti-aligned gravity/cover normals and cross-scale gravity persistence are consistent with a covered basin-margin discontinuity. No fault displacement, geothermal fluid flow or vent has been verified at this pixel.",Lithologic contact; basin-fill model dependence on gravity; intrusive/dike boundary; processing or coverage effects. Surface-only features may instead be roads or erosion.,MODEL HYPOTHESIS ONLY — requires expert/field review
H55-A-00131,2492,1838,427200.0,4259300.0,-117.8346344,38.4790614,0.8291602,0.5242711,1792.98499,3.14202,0.95803,0.99975,0.99348,400.0,"Potential-field view is in its training-reference confident tail while the surface view abstains. Deeper-than-median modelled cover, anti-aligned gravity/cover normals and cross-scale gravity persistence are consistent with a covered basin-margin discontinuity. No fault displacement, geothermal fluid flow or vent has been verified at this pixel.",Lithologic contact; basin-fill model dependence on gravity; intrusive/dike boundary; processing or coverage effects. Surface-only features may instead be roads or erosion.,MODEL HYPOTHESIS ONLY — requires expert/field review
H55-A-00132,2493,1767,420100.0,4259200.0,-117.9160136,38.4775521,0.844876,0.5589458,143.88918,2.4311,0.99575,0.99924,0.97239,761.58,"Potential-field view is in its training-reference confident tail while the surface view abstains. Signed normal/cover support is incomplete; do not interpret this discrepancy as proof of a buried fault. No fault displacement, geothermal fluid flow or vent has been verified at this pixel.",Lithologic contact; basin-fill model dependence on gravity; intrusive/dike boundary; processing or coverage effects. Surface-only features may instead be roads or erosion.,MODEL HYPOTHESIS ONLY — requires expert/field review
H55-A-00133,2493,1781,421500.0,4259200.0,-117.8999652,38.4776765,0.854404,0.4173756,727.85278,1.16416,0.99054,0.99953,0.96182,200.0,"Potential-field view is in its training-reference confident tail while the surface view abstains. Deeper-than-median modelled cover, anti-aligned gravity/cover normals and cross-scale gravity persistence are consistent with a covered basin-margin discontinuity. No fault displacement, geothermal fluid flow or vent has been verified at this pixel.",Lithologic contact; basin-fill model dependence on gravity; intrusive/dike boundary; processing or coverage effects. Surface-only features may instead be roads or erosion.,MODEL HYPOTHESIS ONLY — requires expert/field review
H55-A-00134,2493,1831,426500.0,4259200.0,-117.8426485,38.4781029,0.8228379,0.5669124,2215.4292,2.63107,0.99225,0.99945,0.98801,200.0,"Potential-field view is in its training-reference confident tail while the surface view abstains. Deeper-than-median modelled cover, anti-aligned gravity/cover normals and cross-scale gravity persistence are consistent with a covered basin-margin discontinuity. No fault displacement, geothermal fluid flow or vent has been verified at this pixel.",Lithologic contact; basin-fill model dependence on gravity; intrusive/dike boundary; processing or coverage effects. Surface-only features may instead be roads or erosion.,MODEL HYPOTHESIS ONLY — requires expert/field review
H55-A-00135,2493,1873,430700.0,4259200.0,-117.7945016,38.4784393,0.8212461,0.4493047,202.72292,3.48425,0.9978,0.99975,0.99164,141.42,"Potential-field view is in its training-reference confident tail while the surface view abstains. Signed normal/cover support is incomplete; do not interpret this discrepancy as proof of a buried fault. No fault displacement, geothermal fluid flow or vent has been verified at this pixel.",Lithologic contact; basin-fill model dependence on gravity; intrusive/dike boundary; processing or coverage effects. Surface-only features may instead be roads or erosion.,MODEL HYPOTHESIS ONLY — requires expert/field review
H55-A-00136,2494,1770,420400.0,4259100.0,-117.9125633,38.4766778,0.8519219,0.4736255,237.82329,2.27727,0.99999,0.99997,0.96588,800.0,"Potential-field view is in its training-reference confident tail while the surface view abstains. Signed normal/cover support is incomplete; do not interpret this discrepancy as proof of a buried fault. No fault displacement, geothermal fluid flow or vent has been verified at this pixel.",Lithologic contact; basin-fill model dependence on gravity; intrusive/dike boundary; processing or coverage effects. Surface-only features may instead be roads or erosion.,MODEL HYPOTHESIS ONLY — requires expert/field review
H55-A-00137,2494,1775,420900.0,4259100.0,-117.9068318,38.4767224,0.8836222,0.4296714,403.47083,2.2632,0.99483,0.99844,0.9622,400.0,"Potential-field view is in its training-reference confident tail while the surface view abstains. Deeper-than-median modelled cover, anti-aligned gravity/cover normals and cross-scale gravity persistence are consistent with a covered basin-margin discontinuity. No fault displacement, geothermal fluid flow or vent has been verified at this pixel.",Lithologic contact; basin-fill model dependence on gravity; intrusive/dike boundary; processing or coverage effects. Surface-only features may instead be roads or erosion.,MODEL HYPOTHESIS ONLY — requires expert/field review
H55-A-00138,2495,1837,427100.0,4259000.0,-117.8357496,38.4763499,0.8248838,0.5556641,1939.91663,2.27142,0.95281,1.0,0.9929,141.42,"Potential-field view is in its training-reference confident tail while the surface view abstains. Deeper-than-median modelled cover, anti-aligned gravity/cover normals and cross-scale gravity persistence are consistent with a covered basin-margin discontinuity. No fault displacement, geothermal fluid flow or vent has been verified at this pixel.",Lithologic contact; basin-fill model dependence on gravity; intrusive/dike boundary; processing or coverage effects. Surface-only features may instead be roads or erosion.,MODEL HYPOTHESIS ONLY — requires expert/field review
H55-A-00139,2496,1765,419900.0,4258900.0,-117.918272,38.4748308,0.8589009,0.5875381,97.08799,3.42066,0.99138,0.99997,0.95917,1118.03,"Potential-field view is in its training-reference confident tail while the surface view abstains. Signed normal/cover support is incomplete; do not interpret this discrepancy as proof of a buried fault. No fault displacement, geothermal fluid flow or vent has been verified at this pixel.",Lithologic contact; basin-fill model dependence on gravity; intrusive/dike boundary; processing or coverage effects. Surface-only features may instead be roads or erosion.,MODEL HYPOTHESIS ONLY — requires expert/field review
H55-A-00140,2497,1767,420100.0,4258800.0,-117.915968,38.4739477,0.8500442,0.4968099,122.10899,1.78705,0.99959,0.99962,0.95908,1140.18,"Potential-field view is in its training-reference confident tail while the surface view abstains. Signed normal/cover support is incomplete; do not interpret this discrepancy as proof of a buried fault. No fault displacement, geothermal fluid flow or vent has been verified at this pixel.",Lithologic contact; basin-fill model dependence on gravity; intrusive/dike boundary; processing or coverage effects. Surface-only features may instead be roads or erosion.,MODEL HYPOTHESIS ONLY — requires expert/field review
H55-A-00141,2497,1777,421100.0,4258800.0,-117.9045054,38.4740368,0.8598773,0.4177617,437.26212,1.80531,0.97869,0.99213,0.97686,282.84,"Potential-field view is in its training-reference confident tail while the surface view abstains. Deeper-than-median modelled cover, anti-aligned gravity/cover normals and cross-scale gravity persistence are consistent with a covered basin-margin discontinuity. No fault displacement, geothermal fluid flow or vent has been verified at this pixel.",Lithologic contact; basin-fill model dependence on gravity; intrusive/dike boundary; processing or coverage effects. Surface-only features may instead be roads or erosion.,MODEL HYPOTHESIS ONLY — requires expert/field review
H55-A-00142,2497,1847,428100.0,4258800.0,-117.8242658,38.4746289,0.8123535,0.5775022,1408.85437,5.98388,0.94056,0.99998,0.99848,223.61,"Potential-field view is in its training-reference confident tail while the surface view abstains. Deeper-than-median modelled cover, anti-aligned gravity/cover normals and cross-scale gravity persistence are consistent with a covered basin-margin discontinuity. No fault displacement, geothermal fluid flow or vent has been verified at this pixel.",Lithologic contact; basin-fill model dependence on gravity; intrusive/dike boundary; processing or coverage effects. Surface-only features may instead be roads or erosion.,MODEL HYPOTHESIS ONLY — requires expert/field review
H55-A-00143,2498,1772,420600.0,4258700.0,-117.9102254,38.4730913,0.8561594,0.4047286,266.01675,2.50102,0.99187,0.9951,0.96699,721.11,"Potential-field view is in its training-reference confident tail while the surface view abstains. Signed normal/cover support is incomplete; do not interpret this discrepancy as proof of a buried fault. No fault displacement, geothermal fluid flow or vent has been verified at this pixel.",Lithologic contact; basin-fill model dependence on gravity; intrusive/dike boundary; processing or coverage effects. Surface-only features may instead be roads or erosion.,MODEL HYPOTHESIS ONLY — requires expert/field review
H55-A-00144,2498,1779,421300.0,4258700.0,-117.9022017,38.4731533,0.8598773,0.4299124,534.16772,1.44008,0.97406,0.99294,0.98595,141.42,"Potential-field view is in its training-reference confident tail while the surface view abstains. Deeper-than-median modelled cover, anti-aligned gravity/cover normals and cross-scale gravity persistence are consistent with a covered basin-margin discontinuity. No fault displacement, geothermal fluid flow or vent has been verified at this pixel.",Lithologic contact; basin-fill model dependence on gravity; intrusive/dike boundary; processing or coverage effects. Surface-only features may instead be roads or erosion.,MODEL HYPOTHESIS ONLY — requires expert/field review
H55-A-00145,2499,1782,421600.0,4258600.0,-117.8987517,38.4722787,0.8678152,0.4201671,682.47443,1.57573,0.97678,0.99549,0.99317,223.61,"Potential-field view is in its training-reference confident tail while the surface view abstains. Deeper-than-median modelled cover, anti-aligned gravity/cover normals and cross-scale gravity persistence are consistent with a covered basin-margin discontinuity. No fault displacement, geothermal fluid flow or vent has been verified at this pixel.",Lithologic contact; basin-fill model dependence on gravity; intrusive/dike boundary; processing or coverage effects. Surface-only features may instead be roads or erosion.,MODEL HYPOTHESIS ONLY — requires expert/field review
H55-A-00146,2500,1767,420100.0,4258500.0,-117.9159338,38.4712444,0.844293,0.5702463,105.7718,3.19121,0.99974,0.99868,0.95194,1118.03,"Potential-field view is in its training-reference confident tail while the surface view abstains. Signed normal/cover support is incomplete; do not interpret this discrepancy as proof of a buried fault. No fault displacement, geothermal fluid flow or vent has been verified at this pixel.",Lithologic contact; basin-fill model dependence on gravity; intrusive/dike boundary; processing or coverage effects. Surface-only features may instead be roads or erosion.,MODEL HYPOTHESIS ONLY — requires expert/field review
H55-A-00147,2501,1774,420800.0,4258400.0,-117.907899,38.4704057,0.8558885,0.4530177,292.32959,2.48844,0.97491,0.98871,0.98135,412.31,"Potential-field view is in its training-reference confident tail while the surface view abstains. Signed normal/cover support is incomplete; do not interpret this discrepancy as proof of a buried fault. No fault displacement, geothermal fluid flow or vent has been verified at this pixel.",Lithologic contact; basin-fill model dependence on gravity; intrusive/dike boundary; processing or coverage effects. Surface-only features may instead be roads or erosion.,MODEL HYPOTHESIS ONLY — requires expert/field review
H55-A-00148,2501,1778,421200.0,4258400.0,-117.9033142,38.4704412,0.8605466,0.4346456,435.91818,2.45412,0.96992,0.99249,0.99279,100.0,"Potential-field view is in its training-reference confident tail while the surface view abstains. Deeper-than-median modelled cover, anti-aligned gravity/cover normals and cross-scale gravity persistence are consistent with a covered basin-margin discontinuity. No fault displacement, geothermal fluid flow or vent has been verified at this pixel.",Lithologic contact; basin-fill model dependence on gravity; intrusive/dike boundary; processing or coverage effects. Surface-only features may instead be roads or erosion.,MODEL HYPOTHESIS ONLY — requires expert/field review
H55-A-00149,2502,1769,420300.0,4258300.0,-117.9136186,38.4694601,0.8819222,0.586891,148.10541,3.30026,0.98866,0.99401,0.95848,900.0,"Potential-field view is in its training-reference confident tail while the surface view abstains. Signed normal/cover support is incomplete; do not interpret this discrepancy as proof of a buried fault. No fault displacement, geothermal fluid flow or vent has been verified at this pixel.",Lithologic contact; basin-fill model dependence on gravity; intrusive/dike boundary; processing or coverage effects. Surface-only features may instead be roads or erosion.,MODEL HYPOTHESIS ONLY — requires expert/field review
H55-A-00150,2504,1776,421000.0,4258100.0,-117.9055728,38.4677202,0.8652535,0.4623868,308.45963,1.57919,0.95989,0.9835,0.99137,223.61,"Potential-field view is in its training-reference confident tail while the surface view abstains. Signed normal/cover support is incomplete; do not interpret this discrepancy as proof of a buried fault. No fault displacement, geothermal fluid flow or vent has been verified at this pixel.",Lithologic contact; basin-fill model dependence on gravity; intrusive/dike boundary; processing or coverage effects. Surface-only features may instead be roads or erosion.,MODEL HYPOTHESIS ONLY — requires expert/field review
H55-A-00151,2504,1781,421500.0,4258100.0,-117.899842,38.4677643,0.8373458,0.5229393,541.9068,2.93393,0.97942,0.99612,0.99698,100.0,"Potential-field view is in its training-reference confident tail while the surface view abstains. Deeper-than-median modelled cover, anti-aligned gravity/cover normals and cross-scale gravity persistence are consistent with a covered basin-margin discontinuity. No fault displacement, geothermal fluid flow or vent has been verified at this pixel.",Lithologic contact; basin-fill model dependence on gravity; intrusive/dike boundary; processing or coverage effects. Surface-only features may instead be roads or erosion.,MODEL HYPOTHESIS ONLY — requires expert/field review
H55-A-00152,2505,1771,420500.0,4258000.0,-117.9112922,38.4667746,0.8471314,0.5310238,175.34065,2.48916,0.95734,0.97481,0.97586,728.01,"Potential-field view is in its training-reference confident tail while the surface view abstains. Signed normal/cover support is incomplete; do not interpret this discrepancy as proof of a buried fault. No fault displacement, geothermal fluid flow or vent has been verified at this pixel.",Lithologic contact; basin-fill model dependence on gravity; intrusive/dike boundary; processing or coverage effects. Surface-only features may instead be roads or erosion.,MODEL HYPOTHESIS ONLY — requires expert/field review
H55-A-00153,2506,1782,421600.0,4257900.0,-117.8986734,38.4659709,0.8145599,0.552111,551.52515,2.64398,0.98691,0.99664,0.99493,223.61,"Potential-field view is in its training-reference confident tail while the surface view abstains. Deeper-than-median modelled cover, anti-aligned gravity/cover normals and cross-scale gravity persistence are consistent with a covered basin-margin discontinuity. No fault displacement, geothermal fluid flow or vent has been verified at this pixel.",Lithologic contact; basin-fill model dependence on gravity; intrusive/dike boundary; processing or coverage effects. Surface-only features may instead be roads or erosion.,MODEL HYPOTHESIS ONLY — requires expert/field review
H55-A-00154,2507,1790,422400.0,4257800.0,-117.8894932,38.4651398,0.8135671,0.4736246,968.00391,2.18571,0.99532,0.999,0.99614,200.0,"Potential-field view is in its training-reference confident tail while the surface view abstains. Deeper-than-median modelled cover, anti-aligned gravity/cover normals and cross-scale gravity persistence are consistent with a covered basin-margin discontinuity. No fault displacement, geothermal fluid flow or vent has been verified at this pixel.",Lithologic contact; basin-fill model dependence on gravity; intrusive/dike boundary; processing or coverage effects. Surface-only features may instead be roads or erosion.,MODEL HYPOTHESIS ONLY — requires expert/field review
H55-A-00155,2508,1777,421100.0,4257700.0,-117.9043816,38.4641246,0.8408901,0.4558161,285.16965,3.4633,0.96715,0.98134,0.98086,282.84,"Potential-field view is in its training-reference confident tail while the surface view abstains. Signed normal/cover support is incomplete; do not interpret this discrepancy as proof of a buried fault. No fault displacement, geothermal fluid flow or vent has been verified at this pixel.",Lithologic contact; basin-fill model dependence on gravity; intrusive/dike boundary; processing or coverage effects. Surface-only features may instead be roads or erosion.,MODEL HYPOTHESIS ONLY — requires expert/field review
H55-A-00156,2509,1774,420800.0,4257600.0,-117.9078086,38.4631969,0.8831432,0.5491573,202.02557,2.4492,0.94745,0.95387,0.97391,583.1,"Potential-field view is in its training-reference confident tail while the surface view abstains. Signed normal/cover support is incomplete; do not interpret this discrepancy as proof of a buried fault. No fault displacement, geothermal fluid flow or vent has been verified at this pixel.",Lithologic contact; basin-fill model dependence on gravity; intrusive/dike boundary; processing or coverage effects. Surface-only features may instead be roads or erosion.,MODEL HYPOTHESIS ONLY — requires expert/field review
H55-A-00157,2509,1786,422000.0,4257600.0,-117.8940555,38.4633027,0.8379667,0.5810682,666.68152,3.64453,0.99855,0.99873,0.98874,200.0,"Potential-field view is in its training-reference confident tail while the surface view abstains. Deeper-than-median modelled cover, anti-aligned gravity/cover normals and cross-scale gravity persistence are consistent with a covered basin-margin discontinuity. No fault displacement, geothermal fluid flow or vent has been verified at this pixel.",Lithologic contact; basin-fill model dependence on gravity; intrusive/dike boundary; processing or coverage effects. Surface-only features may instead be roads or erosion.,MODEL HYPOTHESIS ONLY — requires expert/field review
H55-A-00158,2509,1798,423200.0,4257600.0,-117.8803023,38.4634068,0.8165788,0.5497828,1422.20312,4.18907,0.99925,0.99963,0.98903,223.61,"Potential-field view is in its training-reference confident tail while the surface view abstains. Deeper-than-median modelled cover, anti-aligned gravity/cover normals and cross-scale gravity persistence are consistent with a covered basin-margin discontinuity. No fault displacement, geothermal fluid flow or vent has been verified at this pixel.",Lithologic contact; basin-fill model dependence on gravity; intrusive/dike boundary; processing or coverage effects. Surface-only features may instead be roads or erosion.,MODEL HYPOTHESIS ONLY — requires expert/field review
H55-A-00159,2511,1783,421700.0,4257400.0,-117.8974714,38.4614742,0.8118154,0.5415442,491.88882,1.72358,0.9997,0.9999,0.97402,223.61,"Potential-field view is in its training-reference confident tail while the surface view abstains. Deeper-than-median modelled cover, anti-aligned gravity/cover normals and cross-scale gravity persistence are consistent with a covered basin-margin discontinuity. No fault displacement, geothermal fluid flow or vent has been verified at this pixel.",Lithologic contact; basin-fill model dependence on gravity; intrusive/dike boundary; processing or coverage effects. Surface-only features may instead be roads or erosion.,MODEL HYPOTHESIS ONLY — requires expert/field review
H55-A-00160,2511,1789,422300.0,4257400.0,-117.890595,38.4615266,0.8399748,0.4906874,785.71649,2.04718,0.99957,0.99999,0.98624,223.61,"Potential-field view is in its training-reference confident tail while the surface view abstains. Deeper-than-median modelled cover, anti-aligned gravity/cover normals and cross-scale gravity persistence are consistent with a covered basin-margin discontinuity. No fault displacement, geothermal fluid flow or vent has been verified at this pixel.",Lithologic contact; basin-fill model dependence on gravity; intrusive/dike boundary; processing or coverage effects. Surface-only features may instead be roads or erosion.,MODEL HYPOTHESIS ONLY — requires expert/field review
H55-A-00161,2511,1792,422600.0,4257400.0,-117.8871568,38.4615527,0.8136258,0.5490082,970.32562,3.50689,0.99863,0.99984,0.98908,300.0,"Potential-field view is in its training-reference confident tail while the surface view abstains. Deeper-than-median modelled cover, anti-aligned gravity/cover normals and cross-scale gravity persistence are consistent with a covered basin-margin discontinuity. No fault displacement, geothermal fluid flow or vent has been verified at this pixel.",Lithologic contact; basin-fill model dependence on gravity; intrusive/dike boundary; processing or coverage effects. Surface-only features may instead be roads or erosion.,MODEL HYPOTHESIS ONLY — requires expert/field review
H55-A-00162,2511,1804,423800.0,4257400.0,-117.873404,38.4616561,0.8121792,0.4528404,1724.14758,2.01922,0.99945,0.9999,0.98341,300.0,"Potential-field view is in its training-reference confident tail while the surface view abstains. Deeper-than-median modelled cover, anti-aligned gravity/cover normals and cross-scale gravity persistence are consistent with a covered basin-margin discontinuity. No fault displacement, geothermal fluid flow or vent has been verified at this pixel.",Lithologic contact; basin-fill model dependence on gravity; intrusive/dike boundary; processing or coverage effects. Surface-only features may instead be roads or erosion.,MODEL HYPOTHESIS ONLY — requires expert/field review
H55-A-00163,2512,1799,423300.0,4257300.0,-117.8791234,38.4607121,0.8165119,0.5518758,1364.60632,2.14995,0.99933,1.0,0.98349,200.0,"Potential-field view is in its training-reference confident tail while the surface view abstains. Deeper-than-median modelled cover, anti-aligned gravity/cover normals and cross-scale gravity persistence are consistent with a covered basin-margin discontinuity. No fault displacement, geothermal fluid flow or vent has been verified at this pixel.",Lithologic contact; basin-fill model dependence on gravity; intrusive/dike boundary; processing or coverage effects. Surface-only features may instead be roads or erosion.,MODEL HYPOTHESIS ONLY — requires expert/field review
H55-A-00164,2512,1802,423600.0,4257300.0,-117.8756852,38.4607379,0.8113348,0.5655642,1552.65515,2.97614,1.0,0.99992,0.98368,100.0,"Potential-field view is in its training-reference confident tail while the surface view abstains. Deeper-than-median modelled cover, anti-aligned gravity/cover normals and cross-scale gravity persistence are consistent with a covered basin-margin discontinuity. No fault displacement, geothermal fluid flow or vent has been verified at this pixel.",Lithologic contact; basin-fill model dependence on gravity; intrusive/dike boundary; processing or coverage effects. Surface-only features may instead be roads or erosion.,MODEL HYPOTHESIS ONLY — requires expert/field review
H55-A-00165,2514,1790,422400.0,4257100.0,-117.8894158,38.458832,0.8562521,0.5492476,753.91583,2.1816,0.98304,0.99712,0.98546,500.0,"Potential-field view is in its training-reference confident tail while the surface view abstains. Deeper-than-median modelled cover, anti-aligned gravity/cover normals and cross-scale gravity persistence are consistent with a covered basin-margin discontinuity. No fault displacement, geothermal fluid flow or vent has been verified at this pixel.",Lithologic contact; basin-fill model dependence on gravity; intrusive/dike boundary; processing or coverage effects. Surface-only features may instead be roads or erosion.,MODEL HYPOTHESIS ONLY — requires expert/field review
H55-A-00166,2514,1794,422800.0,4257100.0,-117.8848317,38.4588667,0.8501068,0.5598673,982.33057,1.89186,0.98111,0.99634,0.98681,200.0,"Potential-field view is in its training-reference confident tail while the surface view abstains. Deeper-than-median modelled cover, anti-aligned gravity/cover normals and cross-scale gravity persistence are consistent with a covered basin-margin discontinuity. No fault displacement, geothermal fluid flow or vent has been verified at this pixel.",Lithologic contact; basin-fill model dependence on gravity; intrusive/dike boundary; processing or coverage effects. Surface-only features may instead be roads or erosion.,MODEL HYPOTHESIS ONLY — requires expert/field review
H55-A-00167,2514,1805,423900.0,4257100.0,-117.8722253,38.4589613,0.8109922,0.6056972,1635.67773,4.02328,0.99975,0.99997,0.98032,141.42,"Potential-field view is in its training-reference confident tail while the surface view abstains. Deeper-than-median modelled cover, anti-aligned gravity/cover normals and cross-scale gravity persistence are consistent with a covered basin-margin discontinuity. No fault displacement, geothermal fluid flow or vent has been verified at this pixel.",Lithologic contact; basin-fill model dependence on gravity; intrusive/dike boundary; processing or coverage effects. Surface-only features may instead be roads or erosion.,MODEL HYPOTHESIS ONLY — requires expert/field review
H55-A-00168,2516,1779,421300.0,4256900.0,-117.9019996,38.4569334,0.8494375,0.4258617,248.01848,2.72943,0.93841,0.98281,0.95106,316.23,"Potential-field view is in its training-reference confident tail while the surface view abstains. Signed normal/cover support is incomplete; do not interpret this discrepancy as proof of a buried fault. No fault displacement, geothermal fluid flow or vent has been verified at this pixel.",Lithologic contact; basin-fill model dependence on gravity; intrusive/dike boundary; processing or coverage effects. Surface-only features may instead be roads or erosion.,MODEL HYPOTHESIS ONLY — requires expert/field review
H55-A-00169,2516,1797,423100.0,4256900.0,-117.8813716,38.4570904,0.8403177,0.5437664,1065.28955,2.59426,0.97754,0.99702,0.97993,100.0,"Potential-field view is in its training-reference confident tail while the surface view abstains. Deeper-than-median modelled cover, anti-aligned gravity/cover normals and cross-scale gravity persistence are consistent with a covered basin-margin discontinuity. No fault displacement, geothermal fluid flow or vent has been verified at this pixel.",Lithologic contact; basin-fill model dependence on gravity; intrusive/dike boundary; processing or coverage effects. Surface-only features may instead be roads or erosion.,MODEL HYPOTHESIS ONLY — requires expert/field review
H55-A-00170,2517,1800,423400.0,4256800.0,-117.8779227,38.4562151,0.8108323,0.5841315,1189.14001,3.292,0.99114,0.9998,0.97287,223.61,"Potential-field view is in its training-reference confident tail while the surface view abstains. Deeper-than-median modelled cover, anti-aligned gravity/cover normals and cross-scale gravity persistence are consistent with a covered basin-margin discontinuity. No fault displacement, geothermal fluid flow or vent has been verified at this pixel.",Lithologic contact; basin-fill model dependence on gravity; intrusive/dike boundary; processing or coverage effects. Surface-only features may instead be roads or erosion.,MODEL HYPOTHESIS ONLY — requires expert/field review
H55-A-00171,2518,1782,421600.0,4256700.0,-117.8985393,38.4551576,0.8647037,0.5824551,312.3844,5.90271,0.90943,0.98499,0.97886,223.61,"Potential-field view is in its training-reference confident tail while the surface view abstains. Signed normal/cover support is incomplete; do not interpret this discrepancy as proof of a buried fault. No fault displacement, geothermal fluid flow or vent has been verified at this pixel.",Lithologic contact; basin-fill model dependence on gravity; intrusive/dike boundary; processing or coverage effects. Surface-only features may instead be roads or erosion.,MODEL HYPOTHESIS ONLY — requires expert/field review
H55-A-00172,2518,1795,422900.0,4256700.0,-117.8836417,38.4552709,0.8539696,0.538601,875.51807,2.98114,0.95855,0.99425,0.98246,360.56,"Potential-field view is in its training-reference confident tail while the surface view abstains. Deeper-than-median modelled cover, anti-aligned gravity/cover normals and cross-scale gravity persistence are consistent with a covered basin-margin discontinuity. No fault displacement, geothermal fluid flow or vent has been verified at this pixel.",Lithologic contact; basin-fill model dependence on gravity; intrusive/dike boundary; processing or coverage effects. Surface-only features may instead be roads or erosion.,MODEL HYPOTHESIS ONLY — requires expert/field review
H55-A-00173,2519,1784,421800.0,4256600.0,-117.8962362,38.4542741,0.8607209,0.6016002,352.84518,2.87947,0.91047,0.98994,0.98582,223.61,"Potential-field view is in its training-reference confident tail while the surface view abstains. Deeper-than-median modelled cover, anti-aligned gravity/cover normals and cross-scale gravity persistence are consistent with a covered basin-margin discontinuity. No fault displacement, geothermal fluid flow or vent has been verified at this pixel.",Lithologic contact; basin-fill model dependence on gravity; intrusive/dike boundary; processing or coverage effects. Surface-only features may instead be roads or erosion.,MODEL HYPOTHESIS ONLY — requires expert/field review
H55-A-00174,2520,1798,423200.0,4256500.0,-117.8801818,38.4534946,0.8343699,0.4671322,939.65063,2.88249,0.98249,0.99956,0.96517,509.9,"Potential-field view is in its training-reference confident tail while the surface view abstains. Deeper-than-median modelled cover, anti-aligned gravity/cover normals and cross-scale gravity persistence are consistent with a covered basin-margin discontinuity. No fault displacement, geothermal fluid flow or vent has been verified at this pixel.",Lithologic contact; basin-fill model dependence on gravity; intrusive/dike boundary; processing or coverage effects. Surface-only features may instead be roads or erosion.,MODEL HYPOTHESIS ONLY — requires expert/field review
H55-A-00175,2520,1802,423600.0,4256500.0,-117.8755981,38.4535289,0.8183472,0.4150428,1147.55298,1.47757,0.99788,0.9994,0.96869,223.61,"Potential-field view is in its training-reference confident tail while the surface view abstains. Deeper-than-median modelled cover, anti-aligned gravity/cover normals and cross-scale gravity persistence are consistent with a covered basin-margin discontinuity. No fault displacement, geothermal fluid flow or vent has been verified at this pixel.",Lithologic contact; basin-fill model dependence on gravity; intrusive/dike boundary; processing or coverage effects. Surface-only features may instead be roads or erosion.,MODEL HYPOTHESIS ONLY — requires expert/field review
H55-A-00176,2521,1791,422500.0,4256400.0,-117.8881924,38.4525329,0.8732176,0.5677049,572.79443,2.89924,0.95067,0.99587,0.98704,200.0,"Potential-field view is in its training-reference confident tail while the surface view abstains. Deeper-than-median modelled cover, anti-aligned gravity/cover normals and cross-scale gravity persistence are consistent with a covered basin-margin discontinuity. No fault displacement, geothermal fluid flow or vent has been verified at this pixel.",Lithologic contact; basin-fill model dependence on gravity; intrusive/dike boundary; processing or coverage effects. Surface-only features may instead be roads or erosion.,MODEL HYPOTHESIS ONLY — requires expert/field review
H55-A-00177,2521,1794,422800.0,4256400.0,-117.8847546,38.452559,0.8560623,0.4784238,707.6264,3.40833,0.95816,0.99651,0.97821,500.0,"Potential-field view is in its training-reference confident tail while the surface view abstains. Deeper-than-median modelled cover, anti-aligned gravity/cover normals and cross-scale gravity persistence are consistent with a covered basin-margin discontinuity. No fault displacement, geothermal fluid flow or vent has been verified at this pixel.",Lithologic contact; basin-fill model dependence on gravity; intrusive/dike boundary; processing or coverage effects. Surface-only features may instead be roads or erosion.,MODEL HYPOTHESIS ONLY — requires expert/field review
H55-A-00178,2522,1786,422000.0,4256300.0,-117.8939109,38.4515883,0.8663989,0.5628104,336.2612,4.15367,0.92721,0.99566,0.98787,282.84,"Potential-field view is in its training-reference confident tail while the surface view abstains. Deeper-than-median modelled cover, anti-aligned gravity/cover normals and cross-scale gravity persistence are consistent with a covered basin-margin discontinuity. No fault displacement, geothermal fluid flow or vent has been verified at this pixel.",Lithologic contact; basin-fill model dependence on gravity; intrusive/dike boundary; processing or coverage effects. Surface-only features may instead be roads or erosion.,MODEL HYPOTHESIS ONLY — requires expert/field review
H55-A-00179,2523,1783,421700.0,4256200.0,-117.8973375,38.4506609,0.8689157,0.5496087,242.58376,3.34193,0.9058,0.99346,0.9861,565.69,"Potential-field view is in its training-reference confident tail while the surface view abstains. Signed normal/cover support is incomplete; do not interpret this discrepancy as proof of a buried fault. No fault displacement, geothermal fluid flow or vent has been verified at this pixel.",Lithologic contact; basin-fill model dependence on gravity; intrusive/dike boundary; processing or coverage effects. Surface-only features may instead be roads or erosion.,MODEL HYPOTHESIS ONLY — requires expert/field review
H55-A-00180,2523,1790,422400.0,4256200.0,-117.8893162,38.450722,0.8667792,0.4601465,467.67981,2.86766,0.95706,0.99774,0.9844,223.61,"Potential-field view is in its training-reference confident tail while the surface view abstains. Deeper-than-median modelled cover, anti-aligned gravity/cover normals and cross-scale gravity persistence are consistent with a covered basin-margin discontinuity. No fault displacement, geothermal fluid flow or vent has been verified at this pixel.",Lithologic contact; basin-fill model dependence on gravity; intrusive/dike boundary; processing or coverage effects. Surface-only features may instead be roads or erosion.,MODEL HYPOTHESIS ONLY — requires expert/field review
H55-A-00181,2523,1796,423000.0,4256200.0,-117.8824408,38.450774,0.8471198,0.5551491,716.37158,3.56716,0.98169,0.99987,0.96264,728.01,"Potential-field view is in its training-reference confident tail while the surface view abstains. Deeper-than-median modelled cover, anti-aligned gravity/cover normals and cross-scale gravity persistence are consistent with a covered basin-margin discontinuity. No fault displacement, geothermal fluid flow or vent has been verified at this pixel.",Lithologic contact; basin-fill model dependence on gravity; intrusive/dike boundary; processing or coverage effects. Surface-only features may instead be roads or erosion.,MODEL HYPOTHESIS ONLY — requires expert/field review
H55-A-00182,2523,1803,423700.0,4256200.0,-117.8744195,38.4508342,0.8248147,0.4961308,1045.48303,2.96176,0.99972,0.99532,0.97465,282.84,"Potential-field view is in its training-reference confident tail while the surface view abstains. Deeper-than-median modelled cover, anti-aligned gravity/cover normals and cross-scale gravity persistence are consistent with a covered basin-margin discontinuity. No fault displacement, geothermal fluid flow or vent has been verified at this pixel.",Lithologic contact; basin-fill model dependence on gravity; intrusive/dike boundary; processing or coverage effects. Surface-only features may instead be roads or erosion.,MODEL HYPOTHESIS ONLY — requires expert/field review
H55-A-00183,2524,1799,423300.0,4256100.0,-117.8789922,38.4498987,0.8334819,0.4238507,817.15918,2.4803,0.99933,0.99663,0.9565,670.82,"Potential-field view is in its training-reference confident tail while the surface view abstains. Deeper-than-median modelled cover, anti-aligned gravity/cover normals and cross-scale gravity persistence are consistent with a covered basin-margin discontinuity. No fault displacement, geothermal fluid flow or vent has been verified at this pixel.",Lithologic contact; basin-fill model dependence on gravity; intrusive/dike boundary; processing or coverage effects. Surface-only features may instead be roads or erosion.,MODEL HYPOTHESIS ONLY — requires expert/field review
H55-A-00184,2525,1786,422000.0,4256000.0,-117.8938776,38.4488849,0.8666897,0.5704334,284.9953,2.69722,0.93946,0.99756,0.98311,500.0,"Potential-field view is in its training-reference confident tail while the surface view abstains. Signed normal/cover support is incomplete; do not interpret this discrepancy as proof of a buried fault. No fault displacement, geothermal fluid flow or vent has been verified at this pixel.",Lithologic contact; basin-fill model dependence on gravity; intrusive/dike boundary; processing or coverage effects. Surface-only features may instead be roads or erosion.,MODEL HYPOTHESIS ONLY — requires expert/field review
H55-A-00185,2525,1789,422300.0,4256000.0,-117.89044,38.4489111,0.8728416,0.5322586,386.45377,3.65513,0.96145,0.99873,0.98154,400.0,"Potential-field view is in its training-reference confident tail while the surface view abstains. Deeper-than-median modelled cover, anti-aligned gravity/cover normals and cross-scale gravity persistence are consistent with a covered basin-margin discontinuity. No fault displacement, geothermal fluid flow or vent has been verified at this pixel.",Lithologic contact; basin-fill model dependence on gravity; intrusive/dike boundary; processing or coverage effects. Surface-only features may instead be roads or erosion.,MODEL HYPOTHESIS ONLY — requires expert/field review
H55-A-00186,2525,1793,422700.0,4256000.0,-117.8858565,38.4489458,0.852863,0.5257214,538.01343,2.56759,0.97482,0.9996,0.97148,565.69,"Potential-field view is in its training-reference confident tail while the surface view abstains. Deeper-than-median modelled cover, anti-aligned gravity/cover normals and cross-scale gravity persistence are consistent with a covered basin-margin discontinuity. No fault displacement, geothermal fluid flow or vent has been verified at this pixel.",Lithologic contact; basin-fill model dependence on gravity; intrusive/dike boundary; processing or coverage effects. Surface-only features may instead be roads or erosion.,MODEL HYPOTHESIS ONLY — requires expert/field review
H55-A-00187,2526,1783,421700.0,4255900.0,-117.897304,38.4479575,0.8442169,0.5481749,207.59651,4.16496,0.9157,0.99541,0.98173,781.02,"Potential-field view is in its training-reference confident tail while the surface view abstains. Signed normal/cover support is incomplete; do not interpret this discrepancy as proof of a buried fault. No fault displacement, geothermal fluid flow or vent has been verified at this pixel.",Lithologic contact; basin-fill model dependence on gravity; intrusive/dike boundary; processing or coverage effects. Surface-only features may instead be roads or erosion.,MODEL HYPOTHESIS ONLY — requires expert/field review
H55-A-00188,2526,1797,423100.0,4255900.0,-117.881262,38.4480793,0.8481712,0.5492627,656.49176,4.30442,0.99675,0.99806,0.95667,848.53,"Potential-field view is in its training-reference confident tail while the surface view abstains. Deeper-than-median modelled cover, anti-aligned gravity/cover normals and cross-scale gravity persistence are consistent with a covered basin-margin discontinuity. No fault displacement, geothermal fluid flow or vent has been verified at this pixel.",Lithologic contact; basin-fill model dependence on gravity; intrusive/dike boundary; processing or coverage effects. Surface-only features may instead be roads or erosion.,MODEL HYPOTHESIS ONLY — requires expert/field review
H55-A-00189,2526,1803,423700.0,4255900.0,-117.8743869,38.4481308,0.8238824,0.532811,915.62872,3.54043,0.99705,0.99058,0.9826,424.26,"Potential-field view is in its training-reference confident tail while the surface view abstains. Deeper-than-median modelled cover, anti-aligned gravity/cover normals and cross-scale gravity persistence are consistent with a covered basin-margin discontinuity. No fault displacement, geothermal fluid flow or vent has been verified at this pixel.",Lithologic contact; basin-fill model dependence on gravity; intrusive/dike boundary; processing or coverage effects. Surface-only features may instead be roads or erosion.,MODEL HYPOTHESIS ONLY — requires expert/field review
H55-A-00190,2526,1806,424000.0,4255900.0,-117.8709493,38.4481564,0.8286704,0.4122646,1045.21643,1.75917,0.99729,0.99325,0.99392,223.61,"Potential-field view is in its training-reference confident tail while the surface view abstains. Deeper-than-median modelled cover, anti-aligned gravity/cover normals and cross-scale gravity persistence are consistent with a covered basin-margin discontinuity. No fault displacement, geothermal fluid flow or vent has been verified at this pixel.",Lithologic contact; basin-fill model dependence on gravity; intrusive/dike boundary; processing or coverage effects. Surface-only features may instead be roads or erosion.,MODEL HYPOTHESIS ONLY — requires expert/field review
H55-A-00191,2527,1801,423500.0,4255800.0,-117.8766677,38.4472126,0.8386126,0.5103066,789.02753,3.05257,0.9977,0.98929,0.97329,640.31,"Potential-field view is in its training-reference confident tail while the surface view abstains. Deeper-than-median modelled cover, anti-aligned gravity/cover normals and cross-scale gravity persistence are consistent with a covered basin-margin discontinuity. No fault displacement, geothermal fluid flow or vent has been verified at this pixel.",Lithologic contact; basin-fill model dependence on gravity; intrusive/dike boundary; processing or coverage effects. Surface-only features may instead be roads or erosion.,MODEL HYPOTHESIS ONLY — requires expert/field review
H55-A-00192,2528,1790,422400.0,4255700.0,-117.8892609,38.4462165,0.8548296,0.5710548,359.33023,1.80016,0.97051,0.9997,0.97513,412.31,"Potential-field view is in its training-reference confident tail while the surface view abstains. Deeper-than-median modelled cover, anti-aligned gravity/cover normals and cross-scale gravity persistence are consistent with a covered basin-margin discontinuity. No fault displacement, geothermal fluid flow or vent has been verified at this pixel.",Lithologic contact; basin-fill model dependence on gravity; intrusive/dike boundary; processing or coverage effects. Surface-only features may instead be roads or erosion.,MODEL HYPOTHESIS ONLY — requires expert/field review
H55-A-00193,2528,1794,422800.0,4255700.0,-117.8846776,38.4462512,0.8584839,0.5775933,489.56454,3.11611,0.98479,0.99991,0.96477,500.0,"Potential-field view is in its training-reference confident tail while the surface view abstains. Deeper-than-median modelled cover, anti-aligned gravity/cover normals and cross-scale gravity persistence are consistent with a covered basin-margin discontinuity. No fault displacement, geothermal fluid flow or vent has been verified at this pixel.",Lithologic contact; basin-fill model dependence on gravity; intrusive/dike boundary; processing or coverage effects. Surface-only features may instead be roads or erosion.,MODEL HYPOTHESIS ONLY — requires expert/field review
H55-A-00194,2529,1792,422600.0,4255600.0,-117.8869582,38.4453327,0.865785,0.5850328,399.21759,2.20074,0.97754,0.99998,0.97025,316.23,"Potential-field view is in its training-reference confident tail while the surface view abstains. Deeper-than-median modelled cover, anti-aligned gravity/cover normals and cross-scale gravity persistence are consistent with a covered basin-margin discontinuity. No fault displacement, geothermal fluid flow or vent has been verified at this pixel.",Lithologic contact; basin-fill model dependence on gravity; intrusive/dike boundary; processing or coverage effects. Surface-only features may instead be roads or erosion.,MODEL HYPOTHESIS ONLY — requires expert/field review
H55-A-00195,2529,1797,423100.0,4255600.0,-117.8812291,38.445376,0.8582364,0.55341,554.25488,2.91168,0.99823,0.99671,0.96115,670.82,"Potential-field view is in its training-reference confident tail while the surface view abstains. Deeper-than-median modelled cover, anti-aligned gravity/cover normals and cross-scale gravity persistence are consistent with a covered basin-margin discontinuity. No fault displacement, geothermal fluid flow or vent has been verified at this pixel.",Lithologic contact; basin-fill model dependence on gravity; intrusive/dike boundary; processing or coverage effects. Surface-only features may instead be roads or erosion.,MODEL HYPOTHESIS ONLY — requires expert/field review
H55-A-00196,2530,1802,423600.0,4255500.0,-117.8754892,38.4445178,0.8194335,0.4643301,705.42981,3.18359,0.99739,0.99031,0.98698,781.02,"Potential-field view is in its training-reference confident tail while the surface view abstains. Deeper-than-median modelled cover, anti-aligned gravity/cover normals and cross-scale gravity persistence are consistent with a covered basin-margin discontinuity. No fault displacement, geothermal fluid flow or vent has been verified at this pixel.",Lithologic contact; basin-fill model dependence on gravity; intrusive/dike boundary; processing or coverage effects. Surface-only features may instead be roads or erosion.,MODEL HYPOTHESIS ONLY — requires expert/field review
H55-A-00197,2534,1797,423100.0,4255100.0,-117.8811744,38.4408704,0.8390218,0.5439195,398.67151,3.99277,0.99846,0.99858,0.9709,500.0,"Potential-field view is in its training-reference confident tail while the surface view abstains. Deeper-than-median modelled cover, anti-aligned gravity/cover normals and cross-scale gravity persistence are consistent with a covered basin-margin discontinuity. No fault displacement, geothermal fluid flow or vent has been verified at this pixel.",Lithologic contact; basin-fill model dependence on gravity; intrusive/dike boundary; processing or coverage effects. Surface-only features may instead be roads or erosion.,MODEL HYPOTHESIS ONLY — requires expert/field review
H55-A-00198,2539,1803,423700.0,4254600.0,-117.8742455,38.4364163,0.8187792,0.5139624,419.40869,3.50747,0.99976,0.99835,0.99491,1118.03,"Potential-field view is in its training-reference confident tail while the surface view abstains. Deeper-than-median modelled cover, anti-aligned gravity/cover normals and cross-scale gravity persistence are consistent with a covered basin-margin discontinuity. No fault displacement, geothermal fluid flow or vent has been verified at this pixel.",Lithologic contact; basin-fill model dependence on gravity; intrusive/dike boundary; processing or coverage effects. Surface-only features may instead be roads or erosion.,MODEL HYPOTHESIS ONLY — requires expert/field review
H55-A-00199,2539,1806,424000.0,4254600.0,-117.8708085,38.4364419,0.8119282,0.5169182,490.50345,3.12571,1.0,0.9998,0.99659,860.23,"Potential-field view is in its training-reference confident tail while the surface view abstains. Deeper-than-median modelled cover, anti-aligned gravity/cover normals and cross-scale gravity persistence are consistent with a covered basin-margin discontinuity. No fault displacement, geothermal fluid flow or vent has been verified at this pixel.",Lithologic contact; basin-fill model dependence on gravity; intrusive/dike boundary; processing or coverage effects. Surface-only features may instead be roads or erosion.,MODEL HYPOTHESIS ONLY — requires expert/field review
H55-A-00200,2540,1800,423400.0,4254500.0,-117.8776717,38.4354895,0.8147374,0.5500103,319.64844,3.57255,0.99956,0.9979,0.98662,848.53,"Potential-field view is in its training-reference confident tail while the surface view abstains. Deeper-than-median modelled cover, anti-aligned gravity/cover normals and cross-scale gravity persistence are consistent with a covered basin-margin discontinuity. No fault displacement, geothermal fluid flow or vent has been verified at this pixel.",Lithologic contact; basin-fill model dependence on gravity; intrusive/dike boundary; processing or coverage effects. Surface-only features may instead be roads or erosion.,MODEL HYPOTHESIS ONLY — requires expert/field review
H55-A-00201,2540,1825,425900.0,4254500.0,-117.84903,38.4357005,0.8134412,0.5147643,1084.33142,1.91692,0.98677,0.99995,0.99261,100.0,"Potential-field view is in its training-reference confident tail while the surface view abstains. Deeper-than-median modelled cover, anti-aligned gravity/cover normals and cross-scale gravity persistence are consistent with a covered basin-margin discontinuity. No fault displacement, geothermal fluid flow or vent has been verified at this pixel.",Lithologic contact; basin-fill model dependence on gravity; intrusive/dike boundary; processing or coverage effects. Surface-only features may instead be roads or erosion.,MODEL HYPOTHESIS ONLY — requires expert/field review
H55-A-00202,2541,1809,424300.0,4254400.0,-117.8673499,38.4346651,0.8277189,0.5133943,498.08115,4.2266,0.99974,1.0,0.99471,500.0,"Potential-field view is in its training-reference confident tail while the surface view abstains. Deeper-than-median modelled cover, anti-aligned gravity/cover normals and cross-scale gravity persistence are consistent with a covered basin-margin discontinuity. No fault displacement, geothermal fluid flow or vent has been verified at this pixel.",Lithologic contact; basin-fill model dependence on gravity; intrusive/dike boundary; processing or coverage effects. Surface-only features may instead be roads or erosion.,MODEL HYPOTHESIS ONLY — requires expert/field review
H55-A-00203,2542,1803,423700.0,4254300.0,-117.8742129,38.4337129,0.8405768,0.5143754,320.19403,3.02977,0.99581,0.99763,0.99269,984.89,"Potential-field view is in its training-reference confident tail while the surface view abstains. Deeper-than-median modelled cover, anti-aligned gravity/cover normals and cross-scale gravity persistence are consistent with a covered basin-margin discontinuity. No fault displacement, geothermal fluid flow or vent has been verified at this pixel.",Lithologic contact; basin-fill model dependence on gravity; intrusive/dike boundary; processing or coverage effects. Surface-only features may instead be roads or erosion.,MODEL HYPOTHESIS ONLY — requires expert/field review
H55-A-00204,2542,1815,424900.0,4254300.0,-117.8604653,38.4338147,0.8433329,0.5089961,636.39844,2.88071,0.99969,0.99961,0.99324,282.84,"Potential-field view is in its training-reference confident tail while the surface view abstains. Deeper-than-median modelled cover, anti-aligned gravity/cover normals and cross-scale gravity persistence are consistent with a covered basin-margin discontinuity. No fault displacement, geothermal fluid flow or vent has been verified at this pixel.",Lithologic contact; basin-fill model dependence on gravity; intrusive/dike boundary; processing or coverage effects. Surface-only features may instead be roads or erosion.,MODEL HYPOTHESIS ONLY — requires expert/field review
H55-A-00205,2542,1820,425400.0,4254300.0,-117.8547371,38.4338566,0.8469158,0.5775651,807.78833,2.34064,0.99954,0.9999,0.99227,282.84,"Potential-field view is in its training-reference confident tail while the surface view abstains. Deeper-than-median modelled cover, anti-aligned gravity/cover normals and cross-scale gravity persistence are consistent with a covered basin-margin discontinuity. No fault displacement, geothermal fluid flow or vent has been verified at this pixel.",Lithologic contact; basin-fill model dependence on gravity; intrusive/dike boundary; processing or coverage effects. Surface-only features may instead be roads or erosion.,MODEL HYPOTHESIS ONLY — requires expert/field review
H55-A-00206,2542,1833,426700.0,4254300.0,-117.8398437,38.4339643,0.8078606,0.5199102,1322.94543,3.02374,0.98395,0.99996,0.98495,223.61,"Potential-field view is in its training-reference confident tail while the surface view abstains. Deeper-than-median modelled cover, anti-aligned gravity/cover normals and cross-scale gravity persistence are consistent with a covered basin-margin discontinuity. No fault displacement, geothermal fluid flow or vent has been verified at this pixel.",Lithologic contact; basin-fill model dependence on gravity; intrusive/dike boundary; processing or coverage effects. Surface-only features may instead be roads or erosion.,MODEL HYPOTHESIS ONLY — requires expert/field review
H55-A-00207,2543,1808,424200.0,4254200.0,-117.868474,38.4328544,0.8593143,0.5860516,400.53714,3.38607,0.99318,0.9996,0.9933,509.9,"Potential-field view is in its training-reference confident tail while the surface view abstains. Deeper-than-median modelled cover, anti-aligned gravity/cover normals and cross-scale gravity persistence are consistent with a covered basin-margin discontinuity. No fault displacement, geothermal fluid flow or vent has been verified at this pixel.",Lithologic contact; basin-fill model dependence on gravity; intrusive/dike boundary; processing or coverage effects. Surface-only features may instead be roads or erosion.,MODEL HYPOTHESIS ONLY — requires expert/field review
H55-A-00208,2543,1812,424600.0,4254200.0,-117.8638915,38.4328883,0.8605564,0.5100645,516.5556,2.57083,0.99524,0.99948,0.99348,141.42,"Potential-field view is in its training-reference confident tail while the surface view abstains. Deeper-than-median modelled cover, anti-aligned gravity/cover normals and cross-scale gravity persistence are consistent with a covered basin-margin discontinuity. No fault displacement, geothermal fluid flow or vent has been verified at this pixel.",Lithologic contact; basin-fill model dependence on gravity; intrusive/dike boundary; processing or coverage effects. Surface-only features may instead be roads or erosion.,MODEL HYPOTHESIS ONLY — requires expert/field review
H55-A-00209,2543,1818,425200.0,4254200.0,-117.8570177,38.4329388,0.8448994,0.5136805,698.52551,2.24064,0.99917,0.99929,0.99139,141.42,"Potential-field view is in its training-reference confident tail while the surface view abstains. Deeper-than-median modelled cover, anti-aligned gravity/cover normals and cross-scale gravity persistence are consistent with a covered basin-margin discontinuity. No fault displacement, geothermal fluid flow or vent has been verified at this pixel.",Lithologic contact; basin-fill model dependence on gravity; intrusive/dike boundary; processing or coverage effects. Surface-only features may instead be roads or erosion.,MODEL HYPOTHESIS ONLY — requires expert/field review
H55-A-00210,2543,1828,426200.0,4254200.0,-117.8455614,38.433022,0.8109922,0.5878564,1076.67285,1.45954,0.99719,0.99957,0.98856,100.0,"Potential-field view is in its training-reference confident tail while the surface view abstains. Deeper-than-median modelled cover, anti-aligned gravity/cover normals and cross-scale gravity persistence are consistent with a covered basin-margin discontinuity. No fault displacement, geothermal fluid flow or vent has been verified at this pixel.",Lithologic contact; basin-fill model dependence on gravity; intrusive/dike boundary; processing or coverage effects. Surface-only features may instead be roads or erosion.,MODEL HYPOTHESIS ONLY — requires expert/field review
H55-A-00211,2544,1805,423900.0,4254100.0,-117.8719,38.4319278,0.8471279,0.5571617,317.95749,3.45906,0.98506,0.9975,0.99273,800.0,"Potential-field view is in its training-reference confident tail while the surface view abstains. Signed normal/cover support is incomplete; do not interpret this discrepancy as proof of a buried fault. No fault displacement, geothermal fluid flow or vent has been verified at this pixel.",Lithologic contact; basin-fill model dependence on gravity; intrusive/dike boundary; processing or coverage effects. Surface-only features may instead be roads or erosion.,MODEL HYPOTHESIS ONLY — requires expert/field review
H55-A-00212,2544,1821,425500.0,4254100.0,-117.8535702,38.4320627,0.8453726,0.5898912,783.14832,2.20517,0.99924,0.99921,0.99081,200.0,"Potential-field view is in its training-reference confident tail while the surface view abstains. Deeper-than-median modelled cover, anti-aligned gravity/cover normals and cross-scale gravity persistence are consistent with a covered basin-margin discontinuity. No fault displacement, geothermal fluid flow or vent has been verified at this pixel.",Lithologic contact; basin-fill model dependence on gravity; intrusive/dike boundary; processing or coverage effects. Surface-only features may instead be roads or erosion.,MODEL HYPOTHESIS ONLY — requires expert/field review
H55-A-00213,2544,1835,426900.0,4254100.0,-117.8375316,38.4321785,0.8078606,0.4877074,1354.40149,2.55883,0.98768,1.0,0.98382,300.0,"Potential-field view is in its training-reference confident tail while the surface view abstains. Deeper-than-median modelled cover, anti-aligned gravity/cover normals and cross-scale gravity persistence are consistent with a covered basin-margin discontinuity. No fault displacement, geothermal fluid flow or vent has been verified at this pixel.",Lithologic contact; basin-fill model dependence on gravity; intrusive/dike boundary; processing or coverage effects. Surface-only features may instead be roads or erosion.,MODEL HYPOTHESIS ONLY — requires expert/field review
H55-A-00214,2545,1815,424900.0,4254000.0,-117.8604332,38.4311113,0.8624515,0.4942486,554.4928,2.08614,0.98629,0.99664,0.99092,100.0,"Potential-field view is in its training-reference confident tail while the surface view abstains. Deeper-than-median modelled cover, anti-aligned gravity/cover normals and cross-scale gravity persistence are consistent with a covered basin-margin discontinuity. No fault displacement, geothermal fluid flow or vent has been verified at this pixel.",Lithologic contact; basin-fill model dependence on gravity; intrusive/dike boundary; processing or coverage effects. Surface-only features may instead be roads or erosion.,MODEL HYPOTHESIS ONLY — requires expert/field review
H55-A-00215,2546,1807,424100.0,4253900.0,-117.8695872,38.4301426,0.8388773,0.5568767,316.5441,3.72851,0.96767,0.99731,0.99289,600.0,"Potential-field view is in its training-reference confident tail while the surface view abstains. Signed normal/cover support is incomplete; do not interpret this discrepancy as proof of a buried fault. No fault displacement, geothermal fluid flow or vent has been verified at this pixel.",Lithologic contact; basin-fill model dependence on gravity; intrusive/dike boundary; processing or coverage effects. Surface-only features may instead be roads or erosion.,MODEL HYPOTHESIS ONLY — requires expert/field review
H55-A-00216,2546,1810,424400.0,4253900.0,-117.8661504,38.430168,0.8494642,0.5373322,396.56635,3.10712,0.96969,0.99774,0.99332,300.0,"Potential-field view is in its training-reference confident tail while the surface view abstains. Deeper-than-median modelled cover, anti-aligned gravity/cover normals and cross-scale gravity persistence are consistent with a covered basin-margin discontinuity. No fault displacement, geothermal fluid flow or vent has been verified at this pixel.",Lithologic contact; basin-fill model dependence on gravity; intrusive/dike boundary; processing or coverage effects. Surface-only features may instead be roads or erosion.,MODEL HYPOTHESIS ONLY — requires expert/field review
H55-A-00217,2547,1821,425500.0,4253800.0,-117.8535384,38.4293594,0.8453713,0.5639923,701.34076,1.89446,0.99454,0.99835,0.987,200.0,"Potential-field view is in its training-reference confident tail while the surface view abstains. Deeper-than-median modelled cover, anti-aligned gravity/cover normals and cross-scale gravity persistence are consistent with a covered basin-margin discontinuity. No fault displacement, geothermal fluid flow or vent has been verified at this pixel.",Lithologic contact; basin-fill model dependence on gravity; intrusive/dike boundary; processing or coverage effects. Surface-only features may instead be roads or erosion.,MODEL HYPOTHESIS ONLY — requires expert/field review
H55-A-00218,2547,1826,426000.0,4253800.0,-117.8478105,38.4294009,0.841271,0.4788323,882.06421,2.89737,0.99954,0.99832,0.98675,300.0,"Potential-field view is in its training-reference confident tail while the surface view abstains. Deeper-than-median modelled cover, anti-aligned gravity/cover normals and cross-scale gravity persistence are consistent with a covered basin-margin discontinuity. No fault displacement, geothermal fluid flow or vent has been verified at this pixel.",Lithologic contact; basin-fill model dependence on gravity; intrusive/dike boundary; processing or coverage effects. Surface-only features may instead be roads or erosion.,MODEL HYPOTHESIS ONLY — requires expert/field review
H55-A-00219,2547,1832,426600.0,4253800.0,-117.8409371,38.4294505,0.8429682,0.4736525,1142.90308,1.79658,0.99841,0.99976,0.98441,100.0,"Potential-field view is in its training-reference confident tail while the surface view abstains. Deeper-than-median modelled cover, anti-aligned gravity/cover normals and cross-scale gravity persistence are consistent with a covered basin-margin discontinuity. No fault displacement, geothermal fluid flow or vent has been verified at this pixel.",Lithologic contact; basin-fill model dependence on gravity; intrusive/dike boundary; processing or coverage effects. Surface-only features may instead be roads or erosion.,MODEL HYPOTHESIS ONLY — requires expert/field review
H55-A-00220,2547,1835,426900.0,4253800.0,-117.8375004,38.4294751,0.8242393,0.549974,1278.46179,3.40585,0.99318,0.99999,0.98465,200.0,"Potential-field view is in its training-reference confident tail while the surface view abstains. Deeper-than-median modelled cover, anti-aligned gravity/cover normals and cross-scale gravity persistence are consistent with a covered basin-margin discontinuity. No fault displacement, geothermal fluid flow or vent has been verified at this pixel.",Lithologic contact; basin-fill model dependence on gravity; intrusive/dike boundary; processing or coverage effects. Surface-only features may instead be roads or erosion.,MODEL HYPOTHESIS ONLY — requires expert/field review
H55-A-00221,2548,1816,425000.0,4253700.0,-117.8592556,38.4284164,0.8569018,0.4758565,505.99173,2.21726,0.9754,0.99404,0.98528,141.42,"Potential-field view is in its training-reference confident tail while the surface view abstains. Deeper-than-median modelled cover, anti-aligned gravity/cover normals and cross-scale gravity persistence are consistent with a covered basin-margin discontinuity. No fault displacement, geothermal fluid flow or vent has been verified at this pixel.",Lithologic contact; basin-fill model dependence on gravity; intrusive/dike boundary; processing or coverage effects. Surface-only features may instead be roads or erosion.,MODEL HYPOTHESIS ONLY — requires expert/field review
H55-A-00222,2549,1812,424600.0,4253600.0,-117.8638271,38.4274816,0.8607963,0.5014932,383.2789,3.06732,0.95296,0.99257,0.99115,200.0,"Potential-field view is in its training-reference confident tail while the surface view abstains. Deeper-than-median modelled cover, anti-aligned gravity/cover normals and cross-scale gravity persistence are consistent with a covered basin-margin discontinuity. No fault displacement, geothermal fluid flow or vent has been verified at this pixel.",Lithologic contact; basin-fill model dependence on gravity; intrusive/dike boundary; processing or coverage effects. Surface-only features may instead be roads or erosion.,MODEL HYPOTHESIS ONLY — requires expert/field review
H55-A-00223,2549,1818,425200.0,4253600.0,-117.8569538,38.427532,0.859196,0.5556592,540.10138,2.71483,0.98329,0.99643,0.98117,141.42,"Potential-field view is in its training-reference confident tail while the surface view abstains. Deeper-than-median modelled cover, anti-aligned gravity/cover normals and cross-scale gravity persistence are consistent with a covered basin-margin discontinuity. No fault displacement, geothermal fluid flow or vent has been verified at this pixel.",Lithologic contact; basin-fill model dependence on gravity; intrusive/dike boundary; processing or coverage effects. Surface-only features may instead be roads or erosion.,MODEL HYPOTHESIS ONLY — requires expert/field review
H55-A-00224,2550,1830,426400.0,4253500.0,-117.8431968,38.4267306,0.8377057,0.4552569,969.48169,2.48968,0.99958,0.99973,0.98409,300.0,"Potential-field view is in its training-reference confident tail while the surface view abstains. Deeper-than-median modelled cover, anti-aligned gravity/cover normals and cross-scale gravity persistence are consistent with a covered basin-margin discontinuity. No fault displacement, geothermal fluid flow or vent has been verified at this pixel.",Lithologic contact; basin-fill model dependence on gravity; intrusive/dike boundary; processing or coverage effects. Surface-only features may instead be roads or erosion.,MODEL HYPOTHESIS ONLY — requires expert/field review
H55-A-00225,2550,1835,426900.0,4253500.0,-117.8374691,38.4267717,0.8232096,0.5518196,1202.52271,2.61814,0.99296,0.99999,0.98692,200.0,"Potential-field view is in its training-reference confident tail while the surface view abstains. Deeper-than-median modelled cover, anti-aligned gravity/cover normals and cross-scale gravity persistence are consistent with a covered basin-margin discontinuity. No fault displacement, geothermal fluid flow or vent has been verified at this pixel.",Lithologic contact; basin-fill model dependence on gravity; intrusive/dike boundary; processing or coverage effects. Surface-only features may instead be roads or erosion.,MODEL HYPOTHESIS ONLY — requires expert/field review
H55-A-00226,2551,1820,425400.0,4253400.0,-117.8546415,38.4257465,0.867946,0.5828311,557.27246,2.96469,0.99065,0.99836,0.97738,300.0,"Potential-field view is in its training-reference confident tail while the surface view abstains. Deeper-than-median modelled cover, anti-aligned gravity/cover normals and cross-scale gravity persistence are consistent with a covered basin-margin discontinuity. No fault displacement, geothermal fluid flow or vent has been verified at this pixel.",Lithologic contact; basin-fill model dependence on gravity; intrusive/dike boundary; processing or coverage effects. Surface-only features may instead be roads or erosion.,MODEL HYPOTHESIS ONLY — requires expert/field review
H55-A-00227,2552,1826,426000.0,4253300.0,-117.8477579,38.4248953,0.8596733,0.4058417,738.50647,2.15385,0.99989,0.99927,0.98263,300.0,"Potential-field view is in its training-reference confident tail while the surface view abstains. Deeper-than-median modelled cover, anti-aligned gravity/cover normals and cross-scale gravity persistence are consistent with a covered basin-margin discontinuity. No fault displacement, geothermal fluid flow or vent has been verified at this pixel.",Lithologic contact; basin-fill model dependence on gravity; intrusive/dike boundary; processing or coverage effects. Surface-only features may instead be roads or erosion.,MODEL HYPOTHESIS ONLY — requires expert/field review
H55-A-00228,2552,1836,427000.0,4253300.0,-117.8363028,38.4249776,0.8196039,0.4424583,1199.45154,1.6627,0.99063,0.99996,0.98924,200.0,"Potential-field view is in its training-reference confident tail while the surface view abstains. Deeper-than-median modelled cover, anti-aligned gravity/cover normals and cross-scale gravity persistence are consistent with a covered basin-margin discontinuity. No fault displacement, geothermal fluid flow or vent has been verified at this pixel.",Lithologic contact; basin-fill model dependence on gravity; intrusive/dike boundary; processing or coverage effects. Surface-only features may instead be roads or erosion.,MODEL HYPOTHESIS ONLY — requires expert/field review
H55-A-00229,2553,1818,425200.0,4253200.0,-117.8569112,38.4239275,0.8685855,0.4323445,442.47931,2.44085,0.97551,0.9955,0.96688,141.42,"Potential-field view is in its training-reference confident tail while the surface view abstains. Deeper-than-median modelled cover, anti-aligned gravity/cover normals and cross-scale gravity persistence are consistent with a covered basin-margin discontinuity. No fault displacement, geothermal fluid flow or vent has been verified at this pixel.",Lithologic contact; basin-fill model dependence on gravity; intrusive/dike boundary; processing or coverage effects. Surface-only features may instead be roads or erosion.,MODEL HYPOTHESIS ONLY — requires expert/field review
H55-A-00230,2553,1821,425500.0,4253200.0,-117.8534748,38.4239526,0.8681977,0.5402315,544.8819,2.26522,0.99333,0.99885,0.97438,200.0,"Potential-field view is in its training-reference confident tail while the surface view abstains. Deeper-than-median modelled cover, anti-aligned gravity/cover normals and cross-scale gravity persistence are consistent with a covered basin-margin discontinuity. No fault displacement, geothermal fluid flow or vent has been verified at this pixel.",Lithologic contact; basin-fill model dependence on gravity; intrusive/dike boundary; processing or coverage effects. Surface-only features may instead be roads or erosion.,MODEL HYPOTHESIS ONLY — requires expert/field review
H55-A-00231,2553,1831,426500.0,4253200.0,-117.8420199,38.4240355,0.8323967,0.431193,937.71826,1.20377,0.99818,0.99998,0.9866,200.0,"Potential-field view is in its training-reference confident tail while the surface view abstains. Deeper-than-median modelled cover, anti-aligned gravity/cover normals and cross-scale gravity persistence are consistent with a covered basin-margin discontinuity. No fault displacement, geothermal fluid flow or vent has been verified at this pixel.",Lithologic contact; basin-fill model dependence on gravity; intrusive/dike boundary; processing or coverage effects. Surface-only features may instead be roads or erosion.,MODEL HYPOTHESIS ONLY — requires expert/field review
H55-A-00232,2555,1826,426000.0,4253000.0,-117.8477263,38.4221919,0.8653873,0.450842,674.66278,2.64168,1.0,0.99936,0.98074,200.0,"Potential-field view is in its training-reference confident tail while the surface view abstains. Deeper-than-median modelled cover, anti-aligned gravity/cover normals and cross-scale gravity persistence are consistent with a covered basin-margin discontinuity. No fault displacement, geothermal fluid flow or vent has been verified at this pixel.",Lithologic contact; basin-fill model dependence on gravity; intrusive/dike boundary; processing or coverage effects. Surface-only features may instead be roads or erosion.,MODEL HYPOTHESIS ONLY — requires expert/field review
H55-A-00233,2555,1830,426400.0,4253000.0,-117.8431444,38.422225,0.8549096,0.4202824,845.86273,2.09623,0.9985,0.99991,0.98637,300.0,"Potential-field view is in its training-reference confident tail while the surface view abstains. Deeper-than-median modelled cover, anti-aligned gravity/cover normals and cross-scale gravity persistence are consistent with a covered basin-margin discontinuity. No fault displacement, geothermal fluid flow or vent has been verified at this pixel.",Lithologic contact; basin-fill model dependence on gravity; intrusive/dike boundary; processing or coverage effects. Surface-only features may instead be roads or erosion.,MODEL HYPOTHESIS ONLY — requires expert/field review
H55-A-00234,2555,1836,427000.0,4253000.0,-117.8362716,38.4222742,0.8474143,0.4270016,1126.54675,1.9178,0.98942,0.99999,0.99224,200.0,"Potential-field view is in its training-reference confident tail while the surface view abstains. Deeper-than-median modelled cover, anti-aligned gravity/cover normals and cross-scale gravity persistence are consistent with a covered basin-margin discontinuity. No fault displacement, geothermal fluid flow or vent has been verified at this pixel.",Lithologic contact; basin-fill model dependence on gravity; intrusive/dike boundary; processing or coverage effects. Surface-only features may instead be roads or erosion.,MODEL HYPOTHESIS ONLY — requires expert/field review
H55-A-00235,2556,1818,425200.0,4252900.0,-117.8568793,38.4212242,0.8620769,0.5400848,397.42804,3.54373,0.97165,0.99286,0.94817,200.0,"Potential-field view is in its training-reference confident tail while the surface view abstains. Deeper-than-median modelled cover, anti-aligned gravity/cover normals and cross-scale gravity persistence are consistent with a covered basin-margin discontinuity. No fault displacement, geothermal fluid flow or vent has been verified at this pixel.",Lithologic contact; basin-fill model dependence on gravity; intrusive/dike boundary; processing or coverage effects. Surface-only features may instead be roads or erosion.,MODEL HYPOTHESIS ONLY — requires expert/field review
H55-A-00236,2556,1821,425500.0,4252900.0,-117.8534429,38.4212492,0.8790546,0.5041655,493.71722,2.2017,0.99429,0.99835,0.96345,282.84,"Potential-field view is in its training-reference confident tail while the surface view abstains. Deeper-than-median modelled cover, anti-aligned gravity/cover normals and cross-scale gravity persistence are consistent with a covered basin-margin discontinuity. No fault displacement, geothermal fluid flow or vent has been verified at this pixel.",Lithologic contact; basin-fill model dependence on gravity; intrusive/dike boundary; processing or coverage effects. Surface-only features may instead be roads or erosion.,MODEL HYPOTHESIS ONLY — requires expert/field review
H55-A-00237,2558,1822,425600.0,4252700.0,-117.8522763,38.4194553,0.8790546,0.5021139,490.34583,2.01815,0.9994,0.99877,0.95725,200.0,"Potential-field view is in its training-reference confident tail while the surface view abstains. Deeper-than-median modelled cover, anti-aligned gravity/cover normals and cross-scale gravity persistence are consistent with a covered basin-margin discontinuity. No fault displacement, geothermal fluid flow or vent has been verified at this pixel.",Lithologic contact; basin-fill model dependence on gravity; intrusive/dike boundary; processing or coverage effects. Surface-only features may instead be roads or erosion.,MODEL HYPOTHESIS ONLY — requires expert/field review
H55-A-00238,2558,1841,427500.0,4252700.0,-117.8305133,38.4196116,0.8214006,0.4514512,1311.01086,1.9204,0.98065,0.9995,0.99396,200.0,"Potential-field view is in its training-reference confident tail while the surface view abstains. Deeper-than-median modelled cover, anti-aligned gravity/cover normals and cross-scale gravity persistence are consistent with a covered basin-margin discontinuity. No fault displacement, geothermal fluid flow or vent has been verified at this pixel.",Lithologic contact; basin-fill model dependence on gravity; intrusive/dike boundary; processing or coverage effects. Surface-only features may instead be roads or erosion.,MODEL HYPOTHESIS ONLY — requires expert/field review
H55-A-00239,2559,1819,425300.0,4252600.0,-117.8557019,38.4185292,0.8620769,0.4543886,382.4335,2.9472,0.9928,0.99657,0.92299,141.42,"Potential-field view is in its training-reference confident tail while the surface view abstains. Deeper-than-median modelled cover, anti-aligned gravity/cover normals and cross-scale gravity persistence are consistent with a covered basin-margin discontinuity. No fault displacement, geothermal fluid flow or vent has been verified at this pixel.",Lithologic contact; basin-fill model dependence on gravity; intrusive/dike boundary; processing or coverage effects. Surface-only features may instead be roads or erosion.,MODEL HYPOTHESIS ONLY — requires expert/field review
H55-A-00240,2559,1827,426100.0,4252600.0,-117.8465387,38.4185957,0.8653873,0.4523419,622.91913,2.25583,0.99701,0.99972,0.97599,282.84,"Potential-field view is in its training-reference confident tail while the surface view abstains. Deeper-than-median modelled cover, anti-aligned gravity/cover normals and cross-scale gravity persistence are consistent with a covered basin-margin discontinuity. No fault displacement, geothermal fluid flow or vent has been verified at this pixel.",Lithologic contact; basin-fill model dependence on gravity; intrusive/dike boundary; processing or coverage effects. Surface-only features may instead be roads or erosion.,MODEL HYPOTHESIS ONLY — requires expert/field review
H55-A-00241,2560,1831,426500.0,4252500.0,-117.8419466,38.4177276,0.8428425,0.4444984,779.95245,2.27524,0.99064,0.99999,0.98742,200.0,"Potential-field view is in its training-reference confident tail while the surface view abstains. Deeper-than-median modelled cover, anti-aligned gravity/cover normals and cross-scale gravity persistence are consistent with a covered basin-margin discontinuity. No fault displacement, geothermal fluid flow or vent has been verified at this pixel.",Lithologic contact; basin-fill model dependence on gravity; intrusive/dike boundary; processing or coverage effects. Surface-only features may instead be roads or erosion.,MODEL HYPOTHESIS ONLY — requires expert/field review
H55-A-00242,2560,1835,426900.0,4252500.0,-117.8373651,38.4177604,0.8342763,0.4628251,960.26379,1.3784,0.98442,0.99994,0.99484,100.0,"Potential-field view is in its training-reference confident tail while the surface view abstains. Deeper-than-median modelled cover, anti-aligned gravity/cover normals and cross-scale gravity persistence are consistent with a covered basin-margin discontinuity. No fault displacement, geothermal fluid flow or vent has been verified at this pixel.",Lithologic contact; basin-fill model dependence on gravity; intrusive/dike boundary; processing or coverage effects. Surface-only features may instead be roads or erosion.,MODEL HYPOTHESIS ONLY — requires expert/field review
H55-A-00243,2560,1837,427100.0,4252500.0,-117.8350743,38.4177768,0.8354159,0.4148507,1050.42126,1.01579,0.98325,0.9999,0.99655,100.0,"Potential-field view is in its training-reference confident tail while the surface view abstains. Deeper-than-median modelled cover, anti-aligned gravity/cover normals and cross-scale gravity persistence are consistent with a covered basin-margin discontinuity. No fault displacement, geothermal fluid flow or vent has been verified at this pixel.",Lithologic contact; basin-fill model dependence on gravity; intrusive/dike boundary; processing or coverage effects. Surface-only features may instead be roads or erosion.,MODEL HYPOTHESIS ONLY — requires expert/field review
H55-A-00244,2560,1842,427600.0,4252500.0,-117.8293473,38.4178174,0.8152661,0.4597989,1321.4657,2.17008,0.97892,0.9993,0.99473,300.0,"Potential-field view is in its training-reference confident tail while the surface view abstains. Deeper-than-median modelled cover, anti-aligned gravity/cover normals and cross-scale gravity persistence are consistent with a covered basin-margin discontinuity. No fault displacement, geothermal fluid flow or vent has been verified at this pixel.",Lithologic contact; basin-fill model dependence on gravity; intrusive/dike boundary; processing or coverage effects. Surface-only features may instead be roads or erosion.,MODEL HYPOTHESIS ONLY — requires expert/field review
H55-A-00245,2561,1821,425500.0,4252400.0,-117.8533899,38.4167436,0.8512611,0.5243697,408.44,3.02234,0.99833,0.99993,0.92803,300.0,"Potential-field view is in its training-reference confident tail while the surface view abstains. Deeper-than-median modelled cover, anti-aligned gravity/cover normals and cross-scale gravity persistence are consistent with a covered basin-margin discontinuity. No fault displacement, geothermal fluid flow or vent has been verified at this pixel.",Lithologic contact; basin-fill model dependence on gravity; intrusive/dike boundary; processing or coverage effects. Surface-only features may instead be roads or erosion.,MODEL HYPOTHESIS ONLY — requires expert/field review
H55-A-00246,2562,1825,425900.0,4252300.0,-117.8487979,38.4158758,0.8714597,0.5066091,503.47577,3.1662,0.98585,0.99908,0.96174,100.0,"Potential-field view is in its training-reference confident tail while the surface view abstains. Deeper-than-median modelled cover, anti-aligned gravity/cover normals and cross-scale gravity persistence are consistent with a covered basin-margin discontinuity. No fault displacement, geothermal fluid flow or vent has been verified at this pixel.",Lithologic contact; basin-fill model dependence on gravity; intrusive/dike boundary; processing or coverage effects. Surface-only features may instead be roads or erosion.,MODEL HYPOTHESIS ONLY — requires expert/field review
H55-A-00247,2562,1828,426200.0,4252300.0,-117.8453618,38.4159006,0.8705491,0.4667276,601.68896,2.48496,0.98576,0.99936,0.97767,141.42,"Potential-field view is in its training-reference confident tail while the surface view abstains. Deeper-than-median modelled cover, anti-aligned gravity/cover normals and cross-scale gravity persistence are consistent with a covered basin-margin discontinuity. No fault displacement, geothermal fluid flow or vent has been verified at this pixel.",Lithologic contact; basin-fill model dependence on gravity; intrusive/dike boundary; processing or coverage effects. Surface-only features may instead be roads or erosion.,MODEL HYPOTHESIS ONLY — requires expert/field review
H55-A-00248,2563,1834,426800.0,4252200.0,-117.8384792,38.4150488,0.8609845,0.568138,847.45172,1.91949,0.97706,0.99927,0.99511,100.0,"Potential-field view is in its training-reference confident tail while the surface view abstains. Deeper-than-median modelled cover, anti-aligned gravity/cover normals and cross-scale gravity persistence are consistent with a covered basin-margin discontinuity. No fault displacement, geothermal fluid flow or vent has been verified at this pixel.",Lithologic contact; basin-fill model dependence on gravity; intrusive/dike boundary; processing or coverage effects. Surface-only features may instead be roads or erosion.,MODEL HYPOTHESIS ONLY — requires expert/field review
H55-A-00249,2563,1840,427400.0,4252200.0,-117.8316071,38.4150978,0.8261838,0.5266098,1141.78455,2.77885,0.98065,0.99978,0.99797,200.0,"Potential-field view is in its training-reference confident tail while the surface view abstains. Deeper-than-median modelled cover, anti-aligned gravity/cover normals and cross-scale gravity persistence are consistent with a covered basin-margin discontinuity. No fault displacement, geothermal fluid flow or vent has been verified at this pixel.",Lithologic contact; basin-fill model dependence on gravity; intrusive/dike boundary; processing or coverage effects. Surface-only features may instead be roads or erosion.,MODEL HYPOTHESIS ONLY — requires expert/field review
H55-A-00250,2565,1822,425600.0,4252000.0,-117.8522022,38.4131474,0.8535663,0.5210524,389.70941,3.06101,0.95956,0.98581,0.9517,200.0,"Potential-field view is in its training-reference confident tail while the surface view abstains. Deeper-than-median modelled cover, anti-aligned gravity/cover normals and cross-scale gravity persistence are consistent with a covered basin-margin discontinuity. No fault displacement, geothermal fluid flow or vent has been verified at this pixel.",Lithologic contact; basin-fill model dependence on gravity; intrusive/dike boundary; processing or coverage effects. Surface-only features may instead be roads or erosion.,MODEL HYPOTHESIS ONLY — requires expert/field review
H55-A-00251,2565,1830,426400.0,4252000.0,-117.8430397,38.4132137,0.873657,0.5839368,641.43317,3.2064,0.97079,0.99682,0.98982,200.0,"Potential-field view is in its training-reference confident tail while the surface view abstains. Deeper-than-median modelled cover, anti-aligned gravity/cover normals and cross-scale gravity persistence are consistent with a covered basin-margin discontinuity. No fault displacement, geothermal fluid flow or vent has been verified at this pixel.",Lithologic contact; basin-fill model dependence on gravity; intrusive/dike boundary; processing or coverage effects. Surface-only features may instead be roads or erosion.,MODEL HYPOTHESIS ONLY — requires expert/field review
H55-A-00252,2565,1837,427100.0,4252000.0,-117.8350224,38.4132711,0.854271,0.5438676,932.48749,2.79674,0.97504,0.99947,0.99801,141.42,"Potential-field view is in its training-reference confident tail while the surface view abstains. Deeper-than-median modelled cover, anti-aligned gravity/cover normals and cross-scale gravity persistence are consistent with a covered basin-margin discontinuity. No fault displacement, geothermal fluid flow or vent has been verified at this pixel.",Lithologic contact; basin-fill model dependence on gravity; intrusive/dike boundary; processing or coverage effects. Surface-only features may instead be roads or erosion.,MODEL HYPOTHESIS ONLY — requires expert/field review
H55-A-00253,2567,1840,427400.0,4251800.0,-117.8315658,38.4114933,0.8261838,0.4232405,1040.31458,1.2492,0.97849,0.99985,0.99601,141.42,"Potential-field view is in its training-reference confident tail while the surface view abstains. Deeper-than-median modelled cover, anti-aligned gravity/cover normals and cross-scale gravity persistence are consistent with a covered basin-margin discontinuity. No fault displacement, geothermal fluid flow or vent has been verified at this pixel.",Lithologic contact; basin-fill model dependence on gravity; intrusive/dike boundary; processing or coverage effects. Surface-only features may instead be roads or erosion.,MODEL HYPOTHESIS ONLY — requires expert/field review
H55-A-00254,2568,1821,425500.0,4251700.0,-117.8533157,38.4104357,0.8391137,0.4483854,338.06622,2.61601,0.93235,0.98031,0.97504,223.61,"Potential-field view is in its training-reference confident tail while the surface view abstains. Deeper-than-median modelled cover, anti-aligned gravity/cover normals and cross-scale gravity persistence are consistent with a covered basin-margin discontinuity. No fault displacement, geothermal fluid flow or vent has been verified at this pixel.",Lithologic contact; basin-fill model dependence on gravity; intrusive/dike boundary; processing or coverage effects. Surface-only features may instead be roads or erosion.,MODEL HYPOTHESIS ONLY — requires expert/field review
H55-A-00255,2568,1826,426000.0,4251700.0,-117.8475894,38.4104773,0.8785527,0.5450491,456.18811,2.75279,0.9456,0.99278,0.98888,100.0,"Potential-field view is in its training-reference confident tail while the surface view abstains. Deeper-than-median modelled cover, anti-aligned gravity/cover normals and cross-scale gravity persistence are consistent with a covered basin-margin discontinuity. No fault displacement, geothermal fluid flow or vent has been verified at this pixel.",Lithologic contact; basin-fill model dependence on gravity; intrusive/dike boundary; processing or coverage effects. Surface-only features may instead be roads or erosion.,MODEL HYPOTHESIS ONLY — requires expert/field review
H55-A-00256,2568,1832,426600.0,4251700.0,-117.8407177,38.4105268,0.8632521,0.6104193,670.92017,1.90792,0.96136,0.99779,0.99565,141.42,"Potential-field view is in its training-reference confident tail while the surface view abstains. Deeper-than-median modelled cover, anti-aligned gravity/cover normals and cross-scale gravity persistence are consistent with a covered basin-margin discontinuity. No fault displacement, geothermal fluid flow or vent has been verified at this pixel.",Lithologic contact; basin-fill model dependence on gravity; intrusive/dike boundary; processing or coverage effects. Surface-only features may instead be roads or erosion.,MODEL HYPOTHESIS ONLY — requires expert/field review
H55-A-00257,2569,1828,426200.0,4251600.0,-117.8452883,38.4095927,0.8902062,0.5430626,502.44583,3.4801,0.95093,0.99586,0.99339,100.0,"Potential-field view is in its training-reference confident tail while the surface view abstains. Deeper-than-median modelled cover, anti-aligned gravity/cover normals and cross-scale gravity persistence are consistent with a covered basin-margin discontinuity. No fault displacement, geothermal fluid flow or vent has been verified at this pixel.",Lithologic contact; basin-fill model dependence on gravity; intrusive/dike boundary; processing or coverage effects. Surface-only features may instead be roads or erosion.,MODEL HYPOTHESIS ONLY — requires expert/field review
H55-A-00258,2570,1843,427700.0,4251500.0,-117.8280991,38.4088142,0.8281619,0.4161938,1112.90881,1.53835,0.98322,1.0,0.98874,200.0,"Potential-field view is in its training-reference confident tail while the surface view abstains. Deeper-than-median modelled cover, anti-aligned gravity/cover normals and cross-scale gravity persistence are consistent with a covered basin-margin discontinuity. No fault displacement, geothermal fluid flow or vent has been verified at this pixel.",Lithologic contact; basin-fill model dependence on gravity; intrusive/dike boundary; processing or coverage effects. Surface-only features may instead be roads or erosion.,MODEL HYPOTHESIS ONLY — requires expert/field review
H55-A-00259,2571,1822,425600.0,4251400.0,-117.8521387,38.4077407,0.8479539,0.4866513,333.66788,3.03779,0.91908,0.99012,0.99026,100.0,"Potential-field view is in its training-reference confident tail while the surface view abstains. Deeper-than-median modelled cover, anti-aligned gravity/cover normals and cross-scale gravity persistence are consistent with a covered basin-margin discontinuity. No fault displacement, geothermal fluid flow or vent has been verified at this pixel.",Lithologic contact; basin-fill model dependence on gravity; intrusive/dike boundary; processing or coverage effects. Surface-only features may instead be roads or erosion.,MODEL HYPOTHESIS ONLY — requires expert/field review
H55-A-00260,2571,1835,426900.0,4251400.0,-117.8372507,38.407848,0.8762154,0.4483173,724.30432,2.4832,0.95981,0.99949,0.99399,100.0,"Potential-field view is in its training-reference confident tail while the surface view abstains. Deeper-than-median modelled cover, anti-aligned gravity/cover normals and cross-scale gravity persistence are consistent with a covered basin-margin discontinuity. No fault displacement, geothermal fluid flow or vent has been verified at this pixel.",Lithologic contact; basin-fill model dependence on gravity; intrusive/dike boundary; processing or coverage effects. Surface-only features may instead be roads or erosion.,MODEL HYPOTHESIS ONLY — requires expert/field review
H55-A-00261,2572,1829,426300.0,4251300.0,-117.8441116,38.4068976,0.8898742,0.4271977,495.26373,2.66464,0.94466,0.99813,0.99425,282.84,"Potential-field view is in its training-reference confident tail while the surface view abstains. Deeper-than-median modelled cover, anti-aligned gravity/cover normals and cross-scale gravity persistence are consistent with a covered basin-margin discontinuity. No fault displacement, geothermal fluid flow or vent has been verified at this pixel.",Lithologic contact; basin-fill model dependence on gravity; intrusive/dike boundary; processing or coverage effects. Surface-only features may instead be roads or erosion.,MODEL HYPOTHESIS ONLY — requires expert/field review
H55-A-00262,2573,1823,425700.0,4251200.0,-117.8509723,38.4059467,0.8552604,0.5644523,336.30234,3.91698,0.91178,0.99421,0.99199,100.0,"Potential-field view is in its training-reference confident tail while the surface view abstains. Deeper-than-median modelled cover, anti-aligned gravity/cover normals and cross-scale gravity persistence are consistent with a covered basin-margin discontinuity. No fault displacement, geothermal fluid flow or vent has been verified at this pixel.",Lithologic contact; basin-fill model dependence on gravity; intrusive/dike boundary; processing or coverage effects. Surface-only features may instead be roads or erosion.,MODEL HYPOTHESIS ONLY — requires expert/field review
H55-A-00263,2573,1840,427400.0,4251200.0,-117.8315038,38.4060865,0.8394535,0.5983565,886.73004,3.18686,0.98071,0.99989,0.98791,100.0,"Potential-field view is in its training-reference confident tail while the surface view abstains. Deeper-than-median modelled cover, anti-aligned gravity/cover normals and cross-scale gravity persistence are consistent with a covered basin-margin discontinuity. No fault displacement, geothermal fluid flow or vent has been verified at this pixel.",Lithologic contact; basin-fill model dependence on gravity; intrusive/dike boundary; processing or coverage effects. Surface-only features may instead be roads or erosion.,MODEL HYPOTHESIS ONLY — requires expert/field review
H55-A-00264,2574,1831,426500.0,4251100.0,-117.8418003,38.4051118,0.8806396,0.4662767,531.198,2.90747,0.94249,0.99921,0.9931,141.42,"Potential-field view is in its training-reference confident tail while the surface view abstains. Deeper-than-median modelled cover, anti-aligned gravity/cover normals and cross-scale gravity persistence are consistent with a covered basin-margin discontinuity. No fault displacement, geothermal fluid flow or vent has been verified at this pixel.",Lithologic contact; basin-fill model dependence on gravity; intrusive/dike boundary; processing or coverage effects. Surface-only features may instead be roads or erosion.,MODEL HYPOTHESIS ONLY — requires expert/field review
H55-A-00265,2575,1827,426100.0,4251000.0,-117.8463705,38.4041777,0.8829851,0.5123563,391.61288,3.23175,0.92115,0.99819,0.99265,100.0,"Potential-field view is in its training-reference confident tail while the surface view abstains. Deeper-than-median modelled cover, anti-aligned gravity/cover normals and cross-scale gravity persistence are consistent with a covered basin-margin discontinuity. No fault displacement, geothermal fluid flow or vent has been verified at this pixel.",Lithologic contact; basin-fill model dependence on gravity; intrusive/dike boundary; processing or coverage effects. Surface-only features may instead be roads or erosion.,MODEL HYPOTHESIS ONLY — requires expert/field review
H55-A-00266,2575,1837,427100.0,4251000.0,-117.8349187,38.4042598,0.8498465,0.4506973,701.44348,1.98173,0.96534,0.99998,0.98833,200.0,"Potential-field view is in its training-reference confident tail while the surface view abstains. Deeper-than-median modelled cover, anti-aligned gravity/cover normals and cross-scale gravity persistence are consistent with a covered basin-margin discontinuity. No fault displacement, geothermal fluid flow or vent has been verified at this pixel.",Lithologic contact; basin-fill model dependence on gravity; intrusive/dike boundary; processing or coverage effects. Surface-only features may instead be roads or erosion.,MODEL HYPOTHESIS ONLY — requires expert/field review
H55-A-00267,2576,1842,427600.0,4250900.0,-117.8291825,38.4033993,0.8148235,0.5571924,893.72656,2.48133,0.99012,0.99803,0.98439,100.0,"Potential-field view is in its training-reference confident tail while the surface view abstains. Deeper-than-median modelled cover, anti-aligned gravity/cover normals and cross-scale gravity persistence are consistent with a covered basin-margin discontinuity. No fault displacement, geothermal fluid flow or vent has been verified at this pixel.",Lithologic contact; basin-fill model dependence on gravity; intrusive/dike boundary; processing or coverage effects. Surface-only features may instead be roads or erosion.,MODEL HYPOTHESIS ONLY — requires expert/field review
H55-A-00268,2577,1829,426300.0,4250800.0,-117.8440592,38.4023919,0.8780453,0.5084127,423.46619,3.37692,0.92314,0.99921,0.99208,316.23,"Potential-field view is in its training-reference confident tail while the surface view abstains. Deeper-than-median modelled cover, anti-aligned gravity/cover normals and cross-scale gravity persistence are consistent with a covered basin-margin discontinuity. No fault displacement, geothermal fluid flow or vent has been verified at this pixel.",Lithologic contact; basin-fill model dependence on gravity; intrusive/dike boundary; processing or coverage effects. Surface-only features may instead be roads or erosion.,MODEL HYPOTHESIS ONLY — requires expert/field review
H55-A-00269,2577,1832,426600.0,4250800.0,-117.8406238,38.4024166,0.8634069,0.4611577,509.81366,2.18183,0.93292,0.99973,0.99112,200.0,"Potential-field view is in its training-reference confident tail while the surface view abstains. Deeper-than-median modelled cover, anti-aligned gravity/cover normals and cross-scale gravity persistence are consistent with a covered basin-margin discontinuity. No fault displacement, geothermal fluid flow or vent has been verified at this pixel.",Lithologic contact; basin-fill model dependence on gravity; intrusive/dike boundary; processing or coverage effects. Surface-only features may instead be roads or erosion.,MODEL HYPOTHESIS ONLY — requires expert/field review
H55-A-00270,2578,1840,427400.0,4250700.0,-117.8314522,38.4015808,0.8162428,0.4429042,752.1778,2.47282,0.98432,0.99842,0.9841,100.0,"Potential-field view is in its training-reference confident tail while the surface view abstains. Deeper-than-median modelled cover, anti-aligned gravity/cover normals and cross-scale gravity persistence are consistent with a covered basin-margin discontinuity. No fault displacement, geothermal fluid flow or vent has been verified at this pixel.",Lithologic contact; basin-fill model dependence on gravity; intrusive/dike boundary; processing or coverage effects. Surface-only features may instead be roads or erosion.,MODEL HYPOTHESIS ONLY — requires expert/field review
H55-A-00271,2579,1827,426100.0,4250600.0,-117.8463285,38.4005731,0.8460387,0.5116718,343.54312,3.29147,0.90076,0.99913,0.99172,200.0,"Potential-field view is in its training-reference confident tail while the surface view abstains. Deeper-than-median modelled cover, anti-aligned gravity/cover normals and cross-scale gravity persistence are consistent with a covered basin-margin discontinuity. No fault displacement, geothermal fluid flow or vent has been verified at this pixel.",Lithologic contact; basin-fill model dependence on gravity; intrusive/dike boundary; processing or coverage effects. Surface-only features may instead be roads or erosion.,MODEL HYPOTHESIS ONLY — requires expert/field review
H55-A-00272,2580,1829,426300.0,4250500.0,-117.8440278,38.3996885,0.8349175,0.4901892,380.4216,3.35103,0.91175,0.99966,0.99198,400.0,"Potential-field view is in its training-reference confident tail while the surface view abstains. Deeper-than-median modelled cover, anti-aligned gravity/cover normals and cross-scale gravity persistence are consistent with a covered basin-margin discontinuity. No fault displacement, geothermal fluid flow or vent has been verified at this pixel.",Lithologic contact; basin-fill model dependence on gravity; intrusive/dike boundary; processing or coverage effects. Surface-only features may instead be roads or erosion.,MODEL HYPOTHESIS ONLY — requires expert/field review
H55-A-00273,2580,1832,426600.0,4250500.0,-117.8405924,38.3997132,0.8645903,0.5275421,456.08087,2.70933,0.92255,0.99991,0.99078,200.0,"Potential-field view is in its training-reference confident tail while the surface view abstains. Deeper-than-median modelled cover, anti-aligned gravity/cover normals and cross-scale gravity persistence are consistent with a covered basin-margin discontinuity. No fault displacement, geothermal fluid flow or vent has been verified at this pixel.",Lithologic contact; basin-fill model dependence on gravity; intrusive/dike boundary; processing or coverage effects. Surface-only features may instead be roads or erosion.,MODEL HYPOTHESIS ONLY — requires expert/field review
H55-A-00274,2582,1826,426000.0,4250300.0,-117.847442,38.3978615,0.8350148,0.5199343,295.43213,3.99655,0.88461,0.99979,0.99223,141.42,"Potential-field view is in its training-reference confident tail while the surface view abstains. Signed normal/cover support is incomplete; do not interpret this discrepancy as proof of a buried fault. No fault displacement, geothermal fluid flow or vent has been verified at this pixel.",Lithologic contact; basin-fill model dependence on gravity; intrusive/dike boundary; processing or coverage effects. Surface-only features may instead be roads or erosion.,MODEL HYPOTHESIS ONLY — requires expert/field review
H55-A-00275,2582,1831,426500.0,4250300.0,-117.8417167,38.3979027,0.8477042,0.559508,397.41226,3.62531,0.9149,0.99996,0.99208,300.0,"Potential-field view is in its training-reference confident tail while the surface view abstains. Deeper-than-median modelled cover, anti-aligned gravity/cover normals and cross-scale gravity persistence are consistent with a covered basin-margin discontinuity. No fault displacement, geothermal fluid flow or vent has been verified at this pixel.",Lithologic contact; basin-fill model dependence on gravity; intrusive/dike boundary; processing or coverage effects. Surface-only features may instead be roads or erosion.,MODEL HYPOTHESIS ONLY — requires expert/field review
H55-A-00276,2583,1837,427100.0,4250200.0,-117.8348358,38.3970507,0.8289647,0.500164,514.89984,2.10441,0.96198,0.99937,0.98377,100.0,"Potential-field view is in its training-reference confident tail while the surface view abstains. Deeper-than-median modelled cover, anti-aligned gravity/cover normals and cross-scale gravity persistence are consistent with a covered basin-margin discontinuity. No fault displacement, geothermal fluid flow or vent has been verified at this pixel.",Lithologic contact; basin-fill model dependence on gravity; intrusive/dike boundary; processing or coverage effects. Surface-only features may instead be roads or erosion.,MODEL HYPOTHESIS ONLY — requires expert/field review
H55-A-00277,2584,1827,426100.0,4250100.0,-117.8462759,38.3960675,0.8348659,0.5566528,287.11087,3.46153,0.88903,1.0,0.99382,300.0,"Potential-field view is in its training-reference confident tail while the surface view abstains. Signed normal/cover support is incomplete; do not interpret this discrepancy as proof of a buried fault. No fault displacement, geothermal fluid flow or vent has been verified at this pixel.",Lithologic contact; basin-fill model dependence on gravity; intrusive/dike boundary; processing or coverage effects. Surface-only features may instead be roads or erosion.,MODEL HYPOTHESIS ONLY — requires expert/field review
H55-A-00278,2586,1829,426300.0,4249900.0,-117.8439649,38.3942817,0.8113027,0.5164333,303.56827,3.13123,0.89331,0.99989,0.99523,500.0,"Potential-field view is in its training-reference confident tail while the surface view abstains. Signed normal/cover support is incomplete; do not interpret this discrepancy as proof of a buried fault. No fault displacement, geothermal fluid flow or vent has been verified at this pixel.",Lithologic contact; basin-fill model dependence on gravity; intrusive/dike boundary; processing or coverage effects. Surface-only features may instead be roads or erosion.,MODEL HYPOTHESIS ONLY — requires expert/field review
H55-A-00279,2586,1832,426600.0,4249900.0,-117.8405298,38.3943064,0.8350148,0.561882,360.79144,2.98802,0.90315,0.99989,0.99315,200.0,"Potential-field view is in its training-reference confident tail while the surface view abstains. Deeper-than-median modelled cover, anti-aligned gravity/cover normals and cross-scale gravity persistence are consistent with a covered basin-margin discontinuity. No fault displacement, geothermal fluid flow or vent has been verified at this pixel.",Lithologic contact; basin-fill model dependence on gravity; intrusive/dike boundary; processing or coverage effects. Surface-only features may instead be roads or erosion.,MODEL HYPOTHESIS ONLY — requires expert/field review
H55-A-00280,2586,1837,427100.0,4249900.0,-117.8348047,38.3943473,0.824968,0.484883,456.17987,1.71891,0.9617,0.99821,0.98259,200.0,"Potential-field view is in its training-reference confident tail while the surface view abstains. Deeper-than-median modelled cover, anti-aligned gravity/cover normals and cross-scale gravity persistence are consistent with a covered basin-margin discontinuity. No fault displacement, geothermal fluid flow or vent has been verified at this pixel.",Lithologic contact; basin-fill model dependence on gravity; intrusive/dike boundary; processing or coverage effects. Surface-only features may instead be roads or erosion.,MODEL HYPOTHESIS ONLY — requires expert/field review
H55-A-00281,2589,1827,426100.0,4249600.0,-117.8462234,38.3915618,0.8162869,0.583401,236.17389,3.32665,0.84743,0.99962,0.99688,200.0,"Potential-field view is in its training-reference confident tail while the surface view abstains. Signed normal/cover support is incomplete; do not interpret this discrepancy as proof of a buried fault. No fault displacement, geothermal fluid flow or vent has been verified at this pixel.",Lithologic contact; basin-fill model dependence on gravity; intrusive/dike boundary; processing or coverage effects. Surface-only features may instead be roads or erosion.,MODEL HYPOTHESIS ONLY — requires expert/field review
H55-A-00282,2589,1836,427000.0,4249600.0,-117.8359186,38.3916358,0.8380109,0.5055864,381.20505,2.77966,0.93546,0.99805,0.98346,100.0,"Potential-field view is in its training-reference confident tail while the surface view abstains. Deeper-than-median modelled cover, anti-aligned gravity/cover normals and cross-scale gravity persistence are consistent with a covered basin-margin discontinuity. No fault displacement, geothermal fluid flow or vent has been verified at this pixel.",Lithologic contact; basin-fill model dependence on gravity; intrusive/dike boundary; processing or coverage effects. Surface-only features may instead be roads or erosion.,MODEL HYPOTHESIS ONLY — requires expert/field review
H55-A-00283,2590,1831,426500.0,4249500.0,-117.8416331,38.3906937,0.8236267,0.5289848,286.02887,3.80415,0.86664,0.99958,0.9952,200.0,"Potential-field view is in its training-reference confident tail while the surface view abstains. Signed normal/cover support is incomplete; do not interpret this discrepancy as proof of a buried fault. No fault displacement, geothermal fluid flow or vent has been verified at this pixel.",Lithologic contact; basin-fill model dependence on gravity; intrusive/dike boundary; processing or coverage effects. Surface-only features may instead be roads or erosion.,MODEL HYPOTHESIS ONLY — requires expert/field review
H55-A-00284,2593,1833,426700.0,4249200.0,-117.8393119,38.3880067,0.8348659,0.5720347,274.52808,3.31831,0.8511,0.99964,0.99201,200.0,"Potential-field view is in its training-reference confident tail while the surface view abstains. Signed normal/cover support is incomplete; do not interpret this discrepancy as proof of a buried fault. No fault displacement, geothermal fluid flow or vent has been verified at this pixel.",Lithologic contact; basin-fill model dependence on gravity; intrusive/dike boundary; processing or coverage effects. Surface-only features may instead be roads or erosion.,MODEL HYPOTHESIS ONLY — requires expert/field review
H55-A-00285,2595,1829,426300.0,4249000.0,-117.8438706,38.3861716,0.8125531,0.6021666,205.8078,4.06922,0.80583,0.9993,0.99625,200.0,"Potential-field view is in its training-reference confident tail while the surface view abstains. Signed normal/cover support is incomplete; do not interpret this discrepancy as proof of a buried fault. No fault displacement, geothermal fluid flow or vent has been verified at this pixel.",Lithologic contact; basin-fill model dependence on gravity; intrusive/dike boundary; processing or coverage effects. Surface-only features may instead be roads or erosion.,MODEL HYPOTHESIS ONLY — requires expert/field review
H55-A-00286,2595,1834,426800.0,4249000.0,-117.8381462,38.3862126,0.8317407,0.5351262,264.3024,2.99047,0.84973,0.99957,0.98955,300.0,"Potential-field view is in its training-reference confident tail while the surface view abstains. Signed normal/cover support is incomplete; do not interpret this discrepancy as proof of a buried fault. No fault displacement, geothermal fluid flow or vent has been verified at this pixel.",Lithologic contact; basin-fill model dependence on gravity; intrusive/dike boundary; processing or coverage effects. Surface-only features may instead be roads or erosion.,MODEL HYPOTHESIS ONLY — requires expert/field review
H55-A-00287,2597,1832,426600.0,4248800.0,-117.8404151,38.384394,0.8243476,0.5889766,220.14792,3.43246,0.80497,0.99911,0.99166,141.42,"Potential-field view is in its training-reference confident tail while the surface view abstains. Signed normal/cover support is incomplete; do not interpret this discrepancy as proof of a buried fault. No fault displacement, geothermal fluid flow or vent has been verified at this pixel.",Lithologic contact; basin-fill model dependence on gravity; intrusive/dike boundary; processing or coverage effects. Surface-only features may instead be roads or erosion.,MODEL HYPOTHESIS ONLY — requires expert/field review
H55-A-00288,2600,1833,426700.0,4248500.0,-117.839239,38.3816988,0.810436,0.5675473,197.78658,3.45621,0.8207,0.99939,0.98619,300.0,"Potential-field view is in its training-reference confident tail while the surface view abstains. Signed normal/cover support is incomplete; do not interpret this discrepancy as proof of a buried fault. No fault displacement, geothermal fluid flow or vent has been verified at this pixel.",Lithologic contact; basin-fill model dependence on gravity; intrusive/dike boundary; processing or coverage effects. Surface-only features may instead be roads or erosion.,MODEL HYPOTHESIS ONLY — requires expert/field review
H55-A-00289,2602,1837,427100.0,4248300.0,-117.834639,38.3799292,0.8078688,0.4966167,208.90718,2.95376,0.94535,0.99996,0.97895,282.84,"Potential-field view is in its training-reference confident tail while the surface view abstains. Signed normal/cover support is incomplete; do not interpret this discrepancy as proof of a buried fault. No fault displacement, geothermal fluid flow or vent has been verified at this pixel.",Lithologic contact; basin-fill model dependence on gravity; intrusive/dike boundary; processing or coverage effects. Surface-only features may instead be roads or erosion.,MODEL HYPOTHESIS ONLY — requires expert/field review
H55-A-00290,2603,1853,428700.0,4248200.0,-117.816312,38.379157,0.8320197,0.4672753,976.21033,1.71557,0.98403,0.99583,0.98011,300.0,"Potential-field view is in its training-reference confident tail while the surface view abstains. Deeper-than-median modelled cover, anti-aligned gravity/cover normals and cross-scale gravity persistence are consistent with a covered basin-margin discontinuity. No fault displacement, geothermal fluid flow or vent has been verified at this pixel.",Lithologic contact; basin-fill model dependence on gravity; intrusive/dike boundary; processing or coverage effects. Surface-only features may instead be roads or erosion.,MODEL HYPOTHESIS ONLY — requires expert/field review
H55-A-00291,2604,1832,426600.0,4248100.0,-117.8403421,38.378086,0.8334283,0.590157,165.94191,4.32422,0.89499,0.9996,0.99055,100.0,"Potential-field view is in its training-reference confident tail while the surface view abstains. Signed normal/cover support is incomplete; do not interpret this discrepancy as proof of a buried fault. No fault displacement, geothermal fluid flow or vent has been verified at this pixel.",Lithologic contact; basin-fill model dependence on gravity; intrusive/dike boundary; processing or coverage effects. Surface-only features may instead be roads or erosion.,MODEL HYPOTHESIS ONLY — requires expert/field review
H55-A-00292,2604,1842,427600.0,4248100.0,-117.8288944,38.3781675,0.8214017,0.5581313,389.20914,3.09656,0.97195,0.99465,0.98255,100.0,"Potential-field view is in its training-reference confident tail while the surface view abstains. Deeper-than-median modelled cover, anti-aligned gravity/cover normals and cross-scale gravity persistence are consistent with a covered basin-margin discontinuity. No fault displacement, geothermal fluid flow or vent has been verified at this pixel.",Lithologic contact; basin-fill model dependence on gravity; intrusive/dike boundary; processing or coverage effects. Surface-only features may instead be roads or erosion.,MODEL HYPOTHESIS ONLY — requires expert/field review
H55-A-00293,2604,1847,428100.0,4248100.0,-117.8231706,38.3782079,0.8188127,0.4142957,575.21747,2.21055,0.97182,0.99157,0.98806,282.84,"Potential-field view is in its training-reference confident tail while the surface view abstains. Deeper-than-median modelled cover, anti-aligned gravity/cover normals and cross-scale gravity persistence are consistent with a covered basin-margin discontinuity. No fault displacement, geothermal fluid flow or vent has been verified at this pixel.",Lithologic contact; basin-fill model dependence on gravity; intrusive/dike boundary; processing or coverage effects. Surface-only features may instead be roads or erosion.,MODEL HYPOTHESIS ONLY — requires expert/field review
H55-A-00294,2605,1837,427100.0,4248000.0,-117.8346079,38.3772258,0.8168524,0.4510024,209.98329,2.79358,0.97739,0.99881,0.98724,316.23,"Potential-field view is in its training-reference confident tail while the surface view abstains. Signed normal/cover support is incomplete; do not interpret this discrepancy as proof of a buried fault. No fault displacement, geothermal fluid flow or vent has been verified at this pixel.",Lithologic contact; basin-fill model dependence on gravity; intrusive/dike boundary; processing or coverage effects. Surface-only features may instead be roads or erosion.,MODEL HYPOTHESIS ONLY — requires expert/field review
H55-A-00295,2605,1852,428600.0,4248000.0,-117.8174366,38.3773468,0.8282112,0.4217707,951.50891,1.87784,0.98267,0.99325,0.99022,200.0,"Potential-field view is in its training-reference confident tail while the surface view abstains. Deeper-than-median modelled cover, anti-aligned gravity/cover normals and cross-scale gravity persistence are consistent with a covered basin-margin discontinuity. No fault displacement, geothermal fluid flow or vent has been verified at this pixel.",Lithologic contact; basin-fill model dependence on gravity; intrusive/dike boundary; processing or coverage effects. Surface-only features may instead be roads or erosion.,MODEL HYPOTHESIS ONLY — requires expert/field review
H55-A-00296,2607,1855,428900.0,4247800.0,-117.8139821,38.3755684,0.8690414,0.4879905,1236.38928,2.87408,0.98809,0.99451,0.99555,538.52,"Potential-field view is in its training-reference confident tail while the surface view abstains. Deeper-than-median modelled cover, anti-aligned gravity/cover normals and cross-scale gravity persistence are consistent with a covered basin-margin discontinuity. No fault displacement, geothermal fluid flow or vent has been verified at this pixel.",Lithologic contact; basin-fill model dependence on gravity; intrusive/dike boundary; processing or coverage effects. Surface-only features may instead be roads or erosion.,MODEL HYPOTHESIS ONLY — requires expert/field review
H55-A-00297,2611,1855,428900.0,4247400.0,-117.8139417,38.3719638,0.831,0.4279402,1355.14368,1.34825,0.98929,0.99742,0.99754,707.11,"Potential-field view is in its training-reference confident tail while the surface view abstains. Deeper-than-median modelled cover, anti-aligned gravity/cover normals and cross-scale gravity persistence are consistent with a covered basin-margin discontinuity. No fault displacement, geothermal fluid flow or vent has been verified at this pixel.",Lithologic contact; basin-fill model dependence on gravity; intrusive/dike boundary; processing or coverage effects. Surface-only features may instead be roads or erosion.,MODEL HYPOTHESIS ONLY — requires expert/field review
H55-A-00298,2616,1843,427700.0,4246900.0,-117.8276265,38.367362,0.8200174,0.508454,539.09027,2.45055,0.99976,0.99945,0.99206,223.61,"Potential-field view is in its training-reference confident tail while the surface view abstains. Deeper-than-median modelled cover, anti-aligned gravity/cover normals and cross-scale gravity persistence are consistent with a covered basin-margin discontinuity. No fault displacement, geothermal fluid flow or vent has been verified at this pixel.",Lithologic contact; basin-fill model dependence on gravity; intrusive/dike boundary; processing or coverage effects. Surface-only features may instead be roads or erosion.,MODEL HYPOTHESIS ONLY — requires expert/field review
H55-A-00299,2619,1838,427200.0,4246600.0,-117.8333185,38.364618,0.8094461,0.440631,312.77298,3.12828,0.99737,0.99998,0.99336,538.52,"Potential-field view is in its training-reference confident tail while the surface view abstains. Signed normal/cover support is incomplete; do not interpret this discrepancy as proof of a buried fault. No fault displacement, geothermal fluid flow or vent has been verified at this pixel.",Lithologic contact; basin-fill model dependence on gravity; intrusive/dike boundary; processing or coverage effects. Surface-only features may instead be roads or erosion.,MODEL HYPOTHESIS ONLY — requires expert/field review
H55-A-00300,2619,1843,427700.0,4246600.0,-117.8275957,38.3646585,0.8200174,0.4458608,577.98346,1.79861,1.0,0.9997,0.99109,200.0,"Potential-field view is in its training-reference confident tail while the surface view abstains. Deeper-than-median modelled cover, anti-aligned gravity/cover normals and cross-scale gravity persistence are consistent with a covered basin-margin discontinuity. No fault displacement, geothermal fluid flow or vent has been verified at this pixel.",Lithologic contact; basin-fill model dependence on gravity; intrusive/dike boundary; processing or coverage effects. Surface-only features may instead be roads or erosion.,MODEL HYPOTHESIS ONLY — requires expert/field review
H55-A-00301,2620,1834,426800.0,4246500.0,-117.8378863,38.3636842,0.8232704,0.4859024,222.97565,3.15526,0.98676,1.0,0.99504,500.0,"Potential-field view is in its training-reference confident tail while the surface view abstains. Signed normal/cover support is incomplete; do not interpret this discrepancy as proof of a buried fault. No fault displacement, geothermal fluid flow or vent has been verified at this pixel.",Lithologic contact; basin-fill model dependence on gravity; intrusive/dike boundary; processing or coverage effects. Surface-only features may instead be roads or erosion.,MODEL HYPOTHESIS ONLY — requires expert/field review
H55-A-00302,2622,1846,428000.0,4246300.0,-117.8241313,38.3619793,0.8176709,0.5655786,781.54901,9.73944,0.99989,0.99998,0.99069,200.0,"Potential-field view is in its training-reference confident tail while the surface view abstains. Deeper-than-median modelled cover, anti-aligned gravity/cover normals and cross-scale gravity persistence are consistent with a covered basin-margin discontinuity. No fault displacement, geothermal fluid flow or vent has been verified at this pixel.",Lithologic contact; basin-fill model dependence on gravity; intrusive/dike boundary; processing or coverage effects. Surface-only features may instead be roads or erosion.,MODEL HYPOTHESIS ONLY — requires expert/field review
H55-A-00303,2623,1839,427300.0,4246200.0,-117.8321326,38.3610216,0.8283553,0.4717844,398.6676,3.68399,0.99669,0.99986,0.99374,400.0,"Potential-field view is in its training-reference confident tail while the surface view abstains. Deeper-than-median modelled cover, anti-aligned gravity/cover normals and cross-scale gravity persistence are consistent with a covered basin-margin discontinuity. No fault displacement, geothermal fluid flow or vent has been verified at this pixel.",Lithologic contact; basin-fill model dependence on gravity; intrusive/dike boundary; processing or coverage effects. Surface-only features may instead be roads or erosion.,MODEL HYPOTHESIS ONLY — requires expert/field review
H55-A-00304,2623,1842,427600.0,4246200.0,-117.8286991,38.3610459,0.8253193,0.4481755,566.64685,2.0994,0.99897,0.99994,0.99254,100.0,"Potential-field view is in its training-reference confident tail while the surface view abstains. Deeper-than-median modelled cover, anti-aligned gravity/cover normals and cross-scale gravity persistence are consistent with a covered basin-margin discontinuity. No fault displacement, geothermal fluid flow or vent has been verified at this pixel.",Lithologic contact; basin-fill model dependence on gravity; intrusive/dike boundary; processing or coverage effects. Surface-only features may instead be roads or erosion.,MODEL HYPOTHESIS ONLY — requires expert/field review
H55-A-00305,2626,1848,428200.0,4245900.0,-117.8218016,38.3583908,0.8233196,0.5411488,971.3241,3.69791,0.99998,0.99997,0.99366,200.0,"Potential-field view is in its training-reference confident tail while the surface view abstains. Deeper-than-median modelled cover, anti-aligned gravity/cover normals and cross-scale gravity persistence are consistent with a covered basin-margin discontinuity. No fault displacement, geothermal fluid flow or vent has been verified at this pixel.",Lithologic contact; basin-fill model dependence on gravity; intrusive/dike boundary; processing or coverage effects. Surface-only features may instead be roads or erosion.,MODEL HYPOTHESIS ONLY — requires expert/field review
H55-A-00306,2627,1854,428800.0,4245800.0,-117.8149247,38.3575376,0.8116827,0.4932812,1675.78918,1.48094,0.99981,1.0,0.99274,223.61,"Potential-field view is in its training-reference confident tail while the surface view abstains. Deeper-than-median modelled cover, anti-aligned gravity/cover normals and cross-scale gravity persistence are consistent with a covered basin-margin discontinuity. No fault displacement, geothermal fluid flow or vent has been verified at this pixel.",Lithologic contact; basin-fill model dependence on gravity; intrusive/dike boundary; processing or coverage effects. Surface-only features may instead be roads or erosion.,MODEL HYPOTHESIS ONLY — requires expert/field review
H55-A-00307,2629,1835,426900.0,4245600.0,-117.8366484,38.3555822,0.8187863,0.5262232,285.42593,3.64819,0.98591,0.99984,0.997,1000.0,"Potential-field view is in its training-reference confident tail while the surface view abstains. Signed normal/cover support is incomplete; do not interpret this discrepancy as proof of a buried fault. No fault displacement, geothermal fluid flow or vent has been verified at this pixel.",Lithologic contact; basin-fill model dependence on gravity; intrusive/dike boundary; processing or coverage effects. Surface-only features may instead be roads or erosion.,MODEL HYPOTHESIS ONLY — requires expert/field review
H55-A-00308,2636,1834,426800.0,4244900.0,-117.8377201,38.349266,0.8221037,0.5565272,286.05405,2.67974,0.98321,0.99898,0.99875,1414.21,"Potential-field view is in its training-reference confident tail while the surface view abstains. Signed normal/cover support is incomplete; do not interpret this discrepancy as proof of a buried fault. No fault displacement, geothermal fluid flow or vent has been verified at this pixel.",Lithologic contact; basin-fill model dependence on gravity; intrusive/dike boundary; processing or coverage effects. Surface-only features may instead be roads or erosion.,MODEL HYPOTHESIS ONLY — requires expert/field review
H55-A-00309,2640,1833,426700.0,4244500.0,-117.8388229,38.3456533,0.8246008,0.5884899,273.38388,3.39973,0.98409,0.99888,0.99911,1513.27,"Potential-field view is in its training-reference confident tail while the surface view abstains. Signed normal/cover support is incomplete; do not interpret this discrepancy as proof of a buried fault. No fault displacement, geothermal fluid flow or vent has been verified at this pixel.",Lithologic contact; basin-fill model dependence on gravity; intrusive/dike boundary; processing or coverage effects. Surface-only features may instead be roads or erosion.,MODEL HYPOTHESIS ONLY — requires expert/field review
H55-A-00310,2644,1837,427100.0,4244100.0,-117.8342045,38.3420814,0.816069,0.470032,369.53238,2.04775,0.99385,0.99877,0.99819,1253.0,"Potential-field view is in its training-reference confident tail while the surface view abstains. Deeper-than-median modelled cover, anti-aligned gravity/cover normals and cross-scale gravity persistence are consistent with a covered basin-margin discontinuity. No fault displacement, geothermal fluid flow or vent has been verified at this pixel.",Lithologic contact; basin-fill model dependence on gravity; intrusive/dike boundary; processing or coverage effects. Surface-only features may instead be roads or erosion.,MODEL HYPOTHESIS ONLY — requires expert/field review
H55-A-00311,2645,1825,425900.0,4244000.0,-117.8479244,38.3410817,0.8169169,0.5645365,134.91394,3.74857,0.97847,0.99436,0.98912,1170.47,"Potential-field view is in its training-reference confident tail while the surface view abstains. Signed normal/cover support is incomplete; do not interpret this discrepancy as proof of a buried fault. No fault displacement, geothermal fluid flow or vent has been verified at this pixel.",Lithologic contact; basin-fill model dependence on gravity; intrusive/dike boundary; processing or coverage effects. Surface-only features may instead be roads or erosion.,MODEL HYPOTHESIS ONLY — requires expert/field review
H55-A-00312,2648,1833,426700.0,4243700.0,-117.8387397,38.3384441,0.822208,0.5871153,287.45694,3.62566,0.99683,0.99821,0.9876,1788.85,"Potential-field view is in its training-reference confident tail while the surface view abstains. Signed normal/cover support is incomplete; do not interpret this discrepancy as proof of a buried fault. No fault displacement, geothermal fluid flow or vent has been verified at this pixel.",Lithologic contact; basin-fill model dependence on gravity; intrusive/dike boundary; processing or coverage effects. Surface-only features may instead be roads or erosion.,MODEL HYPOTHESIS ONLY — requires expert/field review
H55-A-00313,2650,1839,427300.0,4243500.0,-117.8318543,38.3366908,0.8195457,0.4181224,491.7114,1.66582,0.99977,0.99994,0.99126,1414.21,"Potential-field view is in its training-reference confident tail while the surface view abstains. Deeper-than-median modelled cover, anti-aligned gravity/cover normals and cross-scale gravity persistence are consistent with a covered basin-margin discontinuity. No fault displacement, geothermal fluid flow or vent has been verified at this pixel.",Lithologic contact; basin-fill model dependence on gravity; intrusive/dike boundary; processing or coverage effects. Surface-only features may instead be roads or erosion.,MODEL HYPOTHESIS ONLY — requires expert/field review
H55-A-00314,2651,1830,426400.0,4243400.0,-117.8421409,38.3357161,0.8155143,0.6100181,222.25314,4.56678,0.99804,1.0,0.97403,1552.42,"Potential-field view is in its training-reference confident tail while the surface view abstains. Signed normal/cover support is incomplete; do not interpret this discrepancy as proof of a buried fault. No fault displacement, geothermal fluid flow or vent has been verified at this pixel.",Lithologic contact; basin-fill model dependence on gravity; intrusive/dike boundary; processing or coverage effects. Surface-only features may instead be roads or erosion.,MODEL HYPOTHESIS ONLY — requires expert/field review
H55-A-00315,2651,1835,426900.0,4243400.0,-117.8364204,38.3357571,0.8107764,0.5377575,339.25201,2.99865,0.99836,0.99997,0.98427,1780.45,"Potential-field view is in its training-reference confident tail while the surface view abstains. Deeper-than-median modelled cover, anti-aligned gravity/cover normals and cross-scale gravity persistence are consistent with a covered basin-margin discontinuity. No fault displacement, geothermal fluid flow or vent has been verified at this pixel.",Lithologic contact; basin-fill model dependence on gravity; intrusive/dike boundary; processing or coverage effects. Surface-only features may instead be roads or erosion.,MODEL HYPOTHESIS ONLY — requires expert/field review
H55-A-00316,2653,1833,426700.0,4243200.0,-117.8386878,38.3339384,0.8161254,0.4998822,292.40161,3.07259,0.98651,0.99808,0.98259,1811.08,"Potential-field view is in its training-reference confident tail while the surface view abstains. Signed normal/cover support is incomplete; do not interpret this discrepancy as proof of a buried fault. No fault displacement, geothermal fluid flow or vent has been verified at this pixel.",Lithologic contact; basin-fill model dependence on gravity; intrusive/dike boundary; processing or coverage effects. Surface-only features may instead be roads or erosion.,MODEL HYPOTHESIS ONLY — requires expert/field review
H55-A-00317,2655,1826,426000.0,4243000.0,-117.8466753,38.3320786,0.8114075,0.6076483,149.86348,4.73062,0.96882,0.99499,0.97434,1100.0,"Potential-field view is in its training-reference confident tail while the surface view abstains. Signed normal/cover support is incomplete; do not interpret this discrepancy as proof of a buried fault. No fault displacement, geothermal fluid flow or vent has been verified at this pixel.",Lithologic contact; basin-fill model dependence on gravity; intrusive/dike boundary; processing or coverage effects. Surface-only features may instead be roads or erosion.,MODEL HYPOTHESIS ONLY — requires expert/field review
H55-A-00318,2655,1836,427000.0,4243000.0,-117.8352349,38.3321607,0.8275711,0.5054051,360.55002,2.65755,0.97554,0.9959,0.99097,1979.9,"Potential-field view is in its training-reference confident tail while the surface view abstains. Deeper-than-median modelled cover, anti-aligned gravity/cover normals and cross-scale gravity persistence are consistent with a covered basin-margin discontinuity. No fault displacement, geothermal fluid flow or vent has been verified at this pixel.",Lithologic contact; basin-fill model dependence on gravity; intrusive/dike boundary; processing or coverage effects. Surface-only features may instead be roads or erosion.,MODEL HYPOTHESIS ONLY — requires expert/field review
H55-A-00319,2658,1834,426800.0,4242700.0,-117.8374919,38.3294409,0.8377505,0.5131103,313.26465,3.0373,0.96352,0.9956,0.99443,1900.0,"Potential-field view is in its training-reference confident tail while the surface view abstains. Signed normal/cover support is incomplete; do not interpret this discrepancy as proof of a buried fault. No fault displacement, geothermal fluid flow or vent has been verified at this pixel.",Lithologic contact; basin-fill model dependence on gravity; intrusive/dike boundary; processing or coverage effects. Surface-only features may instead be roads or erosion.,MODEL HYPOTHESIS ONLY — requires expert/field review
H55-A-00320,2660,1831,426500.0,4242500.0,-117.840903,38.3276141,0.824962,0.5249438,245.61403,3.05613,0.96094,0.99746,0.99416,1603.12,"Potential-field view is in its training-reference confident tail while the surface view abstains. Signed normal/cover support is incomplete; do not interpret this discrepancy as proof of a buried fault. No fault displacement, geothermal fluid flow or vent has been verified at this pixel.",Lithologic contact; basin-fill model dependence on gravity; intrusive/dike boundary; processing or coverage effects. Surface-only features may instead be roads or erosion.,MODEL HYPOTHESIS ONLY — requires expert/field review
H55-A-00321,2660,1838,427200.0,4242500.0,-117.8328952,38.3276712,0.8116122,0.3973908,424.56824,1.14943,0.97454,0.99793,0.99417,2102.38,"Potential-field view is in its training-reference confident tail while the surface view abstains. Deeper-than-median modelled cover, anti-aligned gravity/cover normals and cross-scale gravity persistence are consistent with a covered basin-margin discontinuity. No fault displacement, geothermal fluid flow or vent has been verified at this pixel.",Lithologic contact; basin-fill model dependence on gravity; intrusive/dike boundary; processing or coverage effects. Surface-only features may instead be roads or erosion.,MODEL HYPOTHESIS ONLY — requires expert/field review
H55-A-00322,2661,1828,426200.0,4242400.0,-117.8443245,38.3266883,0.8261375,0.5411846,179.27524,2.92032,0.95917,0.99783,0.99156,1315.29,"Potential-field view is in its training-reference confident tail while the surface view abstains. Signed normal/cover support is incomplete; do not interpret this discrepancy as proof of a buried fault. No fault displacement, geothermal fluid flow or vent has been verified at this pixel.",Lithologic contact; basin-fill model dependence on gravity; intrusive/dike boundary; processing or coverage effects. Surface-only features may instead be roads or erosion.,MODEL HYPOTHESIS ONLY — requires expert/field review
H55-A-00323,2968,1340,377400.0,4211700.0,-118.3972134,38.0447365,0.8750364,0.562114,293.82117,7.22518,0.9176,0.99993,0.97619,200.0,"Potential-field view is in its training-reference confident tail while the surface view abstains. Signed normal/cover support is incomplete; do not interpret this discrepancy as proof of a buried fault. No fault displacement, geothermal fluid flow or vent has been verified at this pixel.",Lithologic contact; basin-fill model dependence on gravity; intrusive/dike boundary; processing or coverage effects. Surface-only features may instead be roads or erosion.,MODEL HYPOTHESIS ONLY — requires expert/field review
H55-A-00324,2969,1207,364100.0,4211600.0,-118.5487197,38.0419367,0.8205464,0.4950731,762.50232,19.41372,0.87415,1.0,0.86776,141.42,"Potential-field view is in its training-reference confident tail while the surface view abstains. Deeper-than-median modelled cover, anti-aligned gravity/cover normals and cross-scale gravity persistence are consistent with a covered basin-margin discontinuity. No fault displacement, geothermal fluid flow or vent has been verified at this pixel.",Lithologic contact; basin-fill model dependence on gravity; intrusive/dike boundary; processing or coverage effects. Surface-only features may instead be roads or erosion.,MODEL HYPOTHESIS ONLY — requires expert/field review
H55-A-00325,2969,1240,367400.0,4211600.0,-118.511125,38.042426,0.8336778,0.5691112,699.08441,6.29841,0.85234,0.99986,0.99683,500.0,"Potential-field view is in its training-reference confident tail while the surface view abstains. Deeper-than-median modelled cover, anti-aligned gravity/cover normals and cross-scale gravity persistence are consistent with a covered basin-margin discontinuity. No fault displacement, geothermal fluid flow or vent has been verified at this pixel.",Lithologic contact; basin-fill model dependence on gravity; intrusive/dike boundary; processing or coverage effects. Surface-only features may instead be roads or erosion.,MODEL HYPOTHESIS ONLY — requires expert/field review
H55-A-00326,2969,1252,368600.0,4211600.0,-118.497454,38.042601,0.8381512,0.5259268,642.97656,4.13761,0.8958,0.99855,0.95569,632.46,"Potential-field view is in its training-reference confident tail while the surface view abstains. Deeper-than-median modelled cover, anti-aligned gravity/cover normals and cross-scale gravity persistence are consistent with a covered basin-margin discontinuity. No fault displacement, geothermal fluid flow or vent has been verified at this pixel.",Lithologic contact; basin-fill model dependence on gravity; intrusive/dike boundary; processing or coverage effects. Surface-only features may instead be roads or erosion.,MODEL HYPOTHESIS ONLY — requires expert/field review
H55-A-00327,2969,1261,369500.0,4211600.0,-118.4872006,38.0427312,0.8693763,0.5119003,610.08783,5.30522,0.89752,0.99234,0.96855,141.42,"Potential-field view is in its training-reference confident tail while the surface view abstains. Deeper-than-median modelled cover, anti-aligned gravity/cover normals and cross-scale gravity persistence are consistent with a covered basin-margin discontinuity. No fault displacement, geothermal fluid flow or vent has been verified at this pixel.",Lithologic contact; basin-fill model dependence on gravity; intrusive/dike boundary; processing or coverage effects. Surface-only features may instead be roads or erosion.,MODEL HYPOTHESIS ONLY — requires expert/field review
H55-A-00328,2969,1281,371500.0,4211600.0,-118.4644152,38.0430173,0.8552622,0.5016847,566.53839,6.45965,0.88383,0.99942,0.99477,141.42,"Potential-field view is in its training-reference confident tail while the surface view abstains. Deeper-than-median modelled cover, anti-aligned gravity/cover normals and cross-scale gravity persistence are consistent with a covered basin-margin discontinuity. No fault displacement, geothermal fluid flow or vent has been verified at this pixel.",Lithologic contact; basin-fill model dependence on gravity; intrusive/dike boundary; processing or coverage effects. Surface-only features may instead be roads or erosion.,MODEL HYPOTHESIS ONLY — requires expert/field review
H55-A-00329,2969,1296,373000.0,4211600.0,-118.4473259,38.0432289,0.8427534,0.6094791,499.76614,3.04863,0.94607,0.99995,0.99922,223.61,"Potential-field view is in its training-reference confident tail while the surface view abstains. Deeper-than-median modelled cover, anti-aligned gravity/cover normals and cross-scale gravity persistence are consistent with a covered basin-margin discontinuity. No fault displacement, geothermal fluid flow or vent has been verified at this pixel.",Lithologic contact; basin-fill model dependence on gravity; intrusive/dike boundary; processing or coverage effects. Surface-only features may instead be roads or erosion.,MODEL HYPOTHESIS ONLY — requires expert/field review
H55-A-00330,2969,1332,376600.0,4211600.0,-118.4063109,38.0437268,0.8686471,0.5022349,332.39343,9.36146,0.95172,0.99976,0.98767,141.42,"Potential-field view is in its training-reference confident tail while the surface view abstains. Deeper-than-median modelled cover, anti-aligned gravity/cover normals and cross-scale gravity persistence are consistent with a covered basin-margin discontinuity. No fault displacement, geothermal fluid flow or vent has been verified at this pixel.",Lithologic contact; basin-fill model dependence on gravity; intrusive/dike boundary; processing or coverage effects. Surface-only features may instead be roads or erosion.,MODEL HYPOTHESIS ONLY — requires expert/field review
H55-A-00331,2969,1336,377000.0,4211600.0,-118.4017536,38.0437813,0.881049,0.5922206,316.62918,5.75816,0.93567,0.99993,0.98431,141.42,"Potential-field view is in its training-reference confident tail while the surface view abstains. Signed normal/cover support is incomplete; do not interpret this discrepancy as proof of a buried fault. No fault displacement, geothermal fluid flow or vent has been verified at this pixel.",Lithologic contact; basin-fill model dependence on gravity; intrusive/dike boundary; processing or coverage effects. Surface-only features may instead be roads or erosion.,MODEL HYPOTHESIS ONLY — requires expert/field review
H55-A-00332,2969,1345,377900.0,4211600.0,-118.3914997,38.0439031,0.8860486,0.451563,281.8042,1.43936,0.88867,0.99994,0.9736,282.84,"Potential-field view is in its training-reference confident tail while the surface view abstains. Signed normal/cover support is incomplete; do not interpret this discrepancy as proof of a buried fault. No fault displacement, geothermal fluid flow or vent has been verified at this pixel.",Lithologic contact; basin-fill model dependence on gravity; intrusive/dike boundary; processing or coverage effects. Surface-only features may instead be roads or erosion.,MODEL HYPOTHESIS ONLY — requires expert/field review
H55-A-00333,2969,1348,378200.0,4211600.0,-118.3880817,38.0439435,0.8860486,0.4531935,270.9978,1.77367,0.886,0.99985,0.97071,141.42,"Potential-field view is in its training-reference confident tail while the surface view abstains. Signed normal/cover support is incomplete; do not interpret this discrepancy as proof of a buried fault. No fault displacement, geothermal fluid flow or vent has been verified at this pixel.",Lithologic contact; basin-fill model dependence on gravity; intrusive/dike boundary; processing or coverage effects. Surface-only features may instead be roads or erosion.,MODEL HYPOTHESIS ONLY — requires expert/field review
H55-A-00334,2970,1198,363200.0,4211500.0,-118.5589535,38.0409002,0.8499399,0.4168651,724.18274,14.41468,0.85902,0.99936,0.96795,200.0,"Potential-field view is in its training-reference confident tail while the surface view abstains. Deeper-than-median modelled cover, anti-aligned gravity/cover normals and cross-scale gravity persistence are consistent with a covered basin-margin discontinuity. No fault displacement, geothermal fluid flow or vent has been verified at this pixel.",Lithologic contact; basin-fill model dependence on gravity; intrusive/dike boundary; processing or coverage effects. Surface-only features may instead be roads or erosion.,MODEL HYPOTHESIS ONLY — requires expert/field review
H55-A-00335,2970,1202,363600.0,4211500.0,-118.5543967,38.0409605,0.8107845,0.5187544,749.8692,31.94833,0.8527,0.99998,0.95221,200.0,"Potential-field view is in its training-reference confident tail while the surface view abstains. Deeper-than-median modelled cover, anti-aligned gravity/cover normals and cross-scale gravity persistence are consistent with a covered basin-margin discontinuity. No fault displacement, geothermal fluid flow or vent has been verified at this pixel.",Lithologic contact; basin-fill model dependence on gravity; intrusive/dike boundary; processing or coverage effects. Surface-only features may instead be roads or erosion.,MODEL HYPOTHESIS ONLY — requires expert/field review
H55-A-00336,2970,1214,364800.0,4211500.0,-118.5407262,38.0411405,0.8488793,0.5984713,783.36127,18.34058,0.96889,0.97145,0.5166,200.0,"Potential-field view is in its training-reference confident tail while the surface view abstains. Deeper-than-median modelled cover, anti-aligned gravity/cover normals and cross-scale gravity persistence are consistent with a covered basin-margin discontinuity. No fault displacement, geothermal fluid flow or vent has been verified at this pixel.",Lithologic contact; basin-fill model dependence on gravity; intrusive/dike boundary; processing or coverage effects. Surface-only features may instead be roads or erosion.,MODEL HYPOTHESIS ONLY — requires expert/field review
H55-A-00337,2970,1217,365100.0,4211500.0,-118.5373086,38.0411853,0.8119696,0.4775601,784.30634,25.1782,0.88882,0.99693,0.77486,424.26,"Potential-field view is in its training-reference confident tail while the surface view abstains. Deeper-than-median modelled cover, anti-aligned gravity/cover normals and cross-scale gravity persistence are consistent with a covered basin-margin discontinuity. No fault displacement, geothermal fluid flow or vent has been verified at this pixel.",Lithologic contact; basin-fill model dependence on gravity; intrusive/dike boundary; processing or coverage effects. Surface-only features may instead be roads or erosion.,MODEL HYPOTHESIS ONLY — requires expert/field review
H55-A-00338,2970,1243,367700.0,4211500.0,-118.5076888,38.0415689,0.8580172,0.5604253,690.80939,4.20407,0.86452,1.0,0.99341,781.02,"Potential-field view is in its training-reference confident tail while the surface view abstains. Deeper-than-median modelled cover, anti-aligned gravity/cover normals and cross-scale gravity persistence are consistent with a covered basin-margin discontinuity. No fault displacement, geothermal fluid flow or vent has been verified at this pixel.",Lithologic contact; basin-fill model dependence on gravity; intrusive/dike boundary; processing or coverage effects. Surface-only features may instead be roads or erosion.,MODEL HYPOTHESIS ONLY — requires expert/field review
H55-A-00339,2970,1248,368200.0,4211500.0,-118.5019926,38.0416419,0.8543902,0.5298715,667.45496,4.42375,0.88204,0.99992,0.97862,1029.56,"Potential-field view is in its training-reference confident tail while the surface view abstains. Deeper-than-median modelled cover, anti-aligned gravity/cover normals and cross-scale gravity persistence are consistent with a covered basin-margin discontinuity. No fault displacement, geothermal fluid flow or vent has been verified at this pixel.",Lithologic contact; basin-fill model dependence on gravity; intrusive/dike boundary; processing or coverage effects. Surface-only features may instead be roads or erosion.,MODEL HYPOTHESIS ONLY — requires expert/field review
H55-A-00340,2970,1257,369100.0,4211500.0,-118.4917394,38.0417724,0.85495,0.4823686,631.09296,1.86782,0.94517,0.98477,0.96365,223.61,"Potential-field view is in its training-reference confident tail while the surface view abstains. Deeper-than-median modelled cover, anti-aligned gravity/cover normals and cross-scale gravity persistence are consistent with a covered basin-margin discontinuity. No fault displacement, geothermal fluid flow or vent has been verified at this pixel.",Lithologic contact; basin-fill model dependence on gravity; intrusive/dike boundary; processing or coverage effects. Surface-only features may instead be roads or erosion.,MODEL HYPOTHESIS ONLY — requires expert/field review
H55-A-00341,2970,1267,370100.0,4211500.0,-118.4803469,38.0419165,0.8728111,0.5678704,607.39941,1.77047,0.8174,0.99403,0.98628,200.0,"Potential-field view is in its training-reference confident tail while the surface view abstains. Deeper-than-median modelled cover, anti-aligned gravity/cover normals and cross-scale gravity persistence are consistent with a covered basin-margin discontinuity. No fault displacement, geothermal fluid flow or vent has been verified at this pixel.",Lithologic contact; basin-fill model dependence on gravity; intrusive/dike boundary; processing or coverage effects. Surface-only features may instead be roads or erosion.,MODEL HYPOTHESIS ONLY — requires expert/field review
H55-A-00342,2970,1272,370600.0,4211500.0,-118.4746506,38.0419881,0.8683595,0.5101063,601.00134,2.91609,0.84399,0.99743,0.99043,223.61,"Potential-field view is in its training-reference confident tail while the surface view abstains. Deeper-than-median modelled cover, anti-aligned gravity/cover normals and cross-scale gravity persistence are consistent with a covered basin-margin discontinuity. No fault displacement, geothermal fluid flow or vent has been verified at this pixel.",Lithologic contact; basin-fill model dependence on gravity; intrusive/dike boundary; processing or coverage effects. Surface-only features may instead be roads or erosion.,MODEL HYPOTHESIS ONLY — requires expert/field review
H55-A-00343,2970,1275,370900.0,4211500.0,-118.4712328,38.0420309,0.8704144,0.5007346,592.05359,4.5969,0.86571,0.99861,0.99262,412.31,"Potential-field view is in its training-reference confident tail while the surface view abstains. Deeper-than-median modelled cover, anti-aligned gravity/cover normals and cross-scale gravity persistence are consistent with a covered basin-margin discontinuity. No fault displacement, geothermal fluid flow or vent has been verified at this pixel.",Lithologic contact; basin-fill model dependence on gravity; intrusive/dike boundary; processing or coverage effects. Surface-only features may instead be roads or erosion.,MODEL HYPOTHESIS ONLY — requires expert/field review
H55-A-00344,2970,1278,371200.0,4211500.0,-118.467815,38.0420736,0.8696852,0.4787816,583.10577,5.03749,0.8733,0.99899,0.99437,141.42,"Potential-field view is in its training-reference confident tail while the surface view abstains. Deeper-than-median modelled cover, anti-aligned gravity/cover normals and cross-scale gravity persistence are consistent with a covered basin-margin discontinuity. No fault displacement, geothermal fluid flow or vent has been verified at this pixel.",Lithologic contact; basin-fill model dependence on gravity; intrusive/dike boundary; processing or coverage effects. Surface-only features may instead be roads or erosion.,MODEL HYPOTHESIS ONLY — requires expert/field review
H55-A-00345,2970,1283,371700.0,4211500.0,-118.4621187,38.0421446,0.8552622,0.5692653,566.87103,10.75383,0.89432,0.99949,0.99633,300.0,"Potential-field view is in its training-reference confident tail while the surface view abstains. Deeper-than-median modelled cover, anti-aligned gravity/cover normals and cross-scale gravity persistence are consistent with a covered basin-margin discontinuity. No fault displacement, geothermal fluid flow or vent has been verified at this pixel.",Lithologic contact; basin-fill model dependence on gravity; intrusive/dike boundary; processing or coverage effects. Surface-only features may instead be roads or erosion.,MODEL HYPOTHESIS ONLY — requires expert/field review
H55-A-00346,2970,1293,372700.0,4211500.0,-118.450726,38.0422858,0.8255661,0.5284158,523.0567,3.83922,0.93239,0.99986,0.99907,100.0,"Potential-field view is in its training-reference confident tail while the surface view abstains. Deeper-than-median modelled cover, anti-aligned gravity/cover normals and cross-scale gravity persistence are consistent with a covered basin-margin discontinuity. No fault displacement, geothermal fluid flow or vent has been verified at this pixel.",Lithologic contact; basin-fill model dependence on gravity; intrusive/dike boundary; processing or coverage effects. Surface-only features may instead be roads or erosion.,MODEL HYPOTHESIS ONLY — requires expert/field review
H55-A-00347,2970,1308,374200.0,4211500.0,-118.4336368,38.0424955,0.8608173,0.5744669,441.99521,4.87351,0.96319,0.99988,0.99689,670.82,"Potential-field view is in its training-reference confident tail while the surface view abstains. Deeper-than-median modelled cover, anti-aligned gravity/cover normals and cross-scale gravity persistence are consistent with a covered basin-margin discontinuity. No fault displacement, geothermal fluid flow or vent has been verified at this pixel.",Lithologic contact; basin-fill model dependence on gravity; intrusive/dike boundary; processing or coverage effects. Surface-only features may instead be roads or erosion.,MODEL HYPOTHESIS ONLY — requires expert/field review
H55-A-00348,2970,1322,375600.0,4211500.0,-118.4176867,38.0426889,0.847692,0.5486529,377.14514,2.1536,0.97416,0.99962,0.99623,500.0,"Potential-field view is in its training-reference confident tail while the surface view abstains. Deeper-than-median modelled cover, anti-aligned gravity/cover normals and cross-scale gravity persistence are consistent with a covered basin-margin discontinuity. No fault displacement, geothermal fluid flow or vent has been verified at this pixel.",Lithologic contact; basin-fill model dependence on gravity; intrusive/dike boundary; processing or coverage effects. Surface-only features may instead be roads or erosion.,MODEL HYPOTHESIS ONLY — requires expert/field review
H55-A-00349,2970,1329,376300.0,4211500.0,-118.4097116,38.0427849,0.8685501,0.5647449,350.81976,11.07175,0.96237,0.99929,0.99157,282.84,"Potential-field view is in its training-reference confident tail while the surface view abstains. Deeper-than-median modelled cover, anti-aligned gravity/cover normals and cross-scale gravity persistence are consistent with a covered basin-margin discontinuity. No fault displacement, geothermal fluid flow or vent has been verified at this pixel.",Lithologic contact; basin-fill model dependence on gravity; intrusive/dike boundary; processing or coverage effects. Surface-only features may instead be roads or erosion.,MODEL HYPOTHESIS ONLY — requires expert/field review
H55-A-00350,2970,1339,377300.0,4211500.0,-118.3983185,38.0429209,0.8649127,0.5116764,311.69229,5.99895,0.92763,0.99957,0.98275,223.61,"Potential-field view is in its training-reference confident tail while the surface view abstains. Signed normal/cover support is incomplete; do not interpret this discrepancy as proof of a buried fault. No fault displacement, geothermal fluid flow or vent has been verified at this pixel.",Lithologic contact; basin-fill model dependence on gravity; intrusive/dike boundary; processing or coverage effects. Surface-only features may instead be roads or erosion.,MODEL HYPOTHESIS ONLY — requires expert/field review
H55-A-00351,2970,1370,380400.0,4211500.0,-118.3629995,38.0433358,0.8412887,0.4038225,213.16727,1.66844,0.87694,0.99721,0.92803,1627.88,"Potential-field view is in its training-reference confident tail while the surface view abstains. Signed normal/cover support is incomplete; do not interpret this discrepancy as proof of a buried fault. No fault displacement, geothermal fluid flow or vent has been verified at this pixel.",Lithologic contact; basin-fill model dependence on gravity; intrusive/dike boundary; processing or coverage effects. Surface-only features may instead be roads or erosion.,MODEL HYPOTHESIS ONLY — requires expert/field review
H55-A-00352,2970,1376,381000.0,4211500.0,-118.3561635,38.0434149,0.8261935,0.4472075,208.69035,2.00389,0.85985,0.46319,0.61773,1253.0,"Potential-field view is in its training-reference confident tail while the surface view abstains. Signed normal/cover support is incomplete; do not interpret this discrepancy as proof of a buried fault. No fault displacement, geothermal fluid flow or vent has been verified at this pixel.",Lithologic contact; basin-fill model dependence on gravity; intrusive/dike boundary; processing or coverage effects. Surface-only features may instead be roads or erosion.,MODEL HYPOTHESIS ONLY — requires expert/field review
H55-A-00353,2970,1385,381900.0,4211500.0,-118.3459094,38.0435327,0.8378626,0.4686472,213.85248,1.39173,-0.11776,0.92003,0.96431,632.46,"Potential-field view is in its training-reference confident tail while the surface view abstains. Signed normal/cover support is incomplete; do not interpret this discrepancy as proof of a buried fault. No fault displacement, geothermal fluid flow or vent has been verified at this pixel.",Lithologic contact; basin-fill model dependence on gravity; intrusive/dike boundary; processing or coverage effects. Surface-only features may instead be roads or erosion.,MODEL HYPOTHESIS ONLY — requires expert/field review
H55-A-00354,2970,1389,382300.0,4211500.0,-118.341352,38.0435848,0.8381954,0.53645,215.56648,2.60947,-0.20122,0.88416,0.92892,632.46,"Potential-field view is in its training-reference confident tail while the surface view abstains. Signed normal/cover support is incomplete; do not interpret this discrepancy as proof of a buried fault. No fault displacement, geothermal fluid flow or vent has been verified at this pixel.",Lithologic contact; basin-fill model dependence on gravity; intrusive/dike boundary; processing or coverage effects. Surface-only features may instead be roads or erosion.,MODEL HYPOTHESIS ONLY — requires expert/field review
H55-A-00355,2970,1392,382600.0,4211500.0,-118.337934,38.0436238,0.8381954,0.5541258,216.85086,4.64287,-0.51902,0.3513,0.8382,781.02,"Potential-field view is in its training-reference confident tail while the surface view abstains. Signed normal/cover support is incomplete; do not interpret this discrepancy as proof of a buried fault. No fault displacement, geothermal fluid flow or vent has been verified at this pixel.",Lithologic contact; basin-fill model dependence on gravity; intrusive/dike boundary; processing or coverage effects. Surface-only features may instead be roads or erosion.,MODEL HYPOTHESIS ONLY — requires expert/field review
H55-A-00356,2971,1263,369700.0,4211400.0,-118.4848857,38.040958,0.8391251,0.4701474,619.08636,2.3744,0.87674,0.99049,0.98717,223.61,"Potential-field view is in its training-reference confident tail while the surface view abstains. Deeper-than-median modelled cover, anti-aligned gravity/cover normals and cross-scale gravity persistence are consistent with a covered basin-margin discontinuity. No fault displacement, geothermal fluid flow or vent has been verified at this pixel.",Lithologic contact; basin-fill model dependence on gravity; intrusive/dike boundary; processing or coverage effects. Surface-only features may instead be roads or erosion.,MODEL HYPOTHESIS ONLY — requires expert/field review
H55-A-00357,2971,1295,372900.0,4211400.0,-118.4484297,38.0414129,0.8460497,0.5318814,519.2392,3.01313,0.93825,0.99993,0.99951,316.23,"Potential-field view is in its training-reference confident tail while the surface view abstains. Deeper-than-median modelled cover, anti-aligned gravity/cover normals and cross-scale gravity persistence are consistent with a covered basin-margin discontinuity. No fault displacement, geothermal fluid flow or vent has been verified at this pixel.",Lithologic contact; basin-fill model dependence on gravity; intrusive/dike boundary; processing or coverage effects. Surface-only features may instead be roads or erosion.,MODEL HYPOTHESIS ONLY — requires expert/field review
H55-A-00358,2971,1314,374800.0,4211400.0,-118.4267836,38.0416777,0.8505273,0.6090784,418.48209,5.17116,0.97032,0.99993,0.99088,670.82,"Potential-field view is in its training-reference confident tail while the surface view abstains. Deeper-than-median modelled cover, anti-aligned gravity/cover normals and cross-scale gravity persistence are consistent with a covered basin-margin discontinuity. No fault displacement, geothermal fluid flow or vent has been verified at this pixel.",Lithologic contact; basin-fill model dependence on gravity; intrusive/dike boundary; processing or coverage effects. Surface-only features may instead be roads or erosion.,MODEL HYPOTHESIS ONLY — requires expert/field review
H55-A-00359,2971,1344,377800.0,4211400.0,-118.3926049,38.0420876,0.8881147,0.6097797,298.6116,3.36634,0.90335,0.9998,0.98154,223.61,"Potential-field view is in its training-reference confident tail while the surface view abstains. Signed normal/cover support is incomplete; do not interpret this discrepancy as proof of a buried fault. No fault displacement, geothermal fluid flow or vent has been verified at this pixel.",Lithologic contact; basin-fill model dependence on gravity; intrusive/dike boundary; processing or coverage effects. Surface-only features may instead be roads or erosion.,MODEL HYPOTHESIS ONLY — requires expert/field review
H55-A-00360,2971,1352,378600.0,4211400.0,-118.3834904,38.0421952,0.8885026,0.4255976,267.27911,0.77916,0.88589,0.99956,0.97673,223.61,"Potential-field view is in its training-reference confident tail while the surface view abstains. Signed normal/cover support is incomplete; do not interpret this discrepancy as proof of a buried fault. No fault displacement, geothermal fluid flow or vent has been verified at this pixel.",Lithologic contact; basin-fill model dependence on gravity; intrusive/dike boundary; processing or coverage effects. Surface-only features may instead be roads or erosion.,MODEL HYPOTHESIS ONLY — requires expert/field review
H55-A-00361,2971,1367,380100.0,4211400.0,-118.3664007,38.0423951,0.8304125,0.4426525,224.22,1.28655,0.8742,0.99927,0.9575,1431.78,"Potential-field view is in its training-reference confident tail while the surface view abstains. Signed normal/cover support is incomplete; do not interpret this discrepancy as proof of a buried fault. No fault displacement, geothermal fluid flow or vent has been verified at this pixel.",Lithologic contact; basin-fill model dependence on gravity; intrusive/dike boundary; processing or coverage effects. Surface-only features may instead be roads or erosion.,MODEL HYPOTHESIS ONLY — requires expert/field review
H55-A-00362,2971,1372,380600.0,4211400.0,-118.3607041,38.0424612,0.8177933,0.4010885,212.65215,1.45853,0.8512,0.99776,0.90478,1503.33,"Potential-field view is in its training-reference confident tail while the surface view abstains. Signed normal/cover support is incomplete; do not interpret this discrepancy as proof of a buried fault. No fault displacement, geothermal fluid flow or vent has been verified at this pixel.",Lithologic contact; basin-fill model dependence on gravity; intrusive/dike boundary; processing or coverage effects. Surface-only features may instead be roads or erosion.,MODEL HYPOTHESIS ONLY — requires expert/field review
H55-A-00363,2971,1379,381300.0,4211400.0,-118.3527289,38.0425532,0.8261935,0.410408,214.80542,2.19459,0.19725,0.56353,0.69856,943.4,"Potential-field view is in its training-reference confident tail while the surface view abstains. Signed normal/cover support is incomplete; do not interpret this discrepancy as proof of a buried fault. No fault displacement, geothermal fluid flow or vent has been verified at this pixel.",Lithologic contact; basin-fill model dependence on gravity; intrusive/dike boundary; processing or coverage effects. Surface-only features may instead be roads or erosion.,MODEL HYPOTHESIS ONLY — requires expert/field review
H55-A-00364,2971,1382,381600.0,4211400.0,-118.3493109,38.0425925,0.8398945,0.4197769,216.79718,3.78176,-0.10698,0.75533,0.91355,707.11,"Potential-field view is in its training-reference confident tail while the surface view abstains. Signed normal/cover support is incomplete; do not interpret this discrepancy as proof of a buried fault. No fault displacement, geothermal fluid flow or vent has been verified at this pixel.",Lithologic contact; basin-fill model dependence on gravity; intrusive/dike boundary; processing or coverage effects. Surface-only features may instead be roads or erosion.,MODEL HYPOTHESIS ONLY — requires expert/field review
H55-A-00365,2971,1387,382100.0,4211400.0,-118.3436142,38.0426578,0.8378626,0.4300984,219.53644,2.01421,-0.16205,0.85275,0.95201,500.0,"Potential-field view is in its training-reference confident tail while the surface view abstains. Signed normal/cover support is incomplete; do not interpret this discrepancy as proof of a buried fault. No fault displacement, geothermal fluid flow or vent has been verified at this pixel.",Lithologic contact; basin-fill model dependence on gravity; intrusive/dike boundary; processing or coverage effects. Surface-only features may instead be roads or erosion.,MODEL HYPOTHESIS ONLY — requires expert/field review
H55-A-00366,2972,1232,366600.0,4211300.0,-118.520183,38.0396056,0.8413936,0.5139304,756.74347,8.81912,0.85766,0.99997,0.9937,100.0,"Potential-field view is in its training-reference confident tail while the surface view abstains. Deeper-than-median modelled cover, anti-aligned gravity/cover normals and cross-scale gravity persistence are consistent with a covered basin-margin discontinuity. No fault displacement, geothermal fluid flow or vent has been verified at this pixel.",Lithologic contact; basin-fill model dependence on gravity; intrusive/dike boundary; processing or coverage effects. Surface-only features may instead be roads or erosion.,MODEL HYPOTHESIS ONLY — requires expert/field review
H55-A-00367,2972,1251,368500.0,4211300.0,-118.4985381,38.0398835,0.8544266,0.5151244,665.66119,5.50294,0.92683,0.9953,0.97298,854.4,"Potential-field view is in its training-reference confident tail while the surface view abstains. Deeper-than-median modelled cover, anti-aligned gravity/cover normals and cross-scale gravity persistence are consistent with a covered basin-margin discontinuity. No fault displacement, geothermal fluid flow or vent has been verified at this pixel.",Lithologic contact; basin-fill model dependence on gravity; intrusive/dike boundary; processing or coverage effects. Surface-only features may instead be roads or erosion.,MODEL HYPOTHESIS ONLY — requires expert/field review
H55-A-00368,2972,1268,370200.0,4211300.0,-118.4791714,38.0401288,0.8524626,0.5187662,620.44843,0.96239,0.82021,0.99453,0.99375,200.0,"Potential-field view is in its training-reference confident tail while the surface view abstains. Deeper-than-median modelled cover, anti-aligned gravity/cover normals and cross-scale gravity persistence are consistent with a covered basin-margin discontinuity. No fault displacement, geothermal fluid flow or vent has been verified at this pixel.",Lithologic contact; basin-fill model dependence on gravity; intrusive/dike boundary; processing or coverage effects. Surface-only features may instead be roads or erosion.,MODEL HYPOTHESIS ONLY — requires expert/field review
H55-A-00369,2972,1285,371900.0,4211300.0,-118.4598044,38.040371,0.8519484,0.5275398,573.31097,4.57759,0.90077,0.99971,0.99793,412.31,"Potential-field view is in its training-reference confident tail while the surface view abstains. Deeper-than-median modelled cover, anti-aligned gravity/cover normals and cross-scale gravity persistence are consistent with a covered basin-margin discontinuity. No fault displacement, geothermal fluid flow or vent has been verified at this pixel.",Lithologic contact; basin-fill model dependence on gravity; intrusive/dike boundary; processing or coverage effects. Surface-only features may instead be roads or erosion.,MODEL HYPOTHESIS ONLY — requires expert/field review
H55-A-00370,2972,1311,374500.0,4211300.0,-118.4301839,38.0407351,0.8605865,0.6029865,439.39035,5.48303,0.96095,0.99976,0.99235,800.0,"Potential-field view is in its training-reference confident tail while the surface view abstains. Deeper-than-median modelled cover, anti-aligned gravity/cover normals and cross-scale gravity persistence are consistent with a covered basin-margin discontinuity. No fault displacement, geothermal fluid flow or vent has been verified at this pixel.",Lithologic contact; basin-fill model dependence on gravity; intrusive/dike boundary; processing or coverage effects. Surface-only features may instead be roads or erosion.,MODEL HYPOTHESIS ONLY — requires expert/field review
H55-A-00371,2972,1327,376100.0,4211300.0,-118.4119556,38.0409555,0.8685501,0.5914168,372.84781,4.14681,0.96649,0.99945,0.9933,282.84,"Potential-field view is in its training-reference confident tail while the surface view abstains. Deeper-than-median modelled cover, anti-aligned gravity/cover normals and cross-scale gravity persistence are consistent with a covered basin-margin discontinuity. No fault displacement, geothermal fluid flow or vent has been verified at this pixel.",Lithologic contact; basin-fill model dependence on gravity; intrusive/dike boundary; processing or coverage effects. Surface-only features may instead be roads or erosion.,MODEL HYPOTHESIS ONLY — requires expert/field review
H55-A-00372,2972,1333,376700.0,4211300.0,-118.4051199,38.0410374,0.8836117,0.5951387,350.16116,6.92813,0.95018,0.9998,0.98883,141.42,"Potential-field view is in its training-reference confident tail while the surface view abstains. Deeper-than-median modelled cover, anti-aligned gravity/cover normals and cross-scale gravity persistence are consistent with a covered basin-margin discontinuity. No fault displacement, geothermal fluid flow or vent has been verified at this pixel.",Lithologic contact; basin-fill model dependence on gravity; intrusive/dike boundary; processing or coverage effects. Surface-only features may instead be roads or erosion.,MODEL HYPOTHESIS ONLY — requires expert/field review
H55-A-00373,2972,1336,377000.0,4211300.0,-118.4017021,38.0410782,0.88368,0.5897985,337.89725,8.37505,0.93949,0.99988,0.98842,360.56,"Potential-field view is in its training-reference confident tail while the surface view abstains. Deeper-than-median modelled cover, anti-aligned gravity/cover normals and cross-scale gravity persistence are consistent with a covered basin-margin discontinuity. No fault displacement, geothermal fluid flow or vent has been verified at this pixel.",Lithologic contact; basin-fill model dependence on gravity; intrusive/dike boundary; processing or coverage effects. Surface-only features may instead be roads or erosion.,MODEL HYPOTHESIS ONLY — requires expert/field review
H55-A-00374,2972,1350,378400.0,4211300.0,-118.3857521,38.0412673,0.8885026,0.5817772,280.76935,1.94916,0.89902,0.99972,0.98259,223.61,"Potential-field view is in its training-reference confident tail while the surface view abstains. Signed normal/cover support is incomplete; do not interpret this discrepancy as proof of a buried fault. No fault displacement, geothermal fluid flow or vent has been verified at this pixel.",Lithologic contact; basin-fill model dependence on gravity; intrusive/dike boundary; processing or coverage effects. Surface-only features may instead be roads or erosion.,MODEL HYPOTHESIS ONLY — requires expert/field review
H55-A-00375,2972,1377,381100.0,4211300.0,-118.3549909,38.041626,0.8261935,0.4375095,217.64737,1.64232,0.9386,0.80211,0.54615,1077.03,"Potential-field view is in its training-reference confident tail while the surface view abstains. Signed normal/cover support is incomplete; do not interpret this discrepancy as proof of a buried fault. No fault displacement, geothermal fluid flow or vent has been verified at this pixel.",Lithologic contact; basin-fill model dependence on gravity; intrusive/dike boundary; processing or coverage effects. Surface-only features may instead be roads or erosion.,MODEL HYPOTHESIS ONLY — requires expert/field review
H55-A-00376,2973,1199,363300.0,4211200.0,-118.557757,38.0382124,0.8510164,0.5223086,742.86572,8.15309,0.90089,0.99992,0.97909,200.0,"Potential-field view is in its training-reference confident tail while the surface view abstains. Deeper-than-median modelled cover, anti-aligned gravity/cover normals and cross-scale gravity persistence are consistent with a covered basin-margin discontinuity. No fault displacement, geothermal fluid flow or vent has been verified at this pixel.",Lithologic contact; basin-fill model dependence on gravity; intrusive/dike boundary; processing or coverage effects. Surface-only features may instead be roads or erosion.,MODEL HYPOTHESIS ONLY — requires expert/field review
H55-A-00377,2973,1212,364600.0,4211200.0,-118.5429479,38.0384078,0.816452,0.4231055,799.14331,29.00481,0.99675,0.95984,0.43837,141.42,"Potential-field view is in its training-reference confident tail while the surface view abstains. Deeper-than-median modelled cover, anti-aligned gravity/cover normals and cross-scale gravity persistence are consistent with a covered basin-margin discontinuity. No fault displacement, geothermal fluid flow or vent has been verified at this pixel.",Lithologic contact; basin-fill model dependence on gravity; intrusive/dike boundary; processing or coverage effects. Surface-only features may instead be roads or erosion.,MODEL HYPOTHESIS ONLY — requires expert/field review
H55-A-00378,2973,1230,366400.0,4211200.0,-118.5224428,38.0386751,0.8512232,0.498095,771.19641,10.01676,0.85386,0.99981,0.98779,141.42,"Potential-field view is in its training-reference confident tail while the surface view abstains. Deeper-than-median modelled cover, anti-aligned gravity/cover normals and cross-scale gravity persistence are consistent with a covered basin-margin discontinuity. No fault displacement, geothermal fluid flow or vent has been verified at this pixel.",Lithologic contact; basin-fill model dependence on gravity; intrusive/dike boundary; processing or coverage effects. Surface-only features may instead be roads or erosion.,MODEL HYPOTHESIS ONLY — requires expert/field review
H55-A-00379,2973,1238,367200.0,4211200.0,-118.5133293,38.0387928,0.8267924,0.6082411,733.36298,11.45282,0.87461,0.9999,0.99791,509.9,"Potential-field view is in its training-reference confident tail while the surface view abstains. Deeper-than-median modelled cover, anti-aligned gravity/cover normals and cross-scale gravity persistence are consistent with a covered basin-margin discontinuity. No fault displacement, geothermal fluid flow or vent has been verified at this pixel.",Lithologic contact; basin-fill model dependence on gravity; intrusive/dike boundary; processing or coverage effects. Surface-only features may instead be roads or erosion.,MODEL HYPOTHESIS ONLY — requires expert/field review
H55-A-00380,2973,1248,368200.0,4211200.0,-118.5019373,38.0389389,0.8236392,0.5303205,685.77106,4.72343,0.91159,0.9987,0.98518,1166.19,"Potential-field view is in its training-reference confident tail while the surface view abstains. Deeper-than-median modelled cover, anti-aligned gravity/cover normals and cross-scale gravity persistence are consistent with a covered basin-margin discontinuity. No fault displacement, geothermal fluid flow or vent has been verified at this pixel.",Lithologic contact; basin-fill model dependence on gravity; intrusive/dike boundary; processing or coverage effects. Surface-only features may instead be roads or erosion.,MODEL HYPOTHESIS ONLY — requires expert/field review
H55-A-00381,2973,1260,369400.0,4211200.0,-118.4882669,38.0391128,0.8336327,0.5707479,639.91687,4.43122,0.93083,0.98808,0.99287,141.42,"Potential-field view is in its training-reference confident tail while the surface view abstains. Deeper-than-median modelled cover, anti-aligned gravity/cover normals and cross-scale gravity persistence are consistent with a covered basin-margin discontinuity. No fault displacement, geothermal fluid flow or vent has been verified at this pixel.",Lithologic contact; basin-fill model dependence on gravity; intrusive/dike boundary; processing or coverage effects. Surface-only features may instead be roads or erosion.,MODEL HYPOTHESIS ONLY — requires expert/field review
H55-A-00382,2973,1278,371200.0,4211200.0,-118.4677611,38.0393707,0.8565188,0.4971246,605.80646,12.4494,0.87082,0.99926,0.99699,223.61,"Potential-field view is in its training-reference confident tail while the surface view abstains. Deeper-than-median modelled cover, anti-aligned gravity/cover normals and cross-scale gravity persistence are consistent with a covered basin-margin discontinuity. No fault displacement, geothermal fluid flow or vent has been verified at this pixel.",Lithologic contact; basin-fill model dependence on gravity; intrusive/dike boundary; processing or coverage effects. Surface-only features may instead be roads or erosion.,MODEL HYPOTHESIS ONLY — requires expert/field review
H55-A-00383,2973,1293,372700.0,4211200.0,-118.4506727,38.0395828,0.8432514,0.5447413,544.42993,9.23563,0.92673,0.99995,0.99956,200.0,"Potential-field view is in its training-reference confident tail while the surface view abstains. Deeper-than-median modelled cover, anti-aligned gravity/cover normals and cross-scale gravity persistence are consistent with a covered basin-margin discontinuity. No fault displacement, geothermal fluid flow or vent has been verified at this pixel.",Lithologic contact; basin-fill model dependence on gravity; intrusive/dike boundary; processing or coverage effects. Surface-only features may instead be roads or erosion.,MODEL HYPOTHESIS ONLY — requires expert/field review
H55-A-00384,2973,1296,373000.0,4211200.0,-118.447255,38.0396249,0.844718,0.5361517,527.77045,4.42766,0.93646,1.0,0.99975,500.0,"Potential-field view is in its training-reference confident tail while the surface view abstains. Deeper-than-median modelled cover, anti-aligned gravity/cover normals and cross-scale gravity persistence are consistent with a covered basin-margin discontinuity. No fault displacement, geothermal fluid flow or vent has been verified at this pixel.",Lithologic contact; basin-fill model dependence on gravity; intrusive/dike boundary; processing or coverage effects. Surface-only features may instead be roads or erosion.,MODEL HYPOTHESIS ONLY — requires expert/field review
H55-A-00385,2973,1307,374100.0,4211200.0,-118.4347233,38.0397786,0.8620335,0.5580651,467.59491,4.20748,0.95248,0.99969,0.99729,984.89,"Potential-field view is in its training-reference confident tail while the surface view abstains. Deeper-than-median modelled cover, anti-aligned gravity/cover normals and cross-scale gravity persistence are consistent with a covered basin-margin discontinuity. No fault displacement, geothermal fluid flow or vent has been verified at this pixel.",Lithologic contact; basin-fill model dependence on gravity; intrusive/dike boundary; processing or coverage effects. Surface-only features may instead be roads or erosion.,MODEL HYPOTHESIS ONLY — requires expert/field review
H55-A-00386,2973,1339,377300.0,4211200.0,-118.3982671,38.0402179,0.8881147,0.5480073,332.60452,4.6744,0.9325,0.99975,0.98808,141.42,"Potential-field view is in its training-reference confident tail while the surface view abstains. Deeper-than-median modelled cover, anti-aligned gravity/cover normals and cross-scale gravity persistence are consistent with a covered basin-margin discontinuity. No fault displacement, geothermal fluid flow or vent has been verified at this pixel.",Lithologic contact; basin-fill model dependence on gravity; intrusive/dike boundary; processing or coverage effects. Surface-only features may instead be roads or erosion.,MODEL HYPOTHESIS ONLY — requires expert/field review
H55-A-00387,2974,1206,364000.0,4211100.0,-118.5497639,38.0374169,0.8367563,0.5504605,783.0636,14.31165,0.86433,0.99836,0.91737,100.0,"Potential-field view is in its training-reference confident tail while the surface view abstains. Deeper-than-median modelled cover, anti-aligned gravity/cover normals and cross-scale gravity persistence are consistent with a covered basin-margin discontinuity. No fault displacement, geothermal fluid flow or vent has been verified at this pixel.",Lithologic contact; basin-fill model dependence on gravity; intrusive/dike boundary; processing or coverage effects. Surface-only features may instead be roads or erosion.,MODEL HYPOTHESIS ONLY — requires expert/field review
H55-A-00388,2974,1227,366100.0,4211100.0,-118.5258416,38.0377299,0.8593494,0.4661091,789.07294,9.25844,0.84487,0.9998,0.97141,100.0,"Potential-field view is in its training-reference confident tail while the surface view abstains. Deeper-than-median modelled cover, anti-aligned gravity/cover normals and cross-scale gravity persistence are consistent with a covered basin-margin discontinuity. No fault displacement, geothermal fluid flow or vent has been verified at this pixel.",Lithologic contact; basin-fill model dependence on gravity; intrusive/dike boundary; processing or coverage effects. Surface-only features may instead be roads or erosion.,MODEL HYPOTHESIS ONLY — requires expert/field review
H55-A-00389,2974,1241,367500.0,4211100.0,-118.5098932,38.0379358,0.8446638,0.5698223,724.69208,9.97282,0.88513,0.99971,0.99663,824.62,"Potential-field view is in its training-reference confident tail while the surface view abstains. Deeper-than-median modelled cover, anti-aligned gravity/cover normals and cross-scale gravity persistence are consistent with a covered basin-margin discontinuity. No fault displacement, geothermal fluid flow or vent has been verified at this pixel.",Lithologic contact; basin-fill model dependence on gravity; intrusive/dike boundary; processing or coverage effects. Surface-only features may instead be roads or erosion.,MODEL HYPOTHESIS ONLY — requires expert/field review
H55-A-00390,2974,1246,368000.0,4211100.0,-118.5041973,38.0380088,0.8487973,0.5970903,701.20734,9.40985,0.90507,0.99923,0.99112,1272.79,"Potential-field view is in its training-reference confident tail while the surface view abstains. Deeper-than-median modelled cover, anti-aligned gravity/cover normals and cross-scale gravity persistence are consistent with a covered basin-margin discontinuity. No fault displacement, geothermal fluid flow or vent has been verified at this pixel.",Lithologic contact; basin-fill model dependence on gravity; intrusive/dike boundary; processing or coverage effects. Surface-only features may instead be roads or erosion.,MODEL HYPOTHESIS ONLY — requires expert/field review
H55-A-00391,2974,1264,369800.0,4211100.0,-118.4836919,38.0382695,0.8125142,0.5297732,638.38239,2.88438,0.85049,0.99373,0.99746,141.42,"Potential-field view is in its training-reference confident tail while the surface view abstains. Deeper-than-median modelled cover, anti-aligned gravity/cover normals and cross-scale gravity persistence are consistent with a covered basin-margin discontinuity. No fault displacement, geothermal fluid flow or vent has been verified at this pixel.",Lithologic contact; basin-fill model dependence on gravity; intrusive/dike boundary; processing or coverage effects. Surface-only features may instead be roads or erosion.,MODEL HYPOTHESIS ONLY — requires expert/field review
H55-A-00392,2974,1274,370800.0,4211100.0,-118.4722999,38.0384127,0.8403704,0.4516711,625.02411,4.6784,0.85638,0.99901,0.99666,223.61,"Potential-field view is in its training-reference confident tail while the surface view abstains. Deeper-than-median modelled cover, anti-aligned gravity/cover normals and cross-scale gravity persistence are consistent with a covered basin-margin discontinuity. No fault displacement, geothermal fluid flow or vent has been verified at this pixel.",Lithologic contact; basin-fill model dependence on gravity; intrusive/dike boundary; processing or coverage effects. Surface-only features may instead be roads or erosion.,MODEL HYPOTHESIS ONLY — requires expert/field review
H55-A-00393,2974,1284,371800.0,4211100.0,-118.4609078,38.0385548,0.8573096,0.4775217,592.76221,5.1598,0.89501,0.99983,0.99814,223.61,"Potential-field view is in its training-reference confident tail while the surface view abstains. Deeper-than-median modelled cover, anti-aligned gravity/cover normals and cross-scale gravity persistence are consistent with a covered basin-margin discontinuity. No fault displacement, geothermal fluid flow or vent has been verified at this pixel.",Lithologic contact; basin-fill model dependence on gravity; intrusive/dike boundary; processing or coverage effects. Surface-only features may instead be roads or erosion.,MODEL HYPOTHESIS ONLY — requires expert/field review
H55-A-00394,2974,1310,374400.0,4211100.0,-118.431288,38.0389192,0.8625708,0.5846295,458.24295,5.83686,0.95291,0.99927,0.99228,1004.99,"Potential-field view is in its training-reference confident tail while the surface view abstains. Deeper-than-median modelled cover, anti-aligned gravity/cover normals and cross-scale gravity persistence are consistent with a covered basin-margin discontinuity. No fault displacement, geothermal fluid flow or vent has been verified at this pixel.",Lithologic contact; basin-fill model dependence on gravity; intrusive/dike boundary; processing or coverage effects. Surface-only features may instead be roads or erosion.,MODEL HYPOTHESIS ONLY — requires expert/field review
H55-A-00395,2974,1330,376400.0,4211100.0,-118.4085032,38.0391945,0.8847814,0.5509911,376.10358,6.96192,0.96344,0.99941,0.98985,100.0,"Potential-field view is in its training-reference confident tail while the surface view abstains. Deeper-than-median modelled cover, anti-aligned gravity/cover normals and cross-scale gravity persistence are consistent with a covered basin-margin discontinuity. No fault displacement, geothermal fluid flow or vent has been verified at this pixel.",Lithologic contact; basin-fill model dependence on gravity; intrusive/dike boundary; processing or coverage effects. Surface-only features may instead be roads or erosion.,MODEL HYPOTHESIS ONLY — requires expert/field review
H55-A-00396,2974,1352,378600.0,4211100.0,-118.3834396,38.0394921,0.884814,0.4485363,283.30975,1.79331,0.89314,1.0,0.98705,500.0,"Potential-field view is in its training-reference confident tail while the surface view abstains. Signed normal/cover support is incomplete; do not interpret this discrepancy as proof of a buried fault. No fault displacement, geothermal fluid flow or vent has been verified at this pixel.",Lithologic contact; basin-fill model dependence on gravity; intrusive/dike boundary; processing or coverage effects. Surface-only features may instead be roads or erosion.,MODEL HYPOTHESIS ONLY — requires expert/field review
H55-A-00397,2974,1374,380800.0,4211100.0,-118.3583756,38.0397845,0.8200761,0.4143381,223.56949,0.98456,0.83335,0.99843,0.87818,1166.19,"Potential-field view is in its training-reference confident tail while the surface view abstains. Signed normal/cover support is incomplete; do not interpret this discrepancy as proof of a buried fault. No fault displacement, geothermal fluid flow or vent has been verified at this pixel.",Lithologic contact; basin-fill model dependence on gravity; intrusive/dike boundary; processing or coverage effects. Surface-only features may instead be roads or erosion.,MODEL HYPOTHESIS ONLY — requires expert/field review
H55-A-00398,2974,1386,382000.0,4211100.0,-118.3447041,38.0399416,0.8470452,0.5727651,233.21811,2.38768,-0.07785,0.65096,0.81985,223.61,"Potential-field view is in its training-reference confident tail while the surface view abstains. Signed normal/cover support is incomplete; do not interpret this discrepancy as proof of a buried fault. No fault displacement, geothermal fluid flow or vent has been verified at this pixel.",Lithologic contact; basin-fill model dependence on gravity; intrusive/dike boundary; processing or coverage effects. Surface-only features may instead be roads or erosion.,MODEL HYPOTHESIS ONLY — requires expert/field review
H55-A-00399,2974,1390,382400.0,4211100.0,-118.340147,38.0399937,0.8470452,0.5202994,236.41199,1.31491,-0.26943,0.48897,0.83832,360.56,"Potential-field view is in its training-reference confident tail while the surface view abstains. Signed normal/cover support is incomplete; do not interpret this discrepancy as proof of a buried fault. No fault displacement, geothermal fluid flow or vent has been verified at this pixel.",Lithologic contact; basin-fill model dependence on gravity; intrusive/dike boundary; processing or coverage effects. Surface-only features may instead be roads or erosion.,MODEL HYPOTHESIS ONLY — requires expert/field review
H55-A-00400,2975,1198,363200.0,4211000.0,-118.558858,38.0363954,0.8430119,0.5425238,742.55499,15.40165,0.93311,0.99987,0.98784,282.84,"Potential-field view is in its training-reference confident tail while the surface view abstains. Deeper-than-median modelled cover, anti-aligned gravity/cover normals and cross-scale gravity persistence are consistent with a covered basin-margin discontinuity. No fault displacement, geothermal fluid flow or vent has been verified at this pixel.",Lithologic contact; basin-fill model dependence on gravity; intrusive/dike boundary; processing or coverage effects. Surface-only features may instead be roads or erosion.,MODEL HYPOTHESIS ONLY — requires expert/field review
H55-A-00401,2975,1237,367100.0,4211000.0,-118.5144314,38.0369762,0.816729,0.4801108,750.54395,10.98706,0.87519,0.99994,0.99547,500.0,"Potential-field view is in its training-reference confident tail while the surface view abstains. Deeper-than-median modelled cover, anti-aligned gravity/cover normals and cross-scale gravity persistence are consistent with a covered basin-margin discontinuity. No fault displacement, geothermal fluid flow or vent has been verified at this pixel.",Lithologic contact; basin-fill model dependence on gravity; intrusive/dike boundary; processing or coverage effects. Surface-only features may instead be roads or erosion.,MODEL HYPOTHESIS ONLY — requires expert/field review
H55-A-00402,2975,1250,368400.0,4211000.0,-118.4996222,38.0371661,0.8404053,0.5558901,688.65369,6.24874,0.92861,0.99729,0.98283,1077.03,"Potential-field view is in its training-reference confident tail while the surface view abstains. Deeper-than-median modelled cover, anti-aligned gravity/cover normals and cross-scale gravity persistence are consistent with a covered basin-margin discontinuity. No fault displacement, geothermal fluid flow or vent has been verified at this pixel.",Lithologic contact; basin-fill model dependence on gravity; intrusive/dike boundary; processing or coverage effects. Surface-only features may instead be roads or erosion.,MODEL HYPOTHESIS ONLY — requires expert/field review
H55-A-00403,2975,1266,370000.0,4211000.0,-118.4813954,38.0373972,0.8163838,0.475635,643.53961,2.72394,0.81426,0.99575,0.99842,223.61,"Potential-field view is in its training-reference confident tail while the surface view abstains. Deeper-than-median modelled cover, anti-aligned gravity/cover normals and cross-scale gravity persistence are consistent with a covered basin-margin discontinuity. No fault displacement, geothermal fluid flow or vent has been verified at this pixel.",Lithologic contact; basin-fill model dependence on gravity; intrusive/dike boundary; processing or coverage effects. Surface-only features may instead be roads or erosion.,MODEL HYPOTHESIS ONLY — requires expert/field review
H55-A-00404,2975,1269,370300.0,4211000.0,-118.4779778,38.0374402,0.8196467,0.5122878,641.04858,1.1727,0.80877,0.99719,0.99762,223.61,"Potential-field view is in its training-reference confident tail while the surface view abstains. Deeper-than-median modelled cover, anti-aligned gravity/cover normals and cross-scale gravity persistence are consistent with a covered basin-margin discontinuity. No fault displacement, geothermal fluid flow or vent has been verified at this pixel.",Lithologic contact; basin-fill model dependence on gravity; intrusive/dike boundary; processing or coverage effects. Surface-only features may instead be roads or erosion.,MODEL HYPOTHESIS ONLY — requires expert/field review
H55-A-00405,2975,1279,371300.0,4211000.0,-118.4665859,38.0375829,0.8528492,0.4907291,618.04504,14.64846,0.86813,0.99963,0.9977,223.61,"Potential-field view is in its training-reference confident tail while the surface view abstains. Deeper-than-median modelled cover, anti-aligned gravity/cover normals and cross-scale gravity persistence are consistent with a covered basin-margin discontinuity. No fault displacement, geothermal fluid flow or vent has been verified at this pixel.",Lithologic contact; basin-fill model dependence on gravity; intrusive/dike boundary; processing or coverage effects. Surface-only features may instead be roads or erosion.,MODEL HYPOTHESIS ONLY — requires expert/field review
H55-A-00406,2975,1338,377200.0,4211000.0,-118.3993721,38.0384023,0.8883434,0.5864958,350.75244,10.33429,0.93428,0.99995,0.98956,100.0,"Potential-field view is in its training-reference confident tail while the surface view abstains. Deeper-than-median modelled cover, anti-aligned gravity/cover normals and cross-scale gravity persistence are consistent with a covered basin-margin discontinuity. No fault displacement, geothermal fluid flow or vent has been verified at this pixel.",Lithologic contact; basin-fill model dependence on gravity; intrusive/dike boundary; processing or coverage effects. Surface-only features may instead be roads or erosion.,MODEL HYPOTHESIS ONLY — requires expert/field review
H55-A-00407,2975,1341,377500.0,4211000.0,-118.3959543,38.038443,0.8891231,0.605075,338.13345,7.38252,0.92481,0.99993,0.98865,100.0,"Potential-field view is in its training-reference confident tail while the surface view abstains. Deeper-than-median modelled cover, anti-aligned gravity/cover normals and cross-scale gravity persistence are consistent with a covered basin-margin discontinuity. No fault displacement, geothermal fluid flow or vent has been verified at this pixel.",Lithologic contact; basin-fill model dependence on gravity; intrusive/dike boundary; processing or coverage effects. Surface-only features may instead be roads or erosion.,MODEL HYPOTHESIS ONLY — requires expert/field review
H55-A-00408,2975,1354,378800.0,4211000.0,-118.3811441,38.0386179,0.8885026,0.407519,281.18536,1.15992,0.87595,0.99994,0.98794,670.82,"Potential-field view is in its training-reference confident tail while the surface view abstains. Signed normal/cover support is incomplete; do not interpret this discrepancy as proof of a buried fault. No fault displacement, geothermal fluid flow or vent has been verified at this pixel.",Lithologic contact; basin-fill model dependence on gravity; intrusive/dike boundary; processing or coverage effects. Surface-only features may instead be roads or erosion.,MODEL HYPOTHESIS ONLY — requires expert/field review
H55-A-00409,2975,1364,379800.0,4211000.0,-118.3697515,38.0387512,0.8307685,0.4476506,248.7809,1.17614,0.86186,0.99978,0.97927,948.68,"Potential-field view is in its training-reference confident tail while the surface view abstains. Signed normal/cover support is incomplete; do not interpret this discrepancy as proof of a buried fault. No fault displacement, geothermal fluid flow or vent has been verified at this pixel.",Lithologic contact; basin-fill model dependence on gravity; intrusive/dike boundary; processing or coverage effects. Surface-only features may instead be roads or erosion.,MODEL HYPOTHESIS ONLY — requires expert/field review
H55-A-00410,2975,1382,381600.0,4211000.0,-118.3492447,38.0389884,0.8261935,0.5680912,234.42291,2.41577,0.28137,0.59362,0.33216,509.9,"Potential-field view is in its training-reference confident tail while the surface view abstains. Signed normal/cover support is incomplete; do not interpret this discrepancy as proof of a buried fault. No fault displacement, geothermal fluid flow or vent has been verified at this pixel.",Lithologic contact; basin-fill model dependence on gravity; intrusive/dike boundary; processing or coverage effects. Surface-only features may instead be roads or erosion.,MODEL HYPOTHESIS ONLY — requires expert/field review
H55-A-00411,2976,1210,364400.0,4210900.0,-118.5451694,38.035675,0.834536,0.6003228,809.47656,14.36842,0.86442,0.99723,0.73572,141.42,"Potential-field view is in its training-reference confident tail while the surface view abstains. Deeper-than-median modelled cover, anti-aligned gravity/cover normals and cross-scale gravity persistence are consistent with a covered basin-margin discontinuity. No fault displacement, geothermal fluid flow or vent has been verified at this pixel.",Lithologic contact; basin-fill model dependence on gravity; intrusive/dike boundary; processing or coverage effects. Surface-only features may instead be roads or erosion.,MODEL HYPOTHESIS ONLY — requires expert/field review
H55-A-00412,2976,1230,366400.0,4210900.0,-118.5223868,38.0359722,0.8517882,0.5092546,789.75555,5.74065,0.84012,0.99998,0.9784,200.0,"Potential-field view is in its training-reference confident tail while the surface view abstains. Deeper-than-median modelled cover, anti-aligned gravity/cover normals and cross-scale gravity persistence are consistent with a covered basin-margin discontinuity. No fault displacement, geothermal fluid flow or vent has been verified at this pixel.",Lithologic contact; basin-fill model dependence on gravity; intrusive/dike boundary; processing or coverage effects. Surface-only features may instead be roads or erosion.,MODEL HYPOTHESIS ONLY — requires expert/field review
H55-A-00413,2976,1245,367900.0,4210900.0,-118.5052996,38.0361923,0.8583263,0.5595011,718.07538,13.21015,0.90493,0.99959,0.99251,1264.91,"Potential-field view is in its training-reference confident tail while the surface view abstains. Deeper-than-median modelled cover, anti-aligned gravity/cover normals and cross-scale gravity persistence are consistent with a covered basin-margin discontinuity. No fault displacement, geothermal fluid flow or vent has been verified at this pixel.",Lithologic contact; basin-fill model dependence on gravity; intrusive/dike boundary; processing or coverage effects. Surface-only features may instead be roads or erosion.,MODEL HYPOTHESIS ONLY — requires expert/field review
H55-A-00414,2976,1287,372100.0,4210900.0,-118.4574545,38.0367953,0.8573096,0.5094991,594.177,4.17988,0.89835,0.99998,0.99871,300.0,"Potential-field view is in its training-reference confident tail while the surface view abstains. Deeper-than-median modelled cover, anti-aligned gravity/cover normals and cross-scale gravity persistence are consistent with a covered basin-margin discontinuity. No fault displacement, geothermal fluid flow or vent has been verified at this pixel.",Lithologic contact; basin-fill model dependence on gravity; intrusive/dike boundary; processing or coverage effects. Surface-only features may instead be roads or erosion.,MODEL HYPOTHESIS ONLY — requires expert/field review
H55-A-00415,2976,1293,372700.0,4210900.0,-118.4506193,38.0368798,0.8480424,0.530057,565.80316,3.39819,0.91837,1.0,0.99954,300.0,"Potential-field view is in its training-reference confident tail while the surface view abstains. Deeper-than-median modelled cover, anti-aligned gravity/cover normals and cross-scale gravity persistence are consistent with a covered basin-margin discontinuity. No fault displacement, geothermal fluid flow or vent has been verified at this pixel.",Lithologic contact; basin-fill model dependence on gravity; intrusive/dike boundary; processing or coverage effects. Surface-only features may instead be roads or erosion.,MODEL HYPOTHESIS ONLY — requires expert/field review
H55-A-00416,2976,1296,373000.0,4210900.0,-118.4472017,38.036922,0.845562,0.4988762,548.77374,3.26238,0.92691,0.99996,0.9997,583.1,"Potential-field view is in its training-reference confident tail while the surface view abstains. Deeper-than-median modelled cover, anti-aligned gravity/cover normals and cross-scale gravity persistence are consistent with a covered basin-margin discontinuity. No fault displacement, geothermal fluid flow or vent has been verified at this pixel.",Lithologic contact; basin-fill model dependence on gravity; intrusive/dike boundary; processing or coverage effects. Surface-only features may instead be roads or erosion.,MODEL HYPOTHESIS ONLY — requires expert/field review
H55-A-00417,2976,1345,377900.0,4210900.0,-118.3913803,38.037596,0.8883434,0.4601328,326.91962,7.17348,0.91077,0.99996,0.98965,223.61,"Potential-field view is in its training-reference confident tail while the surface view abstains. Deeper-than-median modelled cover, anti-aligned gravity/cover normals and cross-scale gravity persistence are consistent with a covered basin-margin discontinuity. No fault displacement, geothermal fluid flow or vent has been verified at this pixel.",Lithologic contact; basin-fill model dependence on gravity; intrusive/dike boundary; processing or coverage effects. Surface-only features may instead be roads or erosion.,MODEL HYPOTHESIS ONLY — requires expert/field review
H55-A-00418,2976,1378,381200.0,4210900.0,-118.3537852,38.038035,0.8261935,0.4481482,235.22813,2.79499,0.93364,0.99277,0.69123,806.23,"Potential-field view is in its training-reference confident tail while the surface view abstains. Signed normal/cover support is incomplete; do not interpret this discrepancy as proof of a buried fault. No fault displacement, geothermal fluid flow or vent has been verified at this pixel.",Lithologic contact; basin-fill model dependence on gravity; intrusive/dike boundary; processing or coverage effects. Surface-only features may instead be roads or erosion.,MODEL HYPOTHESIS ONLY — requires expert/field review
H55-A-00419,2976,1394,382800.0,4210900.0,-118.335557,38.0382435,0.809462,0.5660322,248.03401,4.86351,-0.74368,-0.64648,0.52381,282.84,"Potential-field view is in its training-reference confident tail while the surface view abstains. Signed normal/cover support is incomplete; do not interpret this discrepancy as proof of a buried fault. No fault displacement, geothermal fluid flow or vent has been verified at this pixel.",Lithologic contact; basin-fill model dependence on gravity; intrusive/dike boundary; processing or coverage effects. Surface-only features may instead be roads or erosion.,MODEL HYPOTHESIS ONLY — requires expert/field review
H55-A-00420,2977,1226,366000.0,4210800.0,-118.5269246,38.0350122,0.8565744,0.4117668,811.68634,5.27857,0.79708,0.99965,0.94492,100.0,"Potential-field view is in its training-reference confident tail while the surface view abstains. Deeper-than-median modelled cover, anti-aligned gravity/cover normals and cross-scale gravity persistence are consistent with a covered basin-margin discontinuity. No fault displacement, geothermal fluid flow or vent has been verified at this pixel.",Lithologic contact; basin-fill model dependence on gravity; intrusive/dike boundary; processing or coverage effects. Surface-only features may instead be roads or erosion.,MODEL HYPOTHESIS ONLY — requires expert/field review
H55-A-00421,2977,1238,367200.0,4210800.0,-118.5132551,38.0351889,0.8422524,0.526884,757.84937,12.42596,0.88016,1.0,0.99295,600.0,"Potential-field view is in its training-reference confident tail while the surface view abstains. Deeper-than-median modelled cover, anti-aligned gravity/cover normals and cross-scale gravity persistence are consistent with a covered basin-margin discontinuity. No fault displacement, geothermal fluid flow or vent has been verified at this pixel.",Lithologic contact; basin-fill model dependence on gravity; intrusive/dike boundary; processing or coverage effects. Surface-only features may instead be roads or erosion.,MODEL HYPOTHESIS ONLY — requires expert/field review
H55-A-00422,2977,1241,367500.0,4210800.0,-118.5098377,38.0352329,0.8393246,0.6093658,742.99445,6.93679,0.89045,0.99996,0.99366,900.0,"Potential-field view is in its training-reference confident tail while the surface view abstains. Deeper-than-median modelled cover, anti-aligned gravity/cover normals and cross-scale gravity persistence are consistent with a covered basin-margin discontinuity. No fault displacement, geothermal fluid flow or vent has been verified at this pixel.",Lithologic contact; basin-fill model dependence on gravity; intrusive/dike boundary; processing or coverage effects. Surface-only features may instead be roads or erosion.,MODEL HYPOTHESIS ONLY — requires expert/field review
H55-A-00423,2977,1249,368300.0,4210800.0,-118.5007246,38.0353496,0.8556193,0.5803787,705.53125,7.46379,0.92274,0.99899,0.98563,1253.0,"Potential-field view is in its training-reference confident tail while the surface view abstains. Deeper-than-median modelled cover, anti-aligned gravity/cover normals and cross-scale gravity persistence are consistent with a covered basin-margin discontinuity. No fault displacement, geothermal fluid flow or vent has been verified at this pixel.",Lithologic contact; basin-fill model dependence on gravity; intrusive/dike boundary; processing or coverage effects. Surface-only features may instead be roads or erosion.,MODEL HYPOTHESIS ONLY — requires expert/field review
H55-A-00424,2977,1281,371500.0,4210800.0,-118.4642716,38.0358093,0.8517846,0.5652885,627.49323,7.13647,0.87176,0.99979,0.99783,141.42,"Potential-field view is in its training-reference confident tail while the surface view abstains. Deeper-than-median modelled cover, anti-aligned gravity/cover normals and cross-scale gravity persistence are consistent with a covered basin-margin discontinuity. No fault displacement, geothermal fluid flow or vent has been verified at this pixel.",Lithologic contact; basin-fill model dependence on gravity; intrusive/dike boundary; processing or coverage effects. Surface-only features may instead be roads or erosion.,MODEL HYPOTHESIS ONLY — requires expert/field review
H55-A-00425,2977,1304,373800.0,4210800.0,-118.4380706,38.0361328,0.8608173,0.5973182,510.67743,1.89335,0.92781,0.99931,0.99863,1345.36,"Potential-field view is in its training-reference confident tail while the surface view abstains. Deeper-than-median modelled cover, anti-aligned gravity/cover normals and cross-scale gravity persistence are consistent with a covered basin-margin discontinuity. No fault displacement, geothermal fluid flow or vent has been verified at this pixel.",Lithologic contact; basin-fill model dependence on gravity; intrusive/dike boundary; processing or coverage effects. Surface-only features may instead be roads or erosion.,MODEL HYPOTHESIS ONLY — requires expert/field review
H55-A-00426,2977,1329,376300.0,4210800.0,-118.4095906,38.0364778,0.8845625,0.5972219,401.66428,7.208,0.96627,0.999,0.98811,141.42,"Potential-field view is in its training-reference confident tail while the surface view abstains. Deeper-than-median modelled cover, anti-aligned gravity/cover normals and cross-scale gravity persistence are consistent with a covered basin-margin discontinuity. No fault displacement, geothermal fluid flow or vent has been verified at this pixel.",Lithologic contact; basin-fill model dependence on gravity; intrusive/dike boundary; processing or coverage effects. Surface-only features may instead be roads or erosion.,MODEL HYPOTHESIS ONLY — requires expert/field review
H55-A-00427,2977,1351,378500.0,4210800.0,-118.3845279,38.0367757,0.8906977,0.5699371,304.20041,3.82955,0.89589,1.0,0.99063,670.82,"Potential-field view is in its training-reference confident tail while the surface view abstains. Signed normal/cover support is incomplete; do not interpret this discrepancy as proof of a buried fault. No fault displacement, geothermal fluid flow or vent has been verified at this pixel.",Lithologic contact; basin-fill model dependence on gravity; intrusive/dike boundary; processing or coverage effects. Surface-only features may instead be roads or erosion.,MODEL HYPOTHESIS ONLY — requires expert/field review
H55-A-00428,2977,1356,379000.0,4210800.0,-118.3788318,38.0368426,0.8460532,0.4707156,284.46188,4.38319,0.85673,0.99983,0.98936,761.58,"Potential-field view is in its training-reference confident tail while the surface view abstains. Signed normal/cover support is incomplete; do not interpret this discrepancy as proof of a buried fault. No fault displacement, geothermal fluid flow or vent has been verified at this pixel.",Lithologic contact; basin-fill model dependence on gravity; intrusive/dike boundary; processing or coverage effects. Surface-only features may instead be roads or erosion.,MODEL HYPOTHESIS ONLY — requires expert/field review
H55-A-00429,2977,1359,379300.0,4210800.0,-118.3754141,38.0368827,0.8461272,0.4028502,273.9639,2.31383,0.85114,0.9997,0.98737,700.0,"Potential-field view is in its training-reference confident tail while the surface view abstains. Signed normal/cover support is incomplete; do not interpret this discrepancy as proof of a buried fault. No fault displacement, geothermal fluid flow or vent has been verified at this pixel.",Lithologic contact; basin-fill model dependence on gravity; intrusive/dike boundary; processing or coverage effects. Surface-only features may instead be roads or erosion.,MODEL HYPOTHESIS ONLY — requires expert/field review
H55-A-00430,2977,1362,379600.0,4210800.0,-118.3719964,38.0369226,0.8461272,0.409686,263.4668,1.11092,0.85549,0.99979,0.98374,707.11,"Potential-field view is in its training-reference confident tail while the surface view abstains. Signed normal/cover support is incomplete; do not interpret this discrepancy as proof of a buried fault. No fault displacement, geothermal fluid flow or vent has been verified at this pixel.",Lithologic contact; basin-fill model dependence on gravity; intrusive/dike boundary; processing or coverage effects. Surface-only features may instead be roads or erosion.,MODEL HYPOTHESIS ONLY — requires expert/field review
H55-A-00431,2977,1370,380400.0,4210800.0,-118.3628826,38.0370286,0.8371048,0.4480688,241.95015,0.62227,0.85714,0.99634,0.95493,948.68,"Potential-field view is in its training-reference confident tail while the surface view abstains. Signed normal/cover support is incomplete; do not interpret this discrepancy as proof of a buried fault. No fault displacement, geothermal fluid flow or vent has been verified at this pixel.",Lithologic contact; basin-fill model dependence on gravity; intrusive/dike boundary; processing or coverage effects. Surface-only features may instead be roads or erosion.,MODEL HYPOTHESIS ONLY — requires expert/field review
H55-A-00432,2977,1375,380900.0,4210800.0,-118.3571864,38.0370945,0.8349724,0.5111463,236.60219,3.32061,0.87038,0.9982,0.89202,860.23,"Potential-field view is in its training-reference confident tail while the surface view abstains. Signed normal/cover support is incomplete; do not interpret this discrepancy as proof of a buried fault. No fault displacement, geothermal fluid flow or vent has been verified at this pixel.",Lithologic contact; basin-fill model dependence on gravity; intrusive/dike boundary; processing or coverage effects. Surface-only features may instead be roads or erosion.,MODEL HYPOTHESIS ONLY — requires expert/field review
H55-A-00433,2978,1200,363400.0,4210700.0,-118.5565225,38.0337228,0.8434751,0.4166472,769.367,26.70722,0.96799,0.9999,0.99009,100.0,"Potential-field view is in its training-reference confident tail while the surface view abstains. Deeper-than-median modelled cover, anti-aligned gravity/cover normals and cross-scale gravity persistence are consistent with a covered basin-margin discontinuity. No fault displacement, geothermal fluid flow or vent has been verified at this pixel.",Lithologic contact; basin-fill model dependence on gravity; intrusive/dike boundary; processing or coverage effects. Surface-only features may instead be roads or erosion.,MODEL HYPOTHESIS ONLY — requires expert/field review
H55-A-00434,2978,1205,363900.0,4210700.0,-118.550827,38.033798,0.8494294,0.4888271,796.55927,10.46197,0.89112,0.99947,0.94831,100.0,"Potential-field view is in its training-reference confident tail while the surface view abstains. Deeper-than-median modelled cover, anti-aligned gravity/cover normals and cross-scale gravity persistence are consistent with a covered basin-margin discontinuity. No fault displacement, geothermal fluid flow or vent has been verified at this pixel.",Lithologic contact; basin-fill model dependence on gravity; intrusive/dike boundary; processing or coverage effects. Surface-only features may instead be roads or erosion.,MODEL HYPOTHESIS ONLY — requires expert/field review
H55-A-00435,2978,1224,365800.0,4210700.0,-118.5291842,38.0340816,0.843749,0.4072916,824.73334,15.53581,0.71658,0.99746,0.90867,141.42,"Potential-field view is in its training-reference confident tail while the surface view abstains. Deeper-than-median modelled cover, anti-aligned gravity/cover normals and cross-scale gravity persistence are consistent with a covered basin-margin discontinuity. No fault displacement, geothermal fluid flow or vent has been verified at this pixel.",Lithologic contact; basin-fill model dependence on gravity; intrusive/dike boundary; processing or coverage effects. Surface-only features may instead be roads or erosion.,MODEL HYPOTHESIS ONLY — requires expert/field review
H55-A-00436,2978,1229,366300.0,4210700.0,-118.5234886,38.0341555,0.8571911,0.4376862,805.13666,7.77282,0.81633,0.99944,0.96638,200.0,"Potential-field view is in its training-reference confident tail while the surface view abstains. Deeper-than-median modelled cover, anti-aligned gravity/cover normals and cross-scale gravity persistence are consistent with a covered basin-margin discontinuity. No fault displacement, geothermal fluid flow or vent has been verified at this pixel.",Lithologic contact; basin-fill model dependence on gravity; intrusive/dike boundary; processing or coverage effects. Surface-only features may instead be roads or erosion.,MODEL HYPOTHESIS ONLY — requires expert/field review
H55-A-00437,2978,1243,367700.0,4210700.0,-118.507541,38.0343612,0.82064,0.5719445,739.13116,10.14663,0.89836,0.99996,0.99212,1100.0,"Potential-field view is in its training-reference confident tail while the surface view abstains. Deeper-than-median modelled cover, anti-aligned gravity/cover normals and cross-scale gravity persistence are consistent with a covered basin-margin discontinuity. No fault displacement, geothermal fluid flow or vent has been verified at this pixel.",Lithologic contact; basin-fill model dependence on gravity; intrusive/dike boundary; processing or coverage effects. Surface-only features may instead be roads or erosion.,MODEL HYPOTHESIS ONLY — requires expert/field review
H55-A-00438,2978,1276,371000.0,4210700.0,-118.4699494,38.0348373,0.8546549,0.4884618,649.79266,6.74221,0.85204,0.9996,0.99747,282.84,"Potential-field view is in its training-reference confident tail while the surface view abstains. Deeper-than-median modelled cover, anti-aligned gravity/cover normals and cross-scale gravity persistence are consistent with a covered basin-margin discontinuity. No fault displacement, geothermal fluid flow or vent has been verified at this pixel.",Lithologic contact; basin-fill model dependence on gravity; intrusive/dike boundary; processing or coverage effects. Surface-only features may instead be roads or erosion.,MODEL HYPOTHESIS ONLY — requires expert/field review
H55-A-00439,2978,1288,372200.0,4210700.0,-118.4562796,38.0350074,0.8573096,0.5469657,604.77094,2.36873,0.89356,1.0,0.99871,141.42,"Potential-field view is in its training-reference confident tail while the surface view abstains. Deeper-than-median modelled cover, anti-aligned gravity/cover normals and cross-scale gravity persistence are consistent with a covered basin-margin discontinuity. No fault displacement, geothermal fluid flow or vent has been verified at this pixel.",Lithologic contact; basin-fill model dependence on gravity; intrusive/dike boundary; processing or coverage effects. Surface-only features may instead be roads or erosion.,MODEL HYPOTHESIS ONLY — requires expert/field review
H55-A-00440,2978,1327,376100.0,4210700.0,-118.4118518,38.0355494,0.8791872,0.4950252,417.45236,4.8675,0.96936,0.99898,0.9883,200.0,"Potential-field view is in its training-reference confident tail while the surface view abstains. Deeper-than-median modelled cover, anti-aligned gravity/cover normals and cross-scale gravity persistence are consistent with a covered basin-margin discontinuity. No fault displacement, geothermal fluid flow or vent has been verified at this pixel.",Lithologic contact; basin-fill model dependence on gravity; intrusive/dike boundary; processing or coverage effects. Surface-only features may instead be roads or erosion.,MODEL HYPOTHESIS ONLY — requires expert/field review
H55-A-00441,2978,1337,377100.0,4210700.0,-118.4004598,38.0356857,0.883133,0.5984214,377.25504,6.68224,0.93265,0.99991,0.98982,100.0,"Potential-field view is in its training-reference confident tail while the surface view abstains. Deeper-than-median modelled cover, anti-aligned gravity/cover normals and cross-scale gravity persistence are consistent with a covered basin-margin discontinuity. No fault displacement, geothermal fluid flow or vent has been verified at this pixel.",Lithologic contact; basin-fill model dependence on gravity; intrusive/dike boundary; processing or coverage effects. Surface-only features may instead be roads or erosion.,MODEL HYPOTHESIS ONLY — requires expert/field review
H55-A-00442,2978,1341,377500.0,4210700.0,-118.395903,38.0357399,0.8894905,0.4802859,360.00998,9.16533,0.92216,0.99979,0.98979,141.42,"Potential-field view is in its training-reference confident tail while the surface view abstains. Deeper-than-median modelled cover, anti-aligned gravity/cover normals and cross-scale gravity persistence are consistent with a covered basin-margin discontinuity. No fault displacement, geothermal fluid flow or vent has been verified at this pixel.",Lithologic contact; basin-fill model dependence on gravity; intrusive/dike boundary; processing or coverage effects. Surface-only features may instead be roads or erosion.,MODEL HYPOTHESIS ONLY — requires expert/field review
H55-A-00443,2978,1389,382300.0,4210700.0,-118.3412205,38.0363766,0.8447963,0.5324929,256.49423,3.32985,0.36067,0.70653,0.5799,200.0,"Potential-field view is in its training-reference confident tail while the surface view abstains. Signed normal/cover support is incomplete; do not interpret this discrepancy as proof of a buried fault. No fault displacement, geothermal fluid flow or vent has been verified at this pixel.",Lithologic contact; basin-fill model dependence on gravity; intrusive/dike boundary; processing or coverage effects. Surface-only features may instead be roads or erosion.,MODEL HYPOTHESIS ONLY — requires expert/field review
H55-A-00444,2979,1254,368800.0,4210600.0,-118.4949922,38.0336202,0.8586992,0.5758194,697.87805,1.46172,0.9296,0.99414,0.98527,943.4,"Potential-field view is in its training-reference confident tail while the surface view abstains. Deeper-than-median modelled cover, anti-aligned gravity/cover normals and cross-scale gravity persistence are consistent with a covered basin-margin discontinuity. No fault displacement, geothermal fluid flow or vent has been verified at this pixel.",Lithologic contact; basin-fill model dependence on gravity; intrusive/dike boundary; processing or coverage effects. Surface-only features may instead be roads or erosion.,MODEL HYPOTHESIS ONLY — requires expert/field review
H55-A-00445,2979,1267,370100.0,4210600.0,-118.4801836,38.0338076,0.8304237,0.465987,672.62292,6.1322,0.77714,0.99732,0.99919,100.0,"Potential-field view is in its training-reference confident tail while the surface view abstains. Deeper-than-median modelled cover, anti-aligned gravity/cover normals and cross-scale gravity persistence are consistent with a covered basin-margin discontinuity. No fault displacement, geothermal fluid flow or vent has been verified at this pixel.",Lithologic contact; basin-fill model dependence on gravity; intrusive/dike boundary; processing or coverage effects. Surface-only features may instead be roads or erosion.,MODEL HYPOTHESIS ONLY — requires expert/field review
H55-A-00446,2979,1270,370400.0,4210600.0,-118.4767662,38.0338506,0.8454501,0.5470406,671.40808,3.72683,0.7928,0.99818,0.998,282.84,"Potential-field view is in its training-reference confident tail while the surface view abstains. Deeper-than-median modelled cover, anti-aligned gravity/cover normals and cross-scale gravity persistence are consistent with a covered basin-margin discontinuity. No fault displacement, geothermal fluid flow or vent has been verified at this pixel.",Lithologic contact; basin-fill model dependence on gravity; intrusive/dike boundary; processing or coverage effects. Surface-only features may instead be roads or erosion.,MODEL HYPOTHESIS ONLY — requires expert/field review
H55-A-00447,2979,1278,371200.0,4210600.0,-118.4676532,38.0339647,0.8551421,0.4770631,653.35315,3.97669,0.85323,0.99965,0.99758,412.31,"Potential-field view is in its training-reference confident tail while the surface view abstains. Deeper-than-median modelled cover, anti-aligned gravity/cover normals and cross-scale gravity persistence are consistent with a covered basin-margin discontinuity. No fault displacement, geothermal fluid flow or vent has been verified at this pixel.",Lithologic contact; basin-fill model dependence on gravity; intrusive/dike boundary; processing or coverage effects. Surface-only features may instead be roads or erosion.,MODEL HYPOTHESIS ONLY — requires expert/field review
H55-A-00448,2979,1295,372900.0,4210600.0,-118.4482877,38.0342049,0.8502949,0.4880615,577.67554,2.1402,0.91051,0.9999,0.99951,509.9,"Potential-field view is in its training-reference confident tail while the surface view abstains. Deeper-than-median modelled cover, anti-aligned gravity/cover normals and cross-scale gravity persistence are consistent with a covered basin-margin discontinuity. No fault displacement, geothermal fluid flow or vent has been verified at this pixel.",Lithologic contact; basin-fill model dependence on gravity; intrusive/dike boundary; processing or coverage effects. Surface-only features may instead be roads or erosion.,MODEL HYPOTHESIS ONLY — requires expert/field review
H55-A-00449,2979,1298,373200.0,4210600.0,-118.4448702,38.034247,0.8573511,0.6031996,560.33276,7.15918,0.91127,0.99954,0.99964,806.23,"Potential-field view is in its training-reference confident tail while the surface view abstains. Deeper-than-median modelled cover, anti-aligned gravity/cover normals and cross-scale gravity persistence are consistent with a covered basin-margin discontinuity. No fault displacement, geothermal fluid flow or vent has been verified at this pixel.",Lithologic contact; basin-fill model dependence on gravity; intrusive/dike boundary; processing or coverage effects. Surface-only features may instead be roads or erosion.,MODEL HYPOTHESIS ONLY — requires expert/field review
H55-A-00450,2979,1309,374300.0,4210600.0,-118.4323395,38.0344004,0.8629343,0.6002228,499.92767,6.23645,0.916,0.99592,0.98851,1029.56,"Potential-field view is in its training-reference confident tail while the surface view abstains. Deeper-than-median modelled cover, anti-aligned gravity/cover normals and cross-scale gravity persistence are consistent with a covered basin-margin discontinuity. No fault displacement, geothermal fluid flow or vent has been verified at this pixel.",Lithologic contact; basin-fill model dependence on gravity; intrusive/dike boundary; processing or coverage effects. Surface-only features may instead be roads or erosion.,MODEL HYPOTHESIS ONLY — requires expert/field review
H55-A-00451,2979,1314,374800.0,4210600.0,-118.4266437,38.0344696,0.8847952,0.553139,476.17477,12.19798,0.95,0.99998,0.96491,781.02,"Potential-field view is in its training-reference confident tail while the surface view abstains. Deeper-than-median modelled cover, anti-aligned gravity/cover normals and cross-scale gravity persistence are consistent with a covered basin-margin discontinuity. No fault displacement, geothermal fluid flow or vent has been verified at this pixel.",Lithologic contact; basin-fill model dependence on gravity; intrusive/dike boundary; processing or coverage effects. Surface-only features may instead be roads or erosion.,MODEL HYPOTHESIS ONLY — requires expert/field review
H55-A-00452,2979,1343,377700.0,4210600.0,-118.3936075,38.0348659,0.8790954,0.5336417,363.05066,4.62506,0.91538,0.99989,0.99076,360.56,"Potential-field view is in its training-reference confident tail while the surface view abstains. Deeper-than-median modelled cover, anti-aligned gravity/cover normals and cross-scale gravity persistence are consistent with a covered basin-margin discontinuity. No fault displacement, geothermal fluid flow or vent has been verified at this pixel.",Lithologic contact; basin-fill model dependence on gravity; intrusive/dike boundary; processing or coverage effects. Surface-only features may instead be roads or erosion.,MODEL HYPOTHESIS ONLY — requires expert/field review
H55-A-00453,2979,1345,377900.0,4210600.0,-118.3913292,38.0348929,0.8905675,0.5718256,352.86441,11.43619,0.91067,0.99998,0.99166,500.0,"Potential-field view is in its training-reference confident tail while the surface view abstains. Deeper-than-median modelled cover, anti-aligned gravity/cover normals and cross-scale gravity persistence are consistent with a covered basin-margin discontinuity. No fault displacement, geothermal fluid flow or vent has been verified at this pixel.",Lithologic contact; basin-fill model dependence on gravity; intrusive/dike boundary; processing or coverage effects. Surface-only features may instead be roads or erosion.,MODEL HYPOTHESIS ONLY — requires expert/field review
H55-A-00454,2979,1366,380000.0,4210600.0,-118.367406,38.0351736,0.8358667,0.5159807,268.40967,0.47041,0.87267,0.99995,0.97851,707.11,"Potential-field view is in its training-reference confident tail while the surface view abstains. Signed normal/cover support is incomplete; do not interpret this discrepancy as proof of a buried fault. No fault displacement, geothermal fluid flow or vent has been verified at this pixel.",Lithologic contact; basin-fill model dependence on gravity; intrusive/dike boundary; processing or coverage effects. Surface-only features may instead be roads or erosion.,MODEL HYPOTHESIS ONLY — requires expert/field review
H55-A-00455,2979,1372,380600.0,4210600.0,-118.3605708,38.035253,0.8369148,0.604996,252.12643,3.6965,0.88444,0.99928,0.94207,707.11,"Potential-field view is in its training-reference confident tail while the surface view abstains. Signed normal/cover support is incomplete; do not interpret this discrepancy as proof of a buried fault. No fault displacement, geothermal fluid flow or vent has been verified at this pixel.",Lithologic contact; basin-fill model dependence on gravity; intrusive/dike boundary; processing or coverage effects. Surface-only features may instead be roads or erosion.,MODEL HYPOTHESIS ONLY — requires expert/field review
H55-A-00456,2979,1385,381900.0,4210600.0,-118.345761,38.0354234,0.8435791,0.5313298,261.03574,0.66339,0.75644,0.89583,0.50718,200.0,"Potential-field view is in its training-reference confident tail while the surface view abstains. Signed normal/cover support is incomplete; do not interpret this discrepancy as proof of a buried fault. No fault displacement, geothermal fluid flow or vent has been verified at this pixel.",Lithologic contact; basin-fill model dependence on gravity; intrusive/dike boundary; processing or coverage effects. Surface-only features may instead be roads or erosion.,MODEL HYPOTHESIS ONLY — requires expert/field review
H55-A-00457,2979,1391,382500.0,4210600.0,-118.3389256,38.0355015,0.8447963,0.4778939,267.74707,2.47004,0.48438,0.72322,0.56516,282.84,"Potential-field view is in its training-reference confident tail while the surface view abstains. Signed normal/cover support is incomplete; do not interpret this discrepancy as proof of a buried fault. No fault displacement, geothermal fluid flow or vent has been verified at this pixel.",Lithologic contact; basin-fill model dependence on gravity; intrusive/dike boundary; processing or coverage effects. Surface-only features may instead be roads or erosion.,MODEL HYPOTHESIS ONLY — requires expert/field review
H55-A-00458,2979,1396,383000.0,4210600.0,-118.3332295,38.0355662,0.8468041,0.5283747,265.65552,1.95778,0.97142,0.99435,0.16059,100.0,"Potential-field view is in its training-reference confident tail while the surface view abstains. Signed normal/cover support is incomplete; do not interpret this discrepancy as proof of a buried fault. No fault displacement, geothermal fluid flow or vent has been verified at this pixel.",Lithologic contact; basin-fill model dependence on gravity; intrusive/dike boundary; processing or coverage effects. Surface-only features may instead be roads or erosion.,MODEL HYPOTHESIS ONLY — requires expert/field review
H55-A-00459,2979,1408,384200.0,4210600.0,-118.3195587,38.0357205,0.8325835,0.5888771,237.05455,4.80351,0.82854,0.99472,0.95462,223.61,"Potential-field view is in its training-reference confident tail while the surface view abstains. Signed normal/cover support is incomplete; do not interpret this discrepancy as proof of a buried fault. No fault displacement, geothermal fluid flow or vent has been verified at this pixel.",Lithologic contact; basin-fill model dependence on gravity; intrusive/dike boundary; processing or coverage effects. Surface-only features may instead be roads or erosion.,MODEL HYPOTHESIS ONLY — requires expert/field review
H55-A-00460,2980,1204,363800.0,4210500.0,-118.5519281,38.0319811,0.8589958,0.496154,793.59851,4.30063,0.9364,0.99765,0.96725,200.0,"Potential-field view is in its training-reference confident tail while the surface view abstains. Deeper-than-median modelled cover, anti-aligned gravity/cover normals and cross-scale gravity persistence are consistent with a covered basin-margin discontinuity. No fault displacement, geothermal fluid flow or vent has been verified at this pixel.",Lithologic contact; basin-fill model dependence on gravity; intrusive/dike boundary; processing or coverage effects. Surface-only features may instead be roads or erosion.,MODEL HYPOTHESIS ONLY — requires expert/field review
H55-A-00461,2980,1209,364300.0,4210500.0,-118.5462328,38.0320562,0.8573681,0.515362,817.34576,12.32577,0.76427,0.98572,0.86544,223.61,"Potential-field view is in its training-reference confident tail while the surface view abstains. Deeper-than-median modelled cover, anti-aligned gravity/cover normals and cross-scale gravity persistence are consistent with a covered basin-margin discontinuity. No fault displacement, geothermal fluid flow or vent has been verified at this pixel.",Lithologic contact; basin-fill model dependence on gravity; intrusive/dike boundary; processing or coverage effects. Surface-only features may instead be roads or erosion.,MODEL HYPOTHESIS ONLY — requires expert/field review
H55-A-00462,2980,1237,367100.0,4210500.0,-118.5143386,38.0324714,0.8532149,0.4188945,776.0152,10.94338,0.87705,0.99964,0.98807,538.52,"Potential-field view is in its training-reference confident tail while the surface view abstains. Deeper-than-median modelled cover, anti-aligned gravity/cover normals and cross-scale gravity persistence are consistent with a covered basin-margin discontinuity. No fault displacement, geothermal fluid flow or vent has been verified at this pixel.",Lithologic contact; basin-fill model dependence on gravity; intrusive/dike boundary; processing or coverage effects. Surface-only features may instead be roads or erosion.,MODEL HYPOTHESIS ONLY — requires expert/field review
H55-A-00463,2980,1251,368500.0,4210500.0,-118.4983912,38.0326757,0.862578,0.5936875,713.48438,4.99045,0.91941,0.99833,0.9824,1104.54,"Potential-field view is in its training-reference confident tail while the surface view abstains. Deeper-than-median modelled cover, anti-aligned gravity/cover normals and cross-scale gravity persistence are consistent with a covered basin-margin discontinuity. No fault displacement, geothermal fluid flow or vent has been verified at this pixel.",Lithologic contact; basin-fill model dependence on gravity; intrusive/dike boundary; processing or coverage effects. Surface-only features may instead be roads or erosion.,MODEL HYPOTHESIS ONLY — requires expert/field review
H55-A-00464,2980,1281,371500.0,4210500.0,-118.4642178,38.0331064,0.8518653,0.5119808,654.17603,6.05272,0.86307,0.99975,0.9975,316.23,"Potential-field view is in its training-reference confident tail while the surface view abstains. Deeper-than-median modelled cover, anti-aligned gravity/cover normals and cross-scale gravity persistence are consistent with a covered basin-margin discontinuity. No fault displacement, geothermal fluid flow or vent has been verified at this pixel.",Lithologic contact; basin-fill model dependence on gravity; intrusive/dike boundary; processing or coverage effects. Surface-only features may instead be roads or erosion.,MODEL HYPOTHESIS ONLY — requires expert/field review
H55-A-00465,2980,1286,372000.0,4210500.0,-118.4585222,38.0331772,0.8540392,0.5723696,632.28052,8.37903,0.88575,0.99998,0.99802,100.0,"Potential-field view is in its training-reference confident tail while the surface view abstains. Deeper-than-median modelled cover, anti-aligned gravity/cover normals and cross-scale gravity persistence are consistent with a covered basin-margin discontinuity. No fault displacement, geothermal fluid flow or vent has been verified at this pixel.",Lithologic contact; basin-fill model dependence on gravity; intrusive/dike boundary; processing or coverage effects. Surface-only features may instead be roads or erosion.,MODEL HYPOTHESIS ONLY — requires expert/field review
H55-A-00466,2980,1292,372600.0,4210500.0,-118.4516874,38.0332618,0.8467247,0.5126375,603.71973,2.47246,0.89715,0.99998,0.99917,282.84,"Potential-field view is in its training-reference confident tail while the surface view abstains. Deeper-than-median modelled cover, anti-aligned gravity/cover normals and cross-scale gravity persistence are consistent with a covered basin-margin discontinuity. No fault displacement, geothermal fluid flow or vent has been verified at this pixel.",Lithologic contact; basin-fill model dependence on gravity; intrusive/dike boundary; processing or coverage effects. Surface-only features may instead be roads or erosion.,MODEL HYPOTHESIS ONLY — requires expert/field review
H55-A-00467,2980,1306,374000.0,4210500.0,-118.4357394,38.0334577,0.8566743,0.5599852,524.55518,5.41041,0.90541,0.99705,0.99606,1131.37,"Potential-field view is in its training-reference confident tail while the surface view abstains. Deeper-than-median modelled cover, anti-aligned gravity/cover normals and cross-scale gravity persistence are consistent with a covered basin-margin discontinuity. No fault displacement, geothermal fluid flow or vent has been verified at this pixel.",Lithologic contact; basin-fill model dependence on gravity; intrusive/dike boundary; processing or coverage effects. Surface-only features may instead be roads or erosion.,MODEL HYPOTHESIS ONLY — requires expert/field review
H55-A-00468,2980,1311,374500.0,4210500.0,-118.4300437,38.0335271,0.8813512,0.5653426,498.1947,10.19653,0.91778,0.99604,0.9736,854.4,"Potential-field view is in its training-reference confident tail while the surface view abstains. Deeper-than-median modelled cover, anti-aligned gravity/cover normals and cross-scale gravity persistence are consistent with a covered basin-margin discontinuity. No fault displacement, geothermal fluid flow or vent has been verified at this pixel.",Lithologic contact; basin-fill model dependence on gravity; intrusive/dike boundary; processing or coverage effects. Surface-only features may instead be roads or erosion.,MODEL HYPOTHESIS ONLY — requires expert/field review
H55-A-00469,2980,1317,375100.0,4210500.0,-118.4232087,38.03361,0.8862603,0.5970606,474.71497,10.36757,0.97289,0.9978,0.96659,500.0,"Potential-field view is in its training-reference confident tail while the surface view abstains. Deeper-than-median modelled cover, anti-aligned gravity/cover normals and cross-scale gravity persistence are consistent with a covered basin-margin discontinuity. No fault displacement, geothermal fluid flow or vent has been verified at this pixel.",Lithologic contact; basin-fill model dependence on gravity; intrusive/dike boundary; processing or coverage effects. Surface-only features may instead be roads or erosion.,MODEL HYPOTHESIS ONLY — requires expert/field review
H55-A-00470,2980,1339,377300.0,4210500.0,-118.3981472,38.0339108,0.8866813,0.5696648,392.4437,12.79814,0.92827,0.9995,0.99097,200.0,"Potential-field view is in its training-reference confident tail while the surface view abstains. Deeper-than-median modelled cover, anti-aligned gravity/cover normals and cross-scale gravity persistence are consistent with a covered basin-margin discontinuity. No fault displacement, geothermal fluid flow or vent has been verified at this pixel.",Lithologic contact; basin-fill model dependence on gravity; intrusive/dike boundary; processing or coverage effects. Surface-only features may instead be roads or erosion.,MODEL HYPOTHESIS ONLY — requires expert/field review
H55-A-00471,2980,1350,378400.0,4210500.0,-118.3856162,38.0340592,0.890948,0.6029253,338.76349,4.07731,0.90246,0.99985,0.99395,721.11,"Potential-field view is in its training-reference confident tail while the surface view abstains. Deeper-than-median modelled cover, anti-aligned gravity/cover normals and cross-scale gravity persistence are consistent with a covered basin-margin discontinuity. No fault displacement, geothermal fluid flow or vent has been verified at this pixel.",Lithologic contact; basin-fill model dependence on gravity; intrusive/dike boundary; processing or coverage effects. Surface-only features may instead be roads or erosion.,MODEL HYPOTHESIS ONLY — requires expert/field review
H55-A-00472,2980,1353,378700.0,4210500.0,-118.3821987,38.0340994,0.8906977,0.5927343,323.75037,3.97057,0.88035,0.99994,0.99375,583.1,"Potential-field view is in its training-reference confident tail while the surface view abstains. Deeper-than-median modelled cover, anti-aligned gravity/cover normals and cross-scale gravity persistence are consistent with a covered basin-margin discontinuity. No fault displacement, geothermal fluid flow or vent has been verified at this pixel.",Lithologic contact; basin-fill model dependence on gravity; intrusive/dike boundary; processing or coverage effects. Surface-only features may instead be roads or erosion.,MODEL HYPOTHESIS ONLY — requires expert/field review
H55-A-00473,2980,1356,379000.0,4210500.0,-118.3787811,38.0341395,0.8406731,0.596747,312.68109,2.6257,0.85802,1.0,0.99313,500.0,"Potential-field view is in its training-reference confident tail while the surface view abstains. Signed normal/cover support is incomplete; do not interpret this discrepancy as proof of a buried fault. No fault displacement, geothermal fluid flow or vent has been verified at this pixel.",Lithologic contact; basin-fill model dependence on gravity; intrusive/dike boundary; processing or coverage effects. Surface-only features may instead be roads or erosion.,MODEL HYPOTHESIS ONLY — requires expert/field review
H55-A-00474,2980,1360,379400.0,4210500.0,-118.3742244,38.0341929,0.8479015,0.4825783,297.92313,1.88619,0.85573,0.99998,0.99006,400.0,"Potential-field view is in its training-reference confident tail while the surface view abstains. Signed normal/cover support is incomplete; do not interpret this discrepancy as proof of a buried fault. No fault displacement, geothermal fluid flow or vent has been verified at this pixel.",Lithologic contact; basin-fill model dependence on gravity; intrusive/dike boundary; processing or coverage effects. Surface-only features may instead be roads or erosion.,MODEL HYPOTHESIS ONLY — requires expert/field review
H55-A-00475,2980,1363,379700.0,4210500.0,-118.3708068,38.0342328,0.8412282,0.5903745,287.09274,1.61193,0.86686,0.99999,0.98595,447.21,"Potential-field view is in its training-reference confident tail while the surface view abstains. Signed normal/cover support is incomplete; do not interpret this discrepancy as proof of a buried fault. No fault displacement, geothermal fluid flow or vent has been verified at this pixel.",Lithologic contact; basin-fill model dependence on gravity; intrusive/dike boundary; processing or coverage effects. Surface-only features may instead be roads or erosion.,MODEL HYPOTHESIS ONLY — requires expert/field review
H55-A-00476,2981,1222,365600.0,4210400.0,-118.5314061,38.031349,0.8490711,0.421469,840.39862,12.53155,0.37211,0.98457,0.84334,223.61,"Potential-field view is in its training-reference confident tail while the surface view abstains. Deeper-than-median modelled cover, anti-aligned gravity/cover normals and cross-scale gravity persistence are consistent with a covered basin-margin discontinuity. No fault displacement, geothermal fluid flow or vent has been verified at this pixel.",Lithologic contact; basin-fill model dependence on gravity; intrusive/dike boundary; processing or coverage effects. Surface-only features may instead be roads or erosion.,MODEL HYPOTHESIS ONLY — requires expert/field review
H55-A-00477,2981,1239,367300.0,4210400.0,-118.5120419,38.0315997,0.8522958,0.4251705,770.64465,6.28276,0.88528,0.99987,0.98792,707.11,"Potential-field view is in its training-reference confident tail while the surface view abstains. Deeper-than-median modelled cover, anti-aligned gravity/cover normals and cross-scale gravity persistence are consistent with a covered basin-margin discontinuity. No fault displacement, geothermal fluid flow or vent has been verified at this pixel.",Lithologic contact; basin-fill model dependence on gravity; intrusive/dike boundary; processing or coverage effects. Surface-only features may instead be roads or erosion.,MODEL HYPOTHESIS ONLY — requires expert/field review
H55-A-00478,2981,1272,370600.0,4210400.0,-118.4744518,38.0320772,0.8454501,0.5737658,688.5929,1.77261,0.80655,0.99885,0.99724,200.0,"Potential-field view is in its training-reference confident tail while the surface view abstains. Deeper-than-median modelled cover, anti-aligned gravity/cover normals and cross-scale gravity persistence are consistent with a covered basin-margin discontinuity. No fault displacement, geothermal fluid flow or vent has been verified at this pixel.",Lithologic contact; basin-fill model dependence on gravity; intrusive/dike boundary; processing or coverage effects. Surface-only features may instead be roads or erosion.,MODEL HYPOTHESIS ONLY — requires expert/field review
H55-A-00479,2981,1283,371700.0,4210400.0,-118.4619216,38.0322337,0.8435934,0.583505,655.82532,7.9628,0.87297,0.99988,0.9974,223.61,"Potential-field view is in its training-reference confident tail while the surface view abstains. Deeper-than-median modelled cover, anti-aligned gravity/cover normals and cross-scale gravity persistence are consistent with a covered basin-margin discontinuity. No fault displacement, geothermal fluid flow or vent has been verified at this pixel.",Lithologic contact; basin-fill model dependence on gravity; intrusive/dike boundary; processing or coverage effects. Surface-only features may instead be roads or erosion.,MODEL HYPOTHESIS ONLY — requires expert/field review
H55-A-00480,2981,1296,373000.0,4210400.0,-118.4471131,38.032417,0.8494722,0.54203,589.24573,5.86618,0.90249,0.9997,0.99953,670.82,"Potential-field view is in its training-reference confident tail while the surface view abstains. Deeper-than-median modelled cover, anti-aligned gravity/cover normals and cross-scale gravity persistence are consistent with a covered basin-margin discontinuity. No fault displacement, geothermal fluid flow or vent has been verified at this pixel.",Lithologic contact; basin-fill model dependence on gravity; intrusive/dike boundary; processing or coverage effects. Surface-only features may instead be roads or erosion.,MODEL HYPOTHESIS ONLY — requires expert/field review
H55-A-00481,2981,1315,374900.0,4210400.0,-118.4254696,38.0326814,0.8847952,0.5352944,491.14758,5.12655,0.96032,0.99948,0.95019,583.1,"Potential-field view is in its training-reference confident tail while the surface view abstains. Deeper-than-median modelled cover, anti-aligned gravity/cover normals and cross-scale gravity persistence are consistent with a covered basin-margin discontinuity. No fault displacement, geothermal fluid flow or vent has been verified at this pixel.",Lithologic contact; basin-fill model dependence on gravity; intrusive/dike boundary; processing or coverage effects. Surface-only features may instead be roads or erosion.,MODEL HYPOTHESIS ONLY — requires expert/field review
H55-A-00482,2981,1325,375900.0,4210400.0,-118.4140782,38.032819,0.8798705,0.4708266,457.12473,5.44048,0.97465,0.99851,0.98534,141.42,"Potential-field view is in its training-reference confident tail while the surface view abstains. Deeper-than-median modelled cover, anti-aligned gravity/cover normals and cross-scale gravity persistence are consistent with a covered basin-margin discontinuity. No fault displacement, geothermal fluid flow or vent has been verified at this pixel.",Lithologic contact; basin-fill model dependence on gravity; intrusive/dike boundary; processing or coverage effects. Surface-only features may instead be roads or erosion.,MODEL HYPOTHESIS ONLY — requires expert/field review
H55-A-00483,2981,1336,377000.0,4210400.0,-118.4015475,38.0329691,0.8831366,0.6003835,417.00723,18.38549,0.93541,0.9998,0.98987,100.0,"Potential-field view is in its training-reference confident tail while the surface view abstains. Deeper-than-median modelled cover, anti-aligned gravity/cover normals and cross-scale gravity persistence are consistent with a covered basin-margin discontinuity. No fault displacement, geothermal fluid flow or vent has been verified at this pixel.",Lithologic contact; basin-fill model dependence on gravity; intrusive/dike boundary; processing or coverage effects. Surface-only features may instead be roads or erosion.,MODEL HYPOTHESIS ONLY — requires expert/field review
H55-A-00484,2981,1377,381100.0,4210400.0,-118.3548415,38.0335167,0.8369148,0.5849819,272.82855,2.16525,0.94407,0.99999,0.91546,424.26,"Potential-field view is in its training-reference confident tail while the surface view abstains. Signed normal/cover support is incomplete; do not interpret this discrepancy as proof of a buried fault. No fault displacement, geothermal fluid flow or vent has been verified at this pixel.",Lithologic contact; basin-fill model dependence on gravity; intrusive/dike boundary; processing or coverage effects. Surface-only features may instead be roads or erosion.,MODEL HYPOTHESIS ONLY — requires expert/field review
H55-A-00485,2981,1387,382100.0,4210400.0,-118.3434496,38.0336474,0.8470452,0.586122,281.39746,3.54002,0.80239,0.90413,0.71821,100.0,"Potential-field view is in its training-reference confident tail while the surface view abstains. Signed normal/cover support is incomplete; do not interpret this discrepancy as proof of a buried fault. No fault displacement, geothermal fluid flow or vent has been verified at this pixel.",Lithologic contact; basin-fill model dependence on gravity; intrusive/dike boundary; processing or coverage effects. Surface-only features may instead be roads or erosion.,MODEL HYPOTHESIS ONLY — requires expert/field review
H55-A-00486,2981,1400,383400.0,4210400.0,-118.32864,38.0338157,0.8337293,0.5374115,277.50769,2.72482,0.91648,0.99996,0.80275,282.84,"Potential-field view is in its training-reference confident tail while the surface view abstains. Signed normal/cover support is incomplete; do not interpret this discrepancy as proof of a buried fault. No fault displacement, geothermal fluid flow or vent has been verified at this pixel.",Lithologic contact; basin-fill model dependence on gravity; intrusive/dike boundary; processing or coverage effects. Surface-only features may instead be roads or erosion.,MODEL HYPOTHESIS ONLY — requires expert/field review
H55-A-00487,2982,1208,364200.0,4210300.0,-118.5473339,38.0302393,0.8573681,0.5108669,815.27161,12.09152,0.83445,0.98863,0.91585,200.0,"Potential-field view is in its training-reference confident tail while the surface view abstains. Deeper-than-median modelled cover, anti-aligned gravity/cover normals and cross-scale gravity persistence are consistent with a covered basin-margin discontinuity. No fault displacement, geothermal fluid flow or vent has been verified at this pixel.",Lithologic contact; basin-fill model dependence on gravity; intrusive/dike boundary; processing or coverage effects. Surface-only features may instead be roads or erosion.,MODEL HYPOTHESIS ONLY — requires expert/field review
H55-A-00488,2982,1216,365000.0,4210300.0,-118.5382216,38.0303588,0.8503892,0.4377496,838.09564,6.95758,-0.99226,0.90139,0.20434,300.0,"Potential-field view is in its training-reference confident tail while the surface view abstains. Signed normal/cover support is incomplete; do not interpret this discrepancy as proof of a buried fault. No fault displacement, geothermal fluid flow or vent has been verified at this pixel.",Lithologic contact; basin-fill model dependence on gravity; intrusive/dike boundary; processing or coverage effects. Surface-only features may instead be roads or erosion.,MODEL HYPOTHESIS ONLY — requires expert/field review
H55-A-00489,2982,1234,366800.0,4210300.0,-118.5177187,38.0306254,0.8550391,0.4008529,797.36096,3.24723,0.85804,0.99948,0.98106,200.0,"Potential-field view is in its training-reference confident tail while the surface view abstains. Deeper-than-median modelled cover, anti-aligned gravity/cover normals and cross-scale gravity persistence are consistent with a covered basin-margin discontinuity. No fault displacement, geothermal fluid flow or vent has been verified at this pixel.",Lithologic contact; basin-fill model dependence on gravity; intrusive/dike boundary; processing or coverage effects. Surface-only features may instead be roads or erosion.,MODEL HYPOTHESIS ONLY — requires expert/field review
H55-A-00490,2982,1242,367600.0,4210300.0,-118.5086061,38.0307427,0.8471135,0.5011833,761.33405,5.4841,0.89326,0.99999,0.98684,894.43,"Potential-field view is in its training-reference confident tail while the surface view abstains. Deeper-than-median modelled cover, anti-aligned gravity/cover normals and cross-scale gravity persistence are consistent with a covered basin-margin discontinuity. No fault displacement, geothermal fluid flow or vent has been verified at this pixel.",Lithologic contact; basin-fill model dependence on gravity; intrusive/dike boundary; processing or coverage effects. Surface-only features may instead be roads or erosion.,MODEL HYPOTHESIS ONLY — requires expert/field review
H55-A-00491,2982,1245,367900.0,4210300.0,-118.5051889,38.0307865,0.8479469,0.6084299,749.15283,4.27843,0.90076,0.99984,0.9864,1140.18,"Potential-field view is in its training-reference confident tail while the surface view abstains. Deeper-than-median modelled cover, anti-aligned gravity/cover normals and cross-scale gravity persistence are consistent with a covered basin-margin discontinuity. No fault displacement, geothermal fluid flow or vent has been verified at this pixel.",Lithologic contact; basin-fill model dependence on gravity; intrusive/dike boundary; processing or coverage effects. Surface-only features may instead be roads or erosion.,MODEL HYPOTHESIS ONLY — requires expert/field review
H55-A-00492,2982,1298,373200.0,4210300.0,-118.4448171,38.031544,0.835497,0.4990619,586.20703,4.38343,0.8975,0.99917,0.99962,894.43,"Potential-field view is in its training-reference confident tail while the surface view abstains. Deeper-than-median modelled cover, anti-aligned gravity/cover normals and cross-scale gravity persistence are consistent with a covered basin-margin discontinuity. No fault displacement, geothermal fluid flow or vent has been verified at this pixel.",Lithologic contact; basin-fill model dependence on gravity; intrusive/dike boundary; processing or coverage effects. Surface-only features may instead be roads or erosion.,MODEL HYPOTHESIS ONLY — requires expert/field review
H55-A-00493,2982,1304,373800.0,4210300.0,-118.4379825,38.0316278,0.861232,0.5837956,552.29352,2.07406,0.89369,0.99739,0.99728,1131.37,"Potential-field view is in its training-reference confident tail while the surface view abstains. Deeper-than-median modelled cover, anti-aligned gravity/cover normals and cross-scale gravity persistence are consistent with a covered basin-margin discontinuity. No fault displacement, geothermal fluid flow or vent has been verified at this pixel.",Lithologic contact; basin-fill model dependence on gravity; intrusive/dike boundary; processing or coverage effects. Surface-only features may instead be roads or erosion.,MODEL HYPOTHESIS ONLY — requires expert/field review
H55-A-00494,2982,1330,376400.0,4210300.0,-118.4083652,38.0319864,0.8780499,0.5576241,451.62677,11.09397,0.96753,0.99752,0.98386,282.84,"Potential-field view is in its training-reference confident tail while the surface view abstains. Deeper-than-median modelled cover, anti-aligned gravity/cover normals and cross-scale gravity persistence are consistent with a covered basin-margin discontinuity. No fault displacement, geothermal fluid flow or vent has been verified at this pixel.",Lithologic contact; basin-fill model dependence on gravity; intrusive/dike boundary; processing or coverage effects. Surface-only features may instead be roads or erosion.,MODEL HYPOTHESIS ONLY — requires expert/field review
H55-A-00495,2982,1334,376800.0,4210300.0,-118.4038086,38.0320409,0.8827509,0.6063678,437.19812,8.20452,0.9445,0.9997,0.98711,282.84,"Potential-field view is in its training-reference confident tail while the surface view abstains. Deeper-than-median modelled cover, anti-aligned gravity/cover normals and cross-scale gravity persistence are consistent with a covered basin-margin discontinuity. No fault displacement, geothermal fluid flow or vent has been verified at this pixel.",Lithologic contact; basin-fill model dependence on gravity; intrusive/dike boundary; processing or coverage effects. Surface-only features may instead be roads or erosion.,MODEL HYPOTHESIS ONLY — requires expert/field review
H55-A-00496,2982,1345,377900.0,4210300.0,-118.391278,38.0321899,0.8818769,0.589601,388.26456,8.8015,0.91495,0.99993,0.99434,700.0,"Potential-field view is in its training-reference confident tail while the surface view abstains. Deeper-than-median modelled cover, anti-aligned gravity/cover normals and cross-scale gravity persistence are consistent with a covered basin-margin discontinuity. No fault displacement, geothermal fluid flow or vent has been verified at this pixel.",Lithologic contact; basin-fill model dependence on gravity; intrusive/dike boundary; processing or coverage effects. Surface-only features may instead be roads or erosion.,MODEL HYPOTHESIS ONLY — requires expert/field review
H55-A-00497,2982,1348,378200.0,4210300.0,-118.3878606,38.0322303,0.865418,0.5827366,372.19876,10.57458,0.91194,0.99989,0.99586,608.28,"Potential-field view is in its training-reference confident tail while the surface view abstains. Deeper-than-median modelled cover, anti-aligned gravity/cover normals and cross-scale gravity persistence are consistent with a covered basin-margin discontinuity. No fault displacement, geothermal fluid flow or vent has been verified at this pixel.",Lithologic contact; basin-fill model dependence on gravity; intrusive/dike boundary; processing or coverage effects. Surface-only features may instead be roads or erosion.,MODEL HYPOTHESIS ONLY — requires expert/field review
H55-A-00498,2982,1372,380600.0,4210300.0,-118.3605207,38.0325499,0.8372658,0.609865,282.29767,3.57958,0.91698,1.0,0.95468,412.31,"Potential-field view is in its training-reference confident tail while the surface view abstains. Signed normal/cover support is incomplete; do not interpret this discrepancy as proof of a buried fault. No fault displacement, geothermal fluid flow or vent has been verified at this pixel.",Lithologic contact; basin-fill model dependence on gravity; intrusive/dike boundary; processing or coverage effects. Surface-only features may instead be roads or erosion.,MODEL HYPOTHESIS ONLY — requires expert/field review
H55-A-00499,2982,1384,381800.0,4210300.0,-118.3468507,38.0327073,0.8483606,0.5449586,287.31494,6.87188,0.96488,0.97789,0.75521,223.61,"Potential-field view is in its training-reference confident tail while the surface view abstains. Signed normal/cover support is incomplete; do not interpret this discrepancy as proof of a buried fault. No fault displacement, geothermal fluid flow or vent has been verified at this pixel.",Lithologic contact; basin-fill model dependence on gravity; intrusive/dike boundary; processing or coverage effects. Surface-only features may instead be roads or erosion.,MODEL HYPOTHESIS ONLY — requires expert/field review
H55-A-00500,2983,1203,363700.0,4210200.0,-118.5530101,38.0292632,0.8616388,0.4162793,790.6463,8.64136,0.97864,0.99813,0.97682,200.0,"Potential-field view is in its training-reference confident tail while the surface view abstains. Deeper-than-median modelled cover, anti-aligned gravity/cover normals and cross-scale gravity persistence are consistent with a covered basin-margin discontinuity. No fault displacement, geothermal fluid flow or vent has been verified at this pixel.",Lithologic contact; basin-fill model dependence on gravity; intrusive/dike boundary; processing or coverage effects. Surface-only features may instead be roads or erosion.,MODEL HYPOTHESIS ONLY — requires expert/field review
H55-A-00501,2983,1224,365800.0,4210200.0,-118.5290905,38.0295768,0.8545385,0.4581757,838.54352,8.35904,0.60698,0.99553,0.90263,300.0,"Potential-field view is in its training-reference confident tail while the surface view abstains. Deeper-than-median modelled cover, anti-aligned gravity/cover normals and cross-scale gravity persistence are consistent with a covered basin-margin discontinuity. No fault displacement, geothermal fluid flow or vent has been verified at this pixel.",Lithologic contact; basin-fill model dependence on gravity; intrusive/dike boundary; processing or coverage effects. Surface-only features may instead be roads or erosion.,MODEL HYPOTHESIS ONLY — requires expert/field review
H55-A-00502,2983,1237,367100.0,4210200.0,-118.5142829,38.0297685,0.8460253,0.4736995,787.66327,8.40638,0.8792,0.99993,0.98311,424.26,"Potential-field view is in its training-reference confident tail while the surface view abstains. Deeper-than-median modelled cover, anti-aligned gravity/cover normals and cross-scale gravity persistence are consistent with a covered basin-margin discontinuity. No fault displacement, geothermal fluid flow or vent has been verified at this pixel.",Lithologic contact; basin-fill model dependence on gravity; intrusive/dike boundary; processing or coverage effects. Surface-only features may instead be roads or erosion.,MODEL HYPOTHESIS ONLY — requires expert/field review
H55-A-00503,2983,1274,370800.0,4210200.0,-118.4721376,38.0303038,0.8381814,0.5604998,701.36609,3.87092,0.81888,0.99949,0.99668,100.0,"Potential-field view is in its training-reference confident tail while the surface view abstains. Deeper-than-median modelled cover, anti-aligned gravity/cover normals and cross-scale gravity persistence are consistent with a covered basin-margin discontinuity. No fault displacement, geothermal fluid flow or vent has been verified at this pixel.",Lithologic contact; basin-fill model dependence on gravity; intrusive/dike boundary; processing or coverage effects. Surface-only features may instead be roads or erosion.,MODEL HYPOTHESIS ONLY — requires expert/field review
H55-A-00504,2983,1279,371300.0,4210200.0,-118.4664422,38.030375,0.8511683,0.4472806,687.59015,5.71675,0.84198,0.99976,0.99701,316.23,"Potential-field view is in its training-reference confident tail while the surface view abstains. Deeper-than-median modelled cover, anti-aligned gravity/cover normals and cross-scale gravity persistence are consistent with a covered basin-margin discontinuity. No fault displacement, geothermal fluid flow or vent has been verified at this pixel.",Lithologic contact; basin-fill model dependence on gravity; intrusive/dike boundary; processing or coverage effects. Surface-only features may instead be roads or erosion.,MODEL HYPOTHESIS ONLY — requires expert/field review
H55-A-00505,2983,1285,371900.0,4210200.0,-118.4596076,38.0304601,0.851953,0.5660915,664.50842,3.08314,0.87697,0.99999,0.9973,141.42,"Potential-field view is in its training-reference confident tail while the surface view abstains. Deeper-than-median modelled cover, anti-aligned gravity/cover normals and cross-scale gravity persistence are consistent with a covered basin-margin discontinuity. No fault displacement, geothermal fluid flow or vent has been verified at this pixel.",Lithologic contact; basin-fill model dependence on gravity; intrusive/dike boundary; processing or coverage effects. Surface-only features may instead be roads or erosion.,MODEL HYPOTHESIS ONLY — requires expert/field review
H55-A-00506,2983,1290,372400.0,4210200.0,-118.4539122,38.0305307,0.851953,0.5135,639.90039,12.7333,0.88231,0.99996,0.99859,223.61,"Potential-field view is in its training-reference confident tail while the surface view abstains. Deeper-than-median modelled cover, anti-aligned gravity/cover normals and cross-scale gravity persistence are consistent with a covered basin-margin discontinuity. No fault displacement, geothermal fluid flow or vent has been verified at this pixel.",Lithologic contact; basin-fill model dependence on gravity; intrusive/dike boundary; processing or coverage effects. Surface-only features may instead be roads or erosion.,MODEL HYPOTHESIS ONLY — requires expert/field review
H55-A-00507,2983,1293,372700.0,4210200.0,-118.4504949,38.0305729,0.8419945,0.5319512,624.24475,11.42033,0.89151,0.99989,0.99919,500.0,"Potential-field view is in its training-reference confident tail while the surface view abstains. Deeper-than-median modelled cover, anti-aligned gravity/cover normals and cross-scale gravity persistence are consistent with a covered basin-margin discontinuity. No fault displacement, geothermal fluid flow or vent has been verified at this pixel.",Lithologic contact; basin-fill model dependence on gravity; intrusive/dike boundary; processing or coverage effects. Surface-only features may instead be roads or erosion.,MODEL HYPOTHESIS ONLY — requires expert/field review
H55-A-00508,2983,1307,374100.0,4210200.0,-118.4345475,38.0307686,0.8740162,0.5550222,545.46045,5.29567,0.89122,0.99433,0.98852,848.53,"Potential-field view is in its training-reference confident tail while the surface view abstains. Deeper-than-median modelled cover, anti-aligned gravity/cover normals and cross-scale gravity persistence are consistent with a covered basin-margin discontinuity. No fault displacement, geothermal fluid flow or vent has been verified at this pixel.",Lithologic contact; basin-fill model dependence on gravity; intrusive/dike boundary; processing or coverage effects. Surface-only features may instead be roads or erosion.,MODEL HYPOTHESIS ONLY — requires expert/field review
H55-A-00509,2983,1310,374400.0,4210200.0,-118.4311302,38.0308102,0.8813512,0.5814304,530.0296,10.62838,0.90149,0.99314,0.96578,640.31,"Potential-field view is in its training-reference confident tail while the surface view abstains. Deeper-than-median modelled cover, anti-aligned gravity/cover normals and cross-scale gravity persistence are consistent with a covered basin-margin discontinuity. No fault displacement, geothermal fluid flow or vent has been verified at this pixel.",Lithologic contact; basin-fill model dependence on gravity; intrusive/dike boundary; processing or coverage effects. Surface-only features may instead be roads or erosion.,MODEL HYPOTHESIS ONLY — requires expert/field review
H55-A-00510,2983,1313,374700.0,4210200.0,-118.4277129,38.0308518,0.885451,0.6023577,516.07758,8.90968,0.93937,0.99955,0.93474,500.0,"Potential-field view is in its training-reference confident tail while the surface view abstains. Deeper-than-median modelled cover, anti-aligned gravity/cover normals and cross-scale gravity persistence are consistent with a covered basin-margin discontinuity. No fault displacement, geothermal fluid flow or vent has been verified at this pixel.",Lithologic contact; basin-fill model dependence on gravity; intrusive/dike boundary; processing or coverage effects. Surface-only features may instead be roads or erosion.,MODEL HYPOTHESIS ONLY — requires expert/field review
H55-A-00511,2983,1319,375300.0,4210200.0,-118.4208782,38.0309346,0.8813512,0.5183027,497.27209,5.53645,0.98753,0.99319,0.96745,141.42,"Potential-field view is in its training-reference confident tail while the surface view abstains. Deeper-than-median modelled cover, anti-aligned gravity/cover normals and cross-scale gravity persistence are consistent with a covered basin-margin discontinuity. No fault displacement, geothermal fluid flow or vent has been verified at this pixel.",Lithologic contact; basin-fill model dependence on gravity; intrusive/dike boundary; processing or coverage effects. Surface-only features may instead be roads or erosion.,MODEL HYPOTHESIS ONLY — requires expert/field review
H55-A-00512,2983,1322,375600.0,4210200.0,-118.4174609,38.0309758,0.8721197,0.5471182,487.86713,12.17264,0.98458,0.99644,0.97922,100.0,"Potential-field view is in its training-reference confident tail while the surface view abstains. Deeper-than-median modelled cover, anti-aligned gravity/cover normals and cross-scale gravity persistence are consistent with a covered basin-margin discontinuity. No fault displacement, geothermal fluid flow or vent has been verified at this pixel.",Lithologic contact; basin-fill model dependence on gravity; intrusive/dike boundary; processing or coverage effects. Surface-only features may instead be roads or erosion.,MODEL HYPOTHESIS ONLY — requires expert/field review
H55-A-00513,2983,1328,376200.0,4210200.0,-118.4106261,38.0310581,0.8731062,0.5713046,469.21741,6.82372,0.97509,0.99682,0.98352,200.0,"Potential-field view is in its training-reference confident tail while the surface view abstains. Deeper-than-median modelled cover, anti-aligned gravity/cover normals and cross-scale gravity persistence are consistent with a covered basin-margin discontinuity. No fault displacement, geothermal fluid flow or vent has been verified at this pixel.",Lithologic contact; basin-fill model dependence on gravity; intrusive/dike boundary; processing or coverage effects. Surface-only features may instead be roads or erosion.,MODEL HYPOTHESIS ONLY — requires expert/field review
H55-A-00514,2983,1332,376600.0,4210200.0,-118.4060697,38.0311126,0.8863945,0.6072963,456.78806,9.29604,0.95785,0.99878,0.98368,500.0,"Potential-field view is in its training-reference confident tail while the surface view abstains. Deeper-than-median modelled cover, anti-aligned gravity/cover normals and cross-scale gravity persistence are consistent with a covered basin-margin discontinuity. No fault displacement, geothermal fluid flow or vent has been verified at this pixel.",Lithologic contact; basin-fill model dependence on gravity; intrusive/dike boundary; processing or coverage effects. Surface-only features may instead be roads or erosion.,MODEL HYPOTHESIS ONLY — requires expert/field review
H55-A-00515,2983,1338,377200.0,4210200.0,-118.3992349,38.0311942,0.8866813,0.6071323,432.31848,3.88165,0.93173,0.9996,0.99184,360.56,"Potential-field view is in its training-reference confident tail while the surface view abstains. Deeper-than-median modelled cover, anti-aligned gravity/cover normals and cross-scale gravity persistence are consistent with a covered basin-margin discontinuity. No fault displacement, geothermal fluid flow or vent has been verified at this pixel.",Lithologic contact; basin-fill model dependence on gravity; intrusive/dike boundary; processing or coverage effects. Surface-only features may instead be roads or erosion.,MODEL HYPOTHESIS ONLY — requires expert/field review
H55-A-00516,2983,1341,377500.0,4210200.0,-118.3958175,38.0312348,0.8795906,0.5981608,419.84406,9.39356,0.92503,0.9995,0.99279,538.52,"Potential-field view is in its training-reference confident tail while the surface view abstains. Deeper-than-median modelled cover, anti-aligned gravity/cover normals and cross-scale gravity persistence are consistent with a covered basin-margin discontinuity. No fault displacement, geothermal fluid flow or vent has been verified at this pixel.",Lithologic contact; basin-fill model dependence on gravity; intrusive/dike boundary; processing or coverage effects. Surface-only features may instead be roads or erosion.,MODEL HYPOTHESIS ONLY — requires expert/field review
H55-A-00517,2983,1379,381300.0,4210200.0,-118.35253,38.0317408,0.8369148,0.530898,293.22852,1.15533,0.97206,0.99995,0.90703,141.42,"Potential-field view is in its training-reference confident tail while the surface view abstains. Signed normal/cover support is incomplete; do not interpret this discrepancy as proof of a buried fault. No fault displacement, geothermal fluid flow or vent has been verified at this pixel.",Lithologic contact; basin-fill model dependence on gravity; intrusive/dike boundary; processing or coverage effects. Surface-only features may instead be roads or erosion.,MODEL HYPOTHESIS ONLY — requires expert/field review
H55-A-00518,2983,1395,382900.0,4210200.0,-118.3343033,38.0319491,0.8455356,0.5294954,302.74146,0.79725,0.99583,0.9949,0.63864,282.84,"Potential-field view is in its training-reference confident tail while the surface view abstains. Signed normal/cover support is incomplete; do not interpret this discrepancy as proof of a buried fault. No fault displacement, geothermal fluid flow or vent has been verified at this pixel.",Lithologic contact; basin-fill model dependence on gravity; intrusive/dike boundary; processing or coverage effects. Surface-only features may instead be roads or erosion.,MODEL HYPOTHESIS ONLY — requires expert/field review
H55-A-00519,2983,1398,383200.0,4210200.0,-118.3308858,38.0319879,0.8391232,0.489854,298.23544,1.48651,0.9765,0.99998,0.773,200.0,"Potential-field view is in its training-reference confident tail while the surface view abstains. Signed normal/cover support is incomplete; do not interpret this discrepancy as proof of a buried fault. No fault displacement, geothermal fluid flow or vent has been verified at this pixel.",Lithologic contact; basin-fill model dependence on gravity; intrusive/dike boundary; processing or coverage effects. Surface-only features may instead be roads or erosion.,MODEL HYPOTHESIS ONLY — requires expert/field review
H55-A-00520,2984,1222,365600.0,4210100.0,-118.5313498,38.0286462,0.839009,0.3964629,848.22595,6.37303,0.28865,0.99533,0.83206,360.56,"Potential-field view is in its training-reference confident tail while the surface view abstains. Signed normal/cover support is incomplete; do not interpret this discrepancy as proof of a buried fault. No fault displacement, geothermal fluid flow or vent has been verified at this pixel.",Lithologic contact; basin-fill model dependence on gravity; intrusive/dike boundary; processing or coverage effects. Surface-only features may instead be roads or erosion.,MODEL HYPOTHESIS ONLY — requires expert/field review
H55-A-00521,2984,1235,366900.0,4210100.0,-118.5165424,38.0288381,0.8468636,0.4134353,800.20178,2.75066,0.87301,0.99996,0.97795,223.61,"Potential-field view is in its training-reference confident tail while the surface view abstains. Deeper-than-median modelled cover, anti-aligned gravity/cover normals and cross-scale gravity persistence are consistent with a covered basin-margin discontinuity. No fault displacement, geothermal fluid flow or vent has been verified at this pixel.",Lithologic contact; basin-fill model dependence on gravity; intrusive/dike boundary; processing or coverage effects. Surface-only features may instead be roads or erosion.,MODEL HYPOTHESIS ONLY — requires expert/field review
H55-A-00522,2984,1248,368200.0,4210100.0,-118.5017349,38.0290282,0.8471135,0.6089079,747.43494,4.07116,0.8989,0.99925,0.98132,806.23,"Potential-field view is in its training-reference confident tail while the surface view abstains. Deeper-than-median modelled cover, anti-aligned gravity/cover normals and cross-scale gravity persistence are consistent with a covered basin-margin discontinuity. No fault displacement, geothermal fluid flow or vent has been verified at this pixel.",Lithologic contact; basin-fill model dependence on gravity; intrusive/dike boundary; processing or coverage effects. Surface-only features may instead be roads or erosion.,MODEL HYPOTHESIS ONLY — requires expert/field review
H55-A-00523,2984,1269,370300.0,4210100.0,-118.4778148,38.0293314,0.8179948,0.5041811,715.21094,6.2176,0.73527,0.99799,0.99819,200.0,"Potential-field view is in its training-reference confident tail while the surface view abstains. Deeper-than-median modelled cover, anti-aligned gravity/cover normals and cross-scale gravity persistence are consistent with a covered basin-margin discontinuity. No fault displacement, geothermal fluid flow or vent has been verified at this pixel.",Lithologic contact; basin-fill model dependence on gravity; intrusive/dike boundary; processing or coverage effects. Surface-only features may instead be roads or erosion.,MODEL HYPOTHESIS ONLY — requires expert/field review
H55-A-00524,2984,1296,373000.0,4210100.0,-118.4470599,38.029714,0.8257582,0.526375,615.27246,4.37045,0.89406,0.99956,0.99958,806.23,"Potential-field view is in its training-reference confident tail while the surface view abstains. Deeper-than-median modelled cover, anti-aligned gravity/cover normals and cross-scale gravity persistence are consistent with a covered basin-margin discontinuity. No fault displacement, geothermal fluid flow or vent has been verified at this pixel.",Lithologic contact; basin-fill model dependence on gravity; intrusive/dike boundary; processing or coverage effects. Surface-only features may instead be roads or erosion.,MODEL HYPOTHESIS ONLY — requires expert/field review
H55-A-00525,2984,1315,374900.0,4210100.0,-118.4254172,38.0299784,0.8732976,0.5831308,519.14087,4.35528,0.97327,0.99691,0.92559,316.23,"Potential-field view is in its training-reference confident tail while the surface view abstains. Deeper-than-median modelled cover, anti-aligned gravity/cover normals and cross-scale gravity persistence are consistent with a covered basin-margin discontinuity. No fault displacement, geothermal fluid flow or vent has been verified at this pixel.",Lithologic contact; basin-fill model dependence on gravity; intrusive/dike boundary; processing or coverage effects. Surface-only features may instead be roads or erosion.,MODEL HYPOTHESIS ONLY — requires expert/field review
H55-A-00526,2984,1385,381900.0,4210100.0,-118.3456785,38.0309183,0.8486915,0.5469171,306.58148,7.07017,0.9624,0.96868,0.84325,316.23,"Potential-field view is in its training-reference confident tail while the surface view abstains. Signed normal/cover support is incomplete; do not interpret this discrepancy as proof of a buried fault. No fault displacement, geothermal fluid flow or vent has been verified at this pixel.",Lithologic contact; basin-fill model dependence on gravity; intrusive/dike boundary; processing or coverage effects. Surface-only features may instead be roads or erosion.,MODEL HYPOTHESIS ONLY — requires expert/field review
H55-A-00527,2984,1388,382200.0,4210100.0,-118.3422611,38.0309573,0.8464624,0.5483837,309.58618,2.649,0.89313,0.92671,0.86929,100.0,"Potential-field view is in its training-reference confident tail while the surface view abstains. Signed normal/cover support is incomplete; do not interpret this discrepancy as proof of a buried fault. No fault displacement, geothermal fluid flow or vent has been verified at this pixel.",Lithologic contact; basin-fill model dependence on gravity; intrusive/dike boundary; processing or coverage effects. Surface-only features may instead be roads or erosion.,MODEL HYPOTHESIS ONLY — requires expert/field review
H55-A-00528,2985,1207,364100.0,4210000.0,-118.5484161,38.0275214,0.8528202,0.506704,813.79663,4.94738,0.93827,0.99692,0.94024,223.61,"Potential-field view is in its training-reference confident tail while the surface view abstains. Deeper-than-median modelled cover, anti-aligned gravity/cover normals and cross-scale gravity persistence are consistent with a covered basin-margin discontinuity. No fault displacement, geothermal fluid flow or vent has been verified at this pixel.",Lithologic contact; basin-fill model dependence on gravity; intrusive/dike boundary; processing or coverage effects. Surface-only features may instead be roads or erosion.,MODEL HYPOTHESIS ONLY — requires expert/field review
H55-A-00529,2985,1219,365300.0,4210000.0,-118.5347481,38.0277006,0.8208424,0.451034,849.18933,1.36957,-0.8955,0.99666,0.5979,300.0,"Potential-field view is in its training-reference confident tail while the surface view abstains. Signed normal/cover support is incomplete; do not interpret this discrepancy as proof of a buried fault. No fault displacement, geothermal fluid flow or vent has been verified at this pixel.",Lithologic contact; basin-fill model dependence on gravity; intrusive/dike boundary; processing or coverage effects. Surface-only features may instead be roads or erosion.,MODEL HYPOTHESIS ONLY — requires expert/field review
H55-A-00530,2985,1225,365900.0,4210000.0,-118.527914,38.0277897,0.8599644,0.4632643,840.68378,5.00087,0.72797,0.99933,0.91133,200.0,"Potential-field view is in its training-reference confident tail while the surface view abstains. Deeper-than-median modelled cover, anti-aligned gravity/cover normals and cross-scale gravity persistence are consistent with a covered basin-margin discontinuity. No fault displacement, geothermal fluid flow or vent has been verified at this pixel.",Lithologic contact; basin-fill model dependence on gravity; intrusive/dike boundary; processing or coverage effects. Surface-only features may instead be roads or erosion.,MODEL HYPOTHESIS ONLY — requires expert/field review
H55-A-00531,2985,1238,367200.0,4210000.0,-118.5131068,38.0279812,0.8460253,0.5348713,791.20007,6.65019,0.89155,0.99999,0.97789,412.31,"Potential-field view is in its training-reference confident tail while the surface view abstains. Deeper-than-median modelled cover, anti-aligned gravity/cover normals and cross-scale gravity persistence are consistent with a covered basin-margin discontinuity. No fault displacement, geothermal fluid flow or vent has been verified at this pixel.",Lithologic contact; basin-fill model dependence on gravity; intrusive/dike boundary; processing or coverage effects. Surface-only features may instead be roads or erosion.,MODEL HYPOTHESIS ONLY — requires expert/field review
H55-A-00532,2985,1245,367900.0,4210000.0,-118.5051336,38.0280835,0.8471135,0.5529625,763.59607,5.85869,0.89268,0.99951,0.98031,921.95,"Potential-field view is in its training-reference confident tail while the surface view abstains. Deeper-than-median modelled cover, anti-aligned gravity/cover normals and cross-scale gravity persistence are consistent with a covered basin-margin discontinuity. No fault displacement, geothermal fluid flow or vent has been verified at this pixel.",Lithologic contact; basin-fill model dependence on gravity; intrusive/dike boundary; processing or coverage effects. Surface-only features may instead be roads or erosion.,MODEL HYPOTHESIS ONLY — requires expert/field review
H55-A-00533,2985,1282,371600.0,4210000.0,-118.4629891,38.0286156,0.8540392,0.5766309,697.90851,17.04354,0.85521,0.99993,0.99663,223.61,"Potential-field view is in its training-reference confident tail while the surface view abstains. Deeper-than-median modelled cover, anti-aligned gravity/cover normals and cross-scale gravity persistence are consistent with a covered basin-margin discontinuity. No fault displacement, geothermal fluid flow or vent has been verified at this pixel.",Lithologic contact; basin-fill model dependence on gravity; intrusive/dike boundary; processing or coverage effects. Surface-only features may instead be roads or erosion.,MODEL HYPOTHESIS ONLY — requires expert/field review
H55-A-00534,2985,1301,373500.0,4210000.0,-118.4413468,38.028883,0.8672855,0.4883514,594.28131,4.0459,0.88725,0.99824,0.9979,1166.19,"Potential-field view is in its training-reference confident tail while the surface view abstains. Deeper-than-median modelled cover, anti-aligned gravity/cover normals and cross-scale gravity persistence are consistent with a covered basin-margin discontinuity. No fault displacement, geothermal fluid flow or vent has been verified at this pixel.",Lithologic contact; basin-fill model dependence on gravity; intrusive/dike boundary; processing or coverage effects. Surface-only features may instead be roads or erosion.,MODEL HYPOTHESIS ONLY — requires expert/field review
H55-A-00535,2985,1306,374000.0,4210000.0,-118.4356515,38.0289527,0.8740162,0.5261849,567.96979,4.07734,0.89035,0.99614,0.98737,781.02,"Potential-field view is in its training-reference confident tail while the surface view abstains. Deeper-than-median modelled cover, anti-aligned gravity/cover normals and cross-scale gravity persistence are consistent with a covered basin-margin discontinuity. No fault displacement, geothermal fluid flow or vent has been verified at this pixel.",Lithologic contact; basin-fill model dependence on gravity; intrusive/dike boundary; processing or coverage effects. Surface-only features may instead be roads or erosion.,MODEL HYPOTHESIS ONLY — requires expert/field review
H55-A-00536,2985,1318,375200.0,4210000.0,-118.4219825,38.0291188,0.8808758,0.4881532,519.90198,2.3297,0.99325,0.987,0.95599,100.0,"Potential-field view is in its training-reference confident tail while the surface view abstains. Deeper-than-median modelled cover, anti-aligned gravity/cover normals and cross-scale gravity persistence are consistent with a covered basin-margin discontinuity. No fault displacement, geothermal fluid flow or vent has been verified at this pixel.",Lithologic contact; basin-fill model dependence on gravity; intrusive/dike boundary; processing or coverage effects. Surface-only features may instead be roads or erosion.,MODEL HYPOTHESIS ONLY — requires expert/field review
H55-A-00537,2985,1330,376400.0,4210000.0,-118.4083134,38.0292833,0.87959,0.4774757,485.75555,9.40892,0.97189,0.99636,0.98029,447.21,"Potential-field view is in its training-reference confident tail while the surface view abstains. Deeper-than-median modelled cover, anti-aligned gravity/cover normals and cross-scale gravity persistence are consistent with a covered basin-margin discontinuity. No fault displacement, geothermal fluid flow or vent has been verified at this pixel.",Lithologic contact; basin-fill model dependence on gravity; intrusive/dike boundary; processing or coverage effects. Surface-only features may instead be roads or erosion.,MODEL HYPOTHESIS ONLY — requires expert/field review
H55-A-00538,2985,1335,376900.0,4210000.0,-118.4026179,38.0293514,0.8828636,0.4495122,468.3587,4.06992,0.94056,0.99982,0.98723,509.9,"Potential-field view is in its training-reference confident tail while the surface view abstains. Deeper-than-median modelled cover, anti-aligned gravity/cover normals and cross-scale gravity persistence are consistent with a covered basin-margin discontinuity. No fault displacement, geothermal fluid flow or vent has been verified at this pixel.",Lithologic contact; basin-fill model dependence on gravity; intrusive/dike boundary; processing or coverage effects. Surface-only features may instead be roads or erosion.,MODEL HYPOTHESIS ONLY — requires expert/field review
H55-A-00539,2985,1349,378300.0,4210000.0,-118.3866705,38.0295406,0.8724228,0.5309646,401.19403,11.38115,0.91015,0.99997,0.99807,300.0,"Potential-field view is in its training-reference confident tail while the surface view abstains. Deeper-than-median modelled cover, anti-aligned gravity/cover normals and cross-scale gravity persistence are consistent with a covered basin-margin discontinuity. No fault displacement, geothermal fluid flow or vent has been verified at this pixel.",Lithologic contact; basin-fill model dependence on gravity; intrusive/dike boundary; processing or coverage effects. Surface-only features may instead be roads or erosion.,MODEL HYPOTHESIS ONLY — requires expert/field review
H55-A-00540,2985,1376,381000.0,4210000.0,-118.3559142,38.0298994,0.8372658,0.6072378,311.09705,10.38737,0.95667,0.99905,0.95147,300.0,"Potential-field view is in its training-reference confident tail while the surface view abstains. Signed normal/cover support is incomplete; do not interpret this discrepancy as proof of a buried fault. No fault displacement, geothermal fluid flow or vent has been verified at this pixel.",Lithologic contact; basin-fill model dependence on gravity; intrusive/dike boundary; processing or coverage effects. Surface-only features may instead be roads or erosion.,MODEL HYPOTHESIS ONLY — requires expert/field review
H55-A-00541,2985,1381,381500.0,4210000.0,-118.3502186,38.029965,0.8372658,0.5135927,312.95151,6.01375,0.99351,0.99962,0.89972,100.0,"Potential-field view is in its training-reference confident tail while the surface view abstains. Signed normal/cover support is incomplete; do not interpret this discrepancy as proof of a buried fault. No fault displacement, geothermal fluid flow or vent has been verified at this pixel.",Lithologic contact; basin-fill model dependence on gravity; intrusive/dike boundary; processing or coverage effects. Surface-only features may instead be roads or erosion.,MODEL HYPOTHESIS ONLY — requires expert/field review
H55-A-00542,2985,1392,382600.0,4210000.0,-118.3376881,38.0301082,0.8464624,0.5266454,322.53833,3.47934,0.9341,0.95215,0.83696,200.0,"Potential-field view is in its training-reference confident tail while the surface view abstains. Deeper-than-median modelled cover, anti-aligned gravity/cover normals and cross-scale gravity persistence are consistent with a covered basin-margin discontinuity. No fault displacement, geothermal fluid flow or vent has been verified at this pixel.",Lithologic contact; basin-fill model dependence on gravity; intrusive/dike boundary; processing or coverage effects. Surface-only features may instead be roads or erosion.,MODEL HYPOTHESIS ONLY — requires expert/field review
H55-A-00543,2985,1395,382900.0,4210000.0,-118.3342706,38.0301471,0.8403129,0.5413814,320.55045,4.03408,0.99849,0.99746,0.77155,200.0,"Potential-field view is in its training-reference confident tail while the surface view abstains. Deeper-than-median modelled cover, anti-aligned gravity/cover normals and cross-scale gravity persistence are consistent with a covered basin-margin discontinuity. No fault displacement, geothermal fluid flow or vent has been verified at this pixel.",Lithologic contact; basin-fill model dependence on gravity; intrusive/dike boundary; processing or coverage effects. Surface-only features may instead be roads or erosion.,MODEL HYPOTHESIS ONLY — requires expert/field review
H55-A-00544,2985,1402,383600.0,4210000.0,-118.3262966,38.0302373,0.8357608,0.5079526,309.91748,1.35663,0.94533,0.99986,0.92506,141.42,"Potential-field view is in its training-reference confident tail while the surface view abstains. Signed normal/cover support is incomplete; do not interpret this discrepancy as proof of a buried fault. No fault displacement, geothermal fluid flow or vent has been verified at this pixel.",Lithologic contact; basin-fill model dependence on gravity; intrusive/dike boundary; processing or coverage effects. Surface-only features may instead be roads or erosion.,MODEL HYPOTHESIS ONLY — requires expert/field review
H55-A-00545,2986,1231,366500.0,4209900.0,-118.5210613,38.0269773,0.8634676,0.4252491,823.67578,10.07957,0.87466,0.99994,0.95748,223.61,"Potential-field view is in its training-reference confident tail while the surface view abstains. Deeper-than-median modelled cover, anti-aligned gravity/cover normals and cross-scale gravity persistence are consistent with a covered basin-margin discontinuity. No fault displacement, geothermal fluid flow or vent has been verified at this pixel.",Lithologic contact; basin-fill model dependence on gravity; intrusive/dike boundary; processing or coverage effects. Surface-only features may instead be roads or erosion.,MODEL HYPOTHESIS ONLY — requires expert/field review
H55-A-00546,2986,1240,367400.0,4209900.0,-118.5108102,38.0271095,0.8491155,0.5368459,786.92358,5.06279,0.89875,0.99995,0.97543,500.0,"Potential-field view is in its training-reference confident tail while the surface view abstains. Deeper-than-median modelled cover, anti-aligned gravity/cover normals and cross-scale gravity persistence are consistent with a covered basin-margin discontinuity. No fault displacement, geothermal fluid flow or vent has been verified at this pixel.",Lithologic contact; basin-fill model dependence on gravity; intrusive/dike boundary; processing or coverage effects. Surface-only features may instead be roads or erosion.,MODEL HYPOTHESIS ONLY — requires expert/field review
H55-A-00547,2986,1243,367700.0,4209900.0,-118.5073932,38.0271534,0.8483225,0.5377601,775.41669,8.95648,0.89221,0.99975,0.97677,761.58,"Potential-field view is in its training-reference confident tail while the surface view abstains. Deeper-than-median modelled cover, anti-aligned gravity/cover normals and cross-scale gravity persistence are consistent with a covered basin-margin discontinuity. No fault displacement, geothermal fluid flow or vent has been verified at this pixel.",Lithologic contact; basin-fill model dependence on gravity; intrusive/dike boundary; processing or coverage effects. Surface-only features may instead be roads or erosion.,MODEL HYPOTHESIS ONLY — requires expert/field review
H55-A-00548,2986,1277,371100.0,4209900.0,-118.4686663,38.0276436,0.8386168,0.5442746,720.79163,30.7139,0.82121,0.99987,0.99634,100.0,"Potential-field view is in its training-reference confident tail while the surface view abstains. Deeper-than-median modelled cover, anti-aligned gravity/cover normals and cross-scale gravity persistence are consistent with a covered basin-margin discontinuity. No fault displacement, geothermal fluid flow or vent has been verified at this pixel.",Lithologic contact; basin-fill model dependence on gravity; intrusive/dike boundary; processing or coverage effects. Surface-only features may instead be roads or erosion.,MODEL HYPOTHESIS ONLY — requires expert/field review
H55-A-00549,2986,1290,372400.0,4209900.0,-118.4538588,38.0278277,0.846333,0.5926824,666.56104,14.90822,0.87621,0.9999,0.99846,200.0,"Potential-field view is in its training-reference confident tail while the surface view abstains. Deeper-than-median modelled cover, anti-aligned gravity/cover normals and cross-scale gravity persistence are consistent with a covered basin-margin discontinuity. No fault displacement, geothermal fluid flow or vent has been verified at this pixel.",Lithologic contact; basin-fill model dependence on gravity; intrusive/dike boundary; processing or coverage effects. Surface-only features may instead be roads or erosion.,MODEL HYPOTHESIS ONLY — requires expert/field review
H55-A-00550,2986,1298,373200.0,4209900.0,-118.4447463,38.02794,0.8536991,0.4993198,620.70599,1.90556,0.889,0.99916,0.99928,860.23,"Potential-field view is in its training-reference confident tail while the surface view abstains. Deeper-than-median modelled cover, anti-aligned gravity/cover normals and cross-scale gravity persistence are consistent with a covered basin-margin discontinuity. No fault displacement, geothermal fluid flow or vent has been verified at this pixel.",Lithologic contact; basin-fill model dependence on gravity; intrusive/dike boundary; processing or coverage effects. Surface-only features may instead be roads or erosion.,MODEL HYPOTHESIS ONLY — requires expert/field review
H55-A-00551,2986,1303,373700.0,4209900.0,-118.4390511,38.0280099,0.8747679,0.5409521,591.69751,3.31725,0.8875,0.99826,0.99415,984.89,"Potential-field view is in its training-reference confident tail while the surface view abstains. Deeper-than-median modelled cover, anti-aligned gravity/cover normals and cross-scale gravity persistence are consistent with a covered basin-margin discontinuity. No fault displacement, geothermal fluid flow or vent has been verified at this pixel.",Lithologic contact; basin-fill model dependence on gravity; intrusive/dike boundary; processing or coverage effects. Surface-only features may instead be roads or erosion.,MODEL HYPOTHESIS ONLY — requires expert/field review
H55-A-00552,2986,1308,374200.0,4209900.0,-118.4333557,38.0280795,0.8813512,0.5133917,566.62262,3.70598,0.89901,0.9957,0.9701,565.69,"Potential-field view is in its training-reference confident tail while the surface view abstains. Deeper-than-median modelled cover, anti-aligned gravity/cover normals and cross-scale gravity persistence are consistent with a covered basin-margin discontinuity. No fault displacement, geothermal fluid flow or vent has been verified at this pixel.",Lithologic contact; basin-fill model dependence on gravity; intrusive/dike boundary; processing or coverage effects. Surface-only features may instead be roads or erosion.,MODEL HYPOTHESIS ONLY — requires expert/field review
H55-A-00553,2986,1314,374800.0,4209900.0,-118.4265213,38.0281626,0.8808758,0.5944215,540.52063,12.41487,0.97323,0.99647,0.90892,200.0,"Potential-field view is in its training-reference confident tail while the surface view abstains. Deeper-than-median modelled cover, anti-aligned gravity/cover normals and cross-scale gravity persistence are consistent with a covered basin-margin discontinuity. No fault displacement, geothermal fluid flow or vent has been verified at this pixel.",Lithologic contact; basin-fill model dependence on gravity; intrusive/dike boundary; processing or coverage effects. Surface-only features may instead be roads or erosion.,MODEL HYPOTHESIS ONLY — requires expert/field review
H55-A-00554,2986,1327,376100.0,4209900.0,-118.4117134,38.0283413,0.87959,0.5016409,505.24768,10.25425,0.9821,0.99497,0.9811,282.84,"Potential-field view is in its training-reference confident tail while the surface view abstains. Deeper-than-median modelled cover, anti-aligned gravity/cover normals and cross-scale gravity persistence are consistent with a covered basin-margin discontinuity. No fault displacement, geothermal fluid flow or vent has been verified at this pixel.",Lithologic contact; basin-fill model dependence on gravity; intrusive/dike boundary; processing or coverage effects. Surface-only features may instead be roads or erosion.,MODEL HYPOTHESIS ONLY — requires expert/field review
H55-A-00555,2986,1333,376700.0,4209900.0,-118.4048789,38.0284232,0.889835,0.5542862,488.27386,10.55786,0.95317,0.99907,0.98174,670.82,"Potential-field view is in its training-reference confident tail while the surface view abstains. Deeper-than-median modelled cover, anti-aligned gravity/cover normals and cross-scale gravity persistence are consistent with a covered basin-margin discontinuity. No fault displacement, geothermal fluid flow or vent has been verified at this pixel.",Lithologic contact; basin-fill model dependence on gravity; intrusive/dike boundary; processing or coverage effects. Surface-only features may instead be roads or erosion.,MODEL HYPOTHESIS ONLY — requires expert/field review
H55-A-00556,2986,1338,377200.0,4209900.0,-118.3991835,38.0284911,0.8891174,0.5661137,467.9433,7.11439,0.93012,0.99962,0.99154,565.69,"Potential-field view is in its training-reference confident tail while the surface view abstains. Deeper-than-median modelled cover, anti-aligned gravity/cover normals and cross-scale gravity persistence are consistent with a covered basin-margin discontinuity. No fault displacement, geothermal fluid flow or vent has been verified at this pixel.",Lithologic contact; basin-fill model dependence on gravity; intrusive/dike boundary; processing or coverage effects. Surface-only features may instead be roads or erosion.,MODEL HYPOTHESIS ONLY — requires expert/field review
H55-A-00557,2986,1398,383200.0,4209900.0,-118.3308369,38.0292848,0.8394704,0.546753,324.87231,1.64399,0.98866,0.99999,0.87576,100.0,"Potential-field view is in its training-reference confident tail while the surface view abstains. Deeper-than-median modelled cover, anti-aligned gravity/cover normals and cross-scale gravity persistence are consistent with a covered basin-margin discontinuity. No fault displacement, geothermal fluid flow or vent has been verified at this pixel.",Lithologic contact; basin-fill model dependence on gravity; intrusive/dike boundary; processing or coverage effects. Surface-only features may instead be roads or erosion.,MODEL HYPOTHESIS ONLY — requires expert/field review
H55-A-00558,2986,1405,383900.0,4209900.0,-118.3228629,38.0293748,0.8262541,0.5661879,309.67627,1.78901,0.93108,0.99659,0.96264,424.26,"Potential-field view is in its training-reference confident tail while the surface view abstains. Signed normal/cover support is incomplete; do not interpret this discrepancy as proof of a buried fault. No fault displacement, geothermal fluid flow or vent has been verified at this pixel.",Lithologic contact; basin-fill model dependence on gravity; intrusive/dike boundary; processing or coverage effects. Surface-only features may instead be roads or erosion.,MODEL HYPOTHESIS ONLY — requires expert/field review
H55-A-00559,2987,1206,364000.0,4209800.0,-118.5495171,38.0257045,0.8627055,0.4746183,810.39349,8.77472,0.99257,0.9993,0.94789,200.0,"Potential-field view is in its training-reference confident tail while the surface view abstains. Deeper-than-median modelled cover, anti-aligned gravity/cover normals and cross-scale gravity persistence are consistent with a covered basin-margin discontinuity. No fault displacement, geothermal fluid flow or vent has been verified at this pixel.",Lithologic contact; basin-fill model dependence on gravity; intrusive/dike boundary; processing or coverage effects. Surface-only features may instead be roads or erosion.,MODEL HYPOTHESIS ONLY — requires expert/field review
H55-A-00560,2987,1214,364800.0,4209800.0,-118.5404053,38.0258242,0.8524474,0.4331752,845.58704,4.51527,0.32163,0.9281,0.47017,200.0,"Potential-field view is in its training-reference confident tail while the surface view abstains. Deeper-than-median modelled cover, anti-aligned gravity/cover normals and cross-scale gravity persistence are consistent with a covered basin-margin discontinuity. No fault displacement, geothermal fluid flow or vent has been verified at this pixel.",Lithologic contact; basin-fill model dependence on gravity; intrusive/dike boundary; processing or coverage effects. Surface-only features may instead be roads or erosion.,MODEL HYPOTHESIS ONLY — requires expert/field review
H55-A-00561,2987,1224,365800.0,4209800.0,-118.5290156,38.0259729,0.8553079,0.5175804,849.59174,9.46163,0.85606,0.99992,0.8708,100.0,"Potential-field view is in its training-reference confident tail while the surface view abstains. Deeper-than-median modelled cover, anti-aligned gravity/cover normals and cross-scale gravity persistence are consistent with a covered basin-margin discontinuity. No fault displacement, geothermal fluid flow or vent has been verified at this pixel.",Lithologic contact; basin-fill model dependence on gravity; intrusive/dike boundary; processing or coverage effects. Surface-only features may instead be roads or erosion.,MODEL HYPOTHESIS ONLY — requires expert/field review
H55-A-00562,2987,1228,366200.0,4209800.0,-118.5244596,38.0260321,0.8634676,0.5436556,836.66742,13.78017,0.89885,0.99982,0.93353,100.0,"Potential-field view is in its training-reference confident tail while the surface view abstains. Deeper-than-median modelled cover, anti-aligned gravity/cover normals and cross-scale gravity persistence are consistent with a covered basin-margin discontinuity. No fault displacement, geothermal fluid flow or vent has been verified at this pixel.",Lithologic contact; basin-fill model dependence on gravity; intrusive/dike boundary; processing or coverage effects. Surface-only features may instead be roads or erosion.,MODEL HYPOTHESIS ONLY — requires expert/field review
H55-A-00563,2987,1233,366700.0,4209800.0,-118.5187647,38.0261058,0.8634676,0.5798296,819.31158,9.17549,0.91473,0.99996,0.96012,100.0,"Potential-field view is in its training-reference confident tail while the surface view abstains. Deeper-than-median modelled cover, anti-aligned gravity/cover normals and cross-scale gravity persistence are consistent with a covered basin-margin discontinuity. No fault displacement, geothermal fluid flow or vent has been verified at this pixel.",Lithologic contact; basin-fill model dependence on gravity; intrusive/dike boundary; processing or coverage effects. Surface-only features may instead be roads or erosion.,MODEL HYPOTHESIS ONLY — requires expert/field review
H55-A-00564,2987,1236,367000.0,4209800.0,-118.5153477,38.0261499,0.847742,0.5119996,807.22369,19.27808,0.91704,0.99999,0.96773,141.42,"Potential-field view is in its training-reference confident tail while the surface view abstains. Deeper-than-median modelled cover, anti-aligned gravity/cover normals and cross-scale gravity persistence are consistent with a covered basin-margin discontinuity. No fault displacement, geothermal fluid flow or vent has been verified at this pixel.",Lithologic contact; basin-fill model dependence on gravity; intrusive/dike boundary; processing or coverage effects. Surface-only features may instead be roads or erosion.,MODEL HYPOTHESIS ONLY — requires expert/field review
H55-A-00565,2987,1248,368200.0,4209800.0,-118.5016798,38.0263253,0.8501858,0.5953264,763.13245,8.97567,0.87442,0.99957,0.97489,565.69,"Potential-field view is in its training-reference confident tail while the surface view abstains. Deeper-than-median modelled cover, anti-aligned gravity/cover normals and cross-scale gravity persistence are consistent with a covered basin-margin discontinuity. No fault displacement, geothermal fluid flow or vent has been verified at this pixel.",Lithologic contact; basin-fill model dependence on gravity; intrusive/dike boundary; processing or coverage effects. Surface-only features may instead be roads or erosion.,MODEL HYPOTHESIS ONLY — requires expert/field review
H55-A-00566,2987,1311,374500.0,4209800.0,-118.429921,38.0272201,0.8859105,0.5701965,560.47412,5.17157,0.9337,0.99943,0.9254,282.84,"Potential-field view is in its training-reference confident tail while the surface view abstains. Deeper-than-median modelled cover, anti-aligned gravity/cover normals and cross-scale gravity persistence are consistent with a covered basin-margin discontinuity. No fault displacement, geothermal fluid flow or vent has been verified at this pixel.",Lithologic contact; basin-fill model dependence on gravity; intrusive/dike boundary; processing or coverage effects. Surface-only features may instead be roads or erosion.,MODEL HYPOTHESIS ONLY — requires expert/field review
H55-A-00567,2987,1323,375700.0,4209800.0,-118.4162523,38.0273855,0.8740162,0.4923773,526.50513,6.93552,0.99158,0.99257,0.98028,141.42,"Potential-field view is in its training-reference confident tail while the surface view abstains. Deeper-than-median modelled cover, anti-aligned gravity/cover normals and cross-scale gravity persistence are consistent with a covered basin-margin discontinuity. No fault displacement, geothermal fluid flow or vent has been verified at this pixel.",Lithologic contact; basin-fill model dependence on gravity; intrusive/dike boundary; processing or coverage effects. Surface-only features may instead be roads or erosion.,MODEL HYPOTHESIS ONLY — requires expert/field review
H55-A-00568,2987,1342,377600.0,4209800.0,-118.39461,38.0276443,0.8888499,0.609028,463.67563,8.70798,0.91799,0.99971,0.99361,300.0,"Potential-field view is in its training-reference confident tail while the surface view abstains. Deeper-than-median modelled cover, anti-aligned gravity/cover normals and cross-scale gravity persistence are consistent with a covered basin-margin discontinuity. No fault displacement, geothermal fluid flow or vent has been verified at this pixel.",Lithologic contact; basin-fill model dependence on gravity; intrusive/dike boundary; processing or coverage effects. Surface-only features may instead be roads or erosion.,MODEL HYPOTHESIS ONLY — requires expert/field review
H55-A-00569,2987,1356,379000.0,4209800.0,-118.3786629,38.0278324,0.825147,0.5648714,389.258,28.63404,0.86419,0.99983,0.99876,141.42,"Potential-field view is in its training-reference confident tail while the surface view abstains. Deeper-than-median modelled cover, anti-aligned gravity/cover normals and cross-scale gravity persistence are consistent with a covered basin-margin discontinuity. No fault displacement, geothermal fluid flow or vent has been verified at this pixel.",Lithologic contact; basin-fill model dependence on gravity; intrusive/dike boundary; processing or coverage effects. Surface-only features may instead be roads or erosion.,MODEL HYPOTHESIS ONLY — requires expert/field review
H55-A-00570,2987,1385,381900.0,4209800.0,-118.3456291,38.0282151,0.8437385,0.5539296,333.90891,4.74323,0.9859,0.97766,0.90994,500.0,"Potential-field view is in its training-reference confident tail while the surface view abstains. Deeper-than-median modelled cover, anti-aligned gravity/cover normals and cross-scale gravity persistence are consistent with a covered basin-margin discontinuity. No fault displacement, geothermal fluid flow or vent has been verified at this pixel.",Lithologic contact; basin-fill model dependence on gravity; intrusive/dike boundary; processing or coverage effects. Surface-only features may instead be roads or erosion.,MODEL HYPOTHESIS ONLY — requires expert/field review
H55-A-00571,2987,1388,382200.0,4209800.0,-118.3422117,38.0282542,0.84145,0.4064793,336.70312,1.20824,0.95261,0.95235,0.92853,223.61,"Potential-field view is in its training-reference confident tail while the surface view abstains. Deeper-than-median modelled cover, anti-aligned gravity/cover normals and cross-scale gravity persistence are consistent with a covered basin-margin discontinuity. No fault displacement, geothermal fluid flow or vent has been verified at this pixel.",Lithologic contact; basin-fill model dependence on gravity; intrusive/dike boundary; processing or coverage effects. Surface-only features may instead be roads or erosion.,MODEL HYPOTHESIS ONLY — requires expert/field review
H55-A-00572,2988,1217,365100.0,4209700.0,-118.5369696,38.024968,0.8502797,0.4469334,850.46521,2.45105,0.26623,0.99147,0.51172,509.9,"Potential-field view is in its training-reference confident tail while the surface view abstains. Signed normal/cover support is incomplete; do not interpret this discrepancy as proof of a buried fault. No fault displacement, geothermal fluid flow or vent has been verified at this pixel.",Lithologic contact; basin-fill model dependence on gravity; intrusive/dike boundary; processing or coverage effects. Surface-only features may instead be roads or erosion.,MODEL HYPOTHESIS ONLY — requires expert/field review
H55-A-00573,2988,1230,366400.0,4209700.0,-118.522163,38.0251606,0.8627055,0.5002304,831.45428,10.43985,0.94868,0.99976,0.94151,300.0,"Potential-field view is in its training-reference confident tail while the surface view abstains. Deeper-than-median modelled cover, anti-aligned gravity/cover normals and cross-scale gravity persistence are consistent with a covered basin-margin discontinuity. No fault displacement, geothermal fluid flow or vent has been verified at this pixel.",Lithologic contact; basin-fill model dependence on gravity; intrusive/dike boundary; processing or coverage effects. Surface-only features may instead be roads or erosion.,MODEL HYPOTHESIS ONLY — requires expert/field review
H55-A-00574,2988,1274,370800.0,4209700.0,-118.4720474,38.0257989,0.8174792,0.5433823,747.36334,5.80176,0.78624,0.99975,0.99547,141.42,"Potential-field view is in its training-reference confident tail while the surface view abstains. Deeper-than-median modelled cover, anti-aligned gravity/cover normals and cross-scale gravity persistence are consistent with a covered basin-margin discontinuity. No fault displacement, geothermal fluid flow or vent has been verified at this pixel.",Lithologic contact; basin-fill model dependence on gravity; intrusive/dike boundary; processing or coverage effects. Surface-only features may instead be roads or erosion.,MODEL HYPOTHESIS ONLY — requires expert/field review
H55-A-00575,2988,1280,371400.0,4209700.0,-118.4652133,38.0258843,0.8421091,0.5199937,731.32892,1.25862,0.82855,0.99991,0.99612,223.61,"Potential-field view is in its training-reference confident tail while the surface view abstains. Deeper-than-median modelled cover, anti-aligned gravity/cover normals and cross-scale gravity persistence are consistent with a covered basin-margin discontinuity. No fault displacement, geothermal fluid flow or vent has been verified at this pixel.",Lithologic contact; basin-fill model dependence on gravity; intrusive/dike boundary; processing or coverage effects. Surface-only features may instead be roads or erosion.,MODEL HYPOTHESIS ONLY — requires expert/field review
H55-A-00576,2988,1286,372000.0,4209700.0,-118.4583792,38.0259692,0.8551811,0.4610908,705.15143,2.27389,0.86911,0.99999,0.99685,223.61,"Potential-field view is in its training-reference confident tail while the surface view abstains. Deeper-than-median modelled cover, anti-aligned gravity/cover normals and cross-scale gravity persistence are consistent with a covered basin-margin discontinuity. No fault displacement, geothermal fluid flow or vent has been verified at this pixel.",Lithologic contact; basin-fill model dependence on gravity; intrusive/dike boundary; processing or coverage effects. Surface-only features may instead be roads or erosion.,MODEL HYPOTHESIS ONLY — requires expert/field review
H55-A-00577,2988,1292,372600.0,4209700.0,-118.4515451,38.0260538,0.8450661,0.5655832,673.99323,9.75089,0.87739,0.99989,0.99895,282.84,"Potential-field view is in its training-reference confident tail while the surface view abstains. Deeper-than-median modelled cover, anti-aligned gravity/cover normals and cross-scale gravity persistence are consistent with a covered basin-margin discontinuity. No fault displacement, geothermal fluid flow or vent has been verified at this pixel.",Lithologic contact; basin-fill model dependence on gravity; intrusive/dike boundary; processing or coverage effects. Surface-only features may instead be roads or erosion.,MODEL HYPOTHESIS ONLY — requires expert/field review
H55-A-00578,2988,1295,372900.0,4209700.0,-118.448128,38.026096,0.8407026,0.5560235,656.09161,3.8731,0.88556,0.99984,0.9994,500.0,"Potential-field view is in its training-reference confident tail while the surface view abstains. Deeper-than-median modelled cover, anti-aligned gravity/cover normals and cross-scale gravity persistence are consistent with a covered basin-margin discontinuity. No fault displacement, geothermal fluid flow or vent has been verified at this pixel.",Lithologic contact; basin-fill model dependence on gravity; intrusive/dike boundary; processing or coverage effects. Surface-only features may instead be roads or erosion.,MODEL HYPOTHESIS ONLY — requires expert/field review
H55-A-00579,2988,1300,373400.0,4209700.0,-118.4424329,38.026166,0.8645194,0.5200931,626.15894,2.35963,0.88522,0.99927,0.99692,943.4,"Potential-field view is in its training-reference confident tail while the surface view abstains. Deeper-than-median modelled cover, anti-aligned gravity/cover normals and cross-scale gravity persistence are consistent with a covered basin-margin discontinuity. No fault displacement, geothermal fluid flow or vent has been verified at this pixel.",Lithologic contact; basin-fill model dependence on gravity; intrusive/dike boundary; processing or coverage effects. Surface-only features may instead be roads or erosion.,MODEL HYPOTHESIS ONLY — requires expert/field review
H55-A-00580,2988,1305,373900.0,4209700.0,-118.4367377,38.0262357,0.8788186,0.5469658,599.31689,2.41571,0.89636,0.99932,0.98405,728.01,"Potential-field view is in its training-reference confident tail while the surface view abstains. Deeper-than-median modelled cover, anti-aligned gravity/cover normals and cross-scale gravity persistence are consistent with a covered basin-margin discontinuity. No fault displacement, geothermal fluid flow or vent has been verified at this pixel.",Lithologic contact; basin-fill model dependence on gravity; intrusive/dike boundary; processing or coverage effects. Surface-only features may instead be roads or erosion.,MODEL HYPOTHESIS ONLY — requires expert/field review
H55-A-00581,2988,1329,376300.0,4209700.0,-118.4094007,38.0265667,0.87959,0.4792661,523.61377,6.51965,0.97967,0.99263,0.97739,565.69,"Potential-field view is in its training-reference confident tail while the surface view abstains. Deeper-than-median modelled cover, anti-aligned gravity/cover normals and cross-scale gravity persistence are consistent with a covered basin-margin discontinuity. No fault displacement, geothermal fluid flow or vent has been verified at this pixel.",Lithologic contact; basin-fill model dependence on gravity; intrusive/dike boundary; processing or coverage effects. Surface-only features may instead be roads or erosion.,MODEL HYPOTHESIS ONLY — requires expert/field review
H55-A-00582,2988,1334,376800.0,4209700.0,-118.4037054,38.0266348,0.889975,0.5564678,509.1994,3.86188,0.9458,0.99925,0.98181,500.0,"Potential-field view is in its training-reference confident tail while the surface view abstains. Deeper-than-median modelled cover, anti-aligned gravity/cover normals and cross-scale gravity persistence are consistent with a covered basin-margin discontinuity. No fault displacement, geothermal fluid flow or vent has been verified at this pixel.",Lithologic contact; basin-fill model dependence on gravity; intrusive/dike boundary; processing or coverage effects. Surface-only features may instead be roads or erosion.,MODEL HYPOTHESIS ONLY — requires expert/field review
H55-A-00583,2988,1344,377800.0,4209700.0,-118.3923148,38.0267703,0.8712845,0.5793554,466.5416,4.55071,0.91059,0.99995,0.99513,141.42,"Potential-field view is in its training-reference confident tail while the surface view abstains. Deeper-than-median modelled cover, anti-aligned gravity/cover normals and cross-scale gravity persistence are consistent with a covered basin-margin discontinuity. No fault displacement, geothermal fluid flow or vent has been verified at this pixel.",Lithologic contact; basin-fill model dependence on gravity; intrusive/dike boundary; processing or coverage effects. Surface-only features may instead be roads or erosion.,MODEL HYPOTHESIS ONLY — requires expert/field review
H55-A-00584,2988,1367,380100.0,4209700.0,-118.3661162,38.0270776,0.8376102,0.6083391,359.70941,19.53846,0.91899,1.0,0.98704,360.56,"Potential-field view is in its training-reference confident tail while the surface view abstains. Deeper-than-median modelled cover, anti-aligned gravity/cover normals and cross-scale gravity persistence are consistent with a covered basin-margin discontinuity. No fault displacement, geothermal fluid flow or vent has been verified at this pixel.",Lithologic contact; basin-fill model dependence on gravity; intrusive/dike boundary; processing or coverage effects. Surface-only features may instead be roads or erosion.,MODEL HYPOTHESIS ONLY — requires expert/field review
H55-A-00585,2988,1376,381000.0,4209700.0,-118.3558644,38.0271963,0.8381177,0.5565844,341.07382,5.20462,0.96642,0.99858,0.96159,200.0,"Potential-field view is in its training-reference confident tail while the surface view abstains. Deeper-than-median modelled cover, anti-aligned gravity/cover normals and cross-scale gravity persistence are consistent with a covered basin-margin discontinuity. No fault displacement, geothermal fluid flow or vent has been verified at this pixel.",Lithologic contact; basin-fill model dependence on gravity; intrusive/dike boundary; processing or coverage effects. Surface-only features may instead be roads or erosion.,MODEL HYPOTHESIS ONLY — requires expert/field review
H55-A-00586,2988,1382,381600.0,4209700.0,-118.3490299,38.0272749,0.8381177,0.5427627,341.58322,3.91893,0.99827,0.99767,0.92782,316.23,"Potential-field view is in its training-reference confident tail while the surface view abstains. Deeper-than-median modelled cover, anti-aligned gravity/cover normals and cross-scale gravity persistence are consistent with a covered basin-margin discontinuity. No fault displacement, geothermal fluid flow or vent has been verified at this pixel.",Lithologic contact; basin-fill model dependence on gravity; intrusive/dike boundary; processing or coverage effects. Surface-only features may instead be roads or erosion.,MODEL HYPOTHESIS ONLY — requires expert/field review
H55-A-00587,2988,1401,383500.0,4209700.0,-118.327387,38.0275213,0.8361138,0.5634593,338.23917,1.83304,0.97932,0.99965,0.93692,360.56,"Potential-field view is in its training-reference confident tail while the surface view abstains. Deeper-than-median modelled cover, anti-aligned gravity/cover normals and cross-scale gravity persistence are consistent with a covered basin-margin discontinuity. No fault displacement, geothermal fluid flow or vent has been verified at this pixel.",Lithologic contact; basin-fill model dependence on gravity; intrusive/dike boundary; processing or coverage effects. Surface-only features may instead be roads or erosion.,MODEL HYPOTHESIS ONLY — requires expert/field review
H55-A-00588,2989,1221,365500.0,4209600.0,-118.532395,38.0241265,0.8557358,0.4232267,854.05096,8.9607,0.84714,0.99956,0.73752,141.42,"Potential-field view is in its training-reference confident tail while the surface view abstains. Deeper-than-median modelled cover, anti-aligned gravity/cover normals and cross-scale gravity persistence are consistent with a covered basin-margin discontinuity. No fault displacement, geothermal fluid flow or vent has been verified at this pixel.",Lithologic contact; basin-fill model dependence on gravity; intrusive/dike boundary; processing or coverage effects. Surface-only features may instead be roads or erosion.,MODEL HYPOTHESIS ONLY — requires expert/field review
H55-A-00589,2989,1234,366800.0,4209600.0,-118.5175885,38.0243186,0.8528465,0.427391,816.34924,23.6101,0.96925,0.99983,0.95485,141.42,"Potential-field view is in its training-reference confident tail while the surface view abstains. Deeper-than-median modelled cover, anti-aligned gravity/cover normals and cross-scale gravity persistence are consistent with a covered basin-margin discontinuity. No fault displacement, geothermal fluid flow or vent has been verified at this pixel.",Lithologic contact; basin-fill model dependence on gravity; intrusive/dike boundary; processing or coverage effects. Surface-only features may instead be roads or erosion.,MODEL HYPOTHESIS ONLY — requires expert/field review
H55-A-00590,2989,1239,367300.0,4209600.0,-118.5118937,38.024392,0.847742,0.542802,798.11603,5.23263,0.94112,0.99991,0.96407,300.0,"Potential-field view is in its training-reference confident tail while the surface view abstains. Deeper-than-median modelled cover, anti-aligned gravity/cover normals and cross-scale gravity persistence are consistent with a covered basin-margin discontinuity. No fault displacement, geothermal fluid flow or vent has been verified at this pixel.",Lithologic contact; basin-fill model dependence on gravity; intrusive/dike boundary; processing or coverage effects. Surface-only features may instead be roads or erosion.,MODEL HYPOTHESIS ONLY — requires expert/field review
H55-A-00591,2989,1242,367600.0,4209600.0,-118.5084768,38.0244359,0.8499399,0.409279,787.50299,8.81232,0.90882,0.99999,0.96596,600.0,"Potential-field view is in its training-reference confident tail while the surface view abstains. Deeper-than-median modelled cover, anti-aligned gravity/cover normals and cross-scale gravity persistence are consistent with a covered basin-margin discontinuity. No fault displacement, geothermal fluid flow or vent has been verified at this pixel.",Lithologic contact; basin-fill model dependence on gravity; intrusive/dike boundary; processing or coverage effects. Surface-only features may instead be roads or erosion.,MODEL HYPOTHESIS ONLY — requires expert/field review
H55-A-00592,2989,1246,368000.0,4209600.0,-118.5039209,38.0244942,0.8500022,0.4753445,776.15546,8.58891,0.86221,0.99997,0.96874,632.46,"Potential-field view is in its training-reference confident tail while the surface view abstains. Deeper-than-median modelled cover, anti-aligned gravity/cover normals and cross-scale gravity persistence are consistent with a covered basin-margin discontinuity. No fault displacement, geothermal fluid flow or vent has been verified at this pixel.",Lithologic contact; basin-fill model dependence on gravity; intrusive/dike boundary; processing or coverage effects. Surface-only features may instead be roads or erosion.,MODEL HYPOTHESIS ONLY — requires expert/field review
H55-A-00593,2989,1257,369100.0,4209600.0,-118.4913922,38.0246538,0.8342534,0.6098807,754.82587,5.65869,0.7583,0.99717,0.98937,300.0,"Potential-field view is in its training-reference confident tail while the surface view abstains. Deeper-than-median modelled cover, anti-aligned gravity/cover normals and cross-scale gravity persistence are consistent with a covered basin-margin discontinuity. No fault displacement, geothermal fluid flow or vent has been verified at this pixel.",Lithologic contact; basin-fill model dependence on gravity; intrusive/dike boundary; processing or coverage effects. Surface-only features may instead be roads or erosion.,MODEL HYPOTHESIS ONLY — requires expert/field review
H55-A-00594,2989,1298,373200.0,4209600.0,-118.4446933,38.025237,0.8581796,0.5086351,647.24475,1.97347,0.88456,0.99969,0.99831,721.11,"Potential-field view is in its training-reference confident tail while the surface view abstains. Deeper-than-median modelled cover, anti-aligned gravity/cover normals and cross-scale gravity persistence are consistent with a covered basin-margin discontinuity. No fault displacement, geothermal fluid flow or vent has been verified at this pixel.",Lithologic contact; basin-fill model dependence on gravity; intrusive/dike boundary; processing or coverage effects. Surface-only features may instead be roads or erosion.,MODEL HYPOTHESIS ONLY — requires expert/field review
H55-A-00595,2989,1303,373700.0,4209600.0,-118.4389982,38.0253069,0.8693452,0.5074201,618.49866,3.10197,0.8907,0.99977,0.98949,905.54,"Potential-field view is in its training-reference confident tail while the surface view abstains. Deeper-than-median modelled cover, anti-aligned gravity/cover normals and cross-scale gravity persistence are consistent with a covered basin-margin discontinuity. No fault displacement, geothermal fluid flow or vent has been verified at this pixel.",Lithologic contact; basin-fill model dependence on gravity; intrusive/dike boundary; processing or coverage effects. Surface-only features may instead be roads or erosion.,MODEL HYPOTHESIS ONLY — requires expert/field review
H55-A-00596,2989,1307,374100.0,4209600.0,-118.4344421,38.0253625,0.8859105,0.5404588,599.47711,3.73874,0.91002,0.99971,0.96883,509.9,"Potential-field view is in its training-reference confident tail while the surface view abstains. Deeper-than-median modelled cover, anti-aligned gravity/cover normals and cross-scale gravity persistence are consistent with a covered basin-margin discontinuity. No fault displacement, geothermal fluid flow or vent has been verified at this pixel.",Lithologic contact; basin-fill model dependence on gravity; intrusive/dike boundary; processing or coverage effects. Surface-only features may instead be roads or erosion.,MODEL HYPOTHESIS ONLY — requires expert/field review
H55-A-00597,2989,1310,374400.0,4209600.0,-118.431025,38.0254042,0.8859105,0.5441882,585.20911,4.07955,0.93504,0.99998,0.93232,223.61,"Potential-field view is in its training-reference confident tail while the surface view abstains. Deeper-than-median modelled cover, anti-aligned gravity/cover normals and cross-scale gravity persistence are consistent with a covered basin-margin discontinuity. No fault displacement, geothermal fluid flow or vent has been verified at this pixel.",Lithologic contact; basin-fill model dependence on gravity; intrusive/dike boundary; processing or coverage effects. Surface-only features may instead be roads or erosion.,MODEL HYPOTHESIS ONLY — requires expert/field review
H55-A-00598,2989,1322,375600.0,4209600.0,-118.4173567,38.0255698,0.87289,0.4369008,553.31134,11.16641,0.99603,0.98706,0.98229,223.61,"Potential-field view is in its training-reference confident tail while the surface view abstains. Deeper-than-median modelled cover, anti-aligned gravity/cover normals and cross-scale gravity persistence are consistent with a covered basin-margin discontinuity. No fault displacement, geothermal fluid flow or vent has been verified at this pixel.",Lithologic contact; basin-fill model dependence on gravity; intrusive/dike boundary; processing or coverage effects. Surface-only features may instead be roads or erosion.,MODEL HYPOTHESIS ONLY — requires expert/field review
H55-A-00599,2989,1337,377100.0,4209600.0,-118.4002711,38.0257745,0.8888323,0.5011806,513.56653,5.65064,0.9289,0.99949,0.9889,360.56,"Potential-field view is in its training-reference confident tail while the surface view abstains. Deeper-than-median modelled cover, anti-aligned gravity/cover normals and cross-scale gravity persistence are consistent with a covered basin-margin discontinuity. No fault displacement, geothermal fluid flow or vent has been verified at this pixel.",Lithologic contact; basin-fill model dependence on gravity; intrusive/dike boundary; processing or coverage effects. Surface-only features may instead be roads or erosion.,MODEL HYPOTHESIS ONLY — requires expert/field review
H55-A-00600,2989,1379,381300.0,4209600.0,-118.3524306,38.0263346,0.8342572,0.528433,352.88373,4.86654,0.98206,0.99946,0.95739,100.0,"Potential-field view is in its training-reference confident tail while the surface view abstains. Deeper-than-median modelled cover, anti-aligned gravity/cover normals and cross-scale gravity persistence are consistent with a covered basin-margin discontinuity. No fault displacement, geothermal fluid flow or vent has been verified at this pixel.",Lithologic contact; basin-fill model dependence on gravity; intrusive/dike boundary; processing or coverage effects. Surface-only features may instead be roads or erosion.,MODEL HYPOTHESIS ONLY — requires expert/field review
H55-A-00601,2989,1389,382300.0,4209600.0,-118.3410398,38.0264651,0.840086,0.4952064,357.2164,1.24097,0.97152,0.96425,0.95031,200.0,"Potential-field view is in its training-reference confident tail while the surface view abstains. Deeper-than-median modelled cover, anti-aligned gravity/cover normals and cross-scale gravity persistence are consistent with a covered basin-margin discontinuity. No fault displacement, geothermal fluid flow or vent has been verified at this pixel.",Lithologic contact; basin-fill model dependence on gravity; intrusive/dike boundary; processing or coverage effects. Surface-only features may instead be roads or erosion.,MODEL HYPOTHESIS ONLY — requires expert/field review
H55-A-00602,2989,1393,382700.0,4209600.0,-118.3364834,38.026517,0.8451335,0.5699071,360.32935,7.07597,0.99205,0.98997,0.9096,141.42,"Potential-field view is in its training-reference confident tail while the surface view abstains. Deeper-than-median modelled cover, anti-aligned gravity/cover normals and cross-scale gravity persistence are consistent with a covered basin-margin discontinuity. No fault displacement, geothermal fluid flow or vent has been verified at this pixel.",Lithologic contact; basin-fill model dependence on gravity; intrusive/dike boundary; processing or coverage effects. Surface-only features may instead be roads or erosion.,MODEL HYPOTHESIS ONLY — requires expert/field review
H55-A-00603,2989,1395,382900.0,4209600.0,-118.3342052,38.0265429,0.8395533,0.5716626,357.27225,5.67909,0.99992,0.99866,0.90361,200.0,"Potential-field view is in its training-reference confident tail while the surface view abstains. Deeper-than-median modelled cover, anti-aligned gravity/cover normals and cross-scale gravity persistence are consistent with a covered basin-margin discontinuity. No fault displacement, geothermal fluid flow or vent has been verified at this pixel.",Lithologic contact; basin-fill model dependence on gravity; intrusive/dike boundary; processing or coverage effects. Surface-only features may instead be roads or erosion.,MODEL HYPOTHESIS ONLY — requires expert/field review
H55-A-00604,2989,1404,383800.0,4209600.0,-118.3239534,38.0266588,0.8195934,0.5622678,341.00046,4.41829,0.96655,0.99935,0.96301,500.0,"Potential-field view is in its training-reference confident tail while the surface view abstains. Deeper-than-median modelled cover, anti-aligned gravity/cover normals and cross-scale gravity persistence are consistent with a covered basin-margin discontinuity. No fault displacement, geothermal fluid flow or vent has been verified at this pixel.",Lithologic contact; basin-fill model dependence on gravity; intrusive/dike boundary; processing or coverage effects. Surface-only features may instead be roads or erosion.,MODEL HYPOTHESIS ONLY — requires expert/field review
H55-A-00605,2990,1225,365900.0,4209500.0,-118.5278204,38.0232848,0.8504354,0.5321053,841.69214,5.54943,0.99332,1.0,0.87685,200.0,"Potential-field view is in its training-reference confident tail while the surface view abstains. Deeper-than-median modelled cover, anti-aligned gravity/cover normals and cross-scale gravity persistence are consistent with a covered basin-margin discontinuity. No fault displacement, geothermal fluid flow or vent has been verified at this pixel.",Lithologic contact; basin-fill model dependence on gravity; intrusive/dike boundary; processing or coverage effects. Surface-only features may instead be roads or erosion.,MODEL HYPOTHESIS ONLY — requires expert/field review
H55-A-00606,2990,1244,367800.0,4209500.0,-118.5061804,38.0235641,0.8499399,0.5163714,783.56335,7.47825,0.87894,1.0,0.96395,721.11,"Potential-field view is in its training-reference confident tail while the surface view abstains. Deeper-than-median modelled cover, anti-aligned gravity/cover normals and cross-scale gravity persistence are consistent with a covered basin-margin discontinuity. No fault displacement, geothermal fluid flow or vent has been verified at this pixel.",Lithologic contact; basin-fill model dependence on gravity; intrusive/dike boundary; processing or coverage effects. Surface-only features may instead be roads or erosion.,MODEL HYPOTHESIS ONLY — requires expert/field review
H55-A-00607,2990,1254,368800.0,4209500.0,-118.4947908,38.0237095,0.8316207,0.6003886,762.70831,2.1045,0.7309,0.99794,0.97608,200.0,"Potential-field view is in its training-reference confident tail while the surface view abstains. Deeper-than-median modelled cover, anti-aligned gravity/cover normals and cross-scale gravity persistence are consistent with a covered basin-margin discontinuity. No fault displacement, geothermal fluid flow or vent has been verified at this pixel.",Lithologic contact; basin-fill model dependence on gravity; intrusive/dike boundary; processing or coverage effects. Surface-only features may instead be roads or erosion.,MODEL HYPOTHESIS ONLY — requires expert/field review
H55-A-00608,2990,1316,375000.0,4209500.0,-118.4241734,38.0245862,0.8802816,0.5128274,577.90863,2.35393,0.99823,0.96923,0.93772,200.0,"Potential-field view is in its training-reference confident tail while the surface view abstains. Deeper-than-median modelled cover, anti-aligned gravity/cover normals and cross-scale gravity persistence are consistent with a covered basin-margin discontinuity. No fault displacement, geothermal fluid flow or vent has been verified at this pixel.",Lithologic contact; basin-fill model dependence on gravity; intrusive/dike boundary; processing or coverage effects. Surface-only features may instead be roads or erosion.,MODEL HYPOTHESIS ONLY — requires expert/field review
H55-A-00609,2990,1330,376400.0,4209500.0,-118.4082271,38.0247783,0.8685914,0.4829996,551.82507,8.399,0.97652,0.99158,0.97366,500.0,"Potential-field view is in its training-reference confident tail while the surface view abstains. Deeper-than-median modelled cover, anti-aligned gravity/cover normals and cross-scale gravity persistence are consistent with a covered basin-margin discontinuity. No fault displacement, geothermal fluid flow or vent has been verified at this pixel.",Lithologic contact; basin-fill model dependence on gravity; intrusive/dike boundary; processing or coverage effects. Surface-only features may instead be roads or erosion.,MODEL HYPOTHESIS ONLY — requires expert/field review
H55-A-00610,2990,1340,377400.0,4209500.0,-118.3968369,38.0249142,0.8887482,0.5055029,518.37421,7.00178,0.91815,0.99906,0.99196,141.42,"Potential-field view is in its training-reference confident tail while the surface view abstains. Deeper-than-median modelled cover, anti-aligned gravity/cover normals and cross-scale gravity persistence are consistent with a covered basin-margin discontinuity. No fault displacement, geothermal fluid flow or vent has been verified at this pixel.",Lithologic contact; basin-fill model dependence on gravity; intrusive/dike boundary; processing or coverage effects. Surface-only features may instead be roads or erosion.,MODEL HYPOTHESIS ONLY — requires expert/field review
H55-A-00611,2990,1349,378300.0,4209500.0,-118.3865855,38.0250355,0.8811499,0.5565894,469.91843,9.11983,0.89819,0.99997,0.99882,100.0,"Potential-field view is in its training-reference confident tail while the surface view abstains. Deeper-than-median modelled cover, anti-aligned gravity/cover normals and cross-scale gravity persistence are consistent with a covered basin-margin discontinuity. No fault displacement, geothermal fluid flow or vent has been verified at this pixel.",Lithologic contact; basin-fill model dependence on gravity; intrusive/dike boundary; processing or coverage effects. Surface-only features may instead be roads or erosion.,MODEL HYPOTHESIS ONLY — requires expert/field review
H55-A-00612,2990,1385,381900.0,4209500.0,-118.3455796,38.025512,0.8423905,0.4990115,364.72522,1.81711,0.99507,0.98362,0.94441,500.0,"Potential-field view is in its training-reference confident tail while the surface view abstains. Deeper-than-median modelled cover, anti-aligned gravity/cover normals and cross-scale gravity persistence are consistent with a covered basin-margin discontinuity. No fault displacement, geothermal fluid flow or vent has been verified at this pixel.",Lithologic contact; basin-fill model dependence on gravity; intrusive/dike boundary; processing or coverage effects. Surface-only features may instead be roads or erosion.,MODEL HYPOTHESIS ONLY — requires expert/field review
H55-A-00613,2991,1230,366400.0,4209400.0,-118.5221071,38.0224577,0.8574618,0.5624917,826.54755,11.35639,0.99769,0.99984,0.93007,300.0,"Potential-field view is in its training-reference confident tail while the surface view abstains. Deeper-than-median modelled cover, anti-aligned gravity/cover normals and cross-scale gravity persistence are consistent with a covered basin-margin discontinuity. No fault displacement, geothermal fluid flow or vent has been verified at this pixel.",Lithologic contact; basin-fill model dependence on gravity; intrusive/dike boundary; processing or coverage effects. Surface-only features may instead be roads or erosion.,MODEL HYPOTHESIS ONLY — requires expert/field review
H55-A-00614,2991,1280,371400.0,4209400.0,-118.4651595,38.0231813,0.8461428,0.506387,759.79327,2.84283,0.81861,0.99985,0.99527,100.0,"Potential-field view is in its training-reference confident tail while the surface view abstains. Deeper-than-median modelled cover, anti-aligned gravity/cover normals and cross-scale gravity persistence are consistent with a covered basin-margin discontinuity. No fault displacement, geothermal fluid flow or vent has been verified at this pixel.",Lithologic contact; basin-fill model dependence on gravity; intrusive/dike boundary; processing or coverage effects. Surface-only features may instead be roads or erosion.,MODEL HYPOTHESIS ONLY — requires expert/field review
H55-A-00615,2991,1284,371800.0,4209400.0,-118.4606036,38.023238,0.8584859,0.4881018,743.64996,3.47024,0.85609,0.99998,0.99542,200.0,"Potential-field view is in its training-reference confident tail while the surface view abstains. Deeper-than-median modelled cover, anti-aligned gravity/cover normals and cross-scale gravity persistence are consistent with a covered basin-margin discontinuity. No fault displacement, geothermal fluid flow or vent has been verified at this pixel.",Lithologic contact; basin-fill model dependence on gravity; intrusive/dike boundary; processing or coverage effects. Surface-only features may instead be roads or erosion.,MODEL HYPOTHESIS ONLY — requires expert/field review
H55-A-00616,2991,1288,372200.0,4209400.0,-118.4560477,38.0232945,0.8463954,0.5007687,722.14948,2.56331,0.86479,0.99998,0.9968,141.42,"Potential-field view is in its training-reference confident tail while the surface view abstains. Deeper-than-median modelled cover, anti-aligned gravity/cover normals and cross-scale gravity persistence are consistent with a covered basin-margin discontinuity. No fault displacement, geothermal fluid flow or vent has been verified at this pixel.",Lithologic contact; basin-fill model dependence on gravity; intrusive/dike boundary; processing or coverage effects. Surface-only features may instead be roads or erosion.,MODEL HYPOTHESIS ONLY — requires expert/field review
H55-A-00617,2991,1293,372700.0,4209400.0,-118.4503528,38.0233649,0.8450661,0.5033711,694.81677,5.31405,0.87375,0.99999,0.9983,200.0,"Potential-field view is in its training-reference confident tail while the surface view abstains. Deeper-than-median modelled cover, anti-aligned gravity/cover normals and cross-scale gravity persistence are consistent with a covered basin-margin discontinuity. No fault displacement, geothermal fluid flow or vent has been verified at this pixel.",Lithologic contact; basin-fill model dependence on gravity; intrusive/dike boundary; processing or coverage effects. Surface-only features may instead be roads or erosion.,MODEL HYPOTHESIS ONLY — requires expert/field review
H55-A-00618,2991,1311,374500.0,4209400.0,-118.429851,38.023616,0.8869088,0.5312051,601.47351,4.59037,0.95683,0.99774,0.91477,141.42,"Potential-field view is in its training-reference confident tail while the surface view abstains. Deeper-than-median modelled cover, anti-aligned gravity/cover normals and cross-scale gravity persistence are consistent with a covered basin-margin discontinuity. No fault displacement, geothermal fluid flow or vent has been verified at this pixel.",Lithologic contact; basin-fill model dependence on gravity; intrusive/dike boundary; processing or coverage effects. Surface-only features may instead be roads or erosion.,MODEL HYPOTHESIS ONLY — requires expert/field review
H55-A-00619,2991,1314,374800.0,4209400.0,-118.426434,38.0236576,0.8802816,0.5442649,592.87262,3.66684,0.99097,0.97954,0.90906,223.61,"Potential-field view is in its training-reference confident tail while the surface view abstains. Deeper-than-median modelled cover, anti-aligned gravity/cover normals and cross-scale gravity persistence are consistent with a covered basin-margin discontinuity. No fault displacement, geothermal fluid flow or vent has been verified at this pixel.",Lithologic contact; basin-fill model dependence on gravity; intrusive/dike boundary; processing or coverage effects. Surface-only features may instead be roads or erosion.,MODEL HYPOTHESIS ONLY — requires expert/field review
H55-A-00620,2991,1321,375500.0,4209400.0,-118.418461,38.023754,0.8562374,0.4775208,580.99811,11.26007,0.99837,0.98109,0.98496,282.84,"Potential-field view is in its training-reference confident tail while the surface view abstains. Deeper-than-median modelled cover, anti-aligned gravity/cover normals and cross-scale gravity persistence are consistent with a covered basin-margin discontinuity. No fault displacement, geothermal fluid flow or vent has been verified at this pixel.",Lithologic contact; basin-fill model dependence on gravity; intrusive/dike boundary; processing or coverage effects. Surface-only features may instead be roads or erosion.,MODEL HYPOTHESIS ONLY — requires expert/field review
H55-A-00621,2991,1334,376800.0,4209400.0,-118.4036538,38.0239318,0.8909421,0.5374411,557.57568,4.52465,0.94403,0.99865,0.97776,200.0,"Potential-field view is in its training-reference confident tail while the surface view abstains. Deeper-than-median modelled cover, anti-aligned gravity/cover normals and cross-scale gravity persistence are consistent with a covered basin-margin discontinuity. No fault displacement, geothermal fluid flow or vent has been verified at this pixel.",Lithologic contact; basin-fill model dependence on gravity; intrusive/dike boundary; processing or coverage effects. Surface-only features may instead be roads or erosion.,MODEL HYPOTHESIS ONLY — requires expert/field review
H55-A-00622,2991,1337,377100.0,4209400.0,-118.4002368,38.0239725,0.8888323,0.5046706,546.25873,8.09751,0.92588,0.99929,0.98756,200.0,"Potential-field view is in its training-reference confident tail while the surface view abstains. Deeper-than-median modelled cover, anti-aligned gravity/cover normals and cross-scale gravity persistence are consistent with a covered basin-margin discontinuity. No fault displacement, geothermal fluid flow or vent has been verified at this pixel.",Lithologic contact; basin-fill model dependence on gravity; intrusive/dike boundary; processing or coverage effects. Surface-only features may instead be roads or erosion.,MODEL HYPOTHESIS ONLY — requires expert/field review
H55-A-00623,2991,1345,377900.0,4209400.0,-118.3911246,38.0240807,0.8818236,0.5204419,510.49597,7.75165,0.90289,0.99992,0.99577,100.0,"Potential-field view is in its training-reference confident tail while the surface view abstains. Deeper-than-median modelled cover, anti-aligned gravity/cover normals and cross-scale gravity persistence are consistent with a covered basin-margin discontinuity. No fault displacement, geothermal fluid flow or vent has been verified at this pixel.",Lithologic contact; basin-fill model dependence on gravity; intrusive/dike boundary; processing or coverage effects. Surface-only features may instead be roads or erosion.,MODEL HYPOTHESIS ONLY — requires expert/field review
H55-A-00624,2991,1381,381500.0,4209400.0,-118.3501193,38.0245588,0.8367305,0.5892456,375.06726,8.71415,0.99409,0.99864,0.95604,360.56,"Potential-field view is in its training-reference confident tail while the surface view abstains. Deeper-than-median modelled cover, anti-aligned gravity/cover normals and cross-scale gravity persistence are consistent with a covered basin-margin discontinuity. No fault displacement, geothermal fluid flow or vent has been verified at this pixel.",Lithologic contact; basin-fill model dependence on gravity; intrusive/dike boundary; processing or coverage effects. Surface-only features may instead be roads or erosion.,MODEL HYPOTHESIS ONLY — requires expert/field review
H55-A-00625,2991,1401,383500.0,4209400.0,-118.3273382,38.0248182,0.8339576,0.5754275,367.22247,4.09491,0.98965,0.99881,0.95382,300.0,"Potential-field view is in its training-reference confident tail while the surface view abstains. Deeper-than-median modelled cover, anti-aligned gravity/cover normals and cross-scale gravity persistence are consistent with a covered basin-margin discontinuity. No fault displacement, geothermal fluid flow or vent has been verified at this pixel.",Lithologic contact; basin-fill model dependence on gravity; intrusive/dike boundary; processing or coverage effects. Surface-only features may instead be roads or erosion.,MODEL HYPOTHESIS ONLY — requires expert/field review
H55-A-00626,2991,1405,383900.0,4209400.0,-118.3227819,38.0248695,0.8341113,0.5056621,355.84964,2.59595,0.97492,0.99895,0.97562,300.0,"Potential-field view is in its training-reference confident tail while the surface view abstains. Deeper-than-median modelled cover, anti-aligned gravity/cover normals and cross-scale gravity persistence are consistent with a covered basin-margin discontinuity. No fault displacement, geothermal fluid flow or vent has been verified at this pixel.",Lithologic contact; basin-fill model dependence on gravity; intrusive/dike boundary; processing or coverage effects. Surface-only features may instead be roads or erosion.,MODEL HYPOTHESIS ONLY — requires expert/field review
H55-A-00627,2992,1211,364500.0,4209300.0,-118.5437277,38.0212746,0.8629572,0.3993822,823.66205,6.75109,0.9817,0.99912,0.78004,100.0,"Potential-field view is in its training-reference confident tail while the surface view abstains. Deeper-than-median modelled cover, anti-aligned gravity/cover normals and cross-scale gravity persistence are consistent with a covered basin-margin discontinuity. No fault displacement, geothermal fluid flow or vent has been verified at this pixel.",Lithologic contact; basin-fill model dependence on gravity; intrusive/dike boundary; processing or coverage effects. Surface-only features may instead be roads or erosion.,MODEL HYPOTHESIS ONLY — requires expert/field review
H55-A-00628,2992,1224,365800.0,4209300.0,-118.5289219,38.0214681,0.8672407,0.5267071,838.72595,5.6871,0.92489,0.99937,0.85076,223.61,"Potential-field view is in its training-reference confident tail while the surface view abstains. Deeper-than-median modelled cover, anti-aligned gravity/cover normals and cross-scale gravity persistence are consistent with a covered basin-margin discontinuity. No fault displacement, geothermal fluid flow or vent has been verified at this pixel.",Lithologic contact; basin-fill model dependence on gravity; intrusive/dike boundary; processing or coverage effects. Surface-only features may instead be roads or erosion.,MODEL HYPOTHESIS ONLY — requires expert/field review
H55-A-00629,2992,1228,366200.0,4209300.0,-118.5243663,38.0215273,0.8627055,0.5768499,829.5177,8.05184,0.97392,1.0,0.9138,100.0,"Potential-field view is in its training-reference confident tail while the surface view abstains. Deeper-than-median modelled cover, anti-aligned gravity/cover normals and cross-scale gravity persistence are consistent with a covered basin-margin discontinuity. No fault displacement, geothermal fluid flow or vent has been verified at this pixel.",Lithologic contact; basin-fill model dependence on gravity; intrusive/dike boundary; processing or coverage effects. Surface-only features may instead be roads or erosion.,MODEL HYPOTHESIS ONLY — requires expert/field review
H55-A-00630,2992,1241,367500.0,4209300.0,-118.5095603,38.0217183,0.8254347,0.4729469,793.33429,13.20123,0.94832,0.99999,0.95404,500.0,"Potential-field view is in its training-reference confident tail while the surface view abstains. Deeper-than-median modelled cover, anti-aligned gravity/cover normals and cross-scale gravity persistence are consistent with a covered basin-margin discontinuity. No fault displacement, geothermal fluid flow or vent has been verified at this pixel.",Lithologic contact; basin-fill model dependence on gravity; intrusive/dike boundary; processing or coverage effects. Surface-only features may instead be roads or erosion.,MODEL HYPOTHESIS ONLY — requires expert/field review
H55-A-00631,2992,1246,368000.0,4209300.0,-118.5038657,38.0217913,0.854045,0.4181781,783.24915,6.86047,0.80049,0.99982,0.95679,447.21,"Potential-field view is in its training-reference confident tail while the surface view abstains. Deeper-than-median modelled cover, anti-aligned gravity/cover normals and cross-scale gravity persistence are consistent with a covered basin-margin discontinuity. No fault displacement, geothermal fluid flow or vent has been verified at this pixel.",Lithologic contact; basin-fill model dependence on gravity; intrusive/dike boundary; processing or coverage effects. Surface-only features may instead be roads or erosion.,MODEL HYPOTHESIS ONLY — requires expert/field review
H55-A-00632,2992,1276,371000.0,4209300.0,-118.4696974,38.0222234,0.8518685,0.4809226,779.92847,3.82199,0.78756,0.99982,0.99426,223.61,"Potential-field view is in its training-reference confident tail while the surface view abstains. Deeper-than-median modelled cover, anti-aligned gravity/cover normals and cross-scale gravity persistence are consistent with a covered basin-margin discontinuity. No fault displacement, geothermal fluid flow or vent has been verified at this pixel.",Lithologic contact; basin-fill model dependence on gravity; intrusive/dike boundary; processing or coverage effects. Surface-only features may instead be roads or erosion.,MODEL HYPOTHESIS ONLY — requires expert/field review
H55-A-00633,2992,1298,373200.0,4209300.0,-118.4446402,38.022534,0.8565819,0.5193911,674.58258,3.9274,0.8781,1.0,0.99601,608.28,"Potential-field view is in its training-reference confident tail while the surface view abstains. Deeper-than-median modelled cover, anti-aligned gravity/cover normals and cross-scale gravity persistence are consistent with a covered basin-margin discontinuity. No fault displacement, geothermal fluid flow or vent has been verified at this pixel.",Lithologic contact; basin-fill model dependence on gravity; intrusive/dike boundary; processing or coverage effects. Surface-only features may instead be roads or erosion.,MODEL HYPOTHESIS ONLY — requires expert/field review
H55-A-00634,2992,1301,373500.0,4209300.0,-118.4412232,38.022576,0.8574331,0.5189365,657.09094,3.73467,0.88151,1.0,0.99049,905.54,"Potential-field view is in its training-reference confident tail while the surface view abstains. Deeper-than-median modelled cover, anti-aligned gravity/cover normals and cross-scale gravity persistence are consistent with a covered basin-margin discontinuity. No fault displacement, geothermal fluid flow or vent has been verified at this pixel.",Lithologic contact; basin-fill model dependence on gravity; intrusive/dike boundary; processing or coverage effects. Surface-only features may instead be roads or erosion.,MODEL HYPOTHESIS ONLY — requires expert/field review
H55-A-00635,2992,1304,373800.0,4209300.0,-118.4378063,38.0226178,0.8641239,0.4867541,642.33801,4.93167,0.8972,0.99956,0.98043,824.62,"Potential-field view is in its training-reference confident tail while the surface view abstains. Deeper-than-median modelled cover, anti-aligned gravity/cover normals and cross-scale gravity persistence are consistent with a covered basin-margin discontinuity. No fault displacement, geothermal fluid flow or vent has been verified at this pixel.",Lithologic contact; basin-fill model dependence on gravity; intrusive/dike boundary; processing or coverage effects. Surface-only features may instead be roads or erosion.,MODEL HYPOTHESIS ONLY — requires expert/field review
H55-A-00636,2992,1309,374300.0,4209300.0,-118.4321114,38.0226873,0.8753911,0.5382384,620.65735,4.0035,0.93576,0.99916,0.94012,360.56,"Potential-field view is in its training-reference confident tail while the surface view abstains. Deeper-than-median modelled cover, anti-aligned gravity/cover normals and cross-scale gravity persistence are consistent with a covered basin-margin discontinuity. No fault displacement, geothermal fluid flow or vent has been verified at this pixel.",Lithologic contact; basin-fill model dependence on gravity; intrusive/dike boundary; processing or coverage effects. Surface-only features may instead be roads or erosion.,MODEL HYPOTHESIS ONLY — requires expert/field review
H55-A-00637,2992,1342,377600.0,4209300.0,-118.3945246,38.0231392,0.8920068,0.4700809,544.10938,10.13231,0.90792,0.99929,0.9925,141.42,"Potential-field view is in its training-reference confident tail while the surface view abstains. Deeper-than-median modelled cover, anti-aligned gravity/cover normals and cross-scale gravity persistence are consistent with a covered basin-margin discontinuity. No fault displacement, geothermal fluid flow or vent has been verified at this pixel.",Lithologic contact; basin-fill model dependence on gravity; intrusive/dike boundary; processing or coverage effects. Surface-only features may instead be roads or erosion.,MODEL HYPOTHESIS ONLY — requires expert/field review
H55-A-00638,2992,1371,380500.0,4209300.0,-118.3614931,38.0235264,0.8393134,0.4820879,398.78418,14.37745,0.95378,0.99999,0.97644,141.42,"Potential-field view is in its training-reference confident tail while the surface view abstains. Deeper-than-median modelled cover, anti-aligned gravity/cover normals and cross-scale gravity persistence are consistent with a covered basin-margin discontinuity. No fault displacement, geothermal fluid flow or vent has been verified at this pixel.",Lithologic contact; basin-fill model dependence on gravity; intrusive/dike boundary; processing or coverage effects. Surface-only features may instead be roads or erosion.,MODEL HYPOTHESIS ONLY — requires expert/field review
H55-A-00639,2992,1378,381200.0,4209300.0,-118.3535199,38.0236184,0.8373672,0.4528,388.20007,10.97414,0.98381,0.99838,0.97007,223.61,"Potential-field view is in its training-reference confident tail while the surface view abstains. Deeper-than-median modelled cover, anti-aligned gravity/cover normals and cross-scale gravity persistence are consistent with a covered basin-margin discontinuity. No fault displacement, geothermal fluid flow or vent has been verified at this pixel.",Lithologic contact; basin-fill model dependence on gravity; intrusive/dike boundary; processing or coverage effects. Surface-only features may instead be roads or erosion.,MODEL HYPOTHESIS ONLY — requires expert/field review
H55-A-00640,2992,1388,382200.0,4209300.0,-118.3421295,38.023749,0.8430092,0.6002591,387.35724,9.7432,0.98893,0.97515,0.97005,300.0,"Potential-field view is in its training-reference confident tail while the surface view abstains. Deeper-than-median modelled cover, anti-aligned gravity/cover normals and cross-scale gravity persistence are consistent with a covered basin-margin discontinuity. No fault displacement, geothermal fluid flow or vent has been verified at this pixel.",Lithologic contact; basin-fill model dependence on gravity; intrusive/dike boundary; processing or coverage effects. Surface-only features may instead be roads or erosion.,MODEL HYPOTHESIS ONLY — requires expert/field review
H55-A-00641,2992,1393,382700.0,4209300.0,-118.3364343,38.0238139,0.8449002,0.5709534,389.6806,3.40156,0.99748,0.99307,0.9469,223.61,"Potential-field view is in its training-reference confident tail while the surface view abstains. Deeper-than-median modelled cover, anti-aligned gravity/cover normals and cross-scale gravity persistence are consistent with a covered basin-margin discontinuity. No fault displacement, geothermal fluid flow or vent has been verified at this pixel.",Lithologic contact; basin-fill model dependence on gravity; intrusive/dike boundary; processing or coverage effects. Surface-only features may instead be roads or erosion.,MODEL HYPOTHESIS ONLY — requires expert/field review
H55-A-00642,2992,1407,384100.0,4209300.0,-118.3204876,38.0239941,0.834461,0.5687973,356.62909,1.80757,0.9779,0.99761,0.98819,223.61,"Potential-field view is in its training-reference confident tail while the surface view abstains. Deeper-than-median modelled cover, anti-aligned gravity/cover normals and cross-scale gravity persistence are consistent with a covered basin-margin discontinuity. No fault displacement, geothermal fluid flow or vent has been verified at this pixel.",Lithologic contact; basin-fill model dependence on gravity; intrusive/dike boundary; processing or coverage effects. Surface-only features may instead be roads or erosion.,MODEL HYPOTHESIS ONLY — requires expert/field review
H55-A-00643,2992,1422,385600.0,4209300.0,-118.3034017,38.0241848,0.8453326,0.5695694,287.33221,7.5494,0.98514,0.99834,0.92093,509.9,"Potential-field view is in its training-reference confident tail while the surface view abstains. Signed normal/cover support is incomplete; do not interpret this discrepancy as proof of a buried fault. No fault displacement, geothermal fluid flow or vent has been verified at this pixel.",Lithologic contact; basin-fill model dependence on gravity; intrusive/dike boundary; processing or coverage effects. Surface-only features may instead be roads or erosion.,MODEL HYPOTHESIS ONLY — requires expert/field review
H55-A-00644,2993,1213,364700.0,4209200.0,-118.541431,38.0204035,0.8364586,0.4464415,825.09283,8.97484,0.93847,0.9925,0.72805,282.84,"Potential-field view is in its training-reference confident tail while the surface view abstains. Deeper-than-median modelled cover, anti-aligned gravity/cover normals and cross-scale gravity persistence are consistent with a covered basin-margin discontinuity. No fault displacement, geothermal fluid flow or vent has been verified at this pixel.",Lithologic contact; basin-fill model dependence on gravity; intrusive/dike boundary; processing or coverage effects. Surface-only features may instead be roads or erosion.,MODEL HYPOTHESIS ONLY — requires expert/field review
H55-A-00645,2993,1222,365600.0,4209200.0,-118.531181,38.0205375,0.8554597,0.5072443,840.09564,8.01122,0.85145,0.99958,0.80234,100.0,"Potential-field view is in its training-reference confident tail while the surface view abstains. Deeper-than-median modelled cover, anti-aligned gravity/cover normals and cross-scale gravity persistence are consistent with a covered basin-margin discontinuity. No fault displacement, geothermal fluid flow or vent has been verified at this pixel.",Lithologic contact; basin-fill model dependence on gravity; intrusive/dike boundary; processing or coverage effects. Surface-only features may instead be roads or erosion.,MODEL HYPOTHESIS ONLY — requires expert/field review
H55-A-00646,2993,1282,371600.0,4209200.0,-118.4628457,38.0214077,0.8444778,0.5240477,773.3844,2.26167,0.83492,0.99985,0.99416,223.61,"Potential-field view is in its training-reference confident tail while the surface view abstains. Deeper-than-median modelled cover, anti-aligned gravity/cover normals and cross-scale gravity persistence are consistent with a covered basin-margin discontinuity. No fault displacement, geothermal fluid flow or vent has been verified at this pixel.",Lithologic contact; basin-fill model dependence on gravity; intrusive/dike boundary; processing or coverage effects. Surface-only features may instead be roads or erosion.,MODEL HYPOTHESIS ONLY — requires expert/field review
H55-A-00647,2993,1289,372300.0,4209200.0,-118.4548731,38.0215066,0.8453014,0.4511433,734.90955,2.74429,0.86141,0.99999,0.99597,223.61,"Potential-field view is in its training-reference confident tail while the surface view abstains. Deeper-than-median modelled cover, anti-aligned gravity/cover normals and cross-scale gravity persistence are consistent with a covered basin-margin discontinuity. No fault displacement, geothermal fluid flow or vent has been verified at this pixel.",Lithologic contact; basin-fill model dependence on gravity; intrusive/dike boundary; processing or coverage effects. Surface-only features may instead be roads or erosion.,MODEL HYPOTHESIS ONLY — requires expert/field review
H55-A-00648,2993,1295,372900.0,4209200.0,-118.4480393,38.021591,0.848668,0.5646725,701.06927,9.92291,0.87282,0.99997,0.99663,300.0,"Potential-field view is in its training-reference confident tail while the surface view abstains. Deeper-than-median modelled cover, anti-aligned gravity/cover normals and cross-scale gravity persistence are consistent with a covered basin-margin discontinuity. No fault displacement, geothermal fluid flow or vent has been verified at this pixel.",Lithologic contact; basin-fill model dependence on gravity; intrusive/dike boundary; processing or coverage effects. Surface-only features may instead be roads or erosion.,MODEL HYPOTHESIS ONLY — requires expert/field review
H55-A-00649,2993,1306,374000.0,4209200.0,-118.4355108,38.0217446,0.8730534,0.5359129,643.47748,4.07646,0.91064,0.99871,0.96762,670.82,"Potential-field view is in its training-reference confident tail while the surface view abstains. Deeper-than-median modelled cover, anti-aligned gravity/cover normals and cross-scale gravity persistence are consistent with a covered basin-margin discontinuity. No fault displacement, geothermal fluid flow or vent has been verified at this pixel.",Lithologic contact; basin-fill model dependence on gravity; intrusive/dike boundary; processing or coverage effects. Surface-only features may instead be roads or erosion.,MODEL HYPOTHESIS ONLY — requires expert/field review
H55-A-00650,2993,1318,375200.0,4209200.0,-118.4218431,38.0219107,0.86234,0.5616565,610.18213,6.75604,0.99977,0.96588,0.97282,141.42,"Potential-field view is in its training-reference confident tail while the surface view abstains. Deeper-than-median modelled cover, anti-aligned gravity/cover normals and cross-scale gravity persistence are consistent with a covered basin-margin discontinuity. No fault displacement, geothermal fluid flow or vent has been verified at this pixel.",Lithologic contact; basin-fill model dependence on gravity; intrusive/dike boundary; processing or coverage effects. Surface-only features may instead be roads or erosion.,MODEL HYPOTHESIS ONLY — requires expert/field review
H55-A-00651,2993,1329,376300.0,4209200.0,-118.4093144,38.0220616,0.8733632,0.507441,598.6557,9.45745,0.98204,0.98646,0.97048,500.0,"Potential-field view is in its training-reference confident tail while the surface view abstains. Deeper-than-median modelled cover, anti-aligned gravity/cover normals and cross-scale gravity persistence are consistent with a covered basin-margin discontinuity. No fault displacement, geothermal fluid flow or vent has been verified at this pixel.",Lithologic contact; basin-fill model dependence on gravity; intrusive/dike boundary; processing or coverage effects. Surface-only features may instead be roads or erosion.,MODEL HYPOTHESIS ONLY — requires expert/field review
H55-A-00652,2993,1332,376600.0,4209200.0,-118.4058974,38.0221025,0.8705484,0.5556854,595.85223,5.00422,0.9606,0.99458,0.96703,200.0,"Potential-field view is in its training-reference confident tail while the surface view abstains. Deeper-than-median modelled cover, anti-aligned gravity/cover normals and cross-scale gravity persistence are consistent with a covered basin-margin discontinuity. No fault displacement, geothermal fluid flow or vent has been verified at this pixel.",Lithologic contact; basin-fill model dependence on gravity; intrusive/dike boundary; processing or coverage effects. Surface-only features may instead be roads or erosion.,MODEL HYPOTHESIS ONLY — requires expert/field review
H55-A-00653,2993,1340,377400.0,4209200.0,-118.3967855,38.0222111,0.8908599,0.561517,568.07471,12.01485,0.91129,0.99876,0.99035,100.0,"Potential-field view is in its training-reference confident tail while the surface view abstains. Deeper-than-median modelled cover, anti-aligned gravity/cover normals and cross-scale gravity persistence are consistent with a covered basin-margin discontinuity. No fault displacement, geothermal fluid flow or vent has been verified at this pixel.",Lithologic contact; basin-fill model dependence on gravity; intrusive/dike boundary; processing or coverage effects. Surface-only features may instead be roads or erosion.,MODEL HYPOTHESIS ONLY — requires expert/field review
H55-A-00654,2993,1349,378300.0,4209200.0,-118.3865346,38.0223325,0.8721374,0.549616,519.03632,0.64827,0.89486,0.9999,0.99827,141.42,"Potential-field view is in its training-reference confident tail while the surface view abstains. Deeper-than-median modelled cover, anti-aligned gravity/cover normals and cross-scale gravity persistence are consistent with a covered basin-margin discontinuity. No fault displacement, geothermal fluid flow or vent has been verified at this pixel.",Lithologic contact; basin-fill model dependence on gravity; intrusive/dike boundary; processing or coverage effects. Surface-only features may instead be roads or erosion.,MODEL HYPOTHESIS ONLY — requires expert/field review
H55-A-00655,2993,1382,381600.0,4209200.0,-118.3489472,38.0227698,0.8421538,0.5588723,396.61642,5.54967,0.99799,0.9969,0.96067,282.84,"Potential-field view is in its training-reference confident tail while the surface view abstains. Deeper-than-median modelled cover, anti-aligned gravity/cover normals and cross-scale gravity persistence are consistent with a covered basin-margin discontinuity. No fault displacement, geothermal fluid flow or vent has been verified at this pixel.",Lithologic contact; basin-fill model dependence on gravity; intrusive/dike boundary; processing or coverage effects. Surface-only features may instead be roads or erosion.,MODEL HYPOTHESIS ONLY — requires expert/field review
H55-A-00656,2993,1390,382400.0,4209200.0,-118.339835,38.022874,0.8449002,0.546155,398.38348,5.03753,0.99163,0.97987,0.97144,200.0,"Potential-field view is in its training-reference confident tail while the surface view abstains. Deeper-than-median modelled cover, anti-aligned gravity/cover normals and cross-scale gravity persistence are consistent with a covered basin-margin discontinuity. No fault displacement, geothermal fluid flow or vent has been verified at this pixel.",Lithologic contact; basin-fill model dependence on gravity; intrusive/dike boundary; processing or coverage effects. Surface-only features may instead be roads or erosion.,MODEL HYPOTHESIS ONLY — requires expert/field review
H55-A-00657,2993,1396,383000.0,4209200.0,-118.3330008,38.0229517,0.8401811,0.5276799,394.65466,7.12761,0.99947,0.99878,0.95412,200.0,"Potential-field view is in its training-reference confident tail while the surface view abstains. Deeper-than-median modelled cover, anti-aligned gravity/cover normals and cross-scale gravity persistence are consistent with a covered basin-margin discontinuity. No fault displacement, geothermal fluid flow or vent has been verified at this pixel.",Lithologic contact; basin-fill model dependence on gravity; intrusive/dike boundary; processing or coverage effects. Surface-only features may instead be roads or erosion.,MODEL HYPOTHESIS ONLY — requires expert/field review
H55-A-00658,2993,1402,383600.0,4209200.0,-118.3261666,38.0230289,0.839338,0.5836704,384.92279,4.91795,0.98978,0.9994,0.96244,100.0,"Potential-field view is in its training-reference confident tail while the surface view abstains. Deeper-than-median modelled cover, anti-aligned gravity/cover normals and cross-scale gravity persistence are consistent with a covered basin-margin discontinuity. No fault displacement, geothermal fluid flow or vent has been verified at this pixel.",Lithologic contact; basin-fill model dependence on gravity; intrusive/dike boundary; processing or coverage effects. Surface-only features may instead be roads or erosion.,MODEL HYPOTHESIS ONLY — requires expert/field review
H55-A-00659,2994,1225,365900.0,4209100.0,-118.5277456,38.019681,0.8683781,0.5836924,831.15656,6.88862,0.89871,0.99806,0.8736,100.0,"Potential-field view is in its training-reference confident tail while the surface view abstains. Deeper-than-median modelled cover, anti-aligned gravity/cover normals and cross-scale gravity persistence are consistent with a covered basin-margin discontinuity. No fault displacement, geothermal fluid flow or vent has been verified at this pixel.",Lithologic contact; basin-fill model dependence on gravity; intrusive/dike boundary; processing or coverage effects. Surface-only features may instead be roads or erosion.,MODEL HYPOTHESIS ONLY — requires expert/field review
H55-A-00660,2994,1249,368300.0,4209100.0,-118.5004121,38.020033,0.846985,0.583164,784.19775,8.62441,0.60968,0.99857,0.94429,100.0,"Potential-field view is in its training-reference confident tail while the surface view abstains. Deeper-than-median modelled cover, anti-aligned gravity/cover normals and cross-scale gravity persistence are consistent with a covered basin-margin discontinuity. No fault displacement, geothermal fluid flow or vent has been verified at this pixel.",Lithologic contact; basin-fill model dependence on gravity; intrusive/dike boundary; processing or coverage effects. Surface-only features may instead be roads or erosion.,MODEL HYPOTHESIS ONLY — requires expert/field review
H55-A-00661,2994,1302,373600.0,4209100.0,-118.440049,38.0207879,0.8641239,0.4959894,669.79779,4.12168,0.87688,0.99971,0.98323,1000.0,"Potential-field view is in its training-reference confident tail while the surface view abstains. Deeper-than-median modelled cover, anti-aligned gravity/cover normals and cross-scale gravity persistence are consistent with a covered basin-margin discontinuity. No fault displacement, geothermal fluid flow or vent has been verified at this pixel.",Lithologic contact; basin-fill model dependence on gravity; intrusive/dike boundary; processing or coverage effects. Surface-only features may instead be roads or erosion.,MODEL HYPOTHESIS ONLY — requires expert/field review
H55-A-00662,2994,1313,374700.0,4209100.0,-118.4275205,38.0209407,0.8631038,0.4870241,627.15295,2.16716,0.98311,0.98251,0.89782,223.61,"Potential-field view is in its training-reference confident tail while the surface view abstains. Deeper-than-median modelled cover, anti-aligned gravity/cover normals and cross-scale gravity persistence are consistent with a covered basin-margin discontinuity. No fault displacement, geothermal fluid flow or vent has been verified at this pixel.",Lithologic contact; basin-fill model dependence on gravity; intrusive/dike boundary; processing or coverage effects. Surface-only features may instead be roads or erosion.,MODEL HYPOTHESIS ONLY — requires expert/field review
H55-A-00663,2994,1323,375700.0,4209100.0,-118.4161309,38.0210785,0.8471744,0.508544,617.5191,11.97289,0.99555,0.98567,0.98645,583.1,"Potential-field view is in its training-reference confident tail while the surface view abstains. Deeper-than-median modelled cover, anti-aligned gravity/cover normals and cross-scale gravity persistence are consistent with a covered basin-margin discontinuity. No fault displacement, geothermal fluid flow or vent has been verified at this pixel.",Lithologic contact; basin-fill model dependence on gravity; intrusive/dike boundary; processing or coverage effects. Surface-only features may instead be roads or erosion.,MODEL HYPOTHESIS ONLY — requires expert/field review
H55-A-00664,2994,1344,377800.0,4209100.0,-118.3922125,38.0213641,0.8830445,0.5248918,566.55322,1.27351,0.8979,0.99973,0.99319,100.0,"Potential-field view is in its training-reference confident tail while the surface view abstains. Deeper-than-median modelled cover, anti-aligned gravity/cover normals and cross-scale gravity persistence are consistent with a covered basin-margin discontinuity. No fault displacement, geothermal fluid flow or vent has been verified at this pixel.",Lithologic contact; basin-fill model dependence on gravity; intrusive/dike boundary; processing or coverage effects. Surface-only features may instead be roads or erosion.,MODEL HYPOTHESIS ONLY — requires expert/field review
H55-A-00665,2994,1385,381900.0,4209100.0,-118.3455137,38.0219079,0.8430092,0.5831863,407.20422,6.57338,0.99878,0.98669,0.96545,100.0,"Potential-field view is in its training-reference confident tail while the surface view abstains. Deeper-than-median modelled cover, anti-aligned gravity/cover normals and cross-scale gravity persistence are consistent with a covered basin-margin discontinuity. No fault displacement, geothermal fluid flow or vent has been verified at this pixel.",Lithologic contact; basin-fill model dependence on gravity; intrusive/dike boundary; processing or coverage effects. Surface-only features may instead be roads or erosion.,MODEL HYPOTHESIS ONLY — requires expert/field review
H55-A-00666,2994,1409,384300.0,4209100.0,-118.3181772,38.0222176,0.8337148,0.5643178,366.1973,3.71249,0.98688,0.99678,0.99379,141.42,"Potential-field view is in its training-reference confident tail while the surface view abstains. Deeper-than-median modelled cover, anti-aligned gravity/cover normals and cross-scale gravity persistence are consistent with a covered basin-margin discontinuity. No fault displacement, geothermal fluid flow or vent has been verified at this pixel.",Lithologic contact; basin-fill model dependence on gravity; intrusive/dike boundary; processing or coverage effects. Surface-only features may instead be roads or erosion.,MODEL HYPOTHESIS ONLY — requires expert/field review
H55-A-00667,2994,1424,385800.0,4209100.0,-118.3010917,38.0224079,0.8445117,0.4821927,298.99521,1.90593,0.9512,0.99999,0.91374,316.23,"Potential-field view is in its training-reference confident tail while the surface view abstains. Signed normal/cover support is incomplete; do not interpret this discrepancy as proof of a buried fault. No fault displacement, geothermal fluid flow or vent has been verified at this pixel.",Lithologic contact; basin-fill model dependence on gravity; intrusive/dike boundary; processing or coverage effects. Surface-only features may instead be roads or erosion.,MODEL HYPOTHESIS ONLY — requires expert/field review
H55-A-00668,2995,1221,365500.0,4209000.0,-118.5322824,38.0187207,0.8340303,0.414265,833.84198,5.16509,0.84976,0.9999,0.81239,141.42,"Potential-field view is in its training-reference confident tail while the surface view abstains. Deeper-than-median modelled cover, anti-aligned gravity/cover normals and cross-scale gravity persistence are consistent with a covered basin-margin discontinuity. No fault displacement, geothermal fluid flow or vent has been verified at this pixel.",Lithologic contact; basin-fill model dependence on gravity; intrusive/dike boundary; processing or coverage effects. Surface-only features may instead be roads or erosion.,MODEL HYPOTHESIS ONLY — requires expert/field review
H55-A-00669,2995,1229,366300.0,4209000.0,-118.5231714,38.0188391,0.8652759,0.5028035,821.70941,2.22661,0.89854,0.99942,0.91127,200.0,"Potential-field view is in its training-reference confident tail while the surface view abstains. Deeper-than-median modelled cover, anti-aligned gravity/cover normals and cross-scale gravity persistence are consistent with a covered basin-margin discontinuity. No fault displacement, geothermal fluid flow or vent has been verified at this pixel.",Lithologic contact; basin-fill model dependence on gravity; intrusive/dike boundary; processing or coverage effects. Surface-only features may instead be roads or erosion.,MODEL HYPOTHESIS ONLY — requires expert/field review
H55-A-00670,2995,1234,366800.0,4209000.0,-118.517477,38.0189128,0.868001,0.4410673,811.76587,12.99563,0.94193,0.99915,0.9273,200.0,"Potential-field view is in its training-reference confident tail while the surface view abstains. Deeper-than-median modelled cover, anti-aligned gravity/cover normals and cross-scale gravity persistence are consistent with a covered basin-margin discontinuity. No fault displacement, geothermal fluid flow or vent has been verified at this pixel.",Lithologic contact; basin-fill model dependence on gravity; intrusive/dike boundary; processing or coverage effects. Surface-only features may instead be roads or erosion.,MODEL HYPOTHESIS ONLY — requires expert/field review
H55-A-00671,2995,1243,367700.0,4209000.0,-118.5072271,38.0190446,0.8669226,0.472624,793.1731,3.01533,0.91737,0.99913,0.92907,700.0,"Potential-field view is in its training-reference confident tail while the surface view abstains. Deeper-than-median modelled cover, anti-aligned gravity/cover normals and cross-scale gravity persistence are consistent with a covered basin-margin discontinuity. No fault displacement, geothermal fluid flow or vent has been verified at this pixel.",Lithologic contact; basin-fill model dependence on gravity; intrusive/dike boundary; processing or coverage effects. Surface-only features may instead be roads or erosion.,MODEL HYPOTHESIS ONLY — requires expert/field review
H55-A-00672,2995,1246,368000.0,4209000.0,-118.5038104,38.0190884,0.856073,0.4124587,790.34302,7.94616,0.67157,0.9987,0.92935,412.31,"Potential-field view is in its training-reference confident tail while the surface view abstains. Deeper-than-median modelled cover, anti-aligned gravity/cover normals and cross-scale gravity persistence are consistent with a covered basin-margin discontinuity. No fault displacement, geothermal fluid flow or vent has been verified at this pixel.",Lithologic contact; basin-fill model dependence on gravity; intrusive/dike boundary; processing or coverage effects. Surface-only features may instead be roads or erosion.,MODEL HYPOTHESIS ONLY — requires expert/field review
H55-A-00673,2995,1276,371000.0,4209000.0,-118.4696434,38.0195205,0.8156205,0.5240887,808.36102,4.87159,0.77608,0.99973,0.99221,316.23,"Potential-field view is in its training-reference confident tail while the surface view abstains. Deeper-than-median modelled cover, anti-aligned gravity/cover normals and cross-scale gravity persistence are consistent with a covered basin-margin discontinuity. No fault displacement, geothermal fluid flow or vent has been verified at this pixel.",Lithologic contact; basin-fill model dependence on gravity; intrusive/dike boundary; processing or coverage effects. Surface-only features may instead be roads or erosion.,MODEL HYPOTHESIS ONLY — requires expert/field review
H55-A-00674,2995,1287,372100.0,4209000.0,-118.4571153,38.0196764,0.8264186,0.5463035,764.27948,2.99436,0.85932,1.0,0.99358,223.61,"Potential-field view is in its training-reference confident tail while the surface view abstains. Deeper-than-median modelled cover, anti-aligned gravity/cover normals and cross-scale gravity persistence are consistent with a covered basin-margin discontinuity. No fault displacement, geothermal fluid flow or vent has been verified at this pixel.",Lithologic contact; basin-fill model dependence on gravity; intrusive/dike boundary; processing or coverage effects. Surface-only features may instead be roads or erosion.,MODEL HYPOTHESIS ONLY — requires expert/field review
H55-A-00675,2995,1296,373000.0,4209000.0,-118.446865,38.019803,0.8315225,0.5447065,713.34705,6.90341,0.86375,0.99996,0.9936,400.0,"Potential-field view is in its training-reference confident tail while the surface view abstains. Deeper-than-median modelled cover, anti-aligned gravity/cover normals and cross-scale gravity persistence are consistent with a covered basin-margin discontinuity. No fault displacement, geothermal fluid flow or vent has been verified at this pixel.",Lithologic contact; basin-fill model dependence on gravity; intrusive/dike boundary; processing or coverage effects. Surface-only features may instead be roads or erosion.,MODEL HYPOTHESIS ONLY — requires expert/field review
H55-A-00676,2995,1299,373300.0,4209000.0,-118.4434482,38.019845,0.839624,0.5218311,696.20697,7.87328,0.86263,0.99999,0.98973,700.0,"Potential-field view is in its training-reference confident tail while the surface view abstains. Deeper-than-median modelled cover, anti-aligned gravity/cover normals and cross-scale gravity persistence are consistent with a covered basin-margin discontinuity. No fault displacement, geothermal fluid flow or vent has been verified at this pixel.",Lithologic contact; basin-fill model dependence on gravity; intrusive/dike boundary; processing or coverage effects. Surface-only features may instead be roads or erosion.,MODEL HYPOTHESIS ONLY — requires expert/field review
H55-A-00677,2995,1304,373800.0,4209000.0,-118.4377535,38.0199148,0.8711427,0.4975725,670.93256,2.82559,0.88304,0.99871,0.97208,943.4,"Potential-field view is in its training-reference confident tail while the surface view abstains. Deeper-than-median modelled cover, anti-aligned gravity/cover normals and cross-scale gravity persistence are consistent with a covered basin-margin discontinuity. No fault displacement, geothermal fluid flow or vent has been verified at this pixel.",Lithologic contact; basin-fill model dependence on gravity; intrusive/dike boundary; processing or coverage effects. Surface-only features may instead be roads or erosion.,MODEL HYPOTHESIS ONLY — requires expert/field review
H55-A-00678,2995,1309,374300.0,4209000.0,-118.4320588,38.0199843,0.8578988,0.460912,651.34955,3.93021,0.92869,0.99781,0.92991,583.1,"Potential-field view is in its training-reference confident tail while the surface view abstains. Deeper-than-median modelled cover, anti-aligned gravity/cover normals and cross-scale gravity persistence are consistent with a covered basin-margin discontinuity. No fault displacement, geothermal fluid flow or vent has been verified at this pixel.",Lithologic contact; basin-fill model dependence on gravity; intrusive/dike boundary; processing or coverage effects. Surface-only features may instead be roads or erosion.,MODEL HYPOTHESIS ONLY — requires expert/field review
H55-A-00679,2995,1331,376500.0,4209000.0,-118.407002,38.0202869,0.8650609,0.5578697,627.96558,7.47053,0.96785,0.98981,0.95833,282.84,"Potential-field view is in its training-reference confident tail while the surface view abstains. Deeper-than-median modelled cover, anti-aligned gravity/cover normals and cross-scale gravity persistence are consistent with a covered basin-margin discontinuity. No fault displacement, geothermal fluid flow or vent has been verified at this pixel.",Lithologic contact; basin-fill model dependence on gravity; intrusive/dike boundary; processing or coverage effects. Surface-only features may instead be roads or erosion.,MODEL HYPOTHESIS ONLY — requires expert/field review
H55-A-00680,2995,1336,377000.0,4209000.0,-118.4013072,38.0203549,0.8814064,0.4359279,615.1214,2.96045,0.91848,0.99925,0.97795,200.0,"Potential-field view is in its training-reference confident tail while the surface view abstains. Deeper-than-median modelled cover, anti-aligned gravity/cover normals and cross-scale gravity persistence are consistent with a covered basin-margin discontinuity. No fault displacement, geothermal fluid flow or vent has been verified at this pixel.",Lithologic contact; basin-fill model dependence on gravity; intrusive/dike boundary; processing or coverage effects. Surface-only features may instead be roads or erosion.,MODEL HYPOTHESIS ONLY — requires expert/field review
H55-A-00681,2995,1341,377500.0,4209000.0,-118.3956124,38.0204226,0.8819036,0.5255802,597.72986,1.54081,0.89932,0.99891,0.98915,100.0,"Potential-field view is in its training-reference confident tail while the surface view abstains. Deeper-than-median modelled cover, anti-aligned gravity/cover normals and cross-scale gravity persistence are consistent with a covered basin-margin discontinuity. No fault displacement, geothermal fluid flow or vent has been verified at this pixel.",Lithologic contact; basin-fill model dependence on gravity; intrusive/dike boundary; processing or coverage effects. Surface-only features may instead be roads or erosion.,MODEL HYPOTHESIS ONLY — requires expert/field review
H55-A-00682,2995,1346,378000.0,4209000.0,-118.3899175,38.0204901,0.8721374,0.5191802,570.64545,2.25055,0.89233,0.99991,0.99469,200.0,"Potential-field view is in its training-reference confident tail while the surface view abstains. Deeper-than-median modelled cover, anti-aligned gravity/cover normals and cross-scale gravity persistence are consistent with a covered basin-margin discontinuity. No fault displacement, geothermal fluid flow or vent has been verified at this pixel.",Lithologic contact; basin-fill model dependence on gravity; intrusive/dike boundary; processing or coverage effects. Surface-only features may instead be roads or erosion.,MODEL HYPOTHESIS ONLY — requires expert/field review
H55-A-00683,2995,1366,380000.0,4209000.0,-118.367138,38.0207572,0.8461689,0.5506257,460.12399,4.56755,0.94263,0.99985,0.98968,100.0,"Potential-field view is in its training-reference confident tail while the surface view abstains. Deeper-than-median modelled cover, anti-aligned gravity/cover normals and cross-scale gravity persistence are consistent with a covered basin-margin discontinuity. No fault displacement, geothermal fluid flow or vent has been verified at this pixel.",Lithologic contact; basin-fill model dependence on gravity; intrusive/dike boundary; processing or coverage effects. Surface-only features may instead be roads or erosion.,MODEL HYPOTHESIS ONLY — requires expert/field review
H55-A-00684,2995,1369,380300.0,4209000.0,-118.3637211,38.0207969,0.8393134,0.4612746,446.73138,7.82518,0.95679,0.99999,0.9848,282.84,"Potential-field view is in its training-reference confident tail while the surface view abstains. Deeper-than-median modelled cover, anti-aligned gravity/cover normals and cross-scale gravity persistence are consistent with a covered basin-margin discontinuity. No fault displacement, geothermal fluid flow or vent has been verified at this pixel.",Lithologic contact; basin-fill model dependence on gravity; intrusive/dike boundary; processing or coverage effects. Surface-only features may instead be roads or erosion.,MODEL HYPOTHESIS ONLY — requires expert/field review
H55-A-00685,2995,1375,380900.0,4209000.0,-118.3568871,38.0208759,0.8421538,0.528946,427.01144,4.34281,0.9816,0.99735,0.9735,282.84,"Potential-field view is in its training-reference confident tail while the surface view abstains. Deeper-than-median modelled cover, anti-aligned gravity/cover normals and cross-scale gravity persistence are consistent with a covered basin-margin discontinuity. No fault displacement, geothermal fluid flow or vent has been verified at this pixel.",Lithologic contact; basin-fill model dependence on gravity; intrusive/dike boundary; processing or coverage effects. Surface-only features may instead be roads or erosion.,MODEL HYPOTHESIS ONLY — requires expert/field review
H55-A-00686,2996,1216,365000.0,4208900.0,-118.5379579,38.0177454,0.8262696,0.4576349,820.20447,8.07928,0.92047,0.99821,0.83047,223.61,"Potential-field view is in its training-reference confident tail while the surface view abstains. Deeper-than-median modelled cover, anti-aligned gravity/cover normals and cross-scale gravity persistence are consistent with a covered basin-margin discontinuity. No fault displacement, geothermal fluid flow or vent has been verified at this pixel.",Lithologic contact; basin-fill model dependence on gravity; intrusive/dike boundary; processing or coverage effects. Surface-only features may instead be roads or erosion.,MODEL HYPOTHESIS ONLY — requires expert/field review
H55-A-00687,2996,1223,365700.0,4208900.0,-118.5299859,38.0178494,0.8641255,0.4788757,828.89459,4.34943,0.85798,0.9982,0.85007,300.0,"Potential-field view is in its training-reference confident tail while the surface view abstains. Deeper-than-median modelled cover, anti-aligned gravity/cover normals and cross-scale gravity persistence are consistent with a covered basin-margin discontinuity. No fault displacement, geothermal fluid flow or vent has been verified at this pixel.",Lithologic contact; basin-fill model dependence on gravity; intrusive/dike boundary; processing or coverage effects. Surface-only features may instead be roads or erosion.,MODEL HYPOTHESIS ONLY — requires expert/field review
H55-A-00688,2996,1239,367300.0,4208900.0,-118.5117641,38.0180852,0.8703076,0.4298973,800.77783,15.42183,0.95895,0.99928,0.92448,300.0,"Potential-field view is in its training-reference confident tail while the surface view abstains. Deeper-than-median modelled cover, anti-aligned gravity/cover normals and cross-scale gravity persistence are consistent with a covered basin-margin discontinuity. No fault displacement, geothermal fluid flow or vent has been verified at this pixel.",Lithologic contact; basin-fill model dependence on gravity; intrusive/dike boundary; processing or coverage effects. Surface-only features may instead be roads or erosion.,MODEL HYPOTHESIS ONLY — requires expert/field review
H55-A-00689,2996,1254,368800.0,4208900.0,-118.494681,38.0183036,0.8358485,0.5555031,792.44067,3.59633,0.31239,0.99429,0.94379,200.0,"Potential-field view is in its training-reference confident tail while the surface view abstains. Deeper-than-median modelled cover, anti-aligned gravity/cover normals and cross-scale gravity persistence are consistent with a covered basin-margin discontinuity. No fault displacement, geothermal fluid flow or vent has been verified at this pixel.",Lithologic contact; basin-fill model dependence on gravity; intrusive/dike boundary; processing or coverage effects. Surface-only features may instead be roads or erosion.,MODEL HYPOTHESIS ONLY — requires expert/field review
H55-A-00690,2996,1273,370700.0,4208900.0,-118.4730421,38.0185767,0.8457546,0.6026307,825.79205,5.52704,0.70897,0.99887,0.9901,632.46,"Potential-field view is in its training-reference confident tail while the surface view abstains. Deeper-than-median modelled cover, anti-aligned gravity/cover normals and cross-scale gravity persistence are consistent with a covered basin-margin discontinuity. No fault displacement, geothermal fluid flow or vent has been verified at this pixel.",Lithologic contact; basin-fill model dependence on gravity; intrusive/dike boundary; processing or coverage effects. Surface-only features may instead be roads or erosion.,MODEL HYPOTHESIS ONLY — requires expert/field review
H55-A-00691,2996,1282,371600.0,4208900.0,-118.462792,38.0187047,0.81914,0.5149699,801.85999,6.5156,0.83145,0.99983,0.99198,200.0,"Potential-field view is in its training-reference confident tail while the surface view abstains. Deeper-than-median modelled cover, anti-aligned gravity/cover normals and cross-scale gravity persistence are consistent with a covered basin-margin discontinuity. No fault displacement, geothermal fluid flow or vent has been verified at this pixel.",Lithologic contact; basin-fill model dependence on gravity; intrusive/dike boundary; processing or coverage effects. Surface-only features may instead be roads or erosion.,MODEL HYPOTHESIS ONLY — requires expert/field review
H55-A-00692,2996,1306,374000.0,4208900.0,-118.435458,38.0190416,0.8730534,0.4786783,672.91107,3.51038,0.89029,0.99802,0.95684,848.53,"Potential-field view is in its training-reference confident tail while the surface view abstains. Deeper-than-median modelled cover, anti-aligned gravity/cover normals and cross-scale gravity persistence are consistent with a covered basin-margin discontinuity. No fault displacement, geothermal fluid flow or vent has been verified at this pixel.",Lithologic contact; basin-fill model dependence on gravity; intrusive/dike boundary; processing or coverage effects. Surface-only features may instead be roads or erosion.,MODEL HYPOTHESIS ONLY — requires expert/field review
H55-A-00693,2996,1314,374800.0,4208900.0,-118.4263466,38.0191525,0.8559152,0.4651742,648.36615,2.69082,0.98996,0.97114,0.89425,316.23,"Potential-field view is in its training-reference confident tail while the surface view abstains. Deeper-than-median modelled cover, anti-aligned gravity/cover normals and cross-scale gravity persistence are consistent with a covered basin-margin discontinuity. No fault displacement, geothermal fluid flow or vent has been verified at this pixel.",Lithologic contact; basin-fill model dependence on gravity; intrusive/dike boundary; processing or coverage effects. Surface-only features may instead be roads or erosion.,MODEL HYPOTHESIS ONLY — requires expert/field review
H55-A-00694,2996,1318,375200.0,4208900.0,-118.4217909,38.0192077,0.8591737,0.5372283,646.32227,1.29539,0.99976,0.96286,0.96947,412.31,"Potential-field view is in its training-reference confident tail while the surface view abstains. Deeper-than-median modelled cover, anti-aligned gravity/cover normals and cross-scale gravity persistence are consistent with a covered basin-margin discontinuity. No fault displacement, geothermal fluid flow or vent has been verified at this pixel.",Lithologic contact; basin-fill model dependence on gravity; intrusive/dike boundary; processing or coverage effects. Surface-only features may instead be roads or erosion.,MODEL HYPOTHESIS ONLY — requires expert/field review
H55-A-00695,2996,1321,375500.0,4208900.0,-118.4183741,38.019249,0.8393051,0.5977929,644.7865,4.22057,0.99865,0.9783,0.98496,565.69,"Potential-field view is in its training-reference confident tail while the surface view abstains. Deeper-than-median modelled cover, anti-aligned gravity/cover normals and cross-scale gravity persistence are consistent with a covered basin-margin discontinuity. No fault displacement, geothermal fluid flow or vent has been verified at this pixel.",Lithologic contact; basin-fill model dependence on gravity; intrusive/dike boundary; processing or coverage effects. Surface-only features may instead be roads or erosion.,MODEL HYPOTHESIS ONLY — requires expert/field review
H55-A-00696,2996,1325,375900.0,4208900.0,-118.4138184,38.0193039,0.8527812,0.5415809,643.92908,16.3088,0.99221,0.98413,0.97958,500.0,"Potential-field view is in its training-reference confident tail while the surface view abstains. Deeper-than-median modelled cover, anti-aligned gravity/cover normals and cross-scale gravity persistence are consistent with a covered basin-margin discontinuity. No fault displacement, geothermal fluid flow or vent has been verified at this pixel.",Lithologic contact; basin-fill model dependence on gravity; intrusive/dike boundary; processing or coverage effects. Surface-only features may instead be roads or erosion.,MODEL HYPOTHESIS ONLY — requires expert/field review
H55-A-00697,2996,1334,376800.0,4208900.0,-118.4035679,38.0194267,0.8544527,0.4866717,638.20288,3.57112,0.93118,0.99813,0.9634,141.42,"Potential-field view is in its training-reference confident tail while the surface view abstains. Deeper-than-median modelled cover, anti-aligned gravity/cover normals and cross-scale gravity persistence are consistent with a covered basin-margin discontinuity. No fault displacement, geothermal fluid flow or vent has been verified at this pixel.",Lithologic contact; basin-fill model dependence on gravity; intrusive/dike boundary; processing or coverage effects. Surface-only features may instead be roads or erosion.,MODEL HYPOTHESIS ONLY — requires expert/field review
H55-A-00698,2996,1352,378600.0,4208900.0,-118.3830668,38.0196696,0.8555149,0.5697972,549.11322,5.36504,0.88096,0.99998,0.99768,200.0,"Potential-field view is in its training-reference confident tail while the surface view abstains. Deeper-than-median modelled cover, anti-aligned gravity/cover normals and cross-scale gravity persistence are consistent with a covered basin-margin discontinuity. No fault displacement, geothermal fluid flow or vent has been verified at this pixel.",Lithologic contact; basin-fill model dependence on gravity; intrusive/dike boundary; processing or coverage effects. Surface-only features may instead be roads or erosion.,MODEL HYPOTHESIS ONLY — requires expert/field review
H55-A-00699,2996,1404,383800.0,4208900.0,-118.3238399,38.0203515,0.8402408,0.5710723,407.88251,4.51207,0.98992,0.99973,0.97303,200.0,"Potential-field view is in its training-reference confident tail while the surface view abstains. Deeper-than-median modelled cover, anti-aligned gravity/cover normals and cross-scale gravity persistence are consistent with a covered basin-margin discontinuity. No fault displacement, geothermal fluid flow or vent has been verified at this pixel.",Lithologic contact; basin-fill model dependence on gravity; intrusive/dike boundary; processing or coverage effects. Surface-only features may instead be roads or erosion.,MODEL HYPOTHESIS ONLY — requires expert/field review
H55-A-00700,2996,1407,384100.0,4208900.0,-118.3204229,38.0203899,0.8496168,0.5626637,393.82574,4.84033,0.98834,0.99627,0.98953,100.0,"Potential-field view is in its training-reference confident tail while the surface view abstains. Deeper-than-median modelled cover, anti-aligned gravity/cover normals and cross-scale gravity persistence are consistent with a covered basin-margin discontinuity. No fault displacement, geothermal fluid flow or vent has been verified at this pixel.",Lithologic contact; basin-fill model dependence on gravity; intrusive/dike boundary; processing or coverage effects. Surface-only features may instead be roads or erosion.,MODEL HYPOTHESIS ONLY — requires expert/field review
H55-A-00701,2996,1428,386200.0,4208900.0,-118.2965038,38.0206561,0.812139,0.4079956,310.17801,1.25893,0.90027,0.99857,0.95147,141.42,"Potential-field view is in its training-reference confident tail while the surface view abstains. Signed normal/cover support is incomplete; do not interpret this discrepancy as proof of a buried fault. No fault displacement, geothermal fluid flow or vent has been verified at this pixel.",Lithologic contact; basin-fill model dependence on gravity; intrusive/dike boundary; processing or coverage effects. Surface-only features may instead be roads or erosion.,MODEL HYPOTHESIS ONLY — requires expert/field review
H55-A-00702,2997,1228,366200.0,4208800.0,-118.5242729,38.0170224,0.8606639,0.4838403,819.34351,2.11776,0.84862,0.99932,0.90703,100.0,"Potential-field view is in its training-reference confident tail while the surface view abstains. Deeper-than-median modelled cover, anti-aligned gravity/cover normals and cross-scale gravity persistence are consistent with a covered basin-margin discontinuity. No fault displacement, geothermal fluid flow or vent has been verified at this pixel.",Lithologic contact; basin-fill model dependence on gravity; intrusive/dike boundary; processing or coverage effects. Surface-only features may instead be roads or erosion.,MODEL HYPOTHESIS ONLY — requires expert/field review
H55-A-00703,2997,1242,367600.0,4208800.0,-118.508329,38.0172281,0.8722289,0.4261068,796.32001,4.7806,0.92258,0.99968,0.90792,600.0,"Potential-field view is in its training-reference confident tail while the surface view abstains. Deeper-than-median modelled cover, anti-aligned gravity/cover normals and cross-scale gravity persistence are consistent with a covered basin-margin discontinuity. No fault displacement, geothermal fluid flow or vent has been verified at this pixel.",Lithologic contact; basin-fill model dependence on gravity; intrusive/dike boundary; processing or coverage effects. Surface-only features may instead be roads or erosion.,MODEL HYPOTHESIS ONLY — requires expert/field review
H55-A-00704,2997,1248,368200.0,4208800.0,-118.5014959,38.0173155,0.8515937,0.5191791,794.44604,5.05551,0.23604,0.99917,0.89953,360.56,"Potential-field view is in its training-reference confident tail while the surface view abstains. Signed normal/cover support is incomplete; do not interpret this discrepancy as proof of a buried fault. No fault displacement, geothermal fluid flow or vent has been verified at this pixel.",Lithologic contact; basin-fill model dependence on gravity; intrusive/dike boundary; processing or coverage effects. Surface-only features may instead be roads or erosion.,MODEL HYPOTHESIS ONLY — requires expert/field review
H55-A-00705,2997,1256,369000.0,4208800.0,-118.4923849,38.0174315,0.8244533,0.5211475,800.95013,4.13003,0.25024,0.99266,0.9563,282.84,"Potential-field view is in its training-reference confident tail while the surface view abstains. Signed normal/cover support is incomplete; do not interpret this discrepancy as proof of a buried fault. No fault displacement, geothermal fluid flow or vent has been verified at this pixel.",Lithologic contact; basin-fill model dependence on gravity; intrusive/dike boundary; processing or coverage effects. Surface-only features may instead be roads or erosion.,MODEL HYPOTHESIS ONLY — requires expert/field review
H55-A-00706,2997,1275,370900.0,4208800.0,-118.4707463,38.0177042,0.8485237,0.6095141,829.96454,16.30269,0.75371,0.9996,0.98985,500.0,"Potential-field view is in its training-reference confident tail while the surface view abstains. Deeper-than-median modelled cover, anti-aligned gravity/cover normals and cross-scale gravity persistence are consistent with a covered basin-margin discontinuity. No fault displacement, geothermal fluid flow or vent has been verified at this pixel.",Lithologic contact; basin-fill model dependence on gravity; intrusive/dike boundary; processing or coverage effects. Surface-only features may instead be roads or erosion.,MODEL HYPOTHESIS ONLY — requires expert/field review
H55-A-00707,2997,1278,371200.0,4208800.0,-118.4673296,38.0177469,0.8474018,0.5934178,822.01904,8.01112,0.78682,0.99974,0.99138,200.0,"Potential-field view is in its training-reference confident tail while the surface view abstains. Deeper-than-median modelled cover, anti-aligned gravity/cover normals and cross-scale gravity persistence are consistent with a covered basin-margin discontinuity. No fault displacement, geothermal fluid flow or vent has been verified at this pixel.",Lithologic contact; basin-fill model dependence on gravity; intrusive/dike boundary; processing or coverage effects. Surface-only features may instead be roads or erosion.,MODEL HYPOTHESIS ONLY — requires expert/field review
H55-A-00708,2997,1301,373500.0,4208800.0,-118.441135,38.018071,0.8621001,0.5691959,703.23944,1.05571,0.84101,1.0,0.97961,905.54,"Potential-field view is in its training-reference confident tail while the surface view abstains. Deeper-than-median modelled cover, anti-aligned gravity/cover normals and cross-scale gravity persistence are consistent with a covered basin-margin discontinuity. No fault displacement, geothermal fluid flow or vent has been verified at this pixel.",Lithologic contact; basin-fill model dependence on gravity; intrusive/dike boundary; processing or coverage effects. Surface-only features may instead be roads or erosion.,MODEL HYPOTHESIS ONLY — requires expert/field review
H55-A-00709,2997,1311,374500.0,4208800.0,-118.4297459,38.01821,0.8390917,0.4680303,664.53595,2.91125,0.9402,0.99467,0.88313,565.69,"Potential-field view is in its training-reference confident tail while the surface view abstains. Deeper-than-median modelled cover, anti-aligned gravity/cover normals and cross-scale gravity persistence are consistent with a covered basin-margin discontinuity. No fault displacement, geothermal fluid flow or vent has been verified at this pixel.",Lithologic contact; basin-fill model dependence on gravity; intrusive/dike boundary; processing or coverage effects. Surface-only features may instead be roads or erosion.,MODEL HYPOTHESIS ONLY — requires expert/field review
H55-A-00710,2997,1316,375000.0,4208800.0,-118.4240513,38.0182791,0.8591737,0.5189964,658.91754,3.12109,0.99859,0.95557,0.92836,412.31,"Potential-field view is in its training-reference confident tail while the surface view abstains. Deeper-than-median modelled cover, anti-aligned gravity/cover normals and cross-scale gravity persistence are consistent with a covered basin-margin discontinuity. No fault displacement, geothermal fluid flow or vent has been verified at this pixel.",Lithologic contact; basin-fill model dependence on gravity; intrusive/dike boundary; processing or coverage effects. Surface-only features may instead be roads or erosion.,MODEL HYPOTHESIS ONLY — requires expert/field review
H55-A-00711,2997,1328,376200.0,4208800.0,-118.4103843,38.0184439,0.8589718,0.6102863,658.46167,7.47921,0.98624,0.97753,0.95944,282.84,"Potential-field view is in its training-reference confident tail while the surface view abstains. Deeper-than-median modelled cover, anti-aligned gravity/cover normals and cross-scale gravity persistence are consistent with a covered basin-margin discontinuity. No fault displacement, geothermal fluid flow or vent has been verified at this pixel.",Lithologic contact; basin-fill model dependence on gravity; intrusive/dike boundary; processing or coverage effects. Surface-only features may instead be roads or erosion.,MODEL HYPOTHESIS ONLY — requires expert/field review
H55-A-00712,2997,1338,377200.0,4208800.0,-118.398995,38.01858,0.859514,0.4230686,641.00446,0.98817,0.89292,0.99912,0.98063,200.0,"Potential-field view is in its training-reference confident tail while the surface view abstains. Deeper-than-median modelled cover, anti-aligned gravity/cover normals and cross-scale gravity persistence are consistent with a covered basin-margin discontinuity. No fault displacement, geothermal fluid flow or vent has been verified at this pixel.",Lithologic contact; basin-fill model dependence on gravity; intrusive/dike boundary; processing or coverage effects. Surface-only features may instead be roads or erosion.,MODEL HYPOTHESIS ONLY — requires expert/field review
H55-A-00713,2997,1342,377600.0,4208800.0,-118.3944392,38.0186341,0.8569094,0.4140624,627.6792,1.29786,0.8815,0.99933,0.98738,282.84,"Potential-field view is in its training-reference confident tail while the surface view abstains. Deeper-than-median modelled cover, anti-aligned gravity/cover normals and cross-scale gravity persistence are consistent with a covered basin-margin discontinuity. No fault displacement, geothermal fluid flow or vent has been verified at this pixel.",Lithologic contact; basin-fill model dependence on gravity; intrusive/dike boundary; processing or coverage effects. Surface-only features may instead be roads or erosion.,MODEL HYPOTHESIS ONLY — requires expert/field review
H55-A-00714,2997,1349,378300.0,4208800.0,-118.3864667,38.0187284,0.8555149,0.5180623,584.52673,1.66774,0.8807,0.99997,0.99548,200.0,"Potential-field view is in its training-reference confident tail while the surface view abstains. Deeper-than-median modelled cover, anti-aligned gravity/cover normals and cross-scale gravity persistence are consistent with a covered basin-margin discontinuity. No fault displacement, geothermal fluid flow or vent has been verified at this pixel.",Lithologic contact; basin-fill model dependence on gravity; intrusive/dike boundary; processing or coverage effects. Surface-only features may instead be roads or erosion.,MODEL HYPOTHESIS ONLY — requires expert/field review
H55-A-00715,2997,1372,380600.0,4208800.0,-118.3602708,38.0190344,0.8393134,0.5777395,459.00357,1.78873,0.97564,0.99958,0.97823,223.61,"Potential-field view is in its training-reference confident tail while the surface view abstains. Deeper-than-median modelled cover, anti-aligned gravity/cover normals and cross-scale gravity persistence are consistent with a covered basin-margin discontinuity. No fault displacement, geothermal fluid flow or vent has been verified at this pixel.",Lithologic contact; basin-fill model dependence on gravity; intrusive/dike boundary; processing or coverage effects. Surface-only features may instead be roads or erosion.,MODEL HYPOTHESIS ONLY — requires expert/field review
H55-A-00716,2997,1385,381900.0,4208800.0,-118.3454643,38.0192048,0.8398634,0.5945505,439.06342,8.68021,0.99965,0.9876,0.97028,200.0,"Potential-field view is in its training-reference confident tail while the surface view abstains. Deeper-than-median modelled cover, anti-aligned gravity/cover normals and cross-scale gravity persistence are consistent with a covered basin-margin discontinuity. No fault displacement, geothermal fluid flow or vent has been verified at this pixel.",Lithologic contact; basin-fill model dependence on gravity; intrusive/dike boundary; processing or coverage effects. Surface-only features may instead be roads or erosion.,MODEL HYPOTHESIS ONLY — requires expert/field review
H55-A-00717,2997,1390,382400.0,4208800.0,-118.3397694,38.0192698,0.8333665,0.5861958,438.7724,3.91924,0.99726,0.98349,0.98105,100.0,"Potential-field view is in its training-reference confident tail while the surface view abstains. Deeper-than-median modelled cover, anti-aligned gravity/cover normals and cross-scale gravity persistence are consistent with a covered basin-margin discontinuity. No fault displacement, geothermal fluid flow or vent has been verified at this pixel.",Lithologic contact; basin-fill model dependence on gravity; intrusive/dike boundary; processing or coverage effects. Surface-only features may instead be roads or erosion.,MODEL HYPOTHESIS ONLY — requires expert/field review
H55-A-00718,2997,1397,383100.0,4208800.0,-118.3317966,38.0193604,0.8449002,0.5302226,431.91708,3.49178,0.99914,0.99709,0.97024,200.0,"Potential-field view is in its training-reference confident tail while the surface view abstains. Deeper-than-median modelled cover, anti-aligned gravity/cover normals and cross-scale gravity persistence are consistent with a covered basin-margin discontinuity. No fault displacement, geothermal fluid flow or vent has been verified at this pixel.",Lithologic contact; basin-fill model dependence on gravity; intrusive/dike boundary; processing or coverage effects. Surface-only features may instead be roads or erosion.,MODEL HYPOTHESIS ONLY — requires expert/field review
H55-A-00719,2997,1417,385100.0,4208800.0,-118.3090169,38.0196162,0.8096982,0.6108153,357.37827,15.46673,0.99754,0.99448,0.9484,282.84,"Potential-field view is in its training-reference confident tail while the surface view abstains. Deeper-than-median modelled cover, anti-aligned gravity/cover normals and cross-scale gravity persistence are consistent with a covered basin-margin discontinuity. No fault displacement, geothermal fluid flow or vent has been verified at this pixel.",Lithologic contact; basin-fill model dependence on gravity; intrusive/dike boundary; processing or coverage effects. Surface-only features may instead be roads or erosion.,MODEL HYPOTHESIS ONLY — requires expert/field review
H55-A-00720,2997,1423,385700.0,4208800.0,-118.3021829,38.0196921,0.8115753,0.5111149,331.85727,1.83223,0.94219,0.9998,0.87768,565.69,"Potential-field view is in its training-reference confident tail while the surface view abstains. Deeper-than-median modelled cover, anti-aligned gravity/cover normals and cross-scale gravity persistence are consistent with a covered basin-margin discontinuity. No fault displacement, geothermal fluid flow or vent has been verified at this pixel.",Lithologic contact; basin-fill model dependence on gravity; intrusive/dike boundary; processing or coverage effects. Surface-only features may instead be roads or erosion.,MODEL HYPOTHESIS ONLY — requires expert/field review
H55-A-00721,2998,1225,365900.0,4208700.0,-118.5276708,38.0160771,0.8646322,0.508268,818.49609,8.1138,0.85626,0.99813,0.89308,100.0,"Potential-field view is in its training-reference confident tail while the surface view abstains. Deeper-than-median modelled cover, anti-aligned gravity/cover normals and cross-scale gravity persistence are consistent with a covered basin-margin discontinuity. No fault displacement, geothermal fluid flow or vent has been verified at this pixel.",Lithologic contact; basin-fill model dependence on gravity; intrusive/dike boundary; processing or coverage effects. Surface-only features may instead be roads or erosion.,MODEL HYPOTHESIS ONLY — requires expert/field review
H55-A-00722,2998,1245,367900.0,4208700.0,-118.504894,38.0163709,0.8651705,0.4547341,795.47894,7.58003,0.73095,0.9999,0.8852,640.31,"Potential-field view is in its training-reference confident tail while the surface view abstains. Deeper-than-median modelled cover, anti-aligned gravity/cover normals and cross-scale gravity persistence are consistent with a covered basin-margin discontinuity. No fault displacement, geothermal fluid flow or vent has been verified at this pixel.",Lithologic contact; basin-fill model dependence on gravity; intrusive/dike boundary; processing or coverage effects. Surface-only features may instead be roads or erosion.,MODEL HYPOTHESIS ONLY — requires expert/field review
H55-A-00723,2998,1282,371600.0,4208700.0,-118.4627561,38.0169027,0.8474018,0.534558,819.56287,2.2405,0.83063,0.99986,0.99049,100.0,"Potential-field view is in its training-reference confident tail while the surface view abstains. Deeper-than-median modelled cover, anti-aligned gravity/cover normals and cross-scale gravity persistence are consistent with a covered basin-margin discontinuity. No fault displacement, geothermal fluid flow or vent has been verified at this pixel.",Lithologic contact; basin-fill model dependence on gravity; intrusive/dike boundary; processing or coverage effects. Surface-only features may instead be roads or erosion.,MODEL HYPOTHESIS ONLY — requires expert/field review
H55-A-00724,2998,1304,373800.0,4208700.0,-118.4377007,38.0172118,0.8719505,0.5400825,698.85498,1.55561,0.8375,0.9994,0.96155,860.23,"Potential-field view is in its training-reference confident tail while the surface view abstains. Deeper-than-median modelled cover, anti-aligned gravity/cover normals and cross-scale gravity persistence are consistent with a covered basin-margin discontinuity. No fault displacement, geothermal fluid flow or vent has been verified at this pixel.",Lithologic contact; basin-fill model dependence on gravity; intrusive/dike boundary; processing or coverage effects. Surface-only features may instead be roads or erosion.,MODEL HYPOTHESIS ONLY — requires expert/field review
H55-A-00725,2998,1322,375600.0,4208700.0,-118.4172005,38.0174607,0.8440421,0.5280167,669.95551,5.27774,0.99821,0.9775,0.97892,447.21,"Potential-field view is in its training-reference confident tail while the surface view abstains. Deeper-than-median modelled cover, anti-aligned gravity/cover normals and cross-scale gravity persistence are consistent with a covered basin-margin discontinuity. No fault displacement, geothermal fluid flow or vent has been verified at this pixel.",Lithologic contact; basin-fill model dependence on gravity; intrusive/dike boundary; processing or coverage effects. Surface-only features may instead be roads or erosion.,MODEL HYPOTHESIS ONLY — requires expert/field review
H55-A-00726,2998,1347,378100.0,4208700.0,-118.3887275,38.0178005,0.8747206,0.4582043,613.92902,3.34212,0.87383,0.99998,0.99253,316.23,"Potential-field view is in its training-reference confident tail while the surface view abstains. Deeper-than-median modelled cover, anti-aligned gravity/cover normals and cross-scale gravity persistence are consistent with a covered basin-margin discontinuity. No fault displacement, geothermal fluid flow or vent has been verified at this pixel.",Lithologic contact; basin-fill model dependence on gravity; intrusive/dike boundary; processing or coverage effects. Surface-only features may instead be roads or erosion.,MODEL HYPOTHESIS ONLY — requires expert/field review
H55-A-00727,2998,1353,378700.0,4208700.0,-118.381894,38.017881,0.826165,0.5824385,575.12469,5.24841,0.87378,1.0,0.99639,412.31,"Potential-field view is in its training-reference confident tail while the surface view abstains. Deeper-than-median modelled cover, anti-aligned gravity/cover normals and cross-scale gravity persistence are consistent with a covered basin-margin discontinuity. No fault displacement, geothermal fluid flow or vent has been verified at this pixel.",Lithologic contact; basin-fill model dependence on gravity; intrusive/dike boundary; processing or coverage effects. Surface-only features may instead be roads or erosion.,MODEL HYPOTHESIS ONLY — requires expert/field review
H55-A-00728,2998,1358,379200.0,4208700.0,-118.3761993,38.0179478,0.8561316,0.5518042,545.62878,1.36808,0.88936,0.9999,0.99525,141.42,"Potential-field view is in its training-reference confident tail while the surface view abstains. Deeper-than-median modelled cover, anti-aligned gravity/cover normals and cross-scale gravity persistence are consistent with a covered basin-margin discontinuity. No fault displacement, geothermal fluid flow or vent has been verified at this pixel.",Lithologic contact; basin-fill model dependence on gravity; intrusive/dike boundary; processing or coverage effects. Surface-only features may instead be roads or erosion.,MODEL HYPOTHESIS ONLY — requires expert/field review
H55-A-00729,2998,1364,379800.0,4208700.0,-118.3693657,38.0180276,0.8453276,0.5622068,511.35742,3.64867,0.93977,0.99986,0.98987,200.0,"Potential-field view is in its training-reference confident tail while the surface view abstains. Deeper-than-median modelled cover, anti-aligned gravity/cover normals and cross-scale gravity persistence are consistent with a covered basin-margin discontinuity. No fault displacement, geothermal fluid flow or vent has been verified at this pixel.",Lithologic contact; basin-fill model dependence on gravity; intrusive/dike boundary; processing or coverage effects. Surface-only features may instead be roads or erosion.,MODEL HYPOTHESIS ONLY — requires expert/field review
H55-A-00730,2998,1367,380100.0,4208700.0,-118.3659489,38.0180673,0.8422909,0.4989107,496.32523,2.17663,0.95943,0.99983,0.98868,200.0,"Potential-field view is in its training-reference confident tail while the surface view abstains. Deeper-than-median modelled cover, anti-aligned gravity/cover normals and cross-scale gravity persistence are consistent with a covered basin-margin discontinuity. No fault displacement, geothermal fluid flow or vent has been verified at this pixel.",Lithologic contact; basin-fill model dependence on gravity; intrusive/dike boundary; processing or coverage effects. Surface-only features may instead be roads or erosion.,MODEL HYPOTHESIS ONLY — requires expert/field review
H55-A-00731,2998,1370,380400.0,4208700.0,-118.362532,38.018107,0.8393134,0.5694793,481.29544,12.13482,0.97148,0.99993,0.98383,200.0,"Potential-field view is in its training-reference confident tail while the surface view abstains. Deeper-than-median modelled cover, anti-aligned gravity/cover normals and cross-scale gravity persistence are consistent with a covered basin-margin discontinuity. No fault displacement, geothermal fluid flow or vent has been verified at this pixel.",Lithologic contact; basin-fill model dependence on gravity; intrusive/dike boundary; processing or coverage effects. Surface-only features may instead be roads or erosion.,MODEL HYPOTHESIS ONLY — requires expert/field review
H55-A-00732,2998,1378,381200.0,4208700.0,-118.3534204,38.0182122,0.8100834,0.5480627,457.91617,10.56213,0.99167,0.99752,0.97767,100.0,"Potential-field view is in its training-reference confident tail while the surface view abstains. Deeper-than-median modelled cover, anti-aligned gravity/cover normals and cross-scale gravity persistence are consistent with a covered basin-margin discontinuity. No fault displacement, geothermal fluid flow or vent has been verified at this pixel.",Lithologic contact; basin-fill model dependence on gravity; intrusive/dike boundary; processing or coverage effects. Surface-only features may instead be roads or erosion.,MODEL HYPOTHESIS ONLY — requires expert/field review
H55-A-00733,2998,1388,382200.0,4208700.0,-118.3420309,38.0183428,0.8357317,0.5844387,448.20239,1.73605,0.99778,0.98115,0.98099,300.0,"Potential-field view is in its training-reference confident tail while the surface view abstains. Deeper-than-median modelled cover, anti-aligned gravity/cover normals and cross-scale gravity persistence are consistent with a covered basin-margin discontinuity. No fault displacement, geothermal fluid flow or vent has been verified at this pixel.",Lithologic contact; basin-fill model dependence on gravity; intrusive/dike boundary; processing or coverage effects. Surface-only features may instead be roads or erosion.,MODEL HYPOTHESIS ONLY — requires expert/field review
H55-A-00734,2998,1394,382800.0,4208700.0,-118.3351972,38.0184206,0.8449002,0.5323006,445.60501,8.12719,0.99998,0.99501,0.97417,300.0,"Potential-field view is in its training-reference confident tail while the surface view abstains. Deeper-than-median modelled cover, anti-aligned gravity/cover normals and cross-scale gravity persistence are consistent with a covered basin-margin discontinuity. No fault displacement, geothermal fluid flow or vent has been verified at this pixel.",Lithologic contact; basin-fill model dependence on gravity; intrusive/dike boundary; processing or coverage effects. Surface-only features may instead be roads or erosion.,MODEL HYPOTHESIS ONLY — requires expert/field review
H55-A-00735,2998,1401,383500.0,4208700.0,-118.3272244,38.0185109,0.8468978,0.5843998,433.73615,3.11174,0.99698,0.99717,0.96153,316.23,"Potential-field view is in its training-reference confident tail while the surface view abstains. Deeper-than-median modelled cover, anti-aligned gravity/cover normals and cross-scale gravity persistence are consistent with a covered basin-margin discontinuity. No fault displacement, geothermal fluid flow or vent has been verified at this pixel.",Lithologic contact; basin-fill model dependence on gravity; intrusive/dike boundary; processing or coverage effects. Surface-only features may instead be roads or erosion.,MODEL HYPOTHESIS ONLY — requires expert/field review
H55-A-00736,2999,1222,365600.0,4208600.0,-118.5310685,38.0151317,0.8590822,0.4993858,814.41754,9.72568,0.88552,0.99969,0.88075,360.56,"Potential-field view is in its training-reference confident tail while the surface view abstains. Deeper-than-median modelled cover, anti-aligned gravity/cover normals and cross-scale gravity persistence are consistent with a covered basin-margin discontinuity. No fault displacement, geothermal fluid flow or vent has been verified at this pixel.",Lithologic contact; basin-fill model dependence on gravity; intrusive/dike boundary; processing or coverage effects. Surface-only features may instead be roads or erosion.,MODEL HYPOTHESIS ONLY — requires expert/field review
H55-A-00737,2999,1232,366600.0,4208600.0,-118.5196803,38.0152795,0.8601486,0.490065,805.07324,6.62266,0.78263,0.99981,0.91652,200.0,"Potential-field view is in its training-reference confident tail while the surface view abstains. Deeper-than-median modelled cover, anti-aligned gravity/cover normals and cross-scale gravity persistence are consistent with a covered basin-margin discontinuity. No fault displacement, geothermal fluid flow or vent has been verified at this pixel.",Lithologic contact; basin-fill model dependence on gravity; intrusive/dike boundary; processing or coverage effects. Surface-only features may instead be roads or erosion.,MODEL HYPOTHESIS ONLY — requires expert/field review
H55-A-00738,2999,1241,367500.0,4208600.0,-118.5094309,38.0154115,0.868576,0.4058216,793.20178,6.63059,0.58686,0.99999,0.89878,509.9,"Potential-field view is in its training-reference confident tail while the surface view abstains. Deeper-than-median modelled cover, anti-aligned gravity/cover normals and cross-scale gravity persistence are consistent with a covered basin-margin discontinuity. No fault displacement, geothermal fluid flow or vent has been verified at this pixel.",Lithologic contact; basin-fill model dependence on gravity; intrusive/dike boundary; processing or coverage effects. Surface-only features may instead be roads or erosion.,MODEL HYPOTHESIS ONLY — requires expert/field review
H55-A-00739,2999,1243,367700.0,4208600.0,-118.5071532,38.0154407,0.865582,0.4885802,792.89771,5.51947,0.37253,1.0,0.88509,707.11,"Potential-field view is in its training-reference confident tail while the surface view abstains. Deeper-than-median modelled cover, anti-aligned gravity/cover normals and cross-scale gravity persistence are consistent with a covered basin-margin discontinuity. No fault displacement, geothermal fluid flow or vent has been verified at this pixel.",Lithologic contact; basin-fill model dependence on gravity; intrusive/dike boundary; processing or coverage effects. Surface-only features may instead be roads or erosion.,MODEL HYPOTHESIS ONLY — requires expert/field review
H55-A-00740,2999,1306,374000.0,4208600.0,-118.4354053,38.0163386,0.8736616,0.5840718,700.37408,3.44033,0.83457,0.99887,0.942,670.82,"Potential-field view is in its training-reference confident tail while the surface view abstains. Deeper-than-median modelled cover, anti-aligned gravity/cover normals and cross-scale gravity persistence are consistent with a covered basin-margin discontinuity. No fault displacement, geothermal fluid flow or vent has been verified at this pixel.",Lithologic contact; basin-fill model dependence on gravity; intrusive/dike boundary; processing or coverage effects. Surface-only features may instead be roads or erosion.,MODEL HYPOTHESIS ONLY — requires expert/field review
H55-A-00741,2999,1313,374700.0,4208600.0,-118.4274331,38.0164357,0.8494459,0.483815,680.05902,2.02346,0.96795,0.97612,0.83482,600.0,"Potential-field view is in its training-reference confident tail while the surface view abstains. Deeper-than-median modelled cover, anti-aligned gravity/cover normals and cross-scale gravity persistence are consistent with a covered basin-margin discontinuity. No fault displacement, geothermal fluid flow or vent has been verified at this pixel.",Lithologic contact; basin-fill model dependence on gravity; intrusive/dike boundary; processing or coverage effects. Surface-only features may instead be roads or erosion.,MODEL HYPOTHESIS ONLY — requires expert/field review
H55-A-00742,2999,1318,375200.0,4208600.0,-118.4217387,38.0165047,0.8569556,0.4924404,681.2851,2.61235,1.0,0.94938,0.95364,500.0,"Potential-field view is in its training-reference confident tail while the surface view abstains. Deeper-than-median modelled cover, anti-aligned gravity/cover normals and cross-scale gravity persistence are consistent with a covered basin-margin discontinuity. No fault displacement, geothermal fluid flow or vent has been verified at this pixel.",Lithologic contact; basin-fill model dependence on gravity; intrusive/dike boundary; processing or coverage effects. Surface-only features may instead be roads or erosion.,MODEL HYPOTHESIS ONLY — requires expert/field review
H55-A-00743,2999,1325,375900.0,4208600.0,-118.4137664,38.0166008,0.8577977,0.5819986,684.54016,4.44008,0.99499,0.97362,0.96622,282.84,"Potential-field view is in its training-reference confident tail while the surface view abstains. Deeper-than-median modelled cover, anti-aligned gravity/cover normals and cross-scale gravity persistence are consistent with a covered basin-margin discontinuity. No fault displacement, geothermal fluid flow or vent has been verified at this pixel.",Lithologic contact; basin-fill model dependence on gravity; intrusive/dike boundary; processing or coverage effects. Surface-only features may instead be roads or erosion.,MODEL HYPOTHESIS ONLY — requires expert/field review
H55-A-00744,2999,1336,377000.0,4208600.0,-118.4012385,38.0167508,0.874573,0.4792825,680.01685,0.93266,0.88572,0.99903,0.96247,300.0,"Potential-field view is in its training-reference confident tail while the surface view abstains. Deeper-than-median modelled cover, anti-aligned gravity/cover normals and cross-scale gravity persistence are consistent with a covered basin-margin discontinuity. No fault displacement, geothermal fluid flow or vent has been verified at this pixel.",Lithologic contact; basin-fill model dependence on gravity; intrusive/dike boundary; processing or coverage effects. Surface-only features may instead be roads or erosion.,MODEL HYPOTHESIS ONLY — requires expert/field review
H55-A-00745,2999,1345,377900.0,4208600.0,-118.3909884,38.0168725,0.866383,0.571812,643.94916,7.83911,0.86353,0.9999,0.98801,400.0,"Potential-field view is in its training-reference confident tail while the surface view abstains. Deeper-than-median modelled cover, anti-aligned gravity/cover normals and cross-scale gravity persistence are consistent with a covered basin-margin discontinuity. No fault displacement, geothermal fluid flow or vent has been verified at this pixel.",Lithologic contact; basin-fill model dependence on gravity; intrusive/dike boundary; processing or coverage effects. Surface-only features may instead be roads or erosion.,MODEL HYPOTHESIS ONLY — requires expert/field review
H55-A-00746,2999,1383,381700.0,4208600.0,-118.3477092,38.0173766,0.8398466,0.5435921,457.88889,6.51092,0.99941,0.99453,0.96794,141.42,"Potential-field view is in its training-reference confident tail while the surface view abstains. Deeper-than-median modelled cover, anti-aligned gravity/cover normals and cross-scale gravity persistence are consistent with a covered basin-margin discontinuity. No fault displacement, geothermal fluid flow or vent has been verified at this pixel.",Lithologic contact; basin-fill model dependence on gravity; intrusive/dike boundary; processing or coverage effects. Surface-only features may instead be roads or erosion.,MODEL HYPOTHESIS ONLY — requires expert/field review
H55-A-00747,2999,1404,383800.0,4208600.0,-118.3237913,38.0176484,0.8396649,0.512964,432.69379,1.39358,0.99442,0.99978,0.9671,500.0,"Potential-field view is in its training-reference confident tail while the surface view abstains. Deeper-than-median modelled cover, anti-aligned gravity/cover normals and cross-scale gravity persistence are consistent with a covered basin-margin discontinuity. No fault displacement, geothermal fluid flow or vent has been verified at this pixel.",Lithologic contact; basin-fill model dependence on gravity; intrusive/dike boundary; processing or coverage effects. Surface-only features may instead be roads or erosion.,MODEL HYPOTHESIS ONLY — requires expert/field review
H55-A-00748,3000,1224,365800.0,4208500.0,-118.5287722,38.0142604,0.8608814,0.5492967,805.58124,4.72189,0.87012,0.99854,0.90477,141.42,"Potential-field view is in its training-reference confident tail while the surface view abstains. Deeper-than-median modelled cover, anti-aligned gravity/cover normals and cross-scale gravity persistence are consistent with a covered basin-margin discontinuity. No fault displacement, geothermal fluid flow or vent has been verified at this pixel.",Lithologic contact; basin-fill model dependence on gravity; intrusive/dike boundary; processing or coverage effects. Surface-only features may instead be roads or erosion.,MODEL HYPOTHESIS ONLY — requires expert/field review
H55-A-00749,3000,1228,366200.0,4208500.0,-118.524217,38.0143195,0.8633,0.4772846,802.69141,6.42853,0.83266,0.99968,0.92306,200.0,"Potential-field view is in its training-reference confident tail while the surface view abstains. Deeper-than-median modelled cover, anti-aligned gravity/cover normals and cross-scale gravity persistence are consistent with a covered basin-margin discontinuity. No fault displacement, geothermal fluid flow or vent has been verified at this pixel.",Lithologic contact; basin-fill model dependence on gravity; intrusive/dike boundary; processing or coverage effects. Surface-only features may instead be roads or erosion.,MODEL HYPOTHESIS ONLY — requires expert/field review
H55-A-00750,3000,1238,367200.0,4208500.0,-118.5128289,38.0144666,0.8588588,0.4202168,793.23438,0.88209,0.66989,0.99976,0.91338,282.84,"Potential-field view is in its training-reference confident tail while the surface view abstains. Deeper-than-median modelled cover, anti-aligned gravity/cover normals and cross-scale gravity persistence are consistent with a covered basin-margin discontinuity. No fault displacement, geothermal fluid flow or vent has been verified at this pixel.",Lithologic contact; basin-fill model dependence on gravity; intrusive/dike boundary; processing or coverage effects. Surface-only features may instead be roads or erosion.,MODEL HYPOTHESIS ONLY — requires expert/field review
H55-A-00751,3000,1279,371300.0,4208500.0,-118.4661369,38.0150582,0.8514656,0.5813234,840.37628,4.95683,0.78744,0.99959,0.98901,141.42,"Potential-field view is in its training-reference confident tail while the surface view abstains. Deeper-than-median modelled cover, anti-aligned gravity/cover normals and cross-scale gravity persistence are consistent with a covered basin-margin discontinuity. No fault displacement, geothermal fluid flow or vent has been verified at this pixel.",Lithologic contact; basin-fill model dependence on gravity; intrusive/dike boundary; processing or coverage effects. Surface-only features may instead be roads or erosion.,MODEL HYPOTHESIS ONLY — requires expert/field review
H55-A-00752,3000,1294,372800.0,4208500.0,-118.4490541,38.01527,0.8224678,0.5603514,765.1001,8.618,0.82552,0.99996,0.98961,447.21,"Potential-field view is in its training-reference confident tail while the surface view abstains. Deeper-than-median modelled cover, anti-aligned gravity/cover normals and cross-scale gravity persistence are consistent with a covered basin-margin discontinuity. No fault displacement, geothermal fluid flow or vent has been verified at this pixel.",Lithologic contact; basin-fill model dependence on gravity; intrusive/dike boundary; processing or coverage effects. Surface-only features may instead be roads or erosion.,MODEL HYPOTHESIS ONLY — requires expert/field review
H55-A-00753,3000,1315,374900.0,4208500.0,-118.4251379,38.0155623,0.8653606,0.477571,690.98138,0.99688,0.99594,0.93739,0.85528,500.0,"Potential-field view is in its training-reference confident tail while the surface view abstains. Deeper-than-median modelled cover, anti-aligned gravity/cover normals and cross-scale gravity persistence are consistent with a covered basin-margin discontinuity. No fault displacement, geothermal fluid flow or vent has been verified at this pixel.",Lithologic contact; basin-fill model dependence on gravity; intrusive/dike boundary; processing or coverage effects. Surface-only features may instead be roads or erosion.,MODEL HYPOTHESIS ONLY — requires expert/field review
H55-A-00754,3000,1327,376100.0,4208500.0,-118.4114714,38.0157272,0.8635568,0.4948156,700.01013,5.51738,0.99311,0.95992,0.94281,100.0,"Potential-field view is in its training-reference confident tail while the surface view abstains. Deeper-than-median modelled cover, anti-aligned gravity/cover normals and cross-scale gravity persistence are consistent with a covered basin-margin discontinuity. No fault displacement, geothermal fluid flow or vent has been verified at this pixel.",Lithologic contact; basin-fill model dependence on gravity; intrusive/dike boundary; processing or coverage effects. Surface-only features may instead be roads or erosion.,MODEL HYPOTHESIS ONLY — requires expert/field review
H55-A-00755,3000,1331,376500.0,4208500.0,-118.4069158,38.0157818,0.8537486,0.5736214,704.53876,3.88967,0.96143,0.97662,0.91392,141.42,"Potential-field view is in its training-reference confident tail while the surface view abstains. Deeper-than-median modelled cover, anti-aligned gravity/cover normals and cross-scale gravity persistence are consistent with a covered basin-margin discontinuity. No fault displacement, geothermal fluid flow or vent has been verified at this pixel.",Lithologic contact; basin-fill model dependence on gravity; intrusive/dike boundary; processing or coverage effects. Surface-only features may instead be roads or erosion.,MODEL HYPOTHESIS ONLY — requires expert/field review
H55-A-00756,3000,1334,376800.0,4208500.0,-118.4034991,38.0158226,0.8652002,0.5487246,701.81317,7.13493,0.90425,0.99607,0.93572,200.0,"Potential-field view is in its training-reference confident tail while the surface view abstains. Deeper-than-median modelled cover, anti-aligned gravity/cover normals and cross-scale gravity persistence are consistent with a covered basin-margin discontinuity. No fault displacement, geothermal fluid flow or vent has been verified at this pixel.",Lithologic contact; basin-fill model dependence on gravity; intrusive/dike boundary; processing or coverage effects. Surface-only features may instead be roads or erosion.,MODEL HYPOTHESIS ONLY — requires expert/field review
H55-A-00757,3000,1350,378400.0,4208500.0,-118.3852768,38.0160387,0.8747206,0.5989226,626.97906,6.51554,0.8642,0.99994,0.99163,300.0,"Potential-field view is in its training-reference confident tail while the surface view abstains. Deeper-than-median modelled cover, anti-aligned gravity/cover normals and cross-scale gravity persistence are consistent with a covered basin-margin discontinuity. No fault displacement, geothermal fluid flow or vent has been verified at this pixel.",Lithologic contact; basin-fill model dependence on gravity; intrusive/dike boundary; processing or coverage effects. Surface-only features may instead be roads or erosion.,MODEL HYPOTHESIS ONLY — requires expert/field review
H55-A-00758,3000,1355,378900.0,4208500.0,-118.3795823,38.0161057,0.8582217,0.5611858,594.03198,2.96592,0.87666,1.0,0.99418,141.42,"Potential-field view is in its training-reference confident tail while the surface view abstains. Deeper-than-median modelled cover, anti-aligned gravity/cover normals and cross-scale gravity persistence are consistent with a covered basin-margin discontinuity. No fault displacement, geothermal fluid flow or vent has been verified at this pixel.",Lithologic contact; basin-fill model dependence on gravity; intrusive/dike boundary; processing or coverage effects. Surface-only features may instead be roads or erosion.,MODEL HYPOTHESIS ONLY — requires expert/field review
H55-A-00759,3000,1360,379400.0,4208500.0,-118.3738878,38.0161724,0.8652356,0.5672178,562.25079,12.08346,0.91075,1.0,0.99139,141.42,"Potential-field view is in its training-reference confident tail while the surface view abstains. Deeper-than-median modelled cover, anti-aligned gravity/cover normals and cross-scale gravity persistence are consistent with a covered basin-margin discontinuity. No fault displacement, geothermal fluid flow or vent has been verified at this pixel.",Lithologic contact; basin-fill model dependence on gravity; intrusive/dike boundary; processing or coverage effects. Surface-only features may instead be roads or erosion.,MODEL HYPOTHESIS ONLY — requires expert/field review
H55-A-00760,3000,1375,380900.0,4208500.0,-118.3568041,38.0163708,0.8485999,0.594286,484.75131,5.69923,0.98983,0.99717,0.97959,100.0,"Potential-field view is in its training-reference confident tail while the surface view abstains. Deeper-than-median modelled cover, anti-aligned gravity/cover normals and cross-scale gravity persistence are consistent with a covered basin-margin discontinuity. No fault displacement, geothermal fluid flow or vent has been verified at this pixel.",Lithologic contact; basin-fill model dependence on gravity; intrusive/dike boundary; processing or coverage effects. Surface-only features may instead be roads or erosion.,MODEL HYPOTHESIS ONLY — requires expert/field review
H55-A-00761,3000,1380,381400.0,4208500.0,-118.3511095,38.0164364,0.82866,0.5466408,473.34744,7.16073,0.99539,0.99818,0.97443,200.0,"Potential-field view is in its training-reference confident tail while the surface view abstains. Deeper-than-median modelled cover, anti-aligned gravity/cover normals and cross-scale gravity persistence are consistent with a covered basin-margin discontinuity. No fault displacement, geothermal fluid flow or vent has been verified at this pixel.",Lithologic contact; basin-fill model dependence on gravity; intrusive/dike boundary; processing or coverage effects. Surface-only features may instead be roads or erosion.,MODEL HYPOTHESIS ONLY — requires expert/field review
H55-A-00762,3000,1407,384100.0,4208500.0,-118.3203583,38.0167857,0.8241352,0.5651848,424.69214,2.67398,0.99388,0.99425,0.98083,424.26,"Potential-field view is in its training-reference confident tail while the surface view abstains. Deeper-than-median modelled cover, anti-aligned gravity/cover normals and cross-scale gravity persistence are consistent with a covered basin-margin discontinuity. No fault displacement, geothermal fluid flow or vent has been verified at this pixel.",Lithologic contact; basin-fill model dependence on gravity; intrusive/dike boundary; processing or coverage effects. Surface-only features may instead be roads or erosion.,MODEL HYPOTHESIS ONLY — requires expert/field review
H55-A-00763,3000,1413,384700.0,4208500.0,-118.3135246,38.0168623,0.8457434,0.5921715,395.09341,0.31016,0.99961,0.9916,0.96782,141.42,"Potential-field view is in its training-reference confident tail while the surface view abstains. Deeper-than-median modelled cover, anti-aligned gravity/cover normals and cross-scale gravity persistence are consistent with a covered basin-margin discontinuity. No fault displacement, geothermal fluid flow or vent has been verified at this pixel.",Lithologic contact; basin-fill model dependence on gravity; intrusive/dike boundary; processing or coverage effects. Surface-only features may instead be roads or erosion.,MODEL HYPOTHESIS ONLY — requires expert/field review
H55-A-00764,3001,1221,365500.0,4208400.0,-118.5321698,38.0133149,0.8596898,0.4272173,798.9873,8.74076,0.91142,1.0,0.90688,360.56,"Potential-field view is in its training-reference confident tail while the surface view abstains. Deeper-than-median modelled cover, anti-aligned gravity/cover normals and cross-scale gravity persistence are consistent with a covered basin-margin discontinuity. No fault displacement, geothermal fluid flow or vent has been verified at this pixel.",Lithologic contact; basin-fill model dependence on gravity; intrusive/dike boundary; processing or coverage effects. Surface-only features may instead be roads or erosion.,MODEL HYPOTHESIS ONLY — requires expert/field review
H55-A-00765,3001,1247,368100.0,4208400.0,-118.5025611,38.0136971,0.8267636,0.4413236,791.758,16.6648,-0.64129,0.99995,0.82414,761.58,"Potential-field view is in its training-reference confident tail while the surface view abstains. Signed normal/cover support is incomplete; do not interpret this discrepancy as proof of a buried fault. No fault displacement, geothermal fluid flow or vent has been verified at this pixel.",Lithologic contact; basin-fill model dependence on gravity; intrusive/dike boundary; processing or coverage effects. Surface-only features may instead be roads or erosion.,MODEL HYPOTHESIS ONLY — requires expert/field review
H55-A-00766,3001,1258,369200.0,4208400.0,-118.4900342,38.0138565,0.8139806,0.5352266,815.80035,5.66367,-0.17066,0.98338,0.948,141.42,"Potential-field view is in its training-reference confident tail while the surface view abstains. Signed normal/cover support is incomplete; do not interpret this discrepancy as proof of a buried fault. No fault displacement, geothermal fluid flow or vent has been verified at this pixel.",Lithologic contact; basin-fill model dependence on gravity; intrusive/dike boundary; processing or coverage effects. Surface-only features may instead be roads or erosion.,MODEL HYPOTHESIS ONLY — requires expert/field review
H55-A-00767,3001,1267,370100.0,4208400.0,-118.4797848,38.013986,0.8116506,0.5540099,845.90131,5.86785,0.2573,0.98618,0.99304,538.52,"Potential-field view is in its training-reference confident tail while the surface view abstains. Signed normal/cover support is incomplete; do not interpret this discrepancy as proof of a buried fault. No fault displacement, geothermal fluid flow or vent has been verified at this pixel.",Lithologic contact; basin-fill model dependence on gravity; intrusive/dike boundary; processing or coverage effects. Surface-only features may instead be roads or erosion.,MODEL HYPOTHESIS ONLY — requires expert/field review
H55-A-00768,3001,1297,373100.0,4208400.0,-118.4456198,38.014411,0.8694977,0.531346,756.10931,12.84945,0.80406,0.99997,0.98525,707.11,"Potential-field view is in its training-reference confident tail while the surface view abstains. Deeper-than-median modelled cover, anti-aligned gravity/cover normals and cross-scale gravity persistence are consistent with a covered basin-margin discontinuity. No fault displacement, geothermal fluid flow or vent has been verified at this pixel.",Lithologic contact; basin-fill model dependence on gravity; intrusive/dike boundary; processing or coverage effects. Surface-only features may instead be roads or erosion.,MODEL HYPOTHESIS ONLY — requires expert/field review
H55-A-00769,3001,1321,375500.0,4208400.0,-118.4182873,38.0147439,0.8630211,0.5386644,706.09119,7.74706,0.99995,0.95544,0.95739,300.0,"Potential-field view is in its training-reference confident tail while the surface view abstains. Deeper-than-median modelled cover, anti-aligned gravity/cover normals and cross-scale gravity persistence are consistent with a covered basin-margin discontinuity. No fault displacement, geothermal fluid flow or vent has been verified at this pixel.",Lithologic contact; basin-fill model dependence on gravity; intrusive/dike boundary; processing or coverage effects. Surface-only features may instead be roads or erosion.,MODEL HYPOTHESIS ONLY — requires expert/field review
H55-A-00770,3001,1348,378200.0,4208400.0,-118.3875376,38.0151109,0.866383,0.4861911,657.14484,1.05166,0.85617,0.99975,0.98603,200.0,"Potential-field view is in its training-reference confident tail while the surface view abstains. Deeper-than-median modelled cover, anti-aligned gravity/cover normals and cross-scale gravity persistence are consistent with a covered basin-margin discontinuity. No fault displacement, geothermal fluid flow or vent has been verified at this pixel.",Lithologic contact; basin-fill model dependence on gravity; intrusive/dike boundary; processing or coverage effects. Surface-only features may instead be roads or erosion.,MODEL HYPOTHESIS ONLY — requires expert/field review
H55-A-00771,3001,1352,378600.0,4208400.0,-118.3829821,38.0151645,0.8300395,0.5977378,629.37366,8.00753,0.86515,0.99985,0.99025,200.0,"Potential-field view is in its training-reference confident tail while the surface view abstains. Deeper-than-median modelled cover, anti-aligned gravity/cover normals and cross-scale gravity persistence are consistent with a covered basin-margin discontinuity. No fault displacement, geothermal fluid flow or vent has been verified at this pixel.",Lithologic contact; basin-fill model dependence on gravity; intrusive/dike boundary; processing or coverage effects. Surface-only features may instead be roads or erosion.,MODEL HYPOTHESIS ONLY — requires expert/field review
H55-A-00772,3001,1386,382000.0,4208400.0,-118.3442594,38.0156136,0.8449002,0.5993944,473.22821,4.60128,0.99961,0.98365,0.9706,200.0,"Potential-field view is in its training-reference confident tail while the surface view abstains. Deeper-than-median modelled cover, anti-aligned gravity/cover normals and cross-scale gravity persistence are consistent with a covered basin-margin discontinuity. No fault displacement, geothermal fluid flow or vent has been verified at this pixel.",Lithologic contact; basin-fill model dependence on gravity; intrusive/dike boundary; processing or coverage effects. Surface-only features may instead be roads or erosion.,MODEL HYPOTHESIS ONLY — requires expert/field review
H55-A-00773,3001,1394,382800.0,4208400.0,-118.3351481,38.0157175,0.8219682,0.5053218,466.54349,6.84755,0.99987,0.98984,0.97881,200.0,"Potential-field view is in its training-reference confident tail while the surface view abstains. Deeper-than-median modelled cover, anti-aligned gravity/cover normals and cross-scale gravity persistence are consistent with a covered basin-margin discontinuity. No fault displacement, geothermal fluid flow or vent has been verified at this pixel.",Lithologic contact; basin-fill model dependence on gravity; intrusive/dike boundary; processing or coverage effects. Surface-only features may instead be roads or erosion.,MODEL HYPOTHESIS ONLY — requires expert/field review
H55-A-00774,3001,1398,383200.0,4208400.0,-118.3305924,38.0157691,0.8460597,0.5522343,459.57742,4.47296,0.99991,0.98794,0.96634,500.0,"Potential-field view is in its training-reference confident tail while the surface view abstains. Deeper-than-median modelled cover, anti-aligned gravity/cover normals and cross-scale gravity persistence are consistent with a covered basin-margin discontinuity. No fault displacement, geothermal fluid flow or vent has been verified at this pixel.",Lithologic contact; basin-fill model dependence on gravity; intrusive/dike boundary; processing or coverage effects. Surface-only features may instead be roads or erosion.,MODEL HYPOTHESIS ONLY — requires expert/field review
H55-A-00775,3001,1402,383600.0,4208400.0,-118.3260367,38.0158206,0.8460597,0.5336723,452.61169,4.244,0.99817,0.99652,0.94842,632.46,"Potential-field view is in its training-reference confident tail while the surface view abstains. Deeper-than-median modelled cover, anti-aligned gravity/cover normals and cross-scale gravity persistence are consistent with a covered basin-margin discontinuity. No fault displacement, geothermal fluid flow or vent has been verified at this pixel.",Lithologic contact; basin-fill model dependence on gravity; intrusive/dike boundary; processing or coverage effects. Surface-only features may instead be roads or erosion.,MODEL HYPOTHESIS ONLY — requires expert/field review
H55-A-00776,3001,1410,384400.0,4208400.0,-118.3169253,38.015923,0.8228451,0.5304059,416.40854,2.17815,0.99593,0.98926,0.97792,360.56,"Potential-field view is in its training-reference confident tail while the surface view abstains. Deeper-than-median modelled cover, anti-aligned gravity/cover normals and cross-scale gravity persistence are consistent with a covered basin-margin discontinuity. No fault displacement, geothermal fluid flow or vent has been verified at this pixel.",Lithologic contact; basin-fill model dependence on gravity; intrusive/dike boundary; processing or coverage effects. Surface-only features may instead be roads or erosion.,MODEL HYPOTHESIS ONLY — requires expert/field review
H55-A-00777,3002,1226,366000.0,4208300.0,-118.5264572,38.012488,0.8608814,0.4157787,790.88287,1.156,0.85771,0.9986,0.93317,100.0,"Potential-field view is in its training-reference confident tail while the surface view abstains. Deeper-than-median modelled cover, anti-aligned gravity/cover normals and cross-scale gravity persistence are consistent with a covered basin-margin discontinuity. No fault displacement, geothermal fluid flow or vent has been verified at this pixel.",Lithologic contact; basin-fill model dependence on gravity; intrusive/dike boundary; processing or coverage effects. Surface-only features may instead be roads or erosion.,MODEL HYPOTHESIS ONLY — requires expert/field review
H55-A-00778,3002,1233,366700.0,4208300.0,-118.5184857,38.0125913,0.8601486,0.478596,788.17432,16.09893,0.74082,0.99917,0.92894,282.84,"Potential-field view is in its training-reference confident tail while the surface view abstains. Deeper-than-median modelled cover, anti-aligned gravity/cover normals and cross-scale gravity persistence are consistent with a covered basin-margin discontinuity. No fault displacement, geothermal fluid flow or vent has been verified at this pixel.",Lithologic contact; basin-fill model dependence on gravity; intrusive/dike boundary; processing or coverage effects. Surface-only features may instead be roads or erosion.,MODEL HYPOTHESIS ONLY — requires expert/field review
H55-A-00779,3002,1239,367300.0,4208300.0,-118.511653,38.0126793,0.856469,0.4190243,784.81934,2.691,0.56973,0.99916,0.91202,447.21,"Potential-field view is in its training-reference confident tail while the surface view abstains. Deeper-than-median modelled cover, anti-aligned gravity/cover normals and cross-scale gravity persistence are consistent with a covered basin-margin discontinuity. No fault displacement, geothermal fluid flow or vent has been verified at this pixel.",Lithologic contact; basin-fill model dependence on gravity; intrusive/dike boundary; processing or coverage effects. Surface-only features may instead be roads or erosion.,MODEL HYPOTHESIS ONLY — requires expert/field review
H55-A-00780,3002,1242,367600.0,4208300.0,-118.5082367,38.0127232,0.8331755,0.5021478,783.9046,11.61834,0.30359,0.9998,0.88411,721.11,"Potential-field view is in its training-reference confident tail while the surface view abstains. Deeper-than-median modelled cover, anti-aligned gravity/cover normals and cross-scale gravity persistence are consistent with a covered basin-margin discontinuity. No fault displacement, geothermal fluid flow or vent has been verified at this pixel.",Lithologic contact; basin-fill model dependence on gravity; intrusive/dike boundary; processing or coverage effects. Surface-only features may instead be roads or erosion.,MODEL HYPOTHESIS ONLY — requires expert/field review
H55-A-00781,3002,1289,372300.0,4208300.0,-118.4547127,38.0133976,0.8551131,0.543204,807.02789,14.86397,0.838,0.99999,0.98819,670.82,"Potential-field view is in its training-reference confident tail while the surface view abstains. Deeper-than-median modelled cover, anti-aligned gravity/cover normals and cross-scale gravity persistence are consistent with a covered basin-margin discontinuity. No fault displacement, geothermal fluid flow or vent has been verified at this pixel.",Lithologic contact; basin-fill model dependence on gravity; intrusive/dike boundary; processing or coverage effects. Surface-only features may instead be roads or erosion.,MODEL HYPOTHESIS ONLY — requires expert/field review
H55-A-00782,3002,1311,374500.0,4208300.0,-118.4296584,38.013705,0.8576073,0.5889531,712.35754,5.92641,0.86719,0.98654,0.77062,300.0,"Potential-field view is in its training-reference confident tail while the surface view abstains. Deeper-than-median modelled cover, anti-aligned gravity/cover normals and cross-scale gravity persistence are consistent with a covered basin-margin discontinuity. No fault displacement, geothermal fluid flow or vent has been verified at this pixel.",Lithologic contact; basin-fill model dependence on gravity; intrusive/dike boundary; processing or coverage effects. Surface-only features may instead be roads or erosion.,MODEL HYPOTHESIS ONLY — requires expert/field review
H55-A-00783,3002,1316,375000.0,4208300.0,-118.4239642,38.0137741,0.8749853,0.5327075,712.8916,2.2226,0.99997,0.88768,0.8438,282.84,"Potential-field view is in its training-reference confident tail while the surface view abstains. Deeper-than-median modelled cover, anti-aligned gravity/cover normals and cross-scale gravity persistence are consistent with a covered basin-margin discontinuity. No fault displacement, geothermal fluid flow or vent has been verified at this pixel.",Lithologic contact; basin-fill model dependence on gravity; intrusive/dike boundary; processing or coverage effects. Surface-only features may instead be roads or erosion.,MODEL HYPOTHESIS ONLY — requires expert/field review
H55-A-00784,3002,1319,375300.0,4208300.0,-118.4205476,38.0138154,0.881126,0.5351496,716.03455,2.88295,0.99803,0.92302,0.93124,200.0,"Potential-field view is in its training-reference confident tail while the surface view abstains. Deeper-than-median modelled cover, anti-aligned gravity/cover normals and cross-scale gravity persistence are consistent with a covered basin-margin discontinuity. No fault displacement, geothermal fluid flow or vent has been verified at this pixel.",Lithologic contact; basin-fill model dependence on gravity; intrusive/dike boundary; processing or coverage effects. Surface-only features may instead be roads or erosion.,MODEL HYPOTHESIS ONLY — requires expert/field review
H55-A-00785,3002,1323,375700.0,4208300.0,-118.4159922,38.0138704,0.8778575,0.5486553,720.66693,2.46971,1.0,0.95086,0.94262,100.0,"Potential-field view is in its training-reference confident tail while the surface view abstains. Deeper-than-median modelled cover, anti-aligned gravity/cover normals and cross-scale gravity persistence are consistent with a covered basin-margin discontinuity. No fault displacement, geothermal fluid flow or vent has been verified at this pixel.",Lithologic contact; basin-fill model dependence on gravity; intrusive/dike boundary; processing or coverage effects. Surface-only features may instead be roads or erosion.,MODEL HYPOTHESIS ONLY — requires expert/field review
H55-A-00786,3002,1372,380600.0,4208300.0,-118.3601875,38.0145292,0.8439725,0.4784551,517.23981,1.9357,0.98925,0.99852,0.98361,200.0,"Potential-field view is in its training-reference confident tail while the surface view abstains. Deeper-than-median modelled cover, anti-aligned gravity/cover normals and cross-scale gravity persistence are consistent with a covered basin-margin discontinuity. No fault displacement, geothermal fluid flow or vent has been verified at this pixel.",Lithologic contact; basin-fill model dependence on gravity; intrusive/dike boundary; processing or coverage effects. Surface-only features may instead be roads or erosion.,MODEL HYPOTHESIS ONLY — requires expert/field review
H55-A-00787,3002,1390,382400.0,4208300.0,-118.3396874,38.0147646,0.8219682,0.5897732,477.90622,2.90945,0.99885,0.97975,0.97902,200.0,"Potential-field view is in its training-reference confident tail while the surface view abstains. Deeper-than-median modelled cover, anti-aligned gravity/cover normals and cross-scale gravity persistence are consistent with a covered basin-margin discontinuity. No fault displacement, geothermal fluid flow or vent has been verified at this pixel.",Lithologic contact; basin-fill model dependence on gravity; intrusive/dike boundary; processing or coverage effects. Surface-only features may instead be roads or erosion.,MODEL HYPOTHESIS ONLY — requires expert/field review
H55-A-00788,3002,1405,383900.0,4208300.0,-118.3226037,38.014958,0.8396649,0.5482722,448.06158,4.54778,0.99548,0.99915,0.9535,600.0,"Potential-field view is in its training-reference confident tail while the surface view abstains. Deeper-than-median modelled cover, anti-aligned gravity/cover normals and cross-scale gravity persistence are consistent with a covered basin-margin discontinuity. No fault displacement, geothermal fluid flow or vent has been verified at this pixel.",Lithologic contact; basin-fill model dependence on gravity; intrusive/dike boundary; processing or coverage effects. Surface-only features may instead be roads or erosion.,MODEL HYPOTHESIS ONLY — requires expert/field review
H55-A-00789,3002,1415,384900.0,4208300.0,-118.3112146,38.0150856,0.8197111,0.5827115,400.66592,2.86733,0.99956,0.98902,0.92865,223.61,"Potential-field view is in its training-reference confident tail while the surface view abstains. Deeper-than-median modelled cover, anti-aligned gravity/cover normals and cross-scale gravity persistence are consistent with a covered basin-margin discontinuity. No fault displacement, geothermal fluid flow or vent has been verified at this pixel.",Lithologic contact; basin-fill model dependence on gravity; intrusive/dike boundary; processing or coverage effects. Surface-only features may instead be roads or erosion.,MODEL HYPOTHESIS ONLY — requires expert/field review
H55-A-00790,3003,1229,366300.0,4208200.0,-118.5230222,38.0116314,0.8537534,0.5506276,783.81079,4.66908,0.82239,0.99948,0.94161,100.0,"Potential-field view is in its training-reference confident tail while the surface view abstains. Deeper-than-median modelled cover, anti-aligned gravity/cover normals and cross-scale gravity persistence are consistent with a covered basin-margin discontinuity. No fault displacement, geothermal fluid flow or vent has been verified at this pixel.",Lithologic contact; basin-fill model dependence on gravity; intrusive/dike boundary; processing or coverage effects. Surface-only features may instead be roads or erosion.,MODEL HYPOTHESIS ONLY — requires expert/field review
H55-A-00791,3003,1249,368300.0,4208200.0,-118.5002468,38.0119242,0.8268067,0.4291514,792.55634,14.52014,-0.80079,0.99807,0.72648,509.9,"Potential-field view is in its training-reference confident tail while the surface view abstains. Signed normal/cover support is incomplete; do not interpret this discrepancy as proof of a buried fault. No fault displacement, geothermal fluid flow or vent has been verified at this pixel.",Lithologic contact; basin-fill model dependence on gravity; intrusive/dike boundary; processing or coverage effects. Surface-only features may instead be roads or erosion.,MODEL HYPOTHESIS ONLY — requires expert/field review
H55-A-00792,3003,1254,368800.0,4208200.0,-118.4945529,38.0119967,0.8150846,0.6049963,805.56598,9.46036,-0.89663,0.98602,0.66242,100.0,"Potential-field view is in its training-reference confident tail while the surface view abstains. Signed normal/cover support is incomplete; do not interpret this discrepancy as proof of a buried fault. No fault displacement, geothermal fluid flow or vent has been verified at this pixel.",Lithologic contact; basin-fill model dependence on gravity; intrusive/dike boundary; processing or coverage effects. Surface-only features may instead be roads or erosion.,MODEL HYPOTHESIS ONLY — requires expert/field review
H55-A-00793,3003,1314,374800.0,4208200.0,-118.4262244,38.0128455,0.8749853,0.5738682,720.95807,2.54818,0.98727,0.88338,0.69362,200.0,"Potential-field view is in its training-reference confident tail while the surface view abstains. Deeper-than-median modelled cover, anti-aligned gravity/cover normals and cross-scale gravity persistence are consistent with a covered basin-margin discontinuity. No fault displacement, geothermal fluid flow or vent has been verified at this pixel.",Lithologic contact; basin-fill model dependence on gravity; intrusive/dike boundary; processing or coverage effects. Surface-only features may instead be roads or erosion.,MODEL HYPOTHESIS ONLY — requires expert/field review
H55-A-00794,3003,1362,379600.0,4208200.0,-118.3715596,38.0134959,0.8541404,0.5886742,590.79486,7.77811,0.94461,0.99904,0.98395,141.42,"Potential-field view is in its training-reference confident tail while the surface view abstains. Deeper-than-median modelled cover, anti-aligned gravity/cover normals and cross-scale gravity persistence are consistent with a covered basin-margin discontinuity. No fault displacement, geothermal fluid flow or vent has been verified at this pixel.",Lithologic contact; basin-fill model dependence on gravity; intrusive/dike boundary; processing or coverage effects. Surface-only features may instead be roads or erosion.,MODEL HYPOTHESIS ONLY — requires expert/field review
H55-A-00795,3003,1368,380200.0,4208200.0,-118.3647264,38.0135754,0.8439725,0.4972984,553.28595,3.59048,0.98372,0.99836,0.98697,223.61,"Potential-field view is in its training-reference confident tail while the surface view abstains. Deeper-than-median modelled cover, anti-aligned gravity/cover normals and cross-scale gravity persistence are consistent with a covered basin-margin discontinuity. No fault displacement, geothermal fluid flow or vent has been verified at this pixel.",Lithologic contact; basin-fill model dependence on gravity; intrusive/dike boundary; processing or coverage effects. Surface-only features may instead be roads or erosion.,MODEL HYPOTHESIS ONLY — requires expert/field review
H55-A-00796,3003,1408,384200.0,4208200.0,-118.3191708,38.0140954,0.8460597,0.5453278,439.58936,5.8829,0.99407,0.99132,0.95841,538.52,"Potential-field view is in its training-reference confident tail while the surface view abstains. Deeper-than-median modelled cover, anti-aligned gravity/cover normals and cross-scale gravity persistence are consistent with a covered basin-margin discontinuity. No fault displacement, geothermal fluid flow or vent has been verified at this pixel.",Lithologic contact; basin-fill model dependence on gravity; intrusive/dike boundary; processing or coverage effects. Surface-only features may instead be roads or erosion.,MODEL HYPOTHESIS ONLY — requires expert/field review
H55-A-00797,3003,1412,384600.0,4208200.0,-118.3146152,38.0141464,0.8460597,0.5612157,419.29193,2.32899,0.99805,0.98641,0.94825,447.21,"Potential-field view is in its training-reference confident tail while the surface view abstains. Deeper-than-median modelled cover, anti-aligned gravity/cover normals and cross-scale gravity persistence are consistent with a covered basin-margin discontinuity. No fault displacement, geothermal fluid flow or vent has been verified at this pixel.",Lithologic contact; basin-fill model dependence on gravity; intrusive/dike boundary; processing or coverage effects. Surface-only features may instead be roads or erosion.,MODEL HYPOTHESIS ONLY — requires expert/field review
H55-A-00798,3004,1227,366100.0,4208100.0,-118.5252811,38.0107009,0.8644658,0.514271,777.6723,7.77447,0.8542,0.99887,0.94823,282.84,"Potential-field view is in its training-reference confident tail while the surface view abstains. Deeper-than-median modelled cover, anti-aligned gravity/cover normals and cross-scale gravity persistence are consistent with a covered basin-margin discontinuity. No fault displacement, geothermal fluid flow or vent has been verified at this pixel.",Lithologic contact; basin-fill model dependence on gravity; intrusive/dike boundary; processing or coverage effects. Surface-only features may instead be roads or erosion.,MODEL HYPOTHESIS ONLY — requires expert/field review
H55-A-00799,3004,1251,368500.0,4208100.0,-118.4979509,38.0110523,0.8230821,0.4999269,795.9101,8.6765,-0.90884,0.99633,0.59181,300.0,"Potential-field view is in its training-reference confident tail while the surface view abstains. Signed normal/cover support is incomplete; do not interpret this discrepancy as proof of a buried fault. No fault displacement, geothermal fluid flow or vent has been verified at this pixel.",Lithologic contact; basin-fill model dependence on gravity; intrusive/dike boundary; processing or coverage effects. Surface-only features may instead be roads or erosion.,MODEL HYPOTHESIS ONLY — requires expert/field review
H55-A-00800,3004,1267,370100.0,4208100.0,-118.4797305,38.011283,0.8264187,0.5428078,859.92523,4.84324,0.08389,0.96629,0.9864,282.84,"Potential-field view is in its training-reference confident tail while the surface view abstains. Signed normal/cover support is incomplete; do not interpret this discrepancy as proof of a buried fault. No fault displacement, geothermal fluid flow or vent has been verified at this pixel.",Lithologic contact; basin-fill model dependence on gravity; intrusive/dike boundary; processing or coverage effects. Surface-only features may instead be roads or erosion.,MODEL HYPOTHESIS ONLY — requires expert/field review
H55-A-00801,3004,1285,371900.0,4208100.0,-118.4592323,38.0115392,0.8377906,0.4440518,843.36383,11.32085,0.84745,0.99975,0.98358,500.0,"Potential-field view is in its training-reference confident tail while the surface view abstains. Deeper-than-median modelled cover, anti-aligned gravity/cover normals and cross-scale gravity persistence are consistent with a covered basin-margin discontinuity. No fault displacement, geothermal fluid flow or vent has been verified at this pixel.",Lithologic contact; basin-fill model dependence on gravity; intrusive/dike boundary; processing or coverage effects. Surface-only features may instead be roads or erosion.,MODEL HYPOTHESIS ONLY — requires expert/field review
H55-A-00802,3004,1290,372400.0,4208100.0,-118.4535383,38.0116097,0.8543245,0.4486836,815.30151,8.57991,0.82416,0.99999,0.98448,500.0,"Potential-field view is in its training-reference confident tail while the surface view abstains. Deeper-than-median modelled cover, anti-aligned gravity/cover normals and cross-scale gravity persistence are consistent with a covered basin-margin discontinuity. No fault displacement, geothermal fluid flow or vent has been verified at this pixel.",Lithologic contact; basin-fill model dependence on gravity; intrusive/dike boundary; processing or coverage effects. Surface-only features may instead be roads or erosion.,MODEL HYPOTHESIS ONLY — requires expert/field review
H55-A-00803,3004,1294,372800.0,4208100.0,-118.4489831,38.011666,0.866427,0.5417112,793.69128,8.69104,0.79529,0.99992,0.98187,500.0,"Potential-field view is in its training-reference confident tail while the surface view abstains. Deeper-than-median modelled cover, anti-aligned gravity/cover normals and cross-scale gravity persistence are consistent with a covered basin-margin discontinuity. No fault displacement, geothermal fluid flow or vent has been verified at this pixel.",Lithologic contact; basin-fill model dependence on gravity; intrusive/dike boundary; processing or coverage effects. Surface-only features may instead be roads or erosion.,MODEL HYPOTHESIS ONLY — requires expert/field review
H55-A-00804,3004,1328,376200.0,4208100.0,-118.4102634,38.0121368,0.8721341,0.4461424,757.60303,19.70906,0.99795,0.87371,0.8395,200.0,"Potential-field view is in its training-reference confident tail while the surface view abstains. Deeper-than-median modelled cover, anti-aligned gravity/cover normals and cross-scale gravity persistence are consistent with a covered basin-margin discontinuity. No fault displacement, geothermal fluid flow or vent has been verified at this pixel.",Lithologic contact; basin-fill model dependence on gravity; intrusive/dike boundary; processing or coverage effects. Surface-only features may instead be roads or erosion.,MODEL HYPOTHESIS ONLY — requires expert/field review
H55-A-00805,3004,1333,376700.0,4208100.0,-118.4045692,38.0122049,0.874046,0.553386,766.92816,12.13282,0.88556,0.96967,0.84454,200.0,"Potential-field view is in its training-reference confident tail while the surface view abstains. Deeper-than-median modelled cover, anti-aligned gravity/cover normals and cross-scale gravity persistence are consistent with a covered basin-margin discontinuity. No fault displacement, geothermal fluid flow or vent has been verified at this pixel.",Lithologic contact; basin-fill model dependence on gravity; intrusive/dike boundary; processing or coverage effects. Surface-only features may instead be roads or erosion.,MODEL HYPOTHESIS ONLY — requires expert/field review
H55-A-00806,3004,1336,377000.0,4208100.0,-118.4011527,38.0122457,0.874046,0.6030627,760.70227,4.16961,0.7989,0.99113,0.89994,200.0,"Potential-field view is in its training-reference confident tail while the surface view abstains. Deeper-than-median modelled cover, anti-aligned gravity/cover normals and cross-scale gravity persistence are consistent with a covered basin-margin discontinuity. No fault displacement, geothermal fluid flow or vent has been verified at this pixel.",Lithologic contact; basin-fill model dependence on gravity; intrusive/dike boundary; processing or coverage effects. Surface-only features may instead be roads or erosion.,MODEL HYPOTHESIS ONLY — requires expert/field review
H55-A-00807,3004,1376,381000.0,4208100.0,-118.3555987,38.0127798,0.8155525,0.5440015,524.47705,10.16231,0.99589,0.99607,0.97937,200.0,"Potential-field view is in its training-reference confident tail while the surface view abstains. Deeper-than-median modelled cover, anti-aligned gravity/cover normals and cross-scale gravity persistence are consistent with a covered basin-margin discontinuity. No fault displacement, geothermal fluid flow or vent has been verified at this pixel.",Lithologic contact; basin-fill model dependence on gravity; intrusive/dike boundary; processing or coverage effects. Surface-only features may instead be roads or erosion.,MODEL HYPOTHESIS ONLY — requires expert/field review
H55-A-00808,3004,1404,383800.0,4208100.0,-118.3237102,38.0131431,0.8469923,0.5699936,466.6861,3.44612,0.99521,0.99996,0.90801,400.0,"Potential-field view is in its training-reference confident tail while the surface view abstains. Deeper-than-median modelled cover, anti-aligned gravity/cover normals and cross-scale gravity persistence are consistent with a covered basin-margin discontinuity. No fault displacement, geothermal fluid flow or vent has been verified at this pixel.",Lithologic contact; basin-fill model dependence on gravity; intrusive/dike boundary; processing or coverage effects. Surface-only features may instead be roads or erosion.,MODEL HYPOTHESIS ONLY — requires expert/field review
H55-A-00809,3004,1418,385200.0,4208100.0,-118.3077658,38.0133215,0.8213748,0.5558393,404.83926,7.45446,0.99143,0.97195,0.78526,282.84,"Potential-field view is in its training-reference confident tail while the surface view abstains. Deeper-than-median modelled cover, anti-aligned gravity/cover normals and cross-scale gravity persistence are consistent with a covered basin-margin discontinuity. No fault displacement, geothermal fluid flow or vent has been verified at this pixel.",Lithologic contact; basin-fill model dependence on gravity; intrusive/dike boundary; processing or coverage effects. Surface-only features may instead be roads or erosion.,MODEL HYPOTHESIS ONLY — requires expert/field review
H55-A-00810,3005,1325,375900.0,4208000.0,-118.4136626,38.0111947,0.8732915,0.4474919,763.76086,10.81566,0.99532,0.85477,0.82841,100.0,"Potential-field view is in its training-reference confident tail while the surface view abstains. Deeper-than-median modelled cover, anti-aligned gravity/cover normals and cross-scale gravity persistence are consistent with a covered basin-margin discontinuity. No fault displacement, geothermal fluid flow or vent has been verified at this pixel.",Lithologic contact; basin-fill model dependence on gravity; intrusive/dike boundary; processing or coverage effects. Surface-only features may instead be roads or erosion.,MODEL HYPOTHESIS ONLY — requires expert/field review
H55-A-00811,3005,1355,378900.0,4208000.0,-118.3794979,38.0116006,0.8262436,0.5843992,670.79803,5.53675,0.87714,0.99853,0.96624,200.0,"Potential-field view is in its training-reference confident tail while the surface view abstains. Deeper-than-median modelled cover, anti-aligned gravity/cover normals and cross-scale gravity persistence are consistent with a covered basin-margin discontinuity. No fault displacement, geothermal fluid flow or vent has been verified at this pixel.",Lithologic contact; basin-fill model dependence on gravity; intrusive/dike boundary; processing or coverage effects. Surface-only features may instead be roads or erosion.,MODEL HYPOTHESIS ONLY — requires expert/field review
H55-A-00812,3005,1365,379900.0,4208000.0,-118.3681095,38.0117336,0.8365817,0.5020986,597.84882,4.08137,0.97889,0.99689,0.97992,282.84,"Potential-field view is in its training-reference confident tail while the surface view abstains. Deeper-than-median modelled cover, anti-aligned gravity/cover normals and cross-scale gravity persistence are consistent with a covered basin-margin discontinuity. No fault displacement, geothermal fluid flow or vent has been verified at this pixel.",Lithologic contact; basin-fill model dependence on gravity; intrusive/dike boundary; processing or coverage effects. Surface-only features may instead be roads or erosion.,MODEL HYPOTHESIS ONLY — requires expert/field review
H55-A-00813,3005,1378,381200.0,4208000.0,-118.3533044,38.011905,0.8376033,0.5995638,527.88776,13.3445,0.99742,0.99715,0.97135,200.0,"Potential-field view is in its training-reference confident tail while the surface view abstains. Deeper-than-median modelled cover, anti-aligned gravity/cover normals and cross-scale gravity persistence are consistent with a covered basin-margin discontinuity. No fault displacement, geothermal fluid flow or vent has been verified at this pixel.",Lithologic contact; basin-fill model dependence on gravity; intrusive/dike boundary; processing or coverage effects. Surface-only features may instead be roads or erosion.,MODEL HYPOTHESIS ONLY — requires expert/field review
H55-A-00814,3005,1381,381500.0,4208000.0,-118.3498879,38.0119443,0.8457434,0.5860842,517.25348,3.06392,0.99864,0.99688,0.95679,200.0,"Potential-field view is in its training-reference confident tail while the surface view abstains. Deeper-than-median modelled cover, anti-aligned gravity/cover normals and cross-scale gravity persistence are consistent with a covered basin-margin discontinuity. No fault displacement, geothermal fluid flow or vent has been verified at this pixel.",Lithologic contact; basin-fill model dependence on gravity; intrusive/dike boundary; processing or coverage effects. Surface-only features may instead be roads or erosion.,MODEL HYPOTHESIS ONLY — requires expert/field review
H55-A-00815,3005,1397,383100.0,4208000.0,-118.3316661,38.012152,0.8498578,0.5805023,489.05316,6.97853,0.99994,0.96557,0.92211,200.0,"Potential-field view is in its training-reference confident tail while the surface view abstains. Deeper-than-median modelled cover, anti-aligned gravity/cover normals and cross-scale gravity persistence are consistent with a covered basin-margin discontinuity. No fault displacement, geothermal fluid flow or vent has been verified at this pixel.",Lithologic contact; basin-fill model dependence on gravity; intrusive/dike boundary; processing or coverage effects. Surface-only features may instead be roads or erosion.,MODEL HYPOTHESIS ONLY — requires expert/field review
H55-A-00816,3005,1401,383500.0,4208000.0,-118.3271106,38.0122036,0.8539522,0.5658829,481.84238,1.87749,0.99854,0.9835,0.8641,300.0,"Potential-field view is in its training-reference confident tail while the surface view abstains. Deeper-than-median modelled cover, anti-aligned gravity/cover normals and cross-scale gravity persistence are consistent with a covered basin-margin discontinuity. No fault displacement, geothermal fluid flow or vent has been verified at this pixel.",Lithologic contact; basin-fill model dependence on gravity; intrusive/dike boundary; processing or coverage effects. Surface-only features may instead be roads or erosion.,MODEL HYPOTHESIS ONLY — requires expert/field review
H55-A-00817,3005,1425,385900.0,4208000.0,-118.2997776,38.0125089,0.8283616,0.6101555,397.78857,15.15144,0.74794,0.98708,0.84656,223.61,"Potential-field view is in its training-reference confident tail while the surface view abstains. Deeper-than-median modelled cover, anti-aligned gravity/cover normals and cross-scale gravity persistence are consistent with a covered basin-margin discontinuity. No fault displacement, geothermal fluid flow or vent has been verified at this pixel.",Lithologic contact; basin-fill model dependence on gravity; intrusive/dike boundary; processing or coverage effects. Surface-only features may instead be roads or erosion.,MODEL HYPOTHESIS ONLY — requires expert/field review
H55-A-00818,3005,1437,387100.0,4208000.0,-118.2861109,38.0126592,0.8217031,0.4517716,419.66016,1.88499,0.94371,0.99418,0.89862,500.0,"Potential-field view is in its training-reference confident tail while the surface view abstains. Deeper-than-median modelled cover, anti-aligned gravity/cover normals and cross-scale gravity persistence are consistent with a covered basin-margin discontinuity. No fault displacement, geothermal fluid flow or vent has been verified at this pixel.",Lithologic contact; basin-fill model dependence on gravity; intrusive/dike boundary; processing or coverage effects. Surface-only features may instead be roads or erosion.,MODEL HYPOTHESIS ONLY — requires expert/field review
H55-A-00819,3005,1451,388500.0,4208000.0,-118.2701663,38.0128325,0.8155951,0.4484317,486.86826,4.20563,0.87173,0.99915,0.91066,1627.88,"Potential-field view is in its training-reference confident tail while the surface view abstains. Deeper-than-median modelled cover, anti-aligned gravity/cover normals and cross-scale gravity persistence are consistent with a covered basin-margin discontinuity. No fault displacement, geothermal fluid flow or vent has been verified at this pixel.",Lithologic contact; basin-fill model dependence on gravity; intrusive/dike boundary; processing or coverage effects. Surface-only features may instead be roads or erosion.,MODEL HYPOTHESIS ONLY — requires expert/field review
H55-A-00820,3006,1248,368200.0,4207900.0,-118.5013304,38.0092067,0.8560415,0.452619,788.14844,9.85068,-0.14577,0.99951,0.73821,600.0,"Potential-field view is in its training-reference confident tail while the surface view abstains. Signed normal/cover support is incomplete; do not interpret this discrepancy as proof of a buried fault. No fault displacement, geothermal fluid flow or vent has been verified at this pixel.",Lithologic contact; basin-fill model dependence on gravity; intrusive/dike boundary; processing or coverage effects. Surface-only features may instead be roads or erosion.,MODEL HYPOTHESIS ONLY — requires expert/field review
H55-A-00821,3006,1292,372600.0,4207900.0,-118.4512252,38.0098359,0.8625847,0.4697025,818.10834,8.17259,0.79958,1.0,0.97935,300.0,"Potential-field view is in its training-reference confident tail while the surface view abstains. Deeper-than-median modelled cover, anti-aligned gravity/cover normals and cross-scale gravity persistence are consistent with a covered basin-margin discontinuity. No fault displacement, geothermal fluid flow or vent has been verified at this pixel.",Lithologic contact; basin-fill model dependence on gravity; intrusive/dike boundary; processing or coverage effects. Surface-only features may instead be roads or erosion.,MODEL HYPOTHESIS ONLY — requires expert/field review
H55-A-00822,3006,1322,375600.0,4207900.0,-118.4170617,38.0102526,0.8727885,0.5020366,768.3941,26.58273,0.95999,0.80995,0.72188,200.0,"Potential-field view is in its training-reference confident tail while the surface view abstains. Deeper-than-median modelled cover, anti-aligned gravity/cover normals and cross-scale gravity persistence are consistent with a covered basin-margin discontinuity. No fault displacement, geothermal fluid flow or vent has been verified at this pixel.",Lithologic contact; basin-fill model dependence on gravity; intrusive/dike boundary; processing or coverage effects. Surface-only features may instead be roads or erosion.,MODEL HYPOTHESIS ONLY — requires expert/field review
H55-A-00823,3006,1353,378700.0,4207900.0,-118.3817586,38.0106728,0.8196754,0.5756885,701.61133,4.35952,0.84178,0.99871,0.94689,223.61,"Potential-field view is in its training-reference confident tail while the surface view abstains. Deeper-than-median modelled cover, anti-aligned gravity/cover normals and cross-scale gravity persistence are consistent with a covered basin-margin discontinuity. No fault displacement, geothermal fluid flow or vent has been verified at this pixel.",Lithologic contact; basin-fill model dependence on gravity; intrusive/dike boundary; processing or coverage effects. Surface-only features may instead be roads or erosion.,MODEL HYPOTHESIS ONLY — requires expert/field review
H55-A-00824,3006,1393,382700.0,4207900.0,-118.3362052,38.0111993,0.8498578,0.5435797,503.25235,3.67741,0.99985,0.97141,0.91526,200.0,"Potential-field view is in its training-reference confident tail while the surface view abstains. Deeper-than-median modelled cover, anti-aligned gravity/cover normals and cross-scale gravity persistence are consistent with a covered basin-margin discontinuity. No fault displacement, geothermal fluid flow or vent has been verified at this pixel.",Lithologic contact; basin-fill model dependence on gravity; intrusive/dike boundary; processing or coverage effects. Surface-only features may instead be roads or erosion.,MODEL HYPOTHESIS ONLY — requires expert/field review
H55-A-00825,3006,1408,384200.0,4207900.0,-118.3191224,38.0113922,0.853146,0.570592,459.4198,6.28633,0.98616,0.97935,0.88217,282.84,"Potential-field view is in its training-reference confident tail while the surface view abstains. Deeper-than-median modelled cover, anti-aligned gravity/cover normals and cross-scale gravity persistence are consistent with a covered basin-margin discontinuity. No fault displacement, geothermal fluid flow or vent has been verified at this pixel.",Lithologic contact; basin-fill model dependence on gravity; intrusive/dike boundary; processing or coverage effects. Surface-only features may instead be roads or erosion.,MODEL HYPOTHESIS ONLY — requires expert/field review
H55-A-00826,3006,1412,384600.0,4207900.0,-118.3145669,38.0114432,0.853146,0.5873358,438.55743,12.13437,0.99383,0.96852,0.88142,223.61,"Potential-field view is in its training-reference confident tail while the surface view abstains. Deeper-than-median modelled cover, anti-aligned gravity/cover normals and cross-scale gravity persistence are consistent with a covered basin-margin discontinuity. No fault displacement, geothermal fluid flow or vent has been verified at this pixel.",Lithologic contact; basin-fill model dependence on gravity; intrusive/dike boundary; processing or coverage effects. Surface-only features may instead be roads or erosion.,MODEL HYPOTHESIS ONLY — requires expert/field review
H55-A-00827,3007,1227,366100.0,4207800.0,-118.525225,38.007998,0.8633,0.4572174,758.36603,1.18308,0.87805,0.99949,0.96523,223.61,"Potential-field view is in its training-reference confident tail while the surface view abstains. Deeper-than-median modelled cover, anti-aligned gravity/cover normals and cross-scale gravity persistence are consistent with a covered basin-margin discontinuity. No fault displacement, geothermal fluid flow or vent has been verified at this pixel.",Lithologic contact; basin-fill model dependence on gravity; intrusive/dike boundary; processing or coverage effects. Surface-only features may instead be roads or erosion.,MODEL HYPOTHESIS ONLY — requires expert/field review
H55-A-00828,3007,1271,370500.0,4207800.0,-118.4751212,38.0086373,0.823532,0.6063503,893.43274,15.55728,-0.02608,0.97293,0.95611,141.42,"Potential-field view is in its training-reference confident tail while the surface view abstains. Signed normal/cover support is incomplete; do not interpret this discrepancy as proof of a buried fault. No fault displacement, geothermal fluid flow or vent has been verified at this pixel.",Lithologic contact; basin-fill model dependence on gravity; intrusive/dike boundary; processing or coverage effects. Surface-only features may instead be roads or erosion.,MODEL HYPOTHESIS ONLY — requires expert/field review
H55-A-00829,3007,1284,371800.0,4207800.0,-118.4603175,38.0088221,0.8395457,0.3956476,869.44104,12.47024,0.85004,0.99973,0.97887,282.84,"Potential-field view is in its training-reference confident tail while the surface view abstains. Deeper-than-median modelled cover, anti-aligned gravity/cover normals and cross-scale gravity persistence are consistent with a covered basin-margin discontinuity. No fault displacement, geothermal fluid flow or vent has been verified at this pixel.",Lithologic contact; basin-fill model dependence on gravity; intrusive/dike boundary; processing or coverage effects. Surface-only features may instead be roads or erosion.,MODEL HYPOTHESIS ONLY — requires expert/field review
H55-A-00830,3007,1296,373000.0,4207800.0,-118.4466524,38.008991,0.8596513,0.4520985,805.18524,3.96252,0.74636,0.99995,0.97114,200.0,"Potential-field view is in its training-reference confident tail while the surface view abstains. Deeper-than-median modelled cover, anti-aligned gravity/cover normals and cross-scale gravity persistence are consistent with a covered basin-margin discontinuity. No fault displacement, geothermal fluid flow or vent has been verified at this pixel.",Lithologic contact; basin-fill model dependence on gravity; intrusive/dike boundary; processing or coverage effects. Surface-only features may instead be roads or erosion.,MODEL HYPOTHESIS ONLY — requires expert/field review
H55-A-00831,3007,1311,374500.0,4207800.0,-118.4295709,38.0091999,0.8561365,0.5589356,759.59839,2.12317,0.37158,0.9882,0.43051,100.0,"Potential-field view is in its training-reference confident tail while the surface view abstains. Deeper-than-median modelled cover, anti-aligned gravity/cover normals and cross-scale gravity persistence are consistent with a covered basin-margin discontinuity. No fault displacement, geothermal fluid flow or vent has been verified at this pixel.",Lithologic contact; basin-fill model dependence on gravity; intrusive/dike boundary; processing or coverage effects. Surface-only features may instead be roads or erosion.,MODEL HYPOTHESIS ONLY — requires expert/field review
H55-A-00832,3007,1314,374800.0,4207800.0,-118.4261545,38.0092414,0.8637442,0.568285,761.61151,12.03541,0.9981,0.27869,0.27631,141.42,"Potential-field view is in its training-reference confident tail while the surface view abstains. Signed normal/cover support is incomplete; do not interpret this discrepancy as proof of a buried fault. No fault displacement, geothermal fluid flow or vent has been verified at this pixel.",Lithologic contact; basin-fill model dependence on gravity; intrusive/dike boundary; processing or coverage effects. Surface-only features may instead be roads or erosion.,MODEL HYPOTHESIS ONLY — requires expert/field review
H55-A-00833,3007,1319,375300.0,4207800.0,-118.4204607,38.0093104,0.8763614,0.509869,773.54352,16.6693,0.83719,0.4158,0.52016,282.84,"Potential-field view is in its training-reference confident tail while the surface view abstains. Signed normal/cover support is incomplete; do not interpret this discrepancy as proof of a buried fault. No fault displacement, geothermal fluid flow or vent has been verified at this pixel.",Lithologic contact; basin-fill model dependence on gravity; intrusive/dike boundary; processing or coverage effects. Surface-only features may instead be roads or erosion.,MODEL HYPOTHESIS ONLY — requires expert/field review
H55-A-00834,3007,1328,376200.0,4207800.0,-118.4102116,38.0094337,0.8746243,0.5777086,799.94836,1.31748,0.99334,0.51762,0.61572,223.61,"Potential-field view is in its training-reference confident tail while the surface view abstains. Deeper-than-median modelled cover, anti-aligned gravity/cover normals and cross-scale gravity persistence are consistent with a covered basin-margin discontinuity. No fault displacement, geothermal fluid flow or vent has been verified at this pixel.",Lithologic contact; basin-fill model dependence on gravity; intrusive/dike boundary; processing or coverage effects. Surface-only features may instead be roads or erosion.,MODEL HYPOTHESIS ONLY — requires expert/field review
H55-A-00835,3007,1350,378400.0,4207800.0,-118.3851581,38.0097316,0.8670807,0.6027696,740.93762,5.43427,0.77769,0.99913,0.91768,100.0,"Potential-field view is in its training-reference confident tail while the surface view abstains. Deeper-than-median modelled cover, anti-aligned gravity/cover normals and cross-scale gravity persistence are consistent with a covered basin-margin discontinuity. No fault displacement, geothermal fluid flow or vent has been verified at this pixel.",Lithologic contact; basin-fill model dependence on gravity; intrusive/dike boundary; processing or coverage effects. Surface-only features may instead be roads or erosion.,MODEL HYPOTHESIS ONLY — requires expert/field review
H55-A-00836,3007,1364,379800.0,4207800.0,-118.3692148,38.0099183,0.8097462,0.5384095,631.03607,3.27546,0.98108,0.99727,0.96807,200.0,"Potential-field view is in its training-reference confident tail while the surface view abstains. Deeper-than-median modelled cover, anti-aligned gravity/cover normals and cross-scale gravity persistence are consistent with a covered basin-margin discontinuity. No fault displacement, geothermal fluid flow or vent has been verified at this pixel.",Lithologic contact; basin-fill model dependence on gravity; intrusive/dike boundary; processing or coverage effects. Surface-only features may instead be roads or erosion.,MODEL HYPOTHESIS ONLY — requires expert/field review
H55-A-00837,3007,1370,380400.0,4207800.0,-118.3623819,38.0099977,0.849267,0.5864519,588.77734,6.40985,0.99982,0.99632,0.98339,223.61,"Potential-field view is in its training-reference confident tail while the surface view abstains. Deeper-than-median modelled cover, anti-aligned gravity/cover normals and cross-scale gravity persistence are consistent with a covered basin-margin discontinuity. No fault displacement, geothermal fluid flow or vent has been verified at this pixel.",Lithologic contact; basin-fill model dependence on gravity; intrusive/dike boundary; processing or coverage effects. Surface-only features may instead be roads or erosion.,MODEL HYPOTHESIS ONLY — requires expert/field review
H55-A-00838,3007,1373,380700.0,4207800.0,-118.3589654,38.0100372,0.849267,0.6015069,568.13843,10.22855,1.0,0.99579,0.9809,141.42,"Potential-field view is in its training-reference confident tail while the surface view abstains. Deeper-than-median modelled cover, anti-aligned gravity/cover normals and cross-scale gravity persistence are consistent with a covered basin-margin discontinuity. No fault displacement, geothermal fluid flow or vent has been verified at this pixel.",Lithologic contact; basin-fill model dependence on gravity; intrusive/dike boundary; processing or coverage effects. Surface-only features may instead be roads or erosion.,MODEL HYPOTHESIS ONLY — requires expert/field review
H55-A-00839,3007,1405,383900.0,4207800.0,-118.3225228,38.0104528,0.8539522,0.5721321,481.81851,9.18604,0.97467,0.98564,0.78819,100.0,"Potential-field view is in its training-reference confident tail while the surface view abstains. Deeper-than-median modelled cover, anti-aligned gravity/cover normals and cross-scale gravity persistence are consistent with a covered basin-margin discontinuity. No fault displacement, geothermal fluid flow or vent has been verified at this pixel.",Lithologic contact; basin-fill model dependence on gravity; intrusive/dike boundary; processing or coverage effects. Surface-only features may instead be roads or erosion.,MODEL HYPOTHESIS ONLY — requires expert/field review
H55-A-00840,3007,1415,384900.0,4207800.0,-118.3111343,38.0105803,0.8387778,0.5102072,434.05301,5.21835,0.99969,0.95088,0.79139,282.84,"Potential-field view is in its training-reference confident tail while the surface view abstains. Deeper-than-median modelled cover, anti-aligned gravity/cover normals and cross-scale gravity persistence are consistent with a covered basin-margin discontinuity. No fault displacement, geothermal fluid flow or vent has been verified at this pixel.",Lithologic contact; basin-fill model dependence on gravity; intrusive/dike boundary; processing or coverage effects. Surface-only features may instead be roads or erosion.,MODEL HYPOTHESIS ONLY — requires expert/field review
H55-A-00841,3007,1420,385400.0,4207800.0,-118.30544,38.0106437,0.837198,0.5728691,421.38522,13.96249,0.93835,0.9603,0.53205,282.84,"Potential-field view is in its training-reference confident tail while the surface view abstains. Deeper-than-median modelled cover, anti-aligned gravity/cover normals and cross-scale gravity persistence are consistent with a covered basin-margin discontinuity. No fault displacement, geothermal fluid flow or vent has been verified at this pixel.",Lithologic contact; basin-fill model dependence on gravity; intrusive/dike boundary; processing or coverage effects. Surface-only features may instead be roads or erosion.,MODEL HYPOTHESIS ONLY — requires expert/field review
H55-A-00842,3008,1252,368600.0,4207700.0,-118.4967388,38.0074628,0.8242895,0.4846729,796.98633,6.88616,0.0417,0.98684,0.61458,282.84,"Potential-field view is in its training-reference confident tail while the surface view abstains. Signed normal/cover support is incomplete; do not interpret this discrepancy as proof of a buried fault. No fault displacement, geothermal fluid flow or vent has been verified at this pixel.",Lithologic contact; basin-fill model dependence on gravity; intrusive/dike boundary; processing or coverage effects. Surface-only features may instead be roads or erosion.,MODEL HYPOTHESIS ONLY — requires expert/field review
H55-A-00843,3008,1337,377100.0,4207700.0,-118.3999454,38.0086552,0.8691674,0.5733386,821.66821,5.95013,0.50385,0.97826,0.78009,538.52,"Potential-field view is in its training-reference confident tail while the surface view abstains. Deeper-than-median modelled cover, anti-aligned gravity/cover normals and cross-scale gravity persistence are consistent with a covered basin-margin discontinuity. No fault displacement, geothermal fluid flow or vent has been verified at this pixel.",Lithologic contact; basin-fill model dependence on gravity; intrusive/dike boundary; processing or coverage effects. Surface-only features may instead be roads or erosion.,MODEL HYPOTHESIS ONLY — requires expert/field review
H55-A-00844,3008,1342,377600.0,4207700.0,-118.3942514,38.0087229,0.8647205,0.5807818,815.20941,6.26527,0.54619,0.99531,0.84447,412.31,"Potential-field view is in its training-reference confident tail while the surface view abstains. Deeper-than-median modelled cover, anti-aligned gravity/cover normals and cross-scale gravity persistence are consistent with a covered basin-margin discontinuity. No fault displacement, geothermal fluid flow or vent has been verified at this pixel.",Lithologic contact; basin-fill model dependence on gravity; intrusive/dike boundary; processing or coverage effects. Surface-only features may instead be roads or erosion.,MODEL HYPOTHESIS ONLY — requires expert/field review
H55-A-00845,3008,1409,384300.0,4207700.0,-118.3179513,38.0096029,0.853146,0.4609308,464.72708,5.24266,0.97065,0.94032,0.80777,100.0,"Potential-field view is in its training-reference confident tail while the surface view abstains. Deeper-than-median modelled cover, anti-aligned gravity/cover normals and cross-scale gravity persistence are consistent with a covered basin-margin discontinuity. No fault displacement, geothermal fluid flow or vent has been verified at this pixel.",Lithologic contact; basin-fill model dependence on gravity; intrusive/dike boundary; processing or coverage effects. Surface-only features may instead be roads or erosion.,MODEL HYPOTHESIS ONLY — requires expert/field review
H55-A-00846,3008,1417,385100.0,4207700.0,-118.3088406,38.0097047,0.8292243,0.5387173,433.77228,2.91178,0.99742,0.91155,0.61012,223.61,"Potential-field view is in its training-reference confident tail while the surface view abstains. Deeper-than-median modelled cover, anti-aligned gravity/cover normals and cross-scale gravity persistence are consistent with a covered basin-margin discontinuity. No fault displacement, geothermal fluid flow or vent has been verified at this pixel.",Lithologic contact; basin-fill model dependence on gravity; intrusive/dike boundary; processing or coverage effects. Surface-only features may instead be roads or erosion.,MODEL HYPOTHESIS ONLY — requires expert/field review
H55-A-00847,3009,1323,375700.0,4207600.0,-118.4158709,38.0075633,0.8430155,0.5586077,803.16534,3.97956,0.52116,-0.31079,0.11845,223.61,"Potential-field view is in its training-reference confident tail while the surface view abstains. Signed normal/cover support is incomplete; do not interpret this discrepancy as proof of a buried fault. No fault displacement, geothermal fluid flow or vent has been verified at this pixel.",Lithologic contact; basin-fill model dependence on gravity; intrusive/dike boundary; processing or coverage effects. Surface-only features may instead be roads or erosion.,MODEL HYPOTHESIS ONLY — requires expert/field review
H55-A-00848,3009,1345,377900.0,4207600.0,-118.3908181,38.0078623,0.8643293,0.5427493,807.505,3.46333,0.58207,0.99833,0.84621,200.0,"Potential-field view is in its training-reference confident tail while the surface view abstains. Deeper-than-median modelled cover, anti-aligned gravity/cover normals and cross-scale gravity persistence are consistent with a covered basin-margin discontinuity. No fault displacement, geothermal fluid flow or vent has been verified at this pixel.",Lithologic contact; basin-fill model dependence on gravity; intrusive/dike boundary; processing or coverage effects. Surface-only features may instead be roads or erosion.,MODEL HYPOTHESIS ONLY — requires expert/field review
H55-A-00849,3009,1351,378500.0,4207600.0,-118.3839854,38.0079429,0.8715294,0.5579967,757.4552,1.34804,0.72629,0.99979,0.88261,282.84,"Potential-field view is in its training-reference confident tail while the surface view abstains. Deeper-than-median modelled cover, anti-aligned gravity/cover normals and cross-scale gravity persistence are consistent with a covered basin-margin discontinuity. No fault displacement, geothermal fluid flow or vent has been verified at this pixel.",Lithologic contact; basin-fill model dependence on gravity; intrusive/dike boundary; processing or coverage effects. Surface-only features may instead be roads or erosion.,MODEL HYPOTHESIS ONLY — requires expert/field review
H55-A-00850,3009,1377,381100.0,4207600.0,-118.354377,38.0082877,0.8226628,0.5273969,561.18262,1.38935,0.99729,0.99782,0.95584,200.0,"Potential-field view is in its training-reference confident tail while the surface view abstains. Deeper-than-median modelled cover, anti-aligned gravity/cover normals and cross-scale gravity persistence are consistent with a covered basin-margin discontinuity. No fault displacement, geothermal fluid flow or vent has been verified at this pixel.",Lithologic contact; basin-fill model dependence on gravity; intrusive/dike boundary; processing or coverage effects. Surface-only features may instead be roads or erosion.,MODEL HYPOTHESIS ONLY — requires expert/field review
H55-A-00851,3009,1400,383400.0,4207600.0,-118.3281845,38.0085865,0.8499405,0.5970975,501.91205,11.29419,0.89839,0.98401,0.44455,141.42,"Potential-field view is in its training-reference confident tail while the surface view abstains. Deeper-than-median modelled cover, anti-aligned gravity/cover normals and cross-scale gravity persistence are consistent with a covered basin-margin discontinuity. No fault displacement, geothermal fluid flow or vent has been verified at this pixel.",Lithologic contact; basin-fill model dependence on gravity; intrusive/dike boundary; processing or coverage effects. Surface-only features may instead be roads or erosion.,MODEL HYPOTHESIS ONLY — requires expert/field review
H55-A-00852,3009,1424,385800.0,4207600.0,-118.3008528,38.0088921,0.837198,0.5104986,424.08328,1.92463,0.61028,0.97648,0.81293,141.42,"Potential-field view is in its training-reference confident tail while the surface view abstains. Deeper-than-median modelled cover, anti-aligned gravity/cover normals and cross-scale gravity persistence are consistent with a covered basin-margin discontinuity. No fault displacement, geothermal fluid flow or vent has been verified at this pixel.",Lithologic contact; basin-fill model dependence on gravity; intrusive/dike boundary; processing or coverage effects. Surface-only features may instead be roads or erosion.,MODEL HYPOTHESIS ONLY — requires expert/field review
H55-A-00853,3010,1249,368300.0,4207500.0,-118.5001182,38.0056174,0.8223127,0.4326527,775.34937,12.65412,0.45453,0.99877,0.85834,640.31,"Potential-field view is in its training-reference confident tail while the surface view abstains. Deeper-than-median modelled cover, anti-aligned gravity/cover normals and cross-scale gravity persistence are consistent with a covered basin-margin discontinuity. No fault displacement, geothermal fluid flow or vent has been verified at this pixel.",Lithologic contact; basin-fill model dependence on gravity; intrusive/dike boundary; processing or coverage effects. Surface-only features may instead be roads or erosion.,MODEL HYPOTHESIS ONLY — requires expert/field review
H55-A-00854,3010,1288,372200.0,4207500.0,-118.455709,38.0061756,0.8355816,0.4630869,857.65381,4.88807,0.87026,0.99991,0.9803,100.0,"Potential-field view is in its training-reference confident tail while the surface view abstains. Deeper-than-median modelled cover, anti-aligned gravity/cover normals and cross-scale gravity persistence are consistent with a covered basin-margin discontinuity. No fault displacement, geothermal fluid flow or vent has been verified at this pixel.",Lithologic contact; basin-fill model dependence on gravity; intrusive/dike boundary; processing or coverage effects. Surface-only features may instead be roads or erosion.,MODEL HYPOTHESIS ONLY — requires expert/field review
H55-A-00855,3010,1294,372800.0,4207500.0,-118.4488767,38.00626,0.8582942,0.4612745,826.88177,6.9683,0.76985,0.99914,0.97715,100.0,"Potential-field view is in its training-reference confident tail while the surface view abstains. Deeper-than-median modelled cover, anti-aligned gravity/cover normals and cross-scale gravity persistence are consistent with a covered basin-margin discontinuity. No fault displacement, geothermal fluid flow or vent has been verified at this pixel.",Lithologic contact; basin-fill model dependence on gravity; intrusive/dike boundary; processing or coverage effects. Surface-only features may instead be roads or erosion.,MODEL HYPOTHESIS ONLY — requires expert/field review
H55-A-00856,3010,1311,374500.0,4207500.0,-118.4295184,38.0064969,0.820125,0.4965724,779.76599,2.47223,-0.57805,0.97599,0.45314,141.42,"Potential-field view is in its training-reference confident tail while the surface view abstains. Signed normal/cover support is incomplete; do not interpret this discrepancy as proof of a buried fault. No fault displacement, geothermal fluid flow or vent has been verified at this pixel.",Lithologic contact; basin-fill model dependence on gravity; intrusive/dike boundary; processing or coverage effects. Surface-only features may instead be roads or erosion.,MODEL HYPOTHESIS ONLY — requires expert/field review
H55-A-00857,3010,1314,374800.0,4207500.0,-118.4261022,38.0065384,0.8269394,0.5463505,783.86127,1.278,-0.90257,0.41569,0.24421,223.61,"Potential-field view is in its training-reference confident tail while the surface view abstains. Signed normal/cover support is incomplete; do not interpret this discrepancy as proof of a buried fault. No fault displacement, geothermal fluid flow or vent has been verified at this pixel.",Lithologic contact; basin-fill model dependence on gravity; intrusive/dike boundary; processing or coverage effects. Surface-only features may instead be roads or erosion.,MODEL HYPOTHESIS ONLY — requires expert/field review
H55-A-00858,3010,1317,375100.0,4207500.0,-118.422686,38.0065798,0.8269394,0.543005,793.08197,2.63342,-0.2555,0.13256,0.44958,447.21,"Potential-field view is in its training-reference confident tail while the surface view abstains. Signed normal/cover support is incomplete; do not interpret this discrepancy as proof of a buried fault. No fault displacement, geothermal fluid flow or vent has been verified at this pixel.",Lithologic contact; basin-fill model dependence on gravity; intrusive/dike boundary; processing or coverage effects. Surface-only features may instead be roads or erosion.,MODEL HYPOTHESIS ONLY — requires expert/field review
H55-A-00859,3010,1321,375500.0,4207500.0,-118.418131,38.0066348,0.8269394,0.5545294,805.37274,2.45839,0.08045,0.30841,0.34073,282.84,"Potential-field view is in its training-reference confident tail while the surface view abstains. Signed normal/cover support is incomplete; do not interpret this discrepancy as proof of a buried fault. No fault displacement, geothermal fluid flow or vent has been verified at this pixel.",Lithologic contact; basin-fill model dependence on gravity; intrusive/dike boundary; processing or coverage effects. Surface-only features may instead be roads or erosion.,MODEL HYPOTHESIS ONLY — requires expert/field review
H55-A-00860,3010,1327,376100.0,4207500.0,-118.4112986,38.006717,0.8302513,0.5266323,827.94476,1.45754,0.63978,-0.87812,0.23315,100.0,"Potential-field view is in its training-reference confident tail while the surface view abstains. Signed normal/cover support is incomplete; do not interpret this discrepancy as proof of a buried fault. No fault displacement, geothermal fluid flow or vent has been verified at this pixel.",Lithologic contact; basin-fill model dependence on gravity; intrusive/dike boundary; processing or coverage effects. Surface-only features may instead be roads or erosion.,MODEL HYPOTHESIS ONLY — requires expert/field review
H55-A-00861,3010,1330,376400.0,4207500.0,-118.4078823,38.006758,0.8369285,0.5029365,839.8338,4.68553,0.99526,-0.66324,0.29901,100.0,"Potential-field view is in its training-reference confident tail while the surface view abstains. Signed normal/cover support is incomplete; do not interpret this discrepancy as proof of a buried fault. No fault displacement, geothermal fluid flow or vent has been verified at this pixel.",Lithologic contact; basin-fill model dependence on gravity; intrusive/dike boundary; processing or coverage effects. Surface-only features may instead be roads or erosion.,MODEL HYPOTHESIS ONLY — requires expert/field review
H55-A-00862,3010,1333,376700.0,4207500.0,-118.4044661,38.0067988,0.8399263,0.5441188,849.11914,2.6505,0.45631,0.72191,0.45455,200.0,"Potential-field view is in its training-reference confident tail while the surface view abstains. Deeper-than-median modelled cover, anti-aligned gravity/cover normals and cross-scale gravity persistence are consistent with a covered basin-margin discontinuity. No fault displacement, geothermal fluid flow or vent has been verified at this pixel.",Lithologic contact; basin-fill model dependence on gravity; intrusive/dike boundary; processing or coverage effects. Surface-only features may instead be roads or erosion.,MODEL HYPOTHESIS ONLY — requires expert/field review
H55-A-00863,3010,1339,377300.0,4207500.0,-118.3976336,38.0068803,0.8439966,0.4934465,844.26544,3.29385,0.27438,0.97503,0.7454,360.56,"Potential-field view is in its training-reference confident tail while the surface view abstains. Signed normal/cover support is incomplete; do not interpret this discrepancy as proof of a buried fault. No fault displacement, geothermal fluid flow or vent has been verified at this pixel.",Lithologic contact; basin-fill model dependence on gravity; intrusive/dike boundary; processing or coverage effects. Surface-only features may instead be roads or erosion.,MODEL HYPOTHESIS ONLY — requires expert/field review
H55-A-00864,3010,1385,381900.0,4207500.0,-118.3452501,38.0074913,0.8378959,0.5709527,531.86932,13.34597,0.99659,0.9932,0.82697,282.84,"Potential-field view is in its training-reference confident tail while the surface view abstains. Deeper-than-median modelled cover, anti-aligned gravity/cover normals and cross-scale gravity persistence are consistent with a covered basin-margin discontinuity. No fault displacement, geothermal fluid flow or vent has been verified at this pixel.",Lithologic contact; basin-fill model dependence on gravity; intrusive/dike boundary; processing or coverage effects. Surface-only features may instead be roads or erosion.,MODEL HYPOTHESIS ONLY — requires expert/field review
H55-A-00865,3010,1395,382900.0,4207500.0,-118.3338622,38.007621,0.8564299,0.5258467,511.57648,4.61853,0.93036,0.98981,0.36718,200.0,"Potential-field view is in its training-reference confident tail while the surface view abstains. Deeper-than-median modelled cover, anti-aligned gravity/cover normals and cross-scale gravity persistence are consistent with a covered basin-margin discontinuity. No fault displacement, geothermal fluid flow or vent has been verified at this pixel.",Lithologic contact; basin-fill model dependence on gravity; intrusive/dike boundary; processing or coverage effects. Surface-only features may instead be roads or erosion.,MODEL HYPOTHESIS ONLY — requires expert/field review
H55-A-00866,3010,1419,385300.0,4207500.0,-118.3065309,38.0079279,0.8487894,0.5943858,434.78717,2.32156,0.93959,0.88458,0.28414,141.42,"Potential-field view is in its training-reference confident tail while the surface view abstains. Deeper-than-median modelled cover, anti-aligned gravity/cover normals and cross-scale gravity persistence are consistent with a covered basin-margin discontinuity. No fault displacement, geothermal fluid flow or vent has been verified at this pixel.",Lithologic contact; basin-fill model dependence on gravity; intrusive/dike boundary; processing or coverage effects. Surface-only features may instead be roads or erosion.,MODEL HYPOTHESIS ONLY — requires expert/field review
H55-A-00867,3010,1431,386500.0,4207500.0,-118.2928651,38.008079,0.8458698,0.581064,444.65991,7.36967,0.70739,0.97365,0.89389,141.42,"Potential-field view is in its training-reference confident tail while the surface view abstains. Deeper-than-median modelled cover, anti-aligned gravity/cover normals and cross-scale gravity persistence are consistent with a covered basin-margin discontinuity. No fault displacement, geothermal fluid flow or vent has been verified at this pixel.",Lithologic contact; basin-fill model dependence on gravity; intrusive/dike boundary; processing or coverage effects. Surface-only features may instead be roads or erosion.,MODEL HYPOTHESIS ONLY — requires expert/field review
H55-A-00868,3011,1291,372500.0,4207400.0,-118.4522751,38.0053168,0.8359182,0.4889227,844.76801,1.93008,0.83437,0.99962,0.98069,200.0,"Potential-field view is in its training-reference confident tail while the surface view abstains. Deeper-than-median modelled cover, anti-aligned gravity/cover normals and cross-scale gravity persistence are consistent with a covered basin-margin discontinuity. No fault displacement, geothermal fluid flow or vent has been verified at this pixel.",Lithologic contact; basin-fill model dependence on gravity; intrusive/dike boundary; processing or coverage effects. Surface-only features may instead be roads or erosion.,MODEL HYPOTHESIS ONLY — requires expert/field review
H55-A-00869,3011,1297,373100.0,4207400.0,-118.4454429,38.005401,0.8188732,0.4555401,816.40881,3.24493,0.70285,0.999,0.9736,200.0,"Potential-field view is in its training-reference confident tail while the surface view abstains. Deeper-than-median modelled cover, anti-aligned gravity/cover normals and cross-scale gravity persistence are consistent with a covered basin-margin discontinuity. No fault displacement, geothermal fluid flow or vent has been verified at this pixel.",Lithologic contact; basin-fill model dependence on gravity; intrusive/dike boundary; processing or coverage effects. Surface-only features may instead be roads or erosion.,MODEL HYPOTHESIS ONLY — requires expert/field review
H55-A-00870,3011,1308,374200.0,4207400.0,-118.432917,38.0055543,0.8502347,0.4850942,788.24164,3.90114,-0.29875,0.9944,0.78091,200.0,"Potential-field view is in its training-reference confident tail while the surface view abstains. Signed normal/cover support is incomplete; do not interpret this discrepancy as proof of a buried fault. No fault displacement, geothermal fluid flow or vent has been verified at this pixel.",Lithologic contact; basin-fill model dependence on gravity; intrusive/dike boundary; processing or coverage effects. Surface-only features may instead be roads or erosion.,MODEL HYPOTHESIS ONLY — requires expert/field review
H55-A-00871,3011,1342,377600.0,4207400.0,-118.3942002,38.0060198,0.8439966,0.4899762,855.14728,2.65592,0.29566,0.98569,0.76421,141.42,"Potential-field view is in its training-reference confident tail while the surface view abstains. Signed normal/cover support is incomplete; do not interpret this discrepancy as proof of a buried fault. No fault displacement, geothermal fluid flow or vent has been verified at this pixel.",Lithologic contact; basin-fill model dependence on gravity; intrusive/dike boundary; processing or coverage effects. Surface-only features may instead be roads or erosion.,MODEL HYPOTHESIS ONLY — requires expert/field review
H55-A-00872,3011,1349,378300.0,4207400.0,-118.386229,38.006114,0.8629656,0.5182987,797.21039,5.14016,0.61188,0.99747,0.82162,223.61,"Potential-field view is in its training-reference confident tail while the surface view abstains. Deeper-than-median modelled cover, anti-aligned gravity/cover normals and cross-scale gravity persistence are consistent with a covered basin-margin discontinuity. No fault displacement, geothermal fluid flow or vent has been verified at this pixel.",Lithologic contact; basin-fill model dependence on gravity; intrusive/dike boundary; processing or coverage effects. Surface-only features may instead be roads or erosion.,MODEL HYPOTHESIS ONLY — requires expert/field review
H55-A-00873,3011,1391,382500.0,4207400.0,-118.338401,38.0066682,0.856427,0.5285329,520.12378,4.05091,0.99019,0.99854,0.49475,300.0,"Potential-field view is in its training-reference confident tail while the surface view abstains. Deeper-than-median modelled cover, anti-aligned gravity/cover normals and cross-scale gravity persistence are consistent with a covered basin-margin discontinuity. No fault displacement, geothermal fluid flow or vent has been verified at this pixel.",Lithologic contact; basin-fill model dependence on gravity; intrusive/dike boundary; processing or coverage effects. Surface-only features may instead be roads or erosion.,MODEL HYPOTHESIS ONLY — requires expert/field review
H55-A-00874,3011,1402,383600.0,4207400.0,-118.3258744,38.0068101,0.8643991,0.4787271,499.74988,2.92649,0.77412,0.86673,0.51703,200.0,"Potential-field view is in its training-reference confident tail while the surface view abstains. Deeper-than-median modelled cover, anti-aligned gravity/cover normals and cross-scale gravity persistence are consistent with a covered basin-margin discontinuity. No fault displacement, geothermal fluid flow or vent has been verified at this pixel.",Lithologic contact; basin-fill model dependence on gravity; intrusive/dike boundary; processing or coverage effects. Surface-only features may instead be roads or erosion.,MODEL HYPOTHESIS ONLY — requires expert/field review
H55-A-00875,3011,1405,383900.0,4207400.0,-118.322458,38.0068486,0.8676258,0.5637671,488.44839,7.22705,0.87298,0.8943,0.65612,100.0,"Potential-field view is in its training-reference confident tail while the surface view abstains. Deeper-than-median modelled cover, anti-aligned gravity/cover normals and cross-scale gravity persistence are consistent with a covered basin-margin discontinuity. No fault displacement, geothermal fluid flow or vent has been verified at this pixel.",Lithologic contact; basin-fill model dependence on gravity; intrusive/dike boundary; processing or coverage effects. Surface-only features may instead be roads or erosion.,MODEL HYPOTHESIS ONLY — requires expert/field review
H55-A-00876,3011,1412,384600.0,4207400.0,-118.3144865,38.006938,0.8668209,0.5375212,453.73181,4.35067,0.94221,0.83639,0.70346,100.0,"Potential-field view is in its training-reference confident tail while the surface view abstains. Deeper-than-median modelled cover, anti-aligned gravity/cover normals and cross-scale gravity persistence are consistent with a covered basin-margin discontinuity. No fault displacement, geothermal fluid flow or vent has been verified at this pixel.",Lithologic contact; basin-fill model dependence on gravity; intrusive/dike boundary; processing or coverage effects. Surface-only features may instead be roads or erosion.,MODEL HYPOTHESIS ONLY — requires expert/field review
H55-A-00877,3011,1423,385700.0,4207400.0,-118.3019597,38.0070774,0.8522101,0.5530335,430.68039,3.58484,0.55741,0.98473,0.81729,282.84,"Potential-field view is in its training-reference confident tail while the surface view abstains. Deeper-than-median modelled cover, anti-aligned gravity/cover normals and cross-scale gravity persistence are consistent with a covered basin-margin discontinuity. No fault displacement, geothermal fluid flow or vent has been verified at this pixel.",Lithologic contact; basin-fill model dependence on gravity; intrusive/dike boundary; processing or coverage effects. Surface-only features may instead be roads or erosion.,MODEL HYPOTHESIS ONLY — requires expert/field review
H55-A-00878,3011,1428,386200.0,4207400.0,-118.2962657,38.0071403,0.8470434,0.6061757,442.90091,4.23105,0.6629,0.97091,0.91384,141.42,"Potential-field view is in its training-reference confident tail while the surface view abstains. Deeper-than-median modelled cover, anti-aligned gravity/cover normals and cross-scale gravity persistence are consistent with a covered basin-margin discontinuity. No fault displacement, geothermal fluid flow or vent has been verified at this pixel.",Lithologic contact; basin-fill model dependence on gravity; intrusive/dike boundary; processing or coverage effects. Surface-only features may instead be roads or erosion.,MODEL HYPOTHESIS ONLY — requires expert/field review
H55-A-00879,3012,1285,371900.0,4207300.0,-118.4590894,38.0043312,0.8177875,0.401024,878.92297,1.76476,0.90857,0.99964,0.97798,200.0,"Potential-field view is in its training-reference confident tail while the surface view abstains. Deeper-than-median modelled cover, anti-aligned gravity/cover normals and cross-scale gravity persistence are consistent with a covered basin-margin discontinuity. No fault displacement, geothermal fluid flow or vent has been verified at this pixel.",Lithologic contact; basin-fill model dependence on gravity; intrusive/dike boundary; processing or coverage effects. Surface-only features may instead be roads or erosion.,MODEL HYPOTHESIS ONLY — requires expert/field review
H55-A-00880,3012,1293,372700.0,4207300.0,-118.4499799,38.0044439,0.8460568,0.4630984,838.12842,3.96615,0.80227,0.9995,0.98021,300.0,"Potential-field view is in its training-reference confident tail while the surface view abstains. Deeper-than-median modelled cover, anti-aligned gravity/cover normals and cross-scale gravity persistence are consistent with a covered basin-margin discontinuity. No fault displacement, geothermal fluid flow or vent has been verified at this pixel.",Lithologic contact; basin-fill model dependence on gravity; intrusive/dike boundary; processing or coverage effects. Surface-only features may instead be roads or erosion.,MODEL HYPOTHESIS ONLY — requires expert/field review
H55-A-00881,3012,1304,373800.0,4207300.0,-118.4374543,38.0045977,0.8496636,0.4858383,795.77533,2.60514,0.06581,0.99785,0.92308,223.61,"Potential-field view is in its training-reference confident tail while the surface view abstains. Signed normal/cover support is incomplete; do not interpret this discrepancy as proof of a buried fault. No fault displacement, geothermal fluid flow or vent has been verified at this pixel.",Lithologic contact; basin-fill model dependence on gravity; intrusive/dike boundary; processing or coverage effects. Surface-only features may instead be roads or erosion.,MODEL HYPOTHESIS ONLY — requires expert/field review
H55-A-00882,3012,1318,375200.0,4207300.0,-118.4215124,38.0047915,0.8271181,0.525353,811.78949,3.35127,-0.41213,0.63257,0.7035,282.84,"Potential-field view is in its training-reference confident tail while the surface view abstains. Signed normal/cover support is incomplete; do not interpret this discrepancy as proof of a buried fault. No fault displacement, geothermal fluid flow or vent has been verified at this pixel.",Lithologic contact; basin-fill model dependence on gravity; intrusive/dike boundary; processing or coverage effects. Surface-only features may instead be roads or erosion.,MODEL HYPOTHESIS ONLY — requires expert/field review
H55-A-00883,3012,1382,381600.0,4207300.0,-118.3486335,38.0056501,0.832661,0.5261583,544.12115,5.52733,0.97404,0.99623,0.85919,500.0,"Potential-field view is in its training-reference confident tail while the surface view abstains. Deeper-than-median modelled cover, anti-aligned gravity/cover normals and cross-scale gravity persistence are consistent with a covered basin-margin discontinuity. No fault displacement, geothermal fluid flow or vent has been verified at this pixel.",Lithologic contact; basin-fill model dependence on gravity; intrusive/dike boundary; processing or coverage effects. Surface-only features may instead be roads or erosion.,MODEL HYPOTHESIS ONLY — requires expert/field review
H55-A-00884,3012,1396,383000.0,4207300.0,-118.3326908,38.0058318,0.8468568,0.5091155,511.034,7.35682,0.84012,0.9236,0.42067,360.56,"Potential-field view is in its training-reference confident tail while the surface view abstains. Deeper-than-median modelled cover, anti-aligned gravity/cover normals and cross-scale gravity persistence are consistent with a covered basin-margin discontinuity. No fault displacement, geothermal fluid flow or vent has been verified at this pixel.",Lithologic contact; basin-fill model dependence on gravity; intrusive/dike boundary; processing or coverage effects. Surface-only features may instead be roads or erosion.,MODEL HYPOTHESIS ONLY — requires expert/field review
H55-A-00885,3013,1283,371700.0,4207200.0,-118.4613489,38.003402,0.8212726,0.4357364,891.76031,6.27528,0.90788,0.99836,0.97339,300.0,"Potential-field view is in its training-reference confident tail while the surface view abstains. Deeper-than-median modelled cover, anti-aligned gravity/cover normals and cross-scale gravity persistence are consistent with a covered basin-margin discontinuity. No fault displacement, geothermal fluid flow or vent has been verified at this pixel.",Lithologic contact; basin-fill model dependence on gravity; intrusive/dike boundary; processing or coverage effects. Surface-only features may instead be roads or erosion.,MODEL HYPOTHESIS ONLY — requires expert/field review
H55-A-00886,3013,1288,372200.0,4207200.0,-118.4556555,38.0034726,0.8181526,0.4451319,866.26874,5.96362,0.90153,0.99997,0.98024,400.0,"Potential-field view is in its training-reference confident tail while the surface view abstains. Deeper-than-median modelled cover, anti-aligned gravity/cover normals and cross-scale gravity persistence are consistent with a covered basin-margin discontinuity. No fault displacement, geothermal fluid flow or vent has been verified at this pixel.",Lithologic contact; basin-fill model dependence on gravity; intrusive/dike boundary; processing or coverage effects. Surface-only features may instead be roads or erosion.,MODEL HYPOTHESIS ONLY — requires expert/field review
H55-A-00887,3013,1315,374900.0,4207200.0,-118.4249111,38.0038492,0.8248188,0.4969744,808.39484,0.54866,-0.75312,0.73939,0.65813,316.23,"Potential-field view is in its training-reference confident tail while the surface view abstains. Signed normal/cover support is incomplete; do not interpret this discrepancy as proof of a buried fault. No fault displacement, geothermal fluid flow or vent has been verified at this pixel.",Lithologic contact; basin-fill model dependence on gravity; intrusive/dike boundary; processing or coverage effects. Surface-only features may instead be roads or erosion.,MODEL HYPOTHESIS ONLY — requires expert/field review
H55-A-00888,3013,1345,377900.0,4207200.0,-118.39075,38.0042582,0.8322607,0.5129131,858.38556,1.9286,0.36508,0.98283,0.73762,141.42,"Potential-field view is in its training-reference confident tail while the surface view abstains. Deeper-than-median modelled cover, anti-aligned gravity/cover normals and cross-scale gravity persistence are consistent with a covered basin-margin discontinuity. No fault displacement, geothermal fluid flow or vent has been verified at this pixel.",Lithologic contact; basin-fill model dependence on gravity; intrusive/dike boundary; processing or coverage effects. Surface-only features may instead be roads or erosion.,MODEL HYPOTHESIS ONLY — requires expert/field review
H55-A-00889,3013,1348,378200.0,4207200.0,-118.3873338,38.0042986,0.8465908,0.4442863,829.80859,6.48253,0.50916,0.98782,0.74806,282.84,"Potential-field view is in its training-reference confident tail while the surface view abstains. Deeper-than-median modelled cover, anti-aligned gravity/cover normals and cross-scale gravity persistence are consistent with a covered basin-margin discontinuity. No fault displacement, geothermal fluid flow or vent has been verified at this pixel.",Lithologic contact; basin-fill model dependence on gravity; intrusive/dike boundary; processing or coverage effects. Surface-only features may instead be roads or erosion.,MODEL HYPOTHESIS ONLY — requires expert/field review
H55-A-00890,3013,1379,381300.0,4207200.0,-118.3520332,38.0047098,0.8144019,0.5614778,561.82233,3.88654,0.95855,0.99334,0.88685,600.0,"Potential-field view is in its training-reference confident tail while the surface view abstains. Deeper-than-median modelled cover, anti-aligned gravity/cover normals and cross-scale gravity persistence are consistent with a covered basin-margin discontinuity. No fault displacement, geothermal fluid flow or vent has been verified at this pixel.",Lithologic contact; basin-fill model dependence on gravity; intrusive/dike boundary; processing or coverage effects. Surface-only features may instead be roads or erosion.,MODEL HYPOTHESIS ONLY — requires expert/field review
H55-A-00891,3013,1392,382600.0,4207200.0,-118.3372295,38.0048791,0.8371338,0.5171576,519.29083,8.46558,0.99451,0.99158,0.52714,500.0,"Potential-field view is in its training-reference confident tail while the surface view abstains. Deeper-than-median modelled cover, anti-aligned gravity/cover normals and cross-scale gravity persistence are consistent with a covered basin-margin discontinuity. No fault displacement, geothermal fluid flow or vent has been verified at this pixel.",Lithologic contact; basin-fill model dependence on gravity; intrusive/dike boundary; processing or coverage effects. Surface-only features may instead be roads or erosion.,MODEL HYPOTHESIS ONLY — requires expert/field review
H55-A-00892,3013,1399,383300.0,4207200.0,-118.3292582,38.0049695,0.8371338,0.4870834,506.43509,3.02906,0.78985,0.88696,0.69752,141.42,"Potential-field view is in its training-reference confident tail while the surface view abstains. Deeper-than-median modelled cover, anti-aligned gravity/cover normals and cross-scale gravity persistence are consistent with a covered basin-margin discontinuity. No fault displacement, geothermal fluid flow or vent has been verified at this pixel.",Lithologic contact; basin-fill model dependence on gravity; intrusive/dike boundary; processing or coverage effects. Surface-only features may instead be roads or erosion.,MODEL HYPOTHESIS ONLY — requires expert/field review
H55-A-00893,3013,1410,384400.0,4207200.0,-118.3167318,38.0051104,0.8402817,0.4770916,466.42609,1.33061,0.92557,0.92651,0.75815,282.84,"Potential-field view is in its training-reference confident tail while the surface view abstains. Deeper-than-median modelled cover, anti-aligned gravity/cover normals and cross-scale gravity persistence are consistent with a covered basin-margin discontinuity. No fault displacement, geothermal fluid flow or vent has been verified at this pixel.",Lithologic contact; basin-fill model dependence on gravity; intrusive/dike boundary; processing or coverage effects. Surface-only features may instead be roads or erosion.,MODEL HYPOTHESIS ONLY — requires expert/field review
H55-A-00894,3013,1413,384700.0,4207200.0,-118.3133155,38.0051486,0.8426139,0.5780963,452.10297,5.5071,0.92428,0.80326,0.66202,316.23,"Potential-field view is in its training-reference confident tail while the surface view abstains. Deeper-than-median modelled cover, anti-aligned gravity/cover normals and cross-scale gravity persistence are consistent with a covered basin-margin discontinuity. No fault displacement, geothermal fluid flow or vent has been verified at this pixel.",Lithologic contact; basin-fill model dependence on gravity; intrusive/dike boundary; processing or coverage effects. Surface-only features may instead be roads or erosion.,MODEL HYPOTHESIS ONLY — requires expert/field review
H55-A-00895,3014,1247,368100.0,4207100.0,-118.502322,38.0019844,0.8519365,0.3959664,743.17719,4.53724,0.6694,0.99994,0.94925,728.01,"Potential-field view is in its training-reference confident tail while the surface view abstains. Deeper-than-median modelled cover, anti-aligned gravity/cover normals and cross-scale gravity persistence are consistent with a covered basin-margin discontinuity. No fault displacement, geothermal fluid flow or vent has been verified at this pixel.",Lithologic contact; basin-fill model dependence on gravity; intrusive/dike boundary; processing or coverage effects. Surface-only features may instead be roads or erosion.,MODEL HYPOTHESIS ONLY — requires expert/field review
H55-A-00896,3014,1255,368900.0,4207100.0,-118.493213,38.0021004,0.8240826,0.578031,787.95636,5.1716,0.84605,0.93479,0.90441,141.42,"Potential-field view is in its training-reference confident tail while the surface view abstains. Deeper-than-median modelled cover, anti-aligned gravity/cover normals and cross-scale gravity persistence are consistent with a covered basin-margin discontinuity. No fault displacement, geothermal fluid flow or vent has been verified at this pixel.",Lithologic contact; basin-fill model dependence on gravity; intrusive/dike boundary; processing or coverage effects. Surface-only features may instead be roads or erosion.,MODEL HYPOTHESIS ONLY — requires expert/field review
H55-A-00897,3014,1290,372400.0,4207100.0,-118.4533604,38.0025998,0.8325875,0.4566411,859.09692,4.7751,0.89,0.99999,0.98065,500.0,"Potential-field view is in its training-reference confident tail while the surface view abstains. Deeper-than-median modelled cover, anti-aligned gravity/cover normals and cross-scale gravity persistence are consistent with a covered basin-margin discontinuity. No fault displacement, geothermal fluid flow or vent has been verified at this pixel.",Lithologic contact; basin-fill model dependence on gravity; intrusive/dike boundary; processing or coverage effects. Surface-only features may instead be roads or erosion.,MODEL HYPOTHESIS ONLY — requires expert/field review
H55-A-00898,3014,1297,373100.0,4207100.0,-118.4453898,38.002698,0.841215,0.4306142,827.33551,1.00167,0.72593,0.9996,0.9769,282.84,"Potential-field view is in its training-reference confident tail while the surface view abstains. Deeper-than-median modelled cover, anti-aligned gravity/cover normals and cross-scale gravity persistence are consistent with a covered basin-margin discontinuity. No fault displacement, geothermal fluid flow or vent has been verified at this pixel.",Lithologic contact; basin-fill model dependence on gravity; intrusive/dike boundary; processing or coverage effects. Surface-only features may instead be roads or erosion.,MODEL HYPOTHESIS ONLY — requires expert/field review
H55-A-00899,3014,1313,374700.0,4207100.0,-118.427171,38.0029206,0.8165441,0.5282754,807.62964,4.9881,-0.98296,0.91293,0.63582,223.61,"Potential-field view is in its training-reference confident tail while the surface view abstains. Signed normal/cover support is incomplete; do not interpret this discrepancy as proof of a buried fault. No fault displacement, geothermal fluid flow or vent has been verified at this pixel.",Lithologic contact; basin-fill model dependence on gravity; intrusive/dike boundary; processing or coverage effects. Surface-only features may instead be roads or erosion.,MODEL HYPOTHESIS ONLY — requires expert/field review
H55-A-00900,3014,1403,383700.0,4207100.0,-118.324687,38.0041198,0.8364197,0.5107307,500.2164,5.191,0.86567,0.93706,0.80434,100.0,"Potential-field view is in its training-reference confident tail while the surface view abstains. Deeper-than-median modelled cover, anti-aligned gravity/cover normals and cross-scale gravity persistence are consistent with a covered basin-margin discontinuity. No fault displacement, geothermal fluid flow or vent has been verified at this pixel.",Lithologic contact; basin-fill model dependence on gravity; intrusive/dike boundary; processing or coverage effects. Surface-only features may instead be roads or erosion.,MODEL HYPOTHESIS ONLY — requires expert/field review
H55-A-00901,3014,1406,384000.0,4207100.0,-118.3212707,38.0041583,0.8366911,0.5991657,486.5386,5.67079,0.90257,0.96262,0.79935,300.0,"Potential-field view is in its training-reference confident tail while the surface view abstains. Deeper-than-median modelled cover, anti-aligned gravity/cover normals and cross-scale gravity persistence are consistent with a covered basin-margin discontinuity. No fault displacement, geothermal fluid flow or vent has been verified at this pixel.",Lithologic contact; basin-fill model dependence on gravity; intrusive/dike boundary; processing or coverage effects. Surface-only features may instead be roads or erosion.,MODEL HYPOTHESIS ONLY — requires expert/field review
H55-A-00902,3014,1416,385000.0,4207100.0,-118.3098832,38.0042857,0.8163306,0.5467919,449.59109,13.8879,0.97906,0.21894,0.40311,100.0,"Potential-field view is in its training-reference confident tail while the surface view abstains. Signed normal/cover support is incomplete; do not interpret this discrepancy as proof of a buried fault. No fault displacement, geothermal fluid flow or vent has been verified at this pixel.",Lithologic contact; basin-fill model dependence on gravity; intrusive/dike boundary; processing or coverage effects. Surface-only features may instead be roads or erosion.,MODEL HYPOTHESIS ONLY — requires expert/field review
H55-A-00903,3015,1294,372800.0,4207000.0,-118.448788,38.001755,0.8218691,0.4765892,843.7005,2.79392,0.83424,0.9995,0.97986,509.9,"Potential-field view is in its training-reference confident tail while the surface view abstains. Deeper-than-median modelled cover, anti-aligned gravity/cover normals and cross-scale gravity persistence are consistent with a covered basin-margin discontinuity. No fault displacement, geothermal fluid flow or vent has been verified at this pixel.",Lithologic contact; basin-fill model dependence on gravity; intrusive/dike boundary; processing or coverage effects. Surface-only features may instead be roads or erosion.,MODEL HYPOTHESIS ONLY — requires expert/field review
H55-A-00904,3015,1311,374500.0,4207000.0,-118.4294309,38.0019919,0.8305277,0.4124076,810.9859,8.42128,-0.9539,0.98643,0.71428,223.61,"Potential-field view is in its training-reference confident tail while the surface view abstains. Signed normal/cover support is incomplete; do not interpret this discrepancy as proof of a buried fault. No fault displacement, geothermal fluid flow or vent has been verified at this pixel.",Lithologic contact; basin-fill model dependence on gravity; intrusive/dike boundary; processing or coverage effects. Surface-only features may instead be roads or erosion.,MODEL HYPOTHESIS ONLY — requires expert/field review
H55-A-00905,3015,1323,375700.0,4207000.0,-118.4157669,38.0021572,0.8086981,0.4599497,856.70709,2.04761,-0.35561,0.77598,0.85877,223.61,"Potential-field view is in its training-reference confident tail while the surface view abstains. Signed normal/cover support is incomplete; do not interpret this discrepancy as proof of a buried fault. No fault displacement, geothermal fluid flow or vent has been verified at this pixel.",Lithologic contact; basin-fill model dependence on gravity; intrusive/dike boundary; processing or coverage effects. Surface-only features may instead be roads or erosion.,MODEL HYPOTHESIS ONLY — requires expert/field review
H55-A-00906,3015,1389,382300.0,4207000.0,-118.3406129,38.0030381,0.8150382,0.5069163,528.41614,3.86128,0.92636,0.99897,0.67491,700.0,"Potential-field view is in its training-reference confident tail while the surface view abstains. Deeper-than-median modelled cover, anti-aligned gravity/cover normals and cross-scale gravity persistence are consistent with a covered basin-margin discontinuity. No fault displacement, geothermal fluid flow or vent has been verified at this pixel.",Lithologic contact; basin-fill model dependence on gravity; intrusive/dike boundary; processing or coverage effects. Surface-only features may instead be roads or erosion.,MODEL HYPOTHESIS ONLY — requires expert/field review
H55-A-00907,3015,1409,384300.0,4207000.0,-118.3178383,38.0032955,0.825898,0.5443087,473.78958,3.2069,0.94595,0.99048,0.80846,412.31,"Potential-field view is in its training-reference confident tail while the surface view abstains. Deeper-than-median modelled cover, anti-aligned gravity/cover normals and cross-scale gravity persistence are consistent with a covered basin-margin discontinuity. No fault displacement, geothermal fluid flow or vent has been verified at this pixel.",Lithologic contact; basin-fill model dependence on gravity; intrusive/dike boundary; processing or coverage effects. Surface-only features may instead be roads or erosion.,MODEL HYPOTHESIS ONLY — requires expert/field review
H55-A-00908,3015,1426,386000.0,4207000.0,-118.2984797,38.0035109,0.836841,0.5454872,456.09219,3.70463,0.78467,0.99499,0.95352,223.61,"Potential-field view is in its training-reference confident tail while the surface view abstains. Deeper-than-median modelled cover, anti-aligned gravity/cover normals and cross-scale gravity persistence are consistent with a covered basin-margin discontinuity. No fault displacement, geothermal fluid flow or vent has been verified at this pixel.",Lithologic contact; basin-fill model dependence on gravity; intrusive/dike boundary; processing or coverage effects. Surface-only features may instead be roads or erosion.,MODEL HYPOTHESIS ONLY — requires expert/field review
H55-A-00909,3015,1431,386500.0,4207000.0,-118.292786,38.0035737,0.8296962,0.5636641,476.71524,3.91832,0.77424,0.99295,0.9499,200.0,"Potential-field view is in its training-reference confident tail while the surface view abstains. Deeper-than-median modelled cover, anti-aligned gravity/cover normals and cross-scale gravity persistence are consistent with a covered basin-margin discontinuity. No fault displacement, geothermal fluid flow or vent has been verified at this pixel.",Lithologic contact; basin-fill model dependence on gravity; intrusive/dike boundary; processing or coverage effects. Surface-only features may instead be roads or erosion.,MODEL HYPOTHESIS ONLY — requires expert/field review
H55-A-00910,3016,1305,373900.0,4206900.0,-118.4362453,38.0010076,0.8177106,0.4196218,814.48328,1.79627,-0.36318,0.99752,0.91706,141.42,"Potential-field view is in its training-reference confident tail while the surface view abstains. Signed normal/cover support is incomplete; do not interpret this discrepancy as proof of a buried fault. No fault displacement, geothermal fluid flow or vent has been verified at this pixel.",Lithologic contact; basin-fill model dependence on gravity; intrusive/dike boundary; processing or coverage effects. Surface-only features may instead be roads or erosion.,MODEL HYPOTHESIS ONLY — requires expert/field review
H55-A-00911,3016,1308,374200.0,4206900.0,-118.4328293,38.0010493,0.8094538,0.4946399,815.85797,0.61868,-0.74152,0.99682,0.8501,282.84,"Potential-field view is in its training-reference confident tail while the surface view abstains. Signed normal/cover support is incomplete; do not interpret this discrepancy as proof of a buried fault. No fault displacement, geothermal fluid flow or vent has been verified at this pixel.",Lithologic contact; basin-fill model dependence on gravity; intrusive/dike boundary; processing or coverage effects. Surface-only features may instead be roads or erosion.,MODEL HYPOTHESIS ONLY — requires expert/field review
H55-A-00912,3016,1317,375100.0,4206900.0,-118.4225815,38.0011737,0.8133109,0.4710945,838.65741,5.44099,-0.62609,0.88305,0.86858,360.56,"Potential-field view is in its training-reference confident tail while the surface view abstains. Signed normal/cover support is incomplete; do not interpret this discrepancy as proof of a buried fault. No fault displacement, geothermal fluid flow or vent has been verified at this pixel.",Lithologic contact; basin-fill model dependence on gravity; intrusive/dike boundary; processing or coverage effects. Surface-only features may instead be roads or erosion.,MODEL HYPOTHESIS ONLY — requires expert/field review
H55-A-00913,3016,1399,383300.0,4206900.0,-118.3292094,38.0022663,0.8128853,0.580901,508.46893,4.08208,0.99965,0.96707,0.90808,300.0,"Potential-field view is in its training-reference confident tail while the surface view abstains. Deeper-than-median modelled cover, anti-aligned gravity/cover normals and cross-scale gravity persistence are consistent with a covered basin-margin discontinuity. No fault displacement, geothermal fluid flow or vent has been verified at this pixel.",Lithologic contact; basin-fill model dependence on gravity; intrusive/dike boundary; processing or coverage effects. Surface-only features may instead be roads or erosion.,MODEL HYPOTHESIS ONLY — requires expert/field review
H55-A-00914,3017,1247,368100.0,4206800.0,-118.5022669,37.9992814,0.8089584,0.4206823,724.70734,7.02993,0.75304,0.99997,0.9639,700.0,"Potential-field view is in its training-reference confident tail while the surface view abstains. Deeper-than-median modelled cover, anti-aligned gravity/cover normals and cross-scale gravity persistence are consistent with a covered basin-margin discontinuity. No fault displacement, geothermal fluid flow or vent has been verified at this pixel.",Lithologic contact; basin-fill model dependence on gravity; intrusive/dike boundary; processing or coverage effects. Surface-only features may instead be roads or erosion.,MODEL HYPOTHESIS ONLY — requires expert/field review
H55-A-00915,3018,1240,367400.0,4206700.0,-118.5102185,37.9982783,0.8089736,0.4056576,679.78699,5.81408,0.79828,0.99982,0.98891,1403.57,"Potential-field view is in its training-reference confident tail while the surface view abstains. Deeper-than-median modelled cover, anti-aligned gravity/cover normals and cross-scale gravity persistence are consistent with a covered basin-margin discontinuity. No fault displacement, geothermal fluid flow or vent has been verified at this pixel.",Lithologic contact; basin-fill model dependence on gravity; intrusive/dike boundary; processing or coverage effects. Surface-only features may instead be roads or erosion.,MODEL HYPOTHESIS ONLY — requires expert/field review
H55-A-00916,3018,1244,367800.0,4206700.0,-118.5056642,37.9983368,0.8093489,0.4172476,698.55103,5.61005,0.77702,0.99986,0.98086,1004.99,"Potential-field view is in its training-reference confident tail while the surface view abstains. Deeper-than-median modelled cover, anti-aligned gravity/cover normals and cross-scale gravity persistence are consistent with a covered basin-margin discontinuity. No fault displacement, geothermal fluid flow or vent has been verified at this pixel.",Lithologic contact; basin-fill model dependence on gravity; intrusive/dike boundary; processing or coverage effects. Surface-only features may instead be roads or erosion.,MODEL HYPOTHESIS ONLY — requires expert/field review
