structure_id,n_px,mean_dist_to_catalogue_m,min_dist_to_catalogue_m,mean_score,top1_layer,top1_z,top1_mean_rank,top2_layer,top2_z,top2_mean_rank,top3_layer,top3_z,top3_mean_rank
6,4,1856.7445678710938,1788.8543701171875,0.6784180998802185,A_grav_step300,1.7282527090331423,0.9980075806379318,A_grav_anom,1.7243513533267492,0.9969545155763626,A_grav_step900,1.7238097927266003,0.9967674762010574
13,21,283.4820585704985,200.0,0.7208565189724877,B_vent_dist,1.7171913923812074,0.9949619997115362,B_scarp_p900,1.6078293483467678,0.9631754074777875,B_spring_dist,1.6016406862343293,0.961790797256288
14,19,582.8704753674959,282.84271240234375,0.6791353257078874,B_scarp_p300,1.622958296681566,0.9676355782308077,B_scarp_fine,1.5732628415231045,0.9532925768902427,A_tmi_up150_regional,1.52090993475236,0.938667146783126
16,27,308.14488898383246,200.0,0.7124349254148977,A_grav_residual,1.7079281842852911,0.9922272364298502,A_grav_anom,1.676473726474404,0.9831547494287844,A_grav_slope_abs,1.6721598385426542,0.9818295858524464
19,4,253.2247543334961,223.60679626464844,0.7029847055673599,B_scarp_p300,1.6628937661333107,0.9791414588689804,B_st_anisotropy,1.634405251807298,0.9709177315235138,B_scarp_p900,1.6077434999325253,0.963150680065155
26,7,252.84155055454798,200.0,0.6723393286977496,B_scarp_p900,1.6633754303969266,0.9791746650423322,B_scarp_p300,1.6587947812295534,0.9779604928834098,B_scarp_fine,1.6156232721854118,0.965496267591204
32,136,374.5633825414321,200.0,0.7424060632200802,B_vent_dist,1.7042392890530977,0.9912281509707955,A_grav_regional,1.6041158351200522,0.9616956969394403,A_grav_anom,1.572091284454944,0.9530686030493063
33,4,205.9016990661621,200.0,0.6946911215782166,A_grav_slope_abs,1.7193571415548985,0.9954299181699753,A_grav_gradmag,1.7108743065726721,0.9930259585380554,A_grav_step300,1.6973768422769968,0.9891103357076645
34,4,574.5352325439453,500.0,0.6725016385316849,A_tmi_up150_regional,1.7271577931637296,0.998172789812088,A_grav_slope_abs,1.7073620209314524,0.991973415017128,A_grav_gradmag,1.7032225184193965,0.9908208101987839
36,5,221.28990173339844,200.0,0.6901366591453553,A_grav_slope_abs,1.7323493751316965,0.9991737484931946,A_grav_hg_abs,1.7242544834676687,0.9969127655029297,A_grav_gradmag,1.7215649381327536,0.9961068630218506
38,7,348.26788548060824,200.0,0.6852730086871556,A_tmi_up150_regional,1.7327123021020823,0.9997753500938416,A_grav_anom,1.718589566616578,0.9952937960624695,A_mag_regional,1.700665062016639,0.9899316089493888
40,16,275.0844488143921,200.0,0.7046885192394257,A_grav_slope_abs,1.7229174706439048,0.9964558593928814,A_grav_gradmag,1.7061287604766124,0.9916583523154259,A_grav_step300,1.694459651412259,0.9882697127759457
45,81,322.20406445161797,200.0,0.7569120290838642,B_vent_dist,1.701102680405244,0.9903239254598264,B_scarp_p900,1.638607998653907,0.9720407591925727,A_grav_regional,1.592235714857562,0.9582770113591794
48,8,248.26482582092285,200.0,0.6856902241706848,B_scarp_p900,1.6808878676214367,0.9842188730835915,B_rad_Thnorm,1.4679026801158606,0.9227756634354591,B_spring_dist,1.4591044103433195,0.9206789582967758
49,7,224.40291268484933,200.0,0.6710437451090131,A_grav_slope_abs,1.7313949390033918,0.9988987190382821,A_grav_gradmag,1.7235206852362404,0.9966704845428467,A_grav_hg_abs,1.7217449190400693,0.9961895006043571
51,34,873.6898669074563,509.9019470214844,0.6937902306809145,A_grav_regional,1.726433804448484,0.9968945559333352,A_grav_anom,1.6689523132819917,0.9809868528562433,A_eq_dist_negrank,1.6204871694648137,0.966769278049469
52,44,283.14838097312236,200.0,0.7291885316371918,A_tmi_up150_regional,1.7304096106375957,0.9991109885952689,A_grav_vg_abs,1.718826285811336,0.9953593083403327,A_mag_regional,1.6887460950026336,0.9864983463829214
55,61,566.5450994772989,200.0,0.6904676771554791,B_vent_dist,1.6981702399483598,0.989478557813363,A_grav_regional,1.5941014250873922,0.9588138978989398,A_grav_anom,1.5887329698715817,0.9578652352583213
58,9,360.7471008300781,200.0,0.7046492629581027,A_tmi_up150_regional,1.7167095566025292,0.995158314704895,B_scarp_p900,1.700458420887354,0.9898558921284146,A_grav_anom,1.6798564788940926,0.9841297600004408
59,4,238.41577529907227,223.60679626464844,0.7085534930229187,B_vent_dist,1.696352109470751,0.9889544248580933,B_st_anisotropy,1.6900719186103634,0.986957237124443,B_scarp_fine,1.6874039405285304,0.9861756861209869
61,4,2672.7556762695312,2529.822021484375,0.6713313907384872,B_vent_dist,1.693089458003223,0.9880138635635376,B_st_ori_y,1.5516433654272073,0.9471383839845657,A_grav_regional,1.374028674266455,0.8954846113920212
64,14,231.17898668561662,200.0,0.6827910031591143,B_scarp_p900,1.700554400899153,0.9898835378033775,B_scarp_p300,1.6174227357060251,0.9660407177039555,A_grav_regional,1.5602887142822313,0.9490837752819061
65,4,350.0,200.0,0.6478715240955353,B_rad_Thnorm,1.690576371028499,0.9869259893894196,B_st_ori_y,1.6520670098872914,0.9760768115520477,A_cond_surf,1.1806743285424475,0.8406767249107361
67,6,3120.0950520833335,3014.962646484375,0.6978363990783691,B_scarp_p900,1.7102013750256335,0.9926622112592062,B_scarp_fine,1.6856399911511042,0.9856675068537394,B_scarp_p300,1.6767240729310706,0.9831261336803436
68,6,1006.169443766276,905.5385131835938,0.6799899140993754,A_mag_anom,1.7154329509742399,0.9945230782032013,A_rtp,1.6959016125892383,0.9885953466097513,A_tmi_up150_regional,1.688263146498555,0.9869510928789774
69,16,480.0989189147949,300.0,0.677709486335516,B_st_ori_y,1.6027880115026307,0.9618764035403728,B_rad_Thnorm,1.5709165247911259,0.9524530433118343,A_cond_surf,1.1806743285424475,0.8406767249107361
71,9,333.3333333333333,200.0,0.678602225250668,B_vent_dist,1.6846885095318598,0.9855920275052389,A_grav_anom,1.6694363315641663,0.9811263614230685,B_scarp_p300,1.6407627110911216,0.972765240404341
72,9,3313.3034939236113,3201.56201171875,0.7027327484554715,B_scarp_p900,1.676232991018598,0.9828781021965874,B_scarp_fine,1.6407653672629763,0.9727394978205363,B_scarp_p300,1.6212107344405893,0.9671320848994784
73,14,249.69206346784318,200.0,0.7266590552670615,B_rad_Thnorm,1.7117212541873454,0.9930176436901093,B_scarp_p900,1.6833216915977556,0.984919901405062,B_scarp_p300,1.6466075099940383,0.9744491960321154
74,13,340.13189697265625,200.0,0.6772085657486548,B_vent_dist,1.5797959772365573,0.955353475533999,B_rad_Thnorm,1.3817000059135052,0.8979414334663978,B_scarp_p900,1.2510821401821188,0.8604194567753718
76,20,834.8129699707031,538.5164794921875,0.6676753431558609,B_rad_Thnorm,1.5518937462729678,0.9469727486371994,B_st_ori_y,1.227691438901458,0.8537872672080994,A_cond_surf,1.1806743285424475,0.8406767249107361
77,9,321.5880109998915,223.60679626464844,0.6730549269252353,B_rad_Unorm,1.2546178637638177,0.8614270422193739,A_cond_surf,1.1806743285424475,0.8406767249107361,B_st_ori_y,1.1789878830574478,0.8397526807255216
78,7,297.66029139927457,223.60679626464844,0.6698574083192008,B_scarp_p900,1.6889743691999506,0.9865480746541705,A_grav_regional,1.5784480017076945,0.9543093868664333,B_st_ori_x,1.5313616940471217,0.9413079449108669
85,4,255.66931533813477,200.0,0.6520729064941406,B_rad_Unorm,1.3306629705208377,0.8833336681127548,B_rad_Thnorm,1.2169413123343802,0.8504759073257446,A_cond_surf,1.1806743285424475,0.8406767249107361
88,5,260.0,200.0,0.6597654700279236,B_rad_Unorm,1.3388659049120337,0.8856967210769653,B_rad_Thnorm,1.3058480140022681,0.8760891437530518,B_st_coherence,1.2472413198295949,0.8594310283660889
91,8,261.2102355957031,200.0,0.7019371017813683,A_grav_regional,1.692587787178283,0.9871548488736153,A_mag_step900,1.6676771564359176,0.9807306826114655,A_rtp,1.6536726365040448,0.9764305055141449
94,5,320.0,200.0,0.7080565333366394,B_rad_Unorm,1.5676888644675844,0.9516146898269653,B_rad_UK,1.4757915675983497,0.9256609797477722,B_rad_UTh,1.4187935384796677,0.9089920043945312
100,5,226.01126098632812,200.0,0.6788416624069213,B_scarp_p900,1.7074408774845249,0.9918670892715454,B_scarp_p300,1.7071006104573923,0.9918779730796814,B_scarp_fine,1.6977642112511826,0.9891603946685791
101,7,229.49278695242745,200.0,0.6919623102460589,B_scarp_p300,1.7281497597791453,0.9979424817221505,B_scarp_fine,1.726002991295137,0.997295754296439,B_scarp_p900,1.722112566588615,0.9960930602891105
103,9,876.6351860894097,670.8203735351562,0.6886833045217726,B_scarp_p900,1.6110274875445232,0.9640965859095255,B_scarp_p300,1.4929543805829546,0.9301799138387045,B_scarp_fine,1.4901553430184005,0.9293499920103285
105,5,227.96690979003907,200.0,0.675295639038086,B_st_coh_xgmag9,1.4310970702947678,0.9123942494392395,B_st_coherence,1.2859468693243028,0.8705857634544373,B_rad_Unorm,0.9504813470700936,0.7738131880760193
107,12,219.70881779988608,200.0,0.7201722413301468,B_scarp_p900,1.732552153050002,0.9991000344355901,B_scarp_p300,1.7286157082865783,0.998076726992925,B_scarp_fine,1.7245198078216604,0.9968684613704681
108,6,2768.4208170572915,2600.0,0.6678284009297689,B_vent_dist,1.6524796128660308,0.976306806008021,A_eq_dist_negrank,1.642200725847804,0.9730194807052612,B_rad_Thnorm,1.6209034903339556,0.9668538471062978
111,4,205.9016990661621,200.0,0.6717745959758759,B_scarp_p900,1.7345542825303955,0.9996767193078995,B_scarp_p300,1.7239608854064716,0.996735617518425,B_scarp_fine,1.7118780269399274,0.9932264685630798
113,9,287.02581956651477,200.0,0.6603003674083285,B_rad_Thnorm,1.5595177342404332,0.9491691523128085,B_lidar_downface_max,1.3179393189504736,0.869312067826589,B_lidar_ex_mean,1.1814955708535446,0.8346799082226224
114,17,308.3974438835593,200.0,0.6868290410322302,B_rad_Thnorm,1.6196229781998,0.966484942856957,B_scarp_p900,1.3044206371569673,0.8757828509106356,B_elev,1.2866065303532668,0.8704150845022762
120,5,209.44271850585938,200.0,0.7315116047859191,B_scarp_p900,1.7317842004552977,0.9988788366317749,A_grav_anom,1.7078186252604688,0.9921892881393433,A_grav_residual,1.6955511932270342,0.9886597156524658
121,39,1098.8914661896536,400.0,0.7323439151812823,B_scarp_p900,1.6498752192209425,0.9752861215518072,B_vent_dist,1.6463924818706532,0.9745520001802689,B_scarp_p300,1.5991793581048186,0.9607845850479908
122,6,943.0287780761719,800.0,0.6650413870811462,B_rad_Thnorm,1.647830435561599,0.9746112624804179,B_st_anisotropy,1.6385747626023508,0.9721191128094991,B_scarp_p900,1.5917614015954271,0.9585472643375397
123,5,221.28990173339844,200.0,0.7430388689041137,B_scarp_p900,1.718620162045878,0.9950871229171753,A_grav_gradmag,1.7138104918708892,0.9938721299171448,A_grav_slope_abs,1.7105937772512751,0.9929046750068664
125,4,342.9840393066406,282.84271240234375,0.6736875027418137,B_rad_Thnorm,1.6097317082161424,0.9636353552341461,B_scarp_p900,1.503755255158124,0.9331983476877213,B_elev,1.314808330302977,0.8785328716039658
126,6,540.7787577311198,300.0,0.6778678894042969,B_scarp_p900,1.637820898834351,0.9718140463034312,B_rad_Thnorm,1.548964074135795,0.9461287359396616,B_st_anisotropy,1.4062584541831382,0.9051806926727295
128,10,263.49878387451173,200.0,0.695557177066803,B_scarp_p900,1.6769317020518737,0.9830793559551239,B_rad_Thnorm,1.6733482598391705,0.9819627225399017,B_az_deriv_045,1.3811070313456137,0.8980831027030944
133,6,287.2677993774414,200.0,0.6691084404786428,B_rad_Thnorm,1.6791607975519367,0.9836372633775076,B_scarp_p900,1.6083699608011042,0.9633311231931051,B_st_ori_y,1.333276581947886,0.8842130502065023
136,21,245.87564304896765,200.0,0.7351320811680385,B_scarp_p900,1.6846027811140811,0.9852889009884426,A_eq_dist_negrank,1.578923320926988,0.9548052095231556,B_rad_UK,1.5241048582544168,0.9396039446194967
137,130,605.4329920842098,200.0,0.7170043115432446,B_st_ori_y,1.2851854222127799,0.8703549339221074,B_rad_Thnorm,1.2313460617663066,0.8546257885602805,A_mag_anom,0.9175013037065143,0.7644712493969844
139,5,517.3869812011719,500.0,0.6759263634681701,B_rad_Thnorm,1.549129266057043,0.9461763262748718,B_scarp_p900,1.3229387310038254,0.8811167240142822,A_mag_anom,1.1830615391863581,0.8410349726676941
142,6,290.56630452473956,200.0,0.6983904441197714,B_scarp_p900,1.6540047241930478,0.9764755666255951,B_rad_Thnorm,1.6037341994133338,0.9619075258572897,A_mag_anom,1.2254673626248536,0.853261003891627
145,12,290.1834526062012,200.0,0.6864990741014481,B_scarp_p900,1.6432915673530675,0.9733897944291433,B_rad_Thnorm,1.5861705664872447,0.9568475981553396,B_st_ori_y,1.4447270867049864,0.9163290162881216
146,4,205.9016990661621,200.0,0.6703337728977203,B_rad_Unorm,1.5246835991169676,0.9392259865999222,B_rad_UK,1.4603071031564905,0.9211922436952591,B_st_ori_y,1.375682824371776,0.8964329808950424
154,8,1225.72998046875,1077.032958984375,0.6585990563035011,B_st_ori_y,1.6406663322986328,0.9727915525436401,B_st_coh_xgmag9,1.4207392686746794,0.9094092324376106,B_rad_Thnorm,1.2589459255203657,0.8625770658254623
157,4,211.80339813232422,200.0,0.6669397056102753,B_scarp_p900,1.66719775417955,0.9802756309509277,B_rad_UK,1.6644684562091754,0.98011215031147,B_rad_Unorm,1.6152581124970318,0.9653181582689285
159,6,1778.5547688802083,1664.3316650390625,0.6623270014921824,B_scarp_p300,1.4645665829063281,0.9220010538895925,B_scarp_fine,1.4558121974818081,0.919456015030543,B_scarp_p900,1.3652327514432443,0.8932989140351614
160,12,266.55531056722003,200.0,0.737000122666359,B_scarp_p900,1.698074680490283,0.9891692896684011,B_scarp_p300,1.660171101354341,0.9783570269743601,B_scarp_fine,1.6331794883965234,0.9705540686845779
165,7,257.14285714285717,200.0,0.6709594811711993,B_rad_UK,1.6340003885415086,0.9713192241532462,B_scarp_p900,1.6226871546844628,0.9674549869128636,B_rad_Unorm,1.548312601474695,0.9460328902517047
166,8,270.75938606262207,200.0,0.6775548234581947,B_paleo_geotherm_dist,1.6997045020140766,0.9894516915082932,B_st_ori_y,1.5613650971277697,0.9499398320913315,A_grav_hg_abs,1.3934734129867583,0.9015805497765541
174,92,428.1885294706925,200.0,0.7176432758569717,B_paleo_geotherm_dist,1.719783138960131,0.9952329695224762,A_grav_hg_abs,1.550006329830945,0.9466938622619795,A_grav_slope_abs,1.5196234248142084,0.9378748302874358
175,12,361.18981170654297,200.0,0.7178401003281275,B_rad_Thnorm,1.6931338182433022,0.9876627673705419,B_scarp_p900,1.5689535044149177,0.9519777745008469,B_st_ori_y,1.4866190825720054,0.9284007598956426
179,10,249.2568115234375,200.0,0.7431100487709046,B_paleo_geotherm_dist,1.7352845556903491,0.9996963202953338,A_grav_vg_abs,1.6112421386680948,0.9643519639968872,A_grav_gradmag,1.5917915210878084,0.9587078094482422
180,4,829.1576690673828,761.5773315429688,0.6740839034318924,B_rad_Thnorm,1.535349878462696,0.9422066062688828,B_spring_dist,1.1864275721113484,0.8420305848121643,B_st_coherence,1.1115077658353003,0.8203133344650269
183,8,202.95084953308105,200.0,0.7099513858556747,B_scarp_p900,1.6994175413008843,0.9895560815930367,A_grav_slope_abs,1.6955864418044877,0.9885801747441292,A_grav_residual,1.6839198009877414,0.9853071048855782
190,4,238.41577529907227,223.60679626464844,0.7222458124160767,B_paleo_geotherm_dist,1.6798779510028485,0.9837429970502853,B_rad_UK,1.5894797243083623,0.9584707915782928,B_scarp_p900,1.587074378233362,0.9571972340345383
193,6,200.0,200.0,0.7005244096120199,B_rad_Thnorm,1.671391715220544,0.9813990592956543,B_scarp_p900,1.608596347562905,0.9633963306744894,B_scarp_p300,1.5441132116105454,0.9449193775653839
196,57,265.8095646908409,200.0,0.7188187806229842,B_rad_Thnorm,1.6782302506723996,0.9833691810306749,B_scarp_p900,1.4798068036970446,0.9263003374400892,B_st_anisotropy,1.4011247606316066,0.9037014967516849
197,4,279.0569381713867,200.0,0.6965224891901016,B_paleo_geotherm_dist,1.7046988155132505,0.9908897131681442,A_eq_dist_negrank,1.5753221190602218,0.9537686109542847,B_rad_UK,1.555400114325375,0.9486355930566788
198,6,326.01634470621747,223.60679626464844,0.6865372558434805,B_paleo_geotherm_dist,1.6832862432358897,0.984724352757136,A_grav_gradmag,1.6042545829314325,0.9622995058695475,A_grav_slope_abs,1.6000244230082052,0.9610431094964346
206,4,272.6528549194336,223.60679626464844,0.6672730147838593,B_rad_U,1.6637131159937297,0.9795108586549759,A_depth_base,1.648576402425941,0.975000724196434,B_fault_centroid_dist,1.5199537492660606,0.9381053298711777
207,7,232.8651864188058,200.0,0.7226528951099941,B_rad_Thnorm,1.6866619310619957,0.9857982737677438,B_scarp_p900,1.586297005174469,0.9569733228002276,B_rad_ThK,1.3552799175334742,0.8905178989682879
210,18,257.48063320583765,200.0,0.7294276058673859,B_lidar_downface_max,1.7288768151025233,0.9847044481171502,B_paleo_geotherm_dist,1.7051791295270307,0.9910280108451843,B_lidar_step_max,1.664391478560555,0.9713725613223182
212,4,251.61237716674805,200.0,0.7352028787136078,B_vent_dist,1.7282962172278715,0.9981633126735687,B_scarp_p900,1.7256423213995937,0.9971097558736801,B_spring_dist,1.7107367358465322,0.9932574480772018
213,8,1825.1943664550781,1746.4249267578125,0.6842242628335953,B_scarp_fine,1.5410849862168488,0.9440224021673203,B_scarp_p300,1.4947675394399036,0.930702306330204,B_scarp_p900,1.4852437400146434,0.9278663694858551
215,6,4942.619873046875,4741.3076171875,0.6884629726409912,B_scarp_p300,1.6479780276203668,0.9748440583546957,B_scarp_fine,1.6128027265643186,0.9646836916605631,A_grav_regional,1.6016956451645008,0.9609992504119873
216,16,257.162992477417,200.0,0.7256105206906796,B_paleo_geotherm_dist,1.7291971978882827,0.997943576425314,A_eq_dist_negrank,1.568346917840034,0.9517608135938644,B_rad_UK,1.5215697263576105,0.9388723187148571
218,18,315.5747256808811,200.0,0.6772915290461646,B_rad_U,1.6629291431687763,0.9792847765816582,A_depth_base,1.631372269070384,0.9700445267889235,B_fault_centroid_dist,1.582309708434433,0.9560811486509111
226,5,342.2119445800781,282.84271240234375,0.6621707439422607,B_rad_U,1.6622607926854922,0.9790920376777649,A_depth_base,1.614127135820547,0.9650765180587768,B_fault_centroid_dist,1.5849244654727044,0.9568349242210388
230,16,544.4931907653809,400.0,0.6909426301717758,B_vent_dist,1.6182510072683371,0.9664393402636051,A_grav_residual,1.57325116975362,0.9534081853926182,A_grav_anom,1.5572083568562871,0.94877889752388
237,9,257.60211012098523,200.0,0.6858969595697191,B_rad_U,1.657317682377025,0.977666543589698,A_depth_base,1.650592827319839,0.975581619474623,B_fault_centroid_dist,1.5790278657232688,0.9551350673039755
238,50,319.14446228027344,200.0,0.6843105185031891,A_depth_base,1.6621294832990494,0.9789051198959351,B_rad_U,1.6486392891664596,0.9751638686656952,B_fault_centroid_dist,1.6212957452252683,0.9673199450969696
240,28,274.62062236240934,200.0,0.6812947626624789,B_rad_U,1.6836986665268558,0.9852742914642606,A_depth_base,1.6604640350901234,0.9784253346068519,B_fault_centroid_dist,1.6165392703632988,0.965948760509491
241,4,232.51407623291016,200.0,0.6637902706861496,B_rad_U,1.708472200577709,0.9924184828996658,A_depth_base,1.6674230373635954,0.9804300963878632,B_fault_centroid_dist,1.5884702264286004,0.9578570872545242
245,44,7788.228915127841,7244.998046875,0.6960584724491293,B_paleo_geotherm_dist,1.6671518291146274,0.9800787419080734,A_grav_regional,1.6117039455444258,0.9638792913068425,B_scarp_p900,1.4879261428392787,0.9286389974030581
251,20,247.63667831420898,200.0,0.7196530252695084,B_scarp_p900,1.6223583070716483,0.9673602670431137,A_grav_anom,1.6118194697181485,0.9645194560289383,A_grav_residual,1.6099282888929949,0.9639799296855927
252,18,274.17608557807074,200.0,0.6761880119641622,B_scarp_p900,1.6714555773500805,0.9815020362536112,B_vent_dist,1.5945852961013713,0.9596169590950012,A_cond_surf,1.5673290857670785,0.9523072838783264
255,11,226.6816045587713,200.0,0.7424536184831099,B_lidar_cross_max,1.6243702665461313,0.9550260738892988,B_vent_dist,1.6096196008303878,0.9639510674910112,A_grav_anom,1.5812927615078092,0.9557207443497397
256,35,285.3332558768136,200.0,0.7117417999676295,B_vent_dist,1.6010730516659268,0.9614872574806214,B_scarp_p900,1.5886117846860752,0.9576400620596749,A_grav_anom,1.5882780595795762,0.9577341164861407
260,10,8309.87626953125,8065.97802734375,0.6831180691719055,B_paleo_geotherm_dist,1.7353798008052033,0.999723744392395,B_scarp_p300,1.7015379315252641,0.9902752995491028,B_scarp_p900,1.679452437939922,0.9838054180145264
262,8,265.3346576690674,200.0,0.6602080687880516,B_vent_dist,1.7251707759682102,0.9972623065114021,B_spring_dist,1.7160137374487532,0.994779497385025,B_scarp_p900,1.7106280575094268,0.9927851110696793
263,12,241.38486862182617,200.0,0.7255202134450277,B_rad_Thnorm,1.7273526078383938,0.9975208987792333,B_scarp_p900,1.7053112968098052,0.9912536938985189,B_scarp_p300,1.6068120126607652,0.9629836430152258
266,8,238.18999671936035,200.0,0.6968135982751846,B_rad_U,1.7148654438771451,0.9942621663212776,B_rad_UK,1.6728435912682038,0.9825291708111763,A_depth_base,1.6573640399196166,0.9775322824716568
267,49,276.59381072375237,200.0,0.7277755214243519,B_scarp_p900,1.4811813527637296,0.9266962567154242,A_grav_residual,1.3521408781139814,0.8896757680542615,B_rad_Thnorm,1.2316367567789945,0.8547095352289628
268,21,285.7142857142857,200.0,0.714207459063757,A_grav_residual,1.3735040728191037,0.8958334553809393,B_rad_UK,1.088445860571627,0.8138750195503235,B_scarp_p900,1.059850839921878,0.8053380052248637
274,5,6218.55830078125,6129.43701171875,0.7043120265007019,B_paleo_geotherm_dist,1.735102200937741,0.9996438145637512,B_scarp_fine,1.7243668092215698,0.9968243837356567,B_scarp_p300,1.7237134669706824,0.9966643333435059
276,9,5930.034233940973,5818.0751953125,0.7120162116156684,B_paleo_geotherm_dist,1.729375377084843,0.9979948798815409,B_scarp_p900,1.6969820987981608,0.9888545870780945,B_scarp_p300,1.6767697819731215,0.9831393029954698
278,5,232.68826904296876,200.0,0.6502969145774842,B_rad_U,1.710521831155908,0.9930095553398133,A_depth_base,1.646675647143228,0.9744531512260437,B_rad_UK,1.6377975931351134,0.9724150776863099
282,9,254.40909830729166,200.0,0.6636729107962714,B_rad_U,1.6924034761857645,0.9877845843633016,A_depth_base,1.6289116547081544,0.9693356686168246,B_rad_UK,1.5592603440852362,0.9497496353255378
285,4,232.51407623291016,200.0,0.7022882997989655,B_scarp_p900,1.725301913517361,0.9970117062330246,B_vent_dist,1.7227133202110025,0.9965538680553436,B_spring_dist,1.7222089950888613,0.9965663999319077
287,9,371.4367150200738,200.0,0.697757773929172,B_scarp_p900,1.3744828441725674,0.8959632714589437,A_grav_residual,1.3431327151946213,0.8870792720052931,A_grav_vg_abs,1.2633371049425568,0.8640805814001296
290,39,269.6749275403145,200.0,0.7812922291266613,B_rad_Thnorm,1.7345693267487845,0.9995999718323733,B_scarp_p900,1.722542584097136,0.996216920705942,B_scarp_p300,1.695473531913832,0.9885280743623391
291,9,258.9384409586589,200.0,0.7073861294322543,B_scarp_p900,1.7298681443897734,0.998326943980323,B_spring_dist,1.7239220730624965,0.9970605042245653,B_vent_dist,1.7214092589574572,0.9961779316266378
292,21,270.6605987548828,200.0,0.7175529428890773,B_scarp_p900,1.6892129454117535,0.9866167931329637,A_cond_surf,1.5673290857670785,0.9523072838783264,B_vent_dist,1.5612626545947785,0.9500106658254351
295,28,216.84632437569755,200.0,0.7314563606466565,A_cond_surf,1.5673290857670785,0.9523072838783264,B_vent_dist,1.562437420312279,0.9503493287733623,B_st_ori_y,1.4846225930424846,0.9278254445110049
296,7,374.3527069091797,223.60679626464844,0.6673725502831596,A_grav_anom,1.7114985799525662,0.9932499613080706,A_grav_vg_abs,1.675775360479257,0.9829513941492353,B_rad_UK,1.658398458365109,0.9783603804452079
297,25,422.4435858154297,200.0,0.7000557804107665,B_rad_UK,1.715883189009536,0.9949501752853394,A_grav_anom,1.68671131906435,0.9861055302619934,A_grav_slope_abs,1.655245421115912,0.9769555425643921
298,7,229.49278695242745,200.0,0.7010537811688015,B_st_ori_y,1.6529032324389057,0.9763177803584507,A_cond_surf,1.5673290857670785,0.9523072838783264,B_vent_dist,1.5659842541574278,0.9513718145234245
301,12,262.4828745524089,223.60679626464844,0.684609611829122,B_scarp_p900,1.7296420450375318,0.9982618192831675,B_spring_dist,1.724906469068055,0.997344434261322,B_vent_dist,1.719518089292653,0.9956327428420385
304,11,384.19360906427556,200.0,0.6915979602120139,A_grav_anom,1.7267195795954309,0.9976371093229814,B_rad_UK,1.7006045911031158,0.9905408512462269,A_grav_residual,1.6965053279104456,0.9889347336509011
308,34,364.70090664134307,200.0,0.7143682925140157,A_grav_anom,1.7337638401230184,0.9996674762052649,A_grav_residual,1.7325047762102874,0.999311147367253,B_rad_UK,1.7098869598224038,0.9932196946705089
309,8,217.70509719848633,200.0,0.7204261645674706,B_scarp_p900,1.7228955712325336,0.996318593621254,B_rad_Thnorm,1.6974567183408367,0.9889081567525864,A_grav_hg_abs,1.5411170711706617,0.9441319480538368
315,6,289.7470474243164,223.60679626464844,0.709052711725235,A_grav_anom,1.7341982119521637,0.9997926751772562,A_grav_residual,1.7313658541658135,0.9989828666051229,A_grav_regional,1.6968801386989139,0.9883900384108225
316,26,396.083859370305,200.0,0.6998680050556476,A_grav_anom,1.7326748426163525,0.9993535945048699,A_grav_residual,1.7308531697516334,0.9988350914074824,B_rad_UK,1.6968929820254888,0.9894697001347175
317,10,231.28990173339844,200.0,0.7442102611064911,B_scarp_p900,1.7143897508494912,0.993868613243103,B_rad_Thnorm,1.6709996904398725,0.9812861204147338,B_scarp_p300,1.5929092495032122,0.9589780926704407
319,10,652.5917358398438,500.0,0.6757889807224273,B_vent_dist,1.709413218680189,0.9927196979522706,B_spring_dist,1.7020357458418929,0.9907478153705597,B_rad_Unorm,1.6803512530917473,0.9840698063373565
323,10,251.32886810302733,200.0,0.7516927361488343,B_scarp_p900,1.706700340312879,0.9916537880897522,B_rad_UK,1.630046805242578,0.9701782405376435,B_vent_dist,1.6056783937944263,0.9628148913383484
324,124,288.39570876090755,200.0,0.7452223772002805,B_scarp_p900,1.7247453037409874,0.9968513827170095,B_vent_dist,1.6947659371578856,0.9884971610961422,B_scarp_p300,1.664441048553912,0.9795872492174948
328,9,366.4922570122613,200.0,0.6722485290633308,B_rad_Thnorm,1.6447536989596554,0.973724881807963,B_scarp_fine,1.6413720283788042,0.9729142718844943,B_scarp_p300,1.6368256649873898,0.9716309309005737
332,10,679.356884765625,600.0,0.6980526328086853,A_grav_anom,1.7230841831472201,0.9965892791748047,A_grav_residual,1.708328080885546,0.9923425018787384,B_scarp_p900,1.6214970751295998,0.9671122014522553
335,18,270.2840270996094,200.0,0.7656396130720774,A_cond_surf,1.7230763099900488,0.9972728490829468,B_scarp_p900,1.7081892436925707,0.9920826454957327,B_scarp_p300,1.5734481990215192,0.9533711340692308
337,66,608.3095014167554,200.0,0.7490967277324561,B_scarp_p900,1.6715693821294983,0.9815348160989357,A_grav_regional,1.6562172951374567,0.9766886857422915,A_grav_anom,1.5947256021804312,0.9595924913883209
339,13,1300.742666391226,1166.1904296875,0.7053037010706388,A_tmi_up150_gradmag,1.714940788635761,0.9919338822364807,A_mag_step900,1.7039234605739213,0.9911782558147724,A_mag_step300,1.7034487690425513,0.9910388497205881
340,58,570.1546183619006,200.0,0.7149379869987225,B_scarp_p900,1.7033744957204922,0.9906958259385208,B_vent_dist,1.5894933403648839,0.9581490436504627,B_st_ori_y,1.5119473484439772,0.9356994413096329
346,8,236.161527633667,200.0,0.6658280417323112,B_rad_Thnorm,1.649833972947369,0.9751884639263153,B_scarp_p900,1.6299236860128723,0.9695393666625023,B_scarp_p300,1.4917084787533332,0.9298209547996521
347,4,838.928955078125,728.010986328125,0.6807793527841568,B_scarp_p900,1.6838715840961818,0.985078290104866,B_rad_Unorm,1.5767483124613704,0.954224482178688,B_rad_UTh,1.4768828887032208,0.9257444441318512
351,5,704.3217651367188,600.0,0.6596769332885742,B_scarp_p900,1.6564306011308132,0.9771743059158325,B_scarp_p300,1.558329960372545,0.9490153908729553,B_scarp_fine,1.5577012031470092,0.9488093972206115
352,47,270.3974771702543,200.0,0.7011538185971848,B_rad_Thnorm,1.587961506715088,0.9573635522355425,B_st_ori_y,1.3487781928044054,0.8886800484454378,A_grav_hg_abs,1.1857543011970917,0.8417152039548184
354,5,200.0,200.0,0.7186993598937989,A_cond_surf,1.715429470743022,0.9950651407241822,B_scarp_p900,1.6542156115321256,0.9765363097190857,B_scarp_p300,1.5407474147483122,0.9439496517181396
355,4,225.0,200.0,0.719157412648201,B_scarp_p900,1.7209474862457024,0.9957574754953384,B_rad_Thnorm,1.665976857420392,0.9798390865325928,B_scarp_fine,1.6209493761618905,0.9670306742191315
357,23,267.4420232358186,200.0,0.7068986374398937,B_scarp_p900,1.7168670834954438,0.9945821736169898,B_st_ori_x,1.6163828355617975,0.9658096950987111,B_scarp_p300,1.595504015364428,0.9597256753755652
361,5,241.28990173339844,200.0,0.6898893356323242,B_scarp_p900,1.7120200981193867,0.993186068534851,B_scarp_p300,1.6692704464437396,0.9809786558151246,B_scarp_fine,1.6401492211764628,0.9725619912147522
362,26,375.85028076171875,200.0,0.698057254919639,B_st_ori_y,1.3667719377270768,0.893865188727012,A_grav_hg_abs,1.297413681606061,0.8738958124931042,A_grav_vg_abs,1.296747299237469,0.8737098941436181
363,9,234.04994540744357,200.0,0.7180807789166769,B_scarp_p900,1.730501641044368,0.9985094136661954,B_scarp_p300,1.663939344666873,0.9794427023993598,B_scarp_fine,1.6125651425312728,0.9646152456601461
364,4,200.0,200.0,0.6896680444478989,B_rad_Thnorm,1.7238149435006092,0.9965017288923264,B_scarp_p900,1.5914856608640746,0.9584678411483765,B_scarp_p300,1.3339146534393806,0.8843586891889572
369,17,260.82096503762637,200.0,0.7214480042457581,B_scarp_p900,1.702940581813969,0.9905708432197571,B_rad_Thnorm,1.641301504598438,0.9727303350673002,B_scarp_fine,1.5495952115952736,0.9464741279097164
370,7,276.4268341064453,200.0,0.7001463600567409,A_grav_anom,1.656136482004572,0.9772929464067731,A_grav_regional,1.6119989724802692,0.9639641898018974,B_vent_dist,1.5593030847386293,0.9494457585471017
374,12,258.52886327107746,200.0,0.7158061961332957,A_cond_surf,1.7211517932351625,0.996717224518458,B_scarp_p900,1.6510037027887272,0.9756111651659012,B_scarp_fine,1.5244254317521846,0.93922292192777
376,17,245.41970196892234,200.0,0.7317263098324046,B_rad_Thnorm,1.7313588398167767,0.9986750588697546,B_scarp_p900,1.7118052704966873,0.9931241904988009,B_scarp_p300,1.5943798735853578,0.9594017968458288
380,8,228.75703811645508,200.0,0.7021806687116623,B_rad_Thnorm,1.570072948931647,0.9522100165486336,A_grav_hg_abs,1.4271115391638087,0.9112751707434654,B_lidar_cross_max,1.1725528397021974,0.8283247426152229
381,8,1239.0933380126953,1077.032958984375,0.6862652599811554,A_cond_surf,1.7230763099900488,0.9972728490829468,B_scarp_p900,1.6287281714611228,0.9691950157284737,B_scarp_p300,1.60379803462882,0.9621152803301811
387,5,220.0,200.0,0.6787984371185303,B_scarp_p900,1.618782689578212,0.9663303613662719,B_rad_Thnorm,1.6054331527719707,0.9623969793319702,B_st_ori_y,1.5575745825510046,0.9488475441932678
393,6,227.24022420247397,200.0,0.7104403873284658,B_scarp_p900,1.7016447210886272,0.9901975890000662,B_scarp_p300,1.6477198755475717,0.9747696816921234,A_eq_dist_negrank,1.6202903495284977,0.96671262383461
394,5,204.7213592529297,200.0,0.7131740689277649,B_rad_Thnorm,1.6567400269722876,0.9771780371665955,A_grav_hg_abs,1.5036747828604249,0.9333409547805787,B_st_coherence,1.2583876752482048,0.8626433491706849
397,56,305.2099860055106,200.0,0.710707181266376,A_grav_hg_abs,1.40885756356877,0.9060143136552402,B_rad_Thnorm,1.2404856684691188,0.8572588286229542,B_st_ori_y,1.1984976905796914,0.8453746948923383
402,7,408.13630240304127,223.60679626464844,0.6814044032778058,A_grav_hg_abs,1.6100491730483157,0.9639984113829476,A_grav_slope_abs,1.4669151668268763,0.9226864661489215,B_st_coh_xgmag9,1.4513517027787908,0.9182314361844744
405,4,792.1483764648438,721.1102294921875,0.6718503385782242,A_grav_step300,1.4166425883349956,0.9082134515047073,A_grav_gradmag,1.40687186821907,0.9054163098335266,B_st_coherence,1.3453928572991347,0.8877177834510803
406,10,252.36067962646484,200.0,0.7263267576694489,B_scarp_p900,1.7046941893979295,0.9910759449005127,B_scarp_p300,1.6262313894146303,0.9685785949230195,B_scarp_fine,1.607543595374066,0.9631685793399811
411,4,205.9016990661621,200.0,0.7992687970399857,B_rad_UK,1.6542688771045917,0.9771686047315598,B_scarp_p900,1.6430997732058439,0.973334550857544,B_rad_Thnorm,1.526249029800055,0.9395847320556641
412,4,322.8171730041504,223.60679626464844,0.6841731518507004,B_st_coh_xgmag9,1.699126641970494,0.9896377474069595,B_st_coherence,1.603452087159714,0.9620890915393829,A_grav_gradmag,1.4688406748659089,0.9232749342918396
413,23,521.1524936841881,200.0,0.697184637836788,B_scarp_p300,1.6919563644623552,0.9875147368596948,B_scarp_p900,1.6871464928150783,0.9860215809034265,B_st_anisotropy,1.6754838413951683,0.9827539039694745
418,76,1119.7126673648231,565.6854248046875,0.6933711688769492,A_cond_surf,1.411260485470012,0.9072489346328535,B_vent_dist,1.3928965441337946,0.9014738704028883,B_scarp_p900,1.3894661186564237,0.9002789902059656
421,4,205.9016990661621,200.0,0.6849206537008286,B_scarp_p900,1.7189951073600527,0.9951951205730438,B_scarp_p300,1.6171059946536683,0.9659494608640671,A_eq_dist_negrank,1.5934989216165132,0.9590007662773132
430,9,235.85302903917102,200.0,0.6926405562294854,B_rad_UK,1.679196712415843,0.9843626485930549,B_scarp_p900,1.6760434386659384,0.9828235043419732,B_rad_Unorm,1.5917188570167775,0.9585371083683438
433,16,233.7363567352295,200.0,0.7241344153881073,B_scarp_p900,1.7259088535286609,0.9971865266561508,B_scarp_p300,1.6953440971523845,0.9884907826781273,B_scarp_fine,1.6704912202768385,0.98130327090621
434,8,225.0,200.0,0.7164311036467552,B_scarp_p900,1.6579372371055048,0.9776082709431648,B_rad_Unorm,1.6406068731989083,0.9726204797625542,B_rad_UTh,1.5783052071056312,0.9549937173724174
435,4,211.80339813232422,200.0,0.7283782064914703,B_rad_UK,1.6807139055590483,0.9848005026578903,B_scarp_p900,1.6324333664048063,0.9702622443437576,B_st_ori_y,1.6198548082711843,0.9667944312095642
439,12,350.23611704508465,200.0,0.6889445831378301,B_rad_UK,1.6550320202930706,0.9773888438940048,B_rad_Unorm,1.6495106734259628,0.9751854340235392,B_rad_UTh,1.5615344902900121,0.9501571953296661
441,16,282.7497787475586,200.0,0.7293444648385048,B_rad_UK,1.7144681470168528,0.9945418015122414,B_scarp_p900,1.6797601501106698,0.9838940501213074,B_rad_Unorm,1.6407589888850143,0.972664300352335
444,8,241.1408462524414,200.0,0.705976776778698,B_rad_UK,1.715883189009536,0.9949501752853394,B_scarp_p900,1.6664796901361778,0.9800688028335571,B_rad_Unorm,1.6278208534092085,0.9689371585845947
446,12,313.0081723531087,200.0,0.6903385818004608,A_grav_anom,1.539151046519306,0.9435742398103079,A_grav_regional,1.4876844858284093,0.9281908025344213,B_scarp_p900,1.457107804183399,0.9197622140248617
451,73,307.11811933125534,200.0,0.775537370818935,B_scarp_p900,1.7166884566637028,0.9945307227030192,B_rad_UK,1.6299736760743466,0.9701571358393316,B_rad_Thnorm,1.5054320200623694,0.9335875351951547
452,4,313.03628158569336,223.60679626464844,0.6614558547735214,B_scarp_p300,1.6973755836338746,0.9890760779380798,B_scarp_fine,1.6912189745871813,0.9872747659683228,B_scarp_p900,1.677937674597708,0.9833691120147705
455,4,226.61237716674805,200.0,0.719534233212471,B_scarp_p900,1.6566368324350278,0.9772337079048157,B_scarp_p300,1.5949947369021336,0.9595789462327957,A_grav_anom,1.5885514653298343,0.9578129202127457
460,30,252.70375010172526,200.0,0.6815669457117717,A_cond_surf,1.6582528765828404,0.9785577654838562,B_vent_dist,1.4275033430835302,0.9114503622055053,B_st_coh_xgmag9,1.3946673363673785,0.9018955568472544
463,99,328.5609385172526,200.0,0.7068196372552351,A_cond_surf,1.6582528765828404,0.9785577654838562,B_vent_dist,1.4071909570498544,0.9055946818505874,B_st_coh_xgmag9,1.3329627042961174,0.884112886106125
466,18,229.08926645914713,200.0,0.7519340250227187,B_scarp_p900,1.7298333333439309,0.9983169171545241,B_scarp_p300,1.6873034922031627,0.9861741893821292,B_scarp_fine,1.6717030037294704,0.9816523757245805
467,43,234.61185685978379,200.0,0.7480702053668887,B_scarp_p900,1.692079657426194,0.9874425086864206,B_rad_UK,1.6527153318398824,0.9767202596331752,B_rad_Unorm,1.5383893875700192,0.9431742693102637
468,20,238.92658004760742,200.0,0.7295720666646958,B_scarp_p900,1.7007085407809375,0.9899279356002808,B_scarp_p300,1.6646034245248515,0.9796340316534042,B_scarp_fine,1.6480467316743017,0.9748371988534927
472,55,2500.898077947443,2102.379638671875,0.725470425865867,B_scarp_p900,1.7032355957078165,0.9906558177687905,B_scarp_p300,1.6177504482628968,0.9661351355639372,B_scarp_fine,1.59530670357764,0.9596432317386974
473,48,246.8809674580892,200.0,0.7362687761584917,B_rad_UK,1.6949845454942603,0.9889189352591833,B_scarp_p900,1.6407109858969087,0.9726464947064718,B_rad_Unorm,1.5849970742408537,0.9566007368266582
474,14,274.30172947474887,200.0,0.7164579161575862,B_rad_UK,1.666318595299164,0.9806460908481053,B_st_ori_y,1.564135310564693,0.9507381064551217,B_rad_Unorm,1.5455981841511914,0.9452509369168963
479,5,351.41533203125,300.0,0.6907903671264648,B_scarp_fine,1.64940295719612,0.9752279162406922,B_scarp_p300,1.6416550361829914,0.9730223298072815,B_scarp_p900,1.6122659790225191,0.9644533157348633
483,6,207.86893208821616,200.0,0.6761262714862823,A_mag_gradmag,1.5942025826106008,0.9595696330070496,B_st_ori_x,1.5469905600398999,0.9458119372526804,A_tmi_up150_gradmag,1.5384150944556365,0.9413456519444784
485,32,251.2336368560791,200.0,0.7317350953817368,B_scarp_p900,1.7039528296601245,0.9908624067902565,B_scarp_p300,1.5655987665089353,0.9511096198111773,B_scarp_fine,1.5331369080782464,0.9417326264083385
487,5,227.96690979003907,200.0,0.6889059901237488,B_paleo_geotherm_dist,1.7124870236665704,0.9931321859359741,B_scarp_p900,1.6415114652062768,0.9728770613670349,B_vent_dist,1.5556868818901848,0.94840327501297
489,68,241.92880114387063,200.0,0.7287823233534308,B_scarp_p900,1.719097643594488,0.99522465467453,B_scarp_p300,1.6623277508945462,0.9789783831904916,B_scarp_fine,1.629921895484852,0.9696155830341227
494,15,200.0,200.0,0.7718569000562032,B_scarp_p900,1.7065150646144642,0.9916004220644633,B_rad_UK,1.679056989859314,0.9843223253885905,B_az_deriv_090,1.6480308920721631,0.9750534931818644
499,67,452.4794778396834,200.0,0.7227208329670465,B_scarp_p900,1.7119445625631464,0.9931643115940378,B_scarp_p300,1.52835074130806,0.9403780236173032,A_eq_dist_negrank,1.5182165901624936,0.9373309016227722
500,15,246.1868438720703,200.0,0.7006952961285909,B_scarp_p900,1.704837622863039,0.991117258866628,B_scarp_p300,1.657087847746457,0.9774687051773071,B_scarp_fine,1.6175459383372093,0.9660501718521118
501,8,1687.726333618164,1565.24755859375,0.6732397079467773,B_scarp_p900,1.6739861495428923,0.982230931520462,A_tmi_up150_gradmag,1.6705740871875925,0.9792193993926048,A_mag_step300,1.666672363840452,0.9804385080933571
503,45,275.4455922444661,200.0,0.7152897013558281,B_scarp_p900,1.7263482694055767,0.9973130941390991,B_scarp_p300,1.7033075208267547,0.9907851391368442,B_scarp_fine,1.6775632926376307,0.9833406766255697
504,14,284.9085202898298,200.0,0.7141466779368264,B_scarp_p900,1.7211700964458918,0.9958215951919556,B_paleo_geotherm_dist,1.7100227104679373,0.9924226318086896,B_scarp_p300,1.6407549859198565,0.9727630146912166
508,41,244.54559512254667,200.0,0.7441553211793667,B_scarp_p900,1.706487299336862,0.9915924246718244,B_rad_UK,1.6378288110034762,0.9724240870010562,B_scarp_p300,1.5522275823341876,0.9472572236526303
509,22,225.75282356955788,200.0,0.7389192987572063,B_scarp_p900,1.724784449327552,0.9968626580455087,B_scarp_p300,1.5560364539412097,0.9483546045693484,A_cond_surf,1.5146539804054873,0.9370995272289623
514,39,246.5845927703075,200.0,0.7726081395760561,B_scarp_p900,1.7186034884003458,0.9950823203111306,B_rad_UK,1.699455791135336,0.9902093135393583,B_scarp_p300,1.6102871566099524,0.9639848730502985
515,30,1061.748602294922,640.3124389648438,0.722223554054896,B_scarp_p900,1.7110519118831549,0.9929071962833405,B_scarp_p300,1.65114750891673,0.975757223367691,A_cond_surf,1.6319100681192675,0.9709523697694142
516,50,323.27352447509764,200.0,0.7271711385250091,B_rad_UK,1.6879809598064155,0.986897736787796,B_scarp_p900,1.6796514306619357,0.9838627350330352,A_cond_surf,1.5521870260645485,0.9479356408119202
519,7,238.5558362688337,200.0,0.7282105599130902,B_scarp_p900,1.7174178053400388,0.9947408011981419,B_rad_Unorm,1.6135613023931616,0.9648293512208121,B_scarp_p300,1.58139139251652,0.9556596619742257
521,6,200.0,200.0,0.7231852412223816,B_paleo_geotherm_dist,1.7114402727469944,0.9928307930628458,B_scarp_p900,1.7108133504524148,0.9928384820620219,B_rad_Unorm,1.5897938716389939,0.9579825699329376
522,8,3023.4495544433594,2816.025634765625,0.6738618686795235,A_cond_surf,1.6727964301897438,0.9827566146850586,B_scarp_p900,1.5948920935706923,0.959449015557766,A_grav_anom,1.5777809892635024,0.9547085464000702
523,183,525.4742234860613,200.0,0.7242485398803252,A_cond_surf,1.6886228362725855,0.9873258344462661,B_scarp_p900,1.6340367852305253,0.9707240862924544,A_eq_dist_negrank,1.44133461886686,0.9152005839217556
529,35,261.51351492745533,200.0,0.7376773970467704,B_paleo_geotherm_dist,1.699447997903028,0.9893778358186994,B_scarp_p900,1.6773785720188898,0.9832080704825265,A_grav_residual,1.605207563218426,0.9626192365373883
530,80,540.4182584762573,200.0,0.6791923053562641,A_cond_surf,1.6603267729787288,0.9791565172374248,B_spring_dist,1.6358132762814943,0.9716472215950489,A_depth_base,1.5750571308986838,0.9538211613893509
532,4,2390.3717041015625,2280.350830078125,0.666327103972435,A_cond_surf,1.6727964301897438,0.9827566146850586,B_scarp_p900,1.6031954333442713,0.9618406742811203,A_grav_anom,1.5663382728666844,0.9514104127883911
536,8,233.7363567352295,200.0,0.6734377294778824,B_scarp_p900,1.7161361467527856,0.9943716377019882,B_rad_Unorm,1.5597279340676988,0.9493213519454002,B_rad_UK,1.4873707268050995,0.9290026649832726
537,22,290.85218464244497,200.0,0.739103303714232,B_rad_UK,1.6868181920731322,0.9865621680563147,B_rad_Unorm,1.5579471367162687,0.9488083503463052,A_cond_surf,1.5519270177796929,0.9478605741804297
545,6,1617.0958862304688,1503.32958984375,0.6614304880301157,A_cond_surf,1.6905320851241898,0.9878770510355631,B_scarp_p900,1.6694218558109108,0.9809162517388662,A_grav_anom,1.5474125939416028,0.9459554652372996
551,4,1310.696044921875,1208.3045654296875,0.6777954548597336,A_cond_surf,1.6977377110728158,0.9899573773145676,B_scarp_p900,1.6527025864429272,0.976100504398346,B_rad_Thnorm,1.6051170688271372,0.9623059183359146
553,36,1200.4824083116318,806.2257690429688,0.7307532827059428,B_scarp_p900,1.7161527015434108,0.9943764060735703,B_scarp_p300,1.5748746498432393,0.9537821114063263,B_rad_UK,1.56688621102571,0.9519504209359487
555,4,306.8899345397949,223.60679626464844,0.6936473250389099,A_cond_surf,1.7273291303822045,0.9985006749629974,B_spring_dist,1.708125538877762,0.9925042986869812,B_scarp_p900,1.6648311951259438,0.9795939773321152
560,43,1289.3545589003452,806.2257690429688,0.705433375613634,B_scarp_p900,1.6952692698984568,0.9883612311163614,B_scarp_p300,1.6929583583114252,0.9878034231274627,B_scarp_fine,1.6816741204613541,0.9845249722170275
562,63,427.9247618175688,200.0,0.7720728100292267,A_cond_surf,1.728378543709043,0.9988036496298653,B_scarp_p900,1.718305477154984,0.994996482417697,B_spring_dist,1.7006647891394233,0.9903523893583388
564,21,272.3333115350632,200.0,0.7282901860418773,B_scarp_p900,1.6714961464411546,0.9815137216023037,A_cond_surf,1.6102270463003179,0.9646922945976257,B_st_ori_y,1.5341505290108477,0.9420975872448513
566,13,338.34345773550183,200.0,0.6945220232009888,B_rad_UK,1.6805729262342068,0.9847598167566153,B_scarp_p900,1.5954312405205267,0.9596043091553909,B_rad_Unorm,1.4961664325779356,0.9310109294377841
570,12,225.0,200.0,0.7013595749934515,B_scarp_p900,1.684894946070002,0.9853730549414953,B_rad_UK,1.6525825440765363,0.9766819377740225,B_scarp_p300,1.5846127101225491,0.9565877616405487
572,6,200.0,200.0,0.7989701430002848,B_scarp_p900,1.7233591226146154,0.9964521129926046,B_rad_UK,1.715883189009536,0.9949501752853394,B_scarp_p300,1.65782821699554,0.9776820143063863
575,42,672.557752700079,200.0,0.7036346083595639,B_rad_UK,1.7066147144230641,0.9922753416356587,B_scarp_p900,1.6449402323455267,0.9738646688915434,B_rad_Unorm,1.6444622083555511,0.9737311019783929
577,11,223.06028192693537,200.0,0.7138451933860779,B_scarp_p900,1.709637615426548,0.992499828338623,B_scarp_p300,1.679375779351335,0.9838901216333563,B_rad_UK,1.6601823731276006,0.9788752089847218
579,4,295.8080940246582,223.60679626464844,0.7209270745515823,B_rad_UK,1.6525356436437757,0.9766684025526047,B_scarp_p900,1.5842031050005674,0.9563702046871185,A_grav_anom,1.4770666905156402,0.9256796687841415
580,7,2046.4786376953125,1910.497314453125,0.6799079860959735,B_scarp_p300,1.711752224230753,0.9932181579726083,B_scarp_fine,1.6930559627051829,0.9878039870943341,B_st_anisotropy,1.6756009365433382,0.9827876431601388
584,11,251.5458748557351,200.0,0.6791337728500366,B_scarp_p900,1.722048139965943,0.9960745031183417,B_scarp_p300,1.694663722078904,0.9882947585799478,B_scarp_fine,1.67027764268558,0.9812417409636758
587,7,200.0,200.0,0.7479953254972186,B_scarp_p900,1.7262864727371425,0.9972952944891793,B_rad_UK,1.715883189009536,0.9949501752853394,B_rad_UTh,1.6866605561208392,0.986242413520813
588,33,352.6842415549538,200.0,0.7217527826627096,A_cond_surf,1.7288452150711433,0.9989383816719055,B_spring_dist,1.6931645385441467,0.9881890867695664,B_scarp_p900,1.6716915959900636,0.9815700180602797
591,53,337.622579322671,200.0,0.7376261049846433,B_scarp_p900,1.7232310273191975,0.9964152169677446,B_rad_UK,1.7139573372493184,0.9943943844651276,B_scarp_p300,1.6817360846477456,0.9845701534793062
592,20,299.3600654602051,200.0,0.724728137254715,B_scarp_p900,1.628428897060222,0.9691088140010834,A_cond_surf,1.6102270463003179,0.9646922945976257,A_eq_dist_negrank,1.5622722843053083,0.9500122427940368
594,87,292.82553942450164,200.0,0.7380163032433082,B_scarp_p900,1.7261981550358831,0.9972698558336017,B_scarp_p300,1.6955584450072756,0.988552538827918,B_scarp_fine,1.66564430490466,0.9799069145630146
598,10,248.83626861572264,200.0,0.7102488458156586,B_scarp_p900,1.7296548405111196,0.9982655048370361,B_rad_UK,1.715883189009536,0.9949501752853394,B_rad_ThK,1.6329110571522047,0.9705091536045074
604,29,395.44447326660156,200.0,0.6863517082970718,A_cond_surf,1.7288452150711433,0.9989383816719055,B_spring_dist,1.68363242376884,0.9854397321569508,B_scarp_p900,1.6361329107774438,0.971327845392556
605,7,233.7865447998047,200.0,0.6890792846679688,B_scarp_p900,1.723487353263667,0.9964890480041504,B_scarp_p300,1.6936418088697738,0.9880003333091736,B_rad_UK,1.6920138167615921,0.9880615983690534
606,5,1688.2715087890624,1529.705810546875,0.6547038674354553,B_scarp_p900,1.682773204778426,0.984761917591095,B_paleo_geotherm_dist,1.583046159352233,0.9558620452880859,B_scarp_p300,1.5653502761748472,0.9510380268096924
610,17,270.99053955078125,200.0,0.701506660265081,B_scarp_p900,1.6864695267803769,0.9858265904819264,B_scarp_p300,1.6406543612782687,0.9727340235429651,B_rad_UK,1.6339750178335812,0.9713119022986468
611,10,258.9292221069336,200.0,0.6881190478801728,A_cond_surf,1.6102270463003179,0.9646922945976257,A_grav_hg_abs,1.5769458027918553,0.9544579088687897,A_eq_dist_negrank,1.5668960308449975,0.9513431787490845
614,25,254.380966796875,200.0,0.7531339764595032,B_scarp_p900,1.71177846439542,0.9931164693832397,B_rad_UK,1.6326935840928778,0.9709420871734619,B_scarp_p300,1.5576835754421403,0.9488291597366333
617,18,261.1111111111111,200.0,0.747484372721778,B_scarp_p900,1.7239508299192634,0.9966225458516015,B_scarp_p300,1.6718300562544735,0.9817161096466912,B_scarp_fine,1.6301385449562338,0.9696779979599847
618,15,239.28262532552083,200.0,0.7156492431958517,A_cond_surf,1.7288452150711433,0.9989383816719055,B_scarp_p300,1.7165525691420414,0.9946011940638224,B_scarp_p900,1.708599740419613,0.9922008832295736
619,33,1482.0230971827652,1272.792236328125,0.6685491619688092,A_mag_anom,1.404888017542396,0.9049898078947356,B_rad_K,1.388109513882297,0.9005009748718955,B_band6_TC,1.3059070607515322,0.8764859979802911
621,14,317.3397532871791,200.0,0.6699188138757434,A_cond_surf,1.6960760256857257,0.9894776344299316,B_scarp_p900,1.624444046620635,0.9679610346044812,A_eq_dist_negrank,1.5548354518120788,0.9478715658187866
625,4,205.9016990661621,200.0,0.6908028274774551,B_scarp_p900,1.691147311108556,0.9871739596128464,B_scarp_p300,1.6699347285846298,0.981170043349266,B_rad_UK,1.6605907800620328,0.9789930731058121
627,17,783.4618637982537,500.0,0.7027257400400498,B_rad_UK,1.6840186593835529,0.9857542374554802,B_scarp_p900,1.6830230749976343,0.9848338891478146,B_st_ori_y,1.6391156413338017,0.9723447000279146
630,7,371.42857142857144,200.0,0.6785940613065448,A_cond_surf,1.6960760256857257,0.9894776344299316,A_eq_dist_negrank,1.5548354518120788,0.9478715658187866,A_grav_residual,1.2663085545869737,0.8649356194904873
631,11,218.76813715154475,200.0,0.7439636967398904,B_scarp_p900,1.6951076261928257,0.9883146719499067,B_rad_UK,1.6675570456790783,0.9810035011985085,B_st_anisotropy,1.6008302816840942,0.9612436131997542
632,21,358.9615282331194,200.0,0.7195689593042646,A_cond_surf,1.7287112469940542,0.9988997039340791,B_scarp_p900,1.6853171498916883,0.9854946647371564,B_spring_dist,1.6459900906405585,0.9745825273650033
636,9,200.0,200.0,0.689335823059082,B_scarp_p900,1.6595228382818408,0.9780649807718065,B_rad_UK,1.6549034012347146,0.977351725101471,B_rad_Unorm,1.6095330727581696,0.9636689225832621
639,12,833.3333333333334,700.0,0.6752050270636877,B_lidar_cross_max,1.6911576242989583,0.9737549821535746,B_rad_TC_grad,1.6905207430919413,0.9872889369726181,B_band6_grad,1.687682847031229,0.9864295870065689
645,29,605.2292227909483,200.0,0.7097073074044853,B_scarp_p900,1.7000212087083695,0.9897299593892591,A_cond_surf,1.6778510092650198,0.9842159152030945,B_st_anisotropy,1.4557164539788652,0.9194312650581886
648,18,239.247194925944,200.0,0.7301973601182302,B_scarp_p900,1.7126135344799445,0.9933569994237688,B_scarp_p300,1.6625546836557883,0.979043765200509,B_scarp_fine,1.6368915061563756,0.9716234703858694
651,10,200.0,200.0,0.7094993472099305,B_scarp_p900,1.686247124123702,0.9857625305652619,B_st_ori_y,1.6337862118597022,0.9708089530467987,B_fault_centroid_dist,1.5912333129201703,0.9586536228656769
656,6,235.48316955566406,200.0,0.7227568626403809,B_scarp_p900,1.7289714380606191,0.9980686604976654,B_az_deriv_090,1.69822936892557,0.9895233909289042,B_elev_gradmag,1.6823523533691427,0.9847582280635834
659,12,266.99167505900067,200.0,0.7232037931680679,A_grav_anom,1.7086844950701354,0.9924388577540716,A_grav_regional,1.6661691637356248,0.9795524875322977,A_mag_residual,1.6010361516284226,0.9613900830348333
661,66,1052.0602037834399,707.1068115234375,0.7453578818928112,B_scarp_p900,1.721042646505716,0.9957848850524786,B_scarp_p300,1.6783491768565229,0.9835943453239672,B_scarp_fine,1.64441212386447,0.9737900983203541
665,45,254.12678663465712,200.0,0.7431409994761149,B_scarp_p900,1.7262684385263396,0.9972900999916925,B_scarp_p300,1.676980533183149,0.9832000229093764,B_paleo_geotherm_dist,1.6586354969109,0.9776266190740798
666,15,255.73106282552084,200.0,0.7606419722239176,B_scarp_p300,1.7219968436107023,0.9961697538693746,A_cond_surf,1.7113848853278417,0.9938974340756734,B_scarp_p900,1.7102070726327403,0.992663852373759
670,10,1642.8460327148437,1360.1470947265625,0.6878209412097931,B_scarp_p300,1.713707083006253,0.9937813758850098,B_scarp_p900,1.705333142235601,0.9912599861621857,B_scarp_fine,1.682872037167034,0.9848700821399688
671,7,681.5457676478794,600.0,0.6972478628158569,B_rad_TC_grad,1.7121085021273565,0.9935134053230286,B_band6_grad,1.7117015055927935,0.9933521662439618,B_scarp_p900,1.6552200084166377,0.9768256119319371
672,5,230.7326202392578,200.0,0.807688307762146,B_scarp_p900,1.7331443420530719,0.9992706060409546,B_scarp_p300,1.6898794846310807,0.9869163632392883,B_st_ori_y,1.6574818534171087,0.9776371717453003
676,23,1151.2315912661345,905.5385131835938,0.7508642077445984,B_scarp_p900,1.6840744365136466,0.9851367188536603,B_scarp_p300,1.667824340898842,0.9805620157200358,B_scarp_fine,1.6332508063346818,0.9705746147943579
677,6,234.4082514444987,200.0,0.7146472533543905,B_scarp_p300,1.7133797019055754,0.9936870535214742,B_scarp_p900,1.710226690059631,0.9926695028940836,B_scarp_fine,1.704013443727017,0.9909607470035553
678,5,264.7992919921875,200.0,0.6551213145256043,B_scarp_p300,1.7109122549478453,0.9929761528968811,B_scarp_fine,1.71075367860682,0.9929025530815124,B_scarp_p900,1.6945891452002513,0.9881653308868408
679,24,369.0006898244222,200.0,0.7114803642034531,B_scarp_p900,1.6999411727772769,0.989706906179587,B_scarp_p300,1.6602759810214207,0.9783872440457344,A_eq_dist_negrank,1.638434331506245,0.9719353318214417
680,37,278.6152908737595,200.0,0.7016883846875783,A_grav_vg_abs,1.6681299167586947,0.980747864053056,A_mag_step900,1.6275528378720139,0.9691653171101132,A_grav_regional,1.5677745365245035,0.9512379346667109
684,13,262.0945258507362,200.0,0.7184456403438861,B_scarp_p300,1.6929202423831662,0.9877924414781424,B_scarp_p900,1.6892817175291457,0.986636601961576,B_scarp_fine,1.6858304668618673,0.9857223813350384
686,6,220.60113271077475,200.0,0.7091730733712515,B_paleo_geotherm_dist,1.728825283586606,0.9978364904721578,B_scarp_p900,1.7023251574724738,0.9903935790061951,B_scarp_p300,1.6331508166146886,0.970572163661321
687,31,324.05327975365424,200.0,0.7413101580835157,B_paleo_geotherm_dist,1.7344739855796467,0.9994629313868861,B_scarp_p900,1.71893869090321,0.9951788706164206,B_scarp_p300,1.6341547675421126,0.9708614137864882
688,41,338.34347348096895,200.0,0.7043786077964597,B_scarp_p900,1.6320667118610037,0.9701566347261754,A_eq_dist_negrank,1.619236053152114,0.9664091467857361,A_grav_residual,1.5631452336094,0.9504952692404026
690,4,217.70509719848633,200.0,0.7343325018882751,B_scarp_p900,1.7286558623643247,0.9979777634143829,B_st_anisotropy,1.7098325243731143,0.992650955915451,B_az_deriv_045,1.7061679081362429,0.9917730540037155
693,16,1017.816276550293,781.0249633789062,0.6733330935239792,B_scarp_p300,1.705773473649341,0.9914956092834473,B_scarp_p900,1.6944313288985577,0.9881198741495609,B_scarp_fine,1.6864538543940593,0.9859019741415977
697,79,301.618555189688,200.0,0.7446781245968009,B_scarp_p900,1.6990250149693287,0.9894430199755898,B_scarp_p300,1.5923856816785424,0.9588272465935236,B_st_anisotropy,1.5404020552007684,0.9438321364076832
701,63,257.888432578435,200.0,0.7440790240726773,B_scarp_p900,1.7313157163040056,0.9987438964465308,B_scarp_p300,1.717360885746597,0.994834079628899,B_scarp_fine,1.703466770568057,0.9908032549752129
705,18,283.26771375868054,200.0,0.6843742628892263,B_scarp_p300,1.7155386352414888,0.9943090677261353,B_scarp_p900,1.7095637051842356,0.9924785395463308,B_scarp_fine,1.7079038449121642,0.9920815394984351
707,14,214.34833526611328,200.0,0.7175605254513877,B_scarp_p900,1.7297458031731803,0.9982917053358895,B_scarp_p300,1.7084266685327076,0.9922600260802678,B_scarp_fine,1.700732242222319,0.9900154599121639
708,10,2975.3587158203127,2692.58251953125,0.675825548171997,B_scarp_p300,1.4276110603204517,0.9113537311553955,B_rad_U,1.4122461249419418,0.9069928109645844,A_grav_hg_abs,1.3768582586925169,0.8967920064926147
711,11,266.6665635542436,200.0,0.7380619699304755,A_grav_hg_abs,1.7170300229659683,0.9948306517167524,A_eq_dist_negrank,1.638434331506245,0.9719353318214417,A_grav_slope_abs,1.6290994133919015,0.9694213325327093
716,9,2093.133015950521,1923.5384521484375,0.6810880899429321,B_scarp_p900,1.689814955117353,0.9867901934517754,B_scarp_p300,1.592071559186875,0.9587367441919115,B_st_anisotropy,1.5737347525765013,0.953436447514428
717,4,364.6486587524414,282.84271240234375,0.6734611093997955,A_eq_dist_negrank,1.619236053152114,0.9664091467857361,B_rad_UK,1.572627478019991,0.9536073207855225,B_rad_Unorm,1.5368621131086668,0.9427343010902405
720,8,1099.2789688110352,984.8858032226562,0.6703778579831123,B_scarp_p900,1.6937142089955886,0.9879133179783821,B_st_ori_y,1.5921921477018819,0.958823062479496,B_rad_Unorm,1.51694461821498,0.9369965866208076
721,7,284.37305995396207,200.0,0.6713825804846627,B_fault_centroid_dist,1.6463024799865347,0.9745288235800607,B_scarp_p900,1.602540092741987,0.9616519127573285,A_grav_residual,1.5730018572090088,0.9533363240105766
722,50,3969.785263671875,3640.054931640625,0.6972933781147003,B_scarp_p900,1.6988057952269313,0.9893798768520355,B_scarp_p300,1.6447888664953576,0.9739252233505249,B_scarp_fine,1.6216665889098696,0.9672372972965241
726,30,729.9053934733073,360.55511474609375,0.6867217143376668,B_rad_UK,1.6535761585732758,0.9769686897595723,B_scarp_p900,1.650978936132169,0.9756040314833323,B_scarp_p300,1.6499890070970091,0.9754234453042349
727,7,200.0,200.0,0.6852386678968158,B_scarp_p900,1.7320057094662895,0.9989426391465324,B_scarp_p300,1.7122859752774828,0.9933719379561288,B_scarp_fine,1.6771454383328426,0.9832202962466648
729,7,200.0,200.0,0.7155782324927193,B_scarp_p900,1.6823462744654754,0.9846389463969639,B_az_deriv_090,1.6501470780266378,0.9756634916578021,B_elev_gradmag,1.5983478732814185,0.9605538504464286
734,15,869.7539591471354,800.0,0.7252564946810405,B_scarp_p900,1.6851991162053386,0.9854606668154399,B_scarp_p300,1.6368925562684402,0.9716502030690511,B_scarp_fine,1.5829391239487711,0.9560802340507507
736,60,382.701416015625,200.0,0.7454705655574798,A_grav_hg_abs,1.7170968528906134,0.9948499123255412,A_eq_dist_negrank,1.7071471392760063,0.9917141725619634,B_scarp_p900,1.6972467271263063,0.9889308094978333
738,13,232.25757892315204,200.0,0.7007698141611539,B_scarp_p900,1.734099324251973,0.9995456750576313,B_scarp_p300,1.7298750865079129,0.998439568739671,B_scarp_fine,1.7285721500538123,0.9980359077453613
742,7,268.1118382045201,200.0,0.686636575630733,B_scarp_p900,1.6133970791795669,0.9647791130202157,B_line_resp,1.6024649934288382,0.9618099417005267,B_rad_Thnorm,1.5390461401876419,0.9432714666639056
744,9,268.7944166395399,200.0,0.7096103694703844,B_scarp_p900,1.540106902462362,0.9436689217885336,A_grav_residual,1.3734119496983774,0.8958069019847446,B_elev,1.3121337610427977,0.8777630064222548
746,7,226.1203874860491,200.0,0.7084945014544896,B_scarp_p900,1.723339247011823,0.9964463881083897,B_scarp_p300,1.669533846378893,0.9810545444488525,B_rad_Thnorm,1.6248833288472104,0.9680004034723554
749,6,827.399403889974,728.010986328125,0.6749059756596884,B_rad_Thnorm,1.6710400625647417,0.9812977512677511,B_scarp_fine,1.6435724795094453,0.9735482037067413,B_scarp_p900,1.611417387352896,0.9642088909943899
750,5,276.64647521972654,200.0,0.6685648083686828,B_rad_Thnorm,1.3789640700556363,0.8971532344818115,A_grav_residual,1.3004752580857217,0.8747837662696838,B_elev,1.2575743726606976,0.8620582818984985
753,9,305.0433654785156,223.60679626464844,0.6908132367663913,B_rad_Thnorm,1.456517804695469,0.9194957812627157,B_lidar_ex_max,1.3524229140572102,0.8824341164694892,B_lidar_ex_mean,1.337873456070788,0.878880156411065
765,14,223.04837581089564,200.0,0.7334762173039573,B_scarp_p900,1.7258723812555645,0.9971760213375092,B_scarp_p300,1.639679134730566,0.9724530492510114,B_rad_Thnorm,1.5795983425855769,0.9549541984285627
767,144,395.57086192237006,200.0,0.7716057304706838,B_scarp_p900,1.7188295264017006,0.9951474273370372,A_eq_dist_negrank,1.7041963757120662,0.9908648013240762,A_grav_hg_abs,1.6854057551859591,0.9857164315051503
768,5,200.0,200.0,0.6916515827178955,B_scarp_p300,1.6989504388540786,0.989529812335968,B_scarp_fine,1.6590903444203609,0.9780187726020813,B_st_anisotropy,1.63851730965003,0.9721025586128235
773,5,226.01126098632812,200.0,0.6677104353904724,B_scarp_p300,1.694499617141154,0.9882474780082703,B_rad_TC_grad,1.6568410441235892,0.9775779604911804,B_scarp_fine,1.6556834928338116,0.9770372867584228
774,5,1003.0745483398438,806.2257690429688,0.6654734134674072,B_scarp_p900,1.6978894668723332,0.9891159415245057,B_scarp_p300,1.691145633141234,0.9872811555862426,B_scarp_fine,1.6499516004519958,0.9753859758377075
775,34,616.5826362161075,412.3105773925781,0.709093847695519,B_scarp_p300,1.699557214978467,0.9897046317072475,B_scarp_p900,1.6878212132622916,0.9862159245154437,B_scarp_fine,1.6820185577551197,0.9846242017605725
776,6,451.09448496500653,223.60679626464844,0.6740851998329163,B_lidar_lapneg_max,1.56572649600365,0.9437854091326395,B_lidar_downface_max,1.5336603805079043,0.9298871358235677,B_lidar_step_max,1.5135632395309915,0.9287066757678986
777,17,256.3907766903148,200.0,0.7023080131586861,B_rad_Knorm,1.6969986122259522,0.9889153312234318,A_mag_step300,1.6726963920088773,0.9821748593274284,A_mag_gradmag,1.6618974790665106,0.9790825493195477
778,8,229.9793186187744,200.0,0.6819881945848465,B_scarp_p900,1.7203207580862334,0.9955769553780556,B_scarp_p300,1.7077010286649006,0.9920509606599808,B_scarp_fine,1.707369430261731,0.9919275790452957
783,11,235.4699013449929,200.0,0.7551772160963579,B_scarp_p900,1.7334193434625245,0.9993498162789778,B_scarp_p300,1.695079269273319,0.9884144826368852,A_mag_regional,1.6642518095441632,0.979442758993669
784,20,231.33373641967773,200.0,0.6922027289867401,A_tmi_vg_abs,1.6799181864066075,0.9842669159173966,A_mag_step300,1.664711358830004,0.9798732727766037,A_mag_gradmag,1.655728740116893,0.9773044228553772
786,6,903.7402750651041,806.2257690429688,0.6698642373085022,B_scarp_p900,1.7243182313073209,0.996728370587031,B_scarp_p300,1.696058032277438,0.9886964758237203,B_scarp_fine,1.66675647427667,0.9802273213863373
790,21,366.5059654599144,200.0,0.6889825917425609,B_scarp_p900,1.7192838455728545,0.9952782875015622,B_scarp_p300,1.716497249363012,0.9945852557818095,B_scarp_fine,1.6950578754225292,0.9883807216371808
791,4,223.60679626464844,223.60679626464844,0.7097105979919434,B_scarp_p900,1.7315900955352161,0.9988229274749756,B_az_deriv_045,1.713619502436103,0.993920773267746,B_slope_abs,1.6883157173958367,0.9865154027938843
797,10,533.0562347412109,282.84271240234375,0.7087951242923737,B_scarp_p300,1.6879889094603284,0.9863716661930084,B_scarp_fine,1.6875802147777221,0.9862264692783356,B_scarp_p900,1.6817014890203212,0.9844532251358032
799,4,238.41577529907227,223.60679626464844,0.6723795533180237,B_scarp_p900,1.7330826651112483,0.9992528408765793,B_az_deriv_045,1.6938558276473414,0.9882244318723679,B_scarp_p300,1.6808541785353932,0.9843160659074783
803,14,282.5238745553153,200.0,0.7123266628810337,A_tmi_up150_gradmag,1.664195399583246,0.9773914132799421,B_rad_UTh,1.650650056177448,0.9758573131901878,A_tmi_hg_abs,1.6415158371845378,0.9732210465839931
806,66,475.7727947813092,200.0,0.7149218645962802,B_scarp_p900,1.7156978508325385,0.9942453928066023,B_scarp_p300,1.7110664202299155,0.9930205697363074,B_scarp_fine,1.6869918220422861,0.9860569581840978
808,9,287.96203952365454,200.0,0.6821494168705411,B_scarp_p900,1.6539088788531568,0.9764479597409567,B_scarp_p300,1.643631565500558,0.9735917912589179,B_scarp_fine,1.5956182171327815,0.9597329762246873
818,21,266.17532784598217,200.0,0.7402223973047166,B_scarp_p900,1.726392994931583,0.9973259766896566,B_scarp_p300,1.696746214505573,0.9888947492554074,A_grav_slope_abs,1.683790552340382,0.9851810818626767
821,6,1518.5248006184895,1414.213623046875,0.6978041430314382,B_scarp_p300,1.6965063762606827,0.988825649023056,B_scarp_fine,1.6823925725885303,0.9847319523493449,B_scarp_p900,1.6682291521246526,0.9805727104345957
822,46,379.4579809437627,200.0,0.7106213271617889,B_scarp_p900,1.719769876059901,0.9954182816588361,B_scarp_p300,1.7149675333147192,0.9941445265127264,B_scarp_fine,1.7065424970484089,0.9916893464067708
823,44,235.0125617980957,200.0,0.7279131602157246,B_scarp_p900,1.6958435430729064,0.9885266423225403,B_rad_UK,1.4070581323736648,0.9058248671618375,B_st_anisotropy,1.3785434867955029,0.89719504524361
825,84,411.5480161394392,200.0,0.7482861337207612,B_scarp_p900,1.7070159253705135,0.9917446878694353,A_grav_hg_abs,1.601267374719143,0.9614674676032293,A_eq_dist_negrank,1.592845046651861,0.9588125497102737
834,14,1789.0062779017858,1565.24755859375,0.7067232429981232,B_scarp_p900,1.7161051139108945,0.9943626991340092,B_st_anisotropy,1.6895489892736157,0.9868065629686628,B_scarp_p300,1.6608646476918327,0.9785568458693368
836,4,461.8033981323242,400.0,0.653652086853981,B_st_ori_y,1.570824965394264,0.9526658207178116,A_mag_gradmag,1.5658083942134675,0.9513850659132004,B_rad_Thnorm,1.5625383218189213,0.9500393569469452
841,19,242.10526315789474,200.0,0.7333679230589616,B_scarp_p900,1.7295491839164774,0.9982350719602484,B_scarp_p300,1.7251555943551165,0.997079827283558,B_scarp_fine,1.7247041346287515,0.9969215644033331
842,41,294.89735189298307,200.0,0.6999295019521946,B_scarp_p900,1.645616651524845,0.9740595017991415,A_cond_surf,1.5010170787391168,0.933162436252687,B_scarp_p300,1.4070821342395456,0.9054391049757237
843,118,353.469046253269,200.0,0.7781893302828579,B_scarp_p900,1.7264067467483013,0.9973299377045389,B_scarp_p300,1.7069789280523264,0.9918429149409472,B_scarp_fine,1.6926430340295353,0.98768502574856
846,13,293.28463392991284,200.0,0.6685179426119878,A_tmi_vg_abs,1.5181208733623657,0.9376273980507484,B_rad_Thnorm,1.399767372635141,0.9031464824309716,A_mag_gradmag,1.396208339318893,0.9024981948045584
849,11,236.35883261940697,200.0,0.7159789963202043,B_scarp_p900,1.7340641525573797,0.9995355443520979,A_grav_slope_abs,1.652361198366831,0.9761244275353171,A_grav_gradmag,1.6449020997443766,0.9740136049010537
852,4,3525.8416137695312,3448.18798828125,0.7047006338834763,A_grav_regional,1.4375724579317584,0.9137703031301498,A_grav_anom,1.35489943110189,0.8904674053192139,A_eq_dist_negrank,1.1577370977741317,0.8335676193237305
853,15,3640.43349609375,3401.47021484375,0.6766162157058716,A_grav_regional,1.4359576873601638,0.9133056282997132,A_grav_anom,1.3192248711595351,0.8801849285761515,B_rad_Thnorm,1.2565888492853954,0.8618980129559835
855,30,242.63070882161458,200.0,0.7489646951357524,B_scarp_p900,1.707065911476862,0.9917590856552124,B_scarp_p300,1.64626134909232,0.9743494629859925,B_scarp_fine,1.6133545008260295,0.9648426532745361
856,8,2356.0050354003906,2262.74169921875,0.6785558611154556,B_scarp_p900,1.7322575898666,0.9990151897072792,B_scarp_p300,1.7315423225126672,0.9989199191331863,B_scarp_fine,1.7259668290644383,0.9972853362560272
864,27,596.1620596426504,400.0,0.6976881866101865,B_elev,1.4149508765353993,0.9073585448441682,B_scarp_p900,1.3729776074992177,0.895529709480427,B_scarp_fine,1.2795068566205585,0.8686639004283481
865,8,200.0,200.0,0.7712147310376167,B_scarp_p900,1.7348650469906646,0.9997662305831909,B_scarp_p300,1.7216741086956542,0.9960767701268196,B_rad_UK,1.715883189009536,0.9949501752853394
866,29,408.2176813586005,200.0,0.7261662462662006,B_elev,1.5123738562924165,0.9354014006154291,A_grav_vg_abs,1.4406673791012017,0.9151897923699741,A_cond_surf,1.4085418540863779,0.906464042334721
868,15,234.68168131510416,200.0,0.6987992246945699,B_scarp_p900,1.7337148477293367,0.9994349320729573,B_scarp_p300,1.7089862825662034,0.9924212574958802,B_rad_UK,1.7065756647416428,0.9922640721003214
869,25,399.78010498046876,200.0,0.7223459267616272,B_scarp_p900,1.6570050275333248,0.9773397612571716,A_eq_dist_negrank,1.5885240673608667,0.9575687646865845,A_grav_hg_abs,1.556706961003348,0.9486250066757203
872,7,257.3619951520647,200.0,0.6854493192264012,A_cond_surf,1.5633570261681677,0.9511605160576957,A_grav_gradmag,1.5546018931460244,0.9479902301515851,A_grav_step300,1.5291313633647496,0.9406284179006305
873,4,271.04047775268555,200.0,0.6830261051654816,B_scarp_p900,1.6349450385449873,0.9709856957197189,A_cond_surf,1.5553359443893309,0.9488447606563568,B_scarp_p300,1.5479535297037414,0.9460258185863495
874,6,234.4082514444987,200.0,0.7286419967810313,A_eq_dist_negrank,1.7306336522682166,0.9984747171401978,B_scarp_p900,1.6432980858018762,0.9733916719754537,B_rad_ThK,1.4699083205307781,0.923544704914093
876,6,215.73786417643228,200.0,0.7194019059340159,B_scarp_p900,1.7299751067314246,0.9983577529589335,B_rad_UK,1.7087586948665932,0.9928940832614899,B_az_deriv_045,1.6922965338940992,0.9877750078837076
877,7,215.20707266671317,200.0,0.7224746091025216,B_scarp_p900,1.7356150676923687,0.9999822633607047,B_scarp_p300,1.727651917233068,0.9977990474019732,B_scarp_fine,1.7198250576743204,0.9955159425735474
878,4,4388.2169189453125,4317.40673828125,0.6723057180643082,B_rad_ThK,1.700353417785135,0.9899406880140305,B_rad_TC_grad,1.6947583764121725,0.98851078748703,B_band6_grad,1.6922924258305778,0.98775814473629
879,10,1325.633477783203,984.8858032226562,0.6691417753696441,A_depth_base,1.6112197928448893,0.964238965511322,A_tmi_up150_gradmag,1.458152926668674,0.9183443486690521,A_tmi_hg_abs,1.428273833077492,0.9117526352405548
880,4,245.71067810058594,200.0,0.6770280003547668,B_scarp_p900,1.6748705374983277,0.9824856668710709,A_eq_dist_negrank,1.5885240673608667,0.9575687646865845,B_lidar_step_max,1.466007812054378,0.9152543246746063
884,24,361.163054784139,200.0,0.6700386827190717,A_eq_dist_negrank,1.5873161768889936,0.9572210758924484,B_scarp_p900,1.5332777409271048,0.9417018791039785,A_grav_hg_abs,1.3075966401954218,0.876830575366815
887,32,282.49113512039185,200.0,0.7079152930527925,B_scarp_p900,1.723967623259823,0.9966273829340935,B_scarp_p300,1.7107029710072623,0.9929158557206392,B_scarp_fine,1.6959747586588305,0.9886448681354523
888,7,238.5558362688337,200.0,0.7307227679661342,A_eq_dist_negrank,1.7306336522682166,0.9984747171401978,B_scarp_p900,1.6924046696281414,0.9875361238207135,B_scarp_p300,1.6668210552061729,0.9802729572568621
892,42,495.82110377720426,300.0,0.707890028045291,A_eq_dist_negrank,1.7293319813194357,0.9981000338281903,B_scarp_p900,1.644086414092006,0.9736187387080419,B_scarp_p300,1.6043246002811296,0.9622669901166644
894,20,245.98690948486328,200.0,0.7488291919231415,B_scarp_p900,1.7229610971631775,0.9963374674320221,B_rad_UK,1.612810095883746,0.9652038156986237,B_rad_Unorm,1.600819477271192,0.961158761382103
900,14,251.87054988316126,200.0,0.7111356982163021,A_grav_vg_abs,1.6839816421876888,0.9853165660585675,A_eq_dist_negrank,1.6685095773667487,0.9805924296379089,B_scarp_p900,1.6658811162065692,0.9798963921410697
903,6,2491.047566731771,2334.5234375,0.6700047254562378,B_rad_Th,1.7188697584547867,0.9949155449867249,B_rad_TC,1.7171079544368948,0.9948871731758118,B_band6_TC,1.7132281316728557,0.9938987294832865
905,31,377.82891993368827,200.0,0.6936300493055775,B_scarp_p900,1.7192791922399058,0.9952769471753028,B_scarp_p300,1.6934731080356868,0.987951728605455,B_scarp_fine,1.6922758792659731,0.9875792514893317
915,22,236.36363636363637,200.0,0.7722787315195258,B_scarp_p900,1.7308615624679997,0.9986130839044397,B_scarp_p300,1.68816445675667,0.9864222434434023,B_scarp_fine,1.6684945116654808,0.9807280356233771
916,8,660.79638671875,583.09521484375,0.6912381127476692,B_scarp_p900,1.7183001941566958,0.9949949607253075,B_rad_ThK,1.633705954724374,0.9707381799817085,B_st_anisotropy,1.6194799563628228,0.9666172340512276
917,5,221.28990173339844,200.0,0.6752497911453247,B_scarp_p900,1.718245692681934,0.9949792623519897,B_scarp_p300,1.7102560307927186,0.9927870869636536,B_scarp_fine,1.7029151020525053,0.9906443238258362
918,29,300.3144789070919,200.0,0.706127327063988,B_scarp_p900,1.678948423057924,0.9836602437085119,B_rad_UK,1.6653325642634773,0.9803615274100468,A_cond_surf,1.6639817298589845,0.9802117347717285
919,12,803.3323822021484,583.09521484375,0.7071550190448761,A_eq_dist_negrank,1.7088285709911162,0.9921981692314148,B_scarp_p300,1.5369097102422833,0.9428439637025198,B_scarp_fine,1.5199602312286453,0.9379365344842275
921,58,341.008240798424,200.0,0.7319078332391279,A_cond_surf,1.5551537499673267,0.9487921595573425,B_scarp_p900,1.4501929953922745,0.9177705018684782,A_grav_regional,1.368740837047174,0.8939629556803868
922,5,241.28990173339844,200.0,0.6615837574005127,B_scarp_p300,1.6297885091326834,0.969603443145752,B_scarp_fine,1.544022569683323,0.9448686957359314,B_scarp_p900,1.4897379311061563,0.9291608572006226
926,10,3121.7532470703127,2828.42724609375,0.6694633185863494,B_scarp_p300,1.729245755193987,0.998258250951767,B_scarp_fine,1.722961415184117,0.9964195013046264,B_scarp_p900,1.7198588535609274,0.9954439103603363
931,24,296.38430404663086,200.0,0.7264456301927567,B_rad_ThK,1.680089788493274,0.98410231868426,B_scarp_p300,1.6762301032325424,0.982983815173308,B_scarp_fine,1.6683819076801127,0.9806955953439077
935,4,627.8880310058594,600.0,0.7107830494642258,B_scarp_p900,1.7029502042860198,0.9905736148357391,B_scarp_p300,1.6378103632605185,0.9719146341085434,B_st_anisotropy,1.6345906017062868,0.9709711372852325
937,4,950.4977264404297,860.2325439453125,0.6693350076675415,B_scarp_p900,1.6675994665208167,0.980391338467598,B_scarp_fine,1.6546177060338425,0.9767302423715591,B_rad_UK,1.632930763625973,0.9710105359554291
940,4,295.8080940246582,223.60679626464844,0.676129013299942,B_paleo_geotherm_dist,1.7349406920513921,0.9995973110198975,B_rad_Knorm,1.7290258695445972,0.9981372058391571,B_rad_Unorm,1.7118861137674648,0.9931541830301285
942,10,236.98908538818358,200.0,0.6773050844669342,B_scarp_p900,1.7224946659373097,0.9962031185626984,B_scarp_p300,1.655148862597048,0.9769100606441498,A_cond_surf,1.641444950828013,0.9737051725387573
948,4,1793.744384765625,1640.1219482421875,0.6547631621360779,A_cond_surf,1.5551537499673267,0.9487921595573425,A_tmi_vg_abs,1.5078934597058717,0.9346792548894882,B_rad_Unorm,1.4268339652158237,0.9110380411148071
949,8,1164.5917739868164,984.8858032226562,0.6730507165193558,A_cond_surf,1.5551537499673267,0.9487921595573425,B_rad_TC_grad,1.3546667646794937,0.8904510736465454,B_band6_grad,1.3500213508934815,0.8891098946332932
950,78,965.9173458784054,509.9019470214844,0.6929088899722466,A_cond_surf,1.5551537499673267,0.9487921595573425,A_grav_regional,1.3541948788559715,0.8897771346263397,B_scarp_p900,1.2600699827426425,0.8630082767743331
957,4,1900.9208679199219,1788.8543701171875,0.6871436685323715,A_depth_base,1.596713668400491,0.9600600153207779,B_rad_K_residual,1.4962821437117388,0.9312194287776947,A_mag_regional,1.3810559087620626,0.8978680819272995
960,12,252.25976943969727,200.0,0.6999285519123077,B_scarp_p900,1.7229817768558002,0.9963434239228567,B_scarp_p300,1.6749774346947224,0.9826229065656662,A_eq_dist_negrank,1.6730499299569175,0.981899360815684
962,6,220.60113271077475,200.0,0.6967257459958395,B_scarp_p900,1.7281111752636054,0.9978208740552267,B_scarp_p300,1.7272224042783544,0.9976752996444702,B_scarp_fine,1.726536513507102,0.9974494576454163
963,7,1335.9933558872767,1264.9110107421875,0.684037412915911,A_cond_surf,1.5551537499673267,0.9487921595573425,B_scarp_fine,1.4724816656488675,0.9242583513259888,A_tmi_up150_gradmag,1.4020571767411645,0.9022685885429382
964,4,335.8494567871094,282.84271240234375,0.6651073694229126,B_scarp_p300,1.6811021245158217,0.9843875020742416,B_scarp_p900,1.6543570308310422,0.9765770435333252,B_scarp_fine,1.6267285129390145,0.9686955958604813
971,7,243.77850123814173,200.0,0.7139717851366315,B_scarp_p900,1.708909648070927,0.9922901477132525,A_cond_surf,1.641444950828013,0.9737051725387573,B_rad_Unorm,1.6162771976261985,0.9656117303030831
973,32,315.49929571151733,200.0,0.7390649765729904,B_scarp_p300,1.699006692180239,0.9895460195839405,B_scarp_p900,1.6918530107926797,0.9873772263526917,B_scarp_fine,1.6727947530792435,0.9819668997079134
978,10,953.6559020996094,806.2257690429688,0.6687772572040558,A_cond_surf,1.5551537499673267,0.9487921595573425,A_grav_regional,1.3096456539893904,0.8769574165344238,B_scarp_p900,1.2534872870200466,0.8611122250556946
988,4,602.0690612792969,500.0,0.6554113179445267,B_rad_ThK,1.7110918816199638,0.9930346608161926,B_scarp_p300,1.7026689768877172,0.9906011670827866,B_rad_Th,1.6897516152665155,0.9865351915359497
995,4,253.2247543334961,223.60679626464844,0.6828944385051727,B_scarp_p900,1.7155621611215743,0.9942063093185425,B_scarp_p300,1.6874222644537422,0.9862084090709686,A_cond_surf,1.6506653305233485,0.976367175579071
996,4,226.61237716674805,200.0,0.7139597982168198,B_scarp_p900,1.721335230482379,0.9958691596984863,B_rad_ThK,1.7176220641903688,0.9949161410331726,B_rad_UK,1.715883189009536,0.9949501752853394
997,52,382.9553527832031,200.0,0.738843750495177,A_eq_dist_negrank,1.7079783818185483,0.9919534440223987,B_scarp_p300,1.5637847942213852,0.9505869929607098,B_scarp_fine,1.5107210107260411,0.935274791259032
998,19,305.49513887104234,200.0,0.6789227441737526,A_cond_surf,1.5551537499673267,0.9487921595573425,A_mag_gradmag,1.4622824552743134,0.9215439244320518,A_mag_step300,1.4228513239011908,0.9101601243019104
999,7,1260.5595703125,1140.1754150390625,0.6916247350828988,B_scarp_p900,1.6273770677443558,0.9688058495521545,A_grav_residual,1.6263352555297437,0.96870904309409,B_rad_Unorm,1.622542913325555,0.9674167207309178
1001,12,225.53745905558267,200.0,0.7212584813435873,B_scarp_p900,1.7170549721216362,0.9946362922588984,A_cond_surf,1.641444950828013,0.9737051725387573,B_scarp_p300,1.639805930158486,0.9724895805120468
1002,19,278.4737412302118,200.0,0.7030107724039178,A_grav_residual,1.5934753092404728,0.9592375535713998,A_rtp,1.4640755354462438,0.9218135381999769,A_tmi,1.4614730411310914,0.9211097359657288
1003,199,771.4383564091208,200.0,0.7339764291317619,A_mag_anom,1.4399892485597086,0.9151098506534519,B_scarp_p900,1.4066574932759628,0.9052307207380706,B_rad_ThK,1.3590994273949975,0.8916183784978473
1005,35,634.5417114257813,200.0,0.728173748084477,B_rad_ThK,1.6875652263343324,0.9862561464309693,B_scarp_p300,1.6343437403526893,0.970915859086173,B_rad_Th,1.6240114631565985,0.9676148329462324
1007,31,340.4533149965348,200.0,0.6881408806770078,A_eq_dist_negrank,1.7008951020588963,0.9899145364761353,A_tmi_up150_gradmag,1.4563460365197347,0.9178265352402964,A_tmi_hg_abs,1.4295930335239353,0.9121329034528425
1008,23,244.78505673615828,200.0,0.6999294524607451,B_scarp_p300,1.7198470064096365,0.9955503603686457,B_scarp_p900,1.7130806429926873,0.9934915433759275,B_scarp_fine,1.7106245061755307,0.9928653395694235
1013,4,1610.9241943359375,1523.1546630859375,0.7016606628894806,A_grav_hg_abs,1.560851030069151,0.949819341301918,A_mag_anom,1.3929244600895079,0.9015405923128128,A_grav_slope_abs,1.3715744009339994,0.8952131569385529
1020,4,272.6528549194336,223.60679626464844,0.7074121087789536,A_eq_dist_negrank,1.7008951020588963,0.9899145364761353,B_scarp_p300,1.693372605943589,0.9879227727651596,B_scarp_fine,1.648912068584213,0.9750864952802658
1021,25,344.71118896484376,200.0,0.6923938322067261,B_rad_ThK,1.6439026705501583,0.9736760640144348,B_scarp_p300,1.6149408790462638,0.9653256654739379,B_scarp_p900,1.5551752770652534,0.9480091524124146
1024,11,211.82330044833097,200.0,0.7233670516447588,B_scarp_p900,1.7332311644049965,0.9992956139824607,B_rad_UK,1.715883189009536,0.9949501752853394,B_scarp_p300,1.714185600787513,0.9939192425120961
1027,10,3674.922900390625,3488.552734375,0.6641747117042541,A_grav_slope_abs,1.6637870647972355,0.9794168949127198,A_grav_hg_abs,1.6596480620360765,0.978292977809906,A_grav_gradmag,1.6226267407832935,0.9675941288471221
1028,5,221.28990173339844,200.0,0.6775030255317688,B_scarp_fine,1.6832340821302507,0.9849743843078613,B_rad_TC_grad,1.6621883061499763,0.9791197538375854,B_band6_grad,1.6619758240437572,0.9790203928947449
1031,13,375.03830073429987,200.0,0.7196028049175556,A_eq_dist_negrank,1.7008951020588963,0.9899145364761353,A_tmi_vg_abs,1.6618368469087987,0.9790548086166382,A_mag_step300,1.6487369249459687,0.9752688407897949
1032,9,2617.262993706597,2469.81787109375,0.6686195731163025,A_grav_hg_abs,1.7085715026195807,0.992392877737681,A_grav_slope_abs,1.6880507522621455,0.9864086972342597,A_grav_gradmag,1.6571442086948998,0.9775416254997253
1033,5,209.44271850585938,200.0,0.7000229716300964,A_grav_hg_abs,1.6919751184681675,0.9876097440719604,B_st_ori_y,1.6418893545047604,0.9731439828872681,A_grav_slope_abs,1.633810236435076,0.9707787990570068
1036,5,209.44271850585938,200.0,0.7047555804252624,B_scarp_p900,1.6466451885531328,0.9743557572364807,B_scarp_p300,1.6358310261182163,0.9713443636894226,B_scarp_fine,1.623604931174391,0.9677957177162171
1037,30,3386.1328938802085,3206.243896484375,0.6752989113330841,A_grav_hg_abs,1.6814093566412505,0.9845646560192108,A_grav_slope_abs,1.679797989210426,0.9840305884679158,A_grav_gradmag,1.6382992464988582,0.9721107463041941
1038,79,666.2332566659662,200.0,0.7362518702881246,B_scarp_p900,1.7254263304962256,0.9970475427712067,B_scarp_p300,1.67437002314912,0.9824479041220266,B_st_anisotropy,1.6523138256105765,0.9760778153998942
1043,45,436.2566351996528,200.0,0.7175126128726536,A_eq_dist_negrank,1.707964827235524,0.9919495423634846,B_scarp_p900,1.5661803160173016,0.9511789970927769,B_scarp_p300,1.5371437722592223,0.9429113997353448
1048,35,469.545563180106,200.0,0.6923729828425816,A_cond_surf,1.609990593184965,0.9646240285464696,B_st_ori_y,1.43350576183095,0.9130954401833671,B_spring_dist,1.4071924896727013,0.9057059662682669
1051,8,235.52023887634277,200.0,0.7438437193632126,B_rad_TC_grad,1.708996104977734,0.9926159977912903,B_band6_grad,1.7082763541019301,0.9923649802803993,B_scarp_fine,1.6097374442662655,0.9638006091117859
1052,6,1155.3386637369792,1044.0306396484375,0.6703994572162628,A_mag_anom,1.6050753631342982,0.9627058605353037,B_scarp_fine,1.4326467542689785,0.912782241900762,B_rad_UK,1.4229797457746316,0.910419762134552
1054,43,376.53705508209936,200.0,0.7116305426109669,A_eq_dist_negrank,1.7008951020588963,0.9899145364761353,A_tmi_up150_gradmag,1.5883304683047972,0.9556502575098083,B_scarp_p900,1.5649008952791759,0.9508104781771816
1057,45,2493.8971299913196,2280.350830078125,0.7425257007280985,B_scarp_p300,1.7010847212587898,0.9901447243160671,B_scarp_fine,1.6896420464870505,0.9868204659885831,B_scarp_p900,1.6858437183653108,0.9856463352839152
1060,12,273.6026980082194,200.0,0.7228409697612127,B_scarp_p900,1.7016836248465967,0.9902087946732839,B_scarp_p300,1.6804705535905666,0.9842055390278498,B_scarp_fine,1.6498830769410426,0.9753662347793579
1061,4,749.1737823486328,707.1068115234375,0.677905723452568,B_scarp_fine,1.6575171277805238,0.9775655418634415,B_scarp_p300,1.6477196169472583,0.9747696071863174,A_cond_surf,1.6205886959841402,0.9676837921142578
1063,21,287.7856263660249,200.0,0.7178420793442499,B_rad_ThK,1.6160196852609892,0.9656424011502948,B_rad_Th,1.5486170838427022,0.945915937423706,B_rad_K_regional,1.5422699850829638,0.9451126342728025
1071,118,430.54479450290484,200.0,0.7358453319234363,B_scarp_p900,1.7339708480419926,0.9995086693157584,B_rad_UK,1.7138233850130684,0.9943557265451399,B_scarp_p300,1.7008108477284825,0.9900658181158163
1075,26,307.8196792602539,200.0,0.6918469117237971,B_scarp_p900,1.7055397874095812,0.9913195073604584,B_scarp_p300,1.6686050654504405,0.9807869516886197,B_scarp_fine,1.6500013013235022,0.9754002942488744
1079,11,590.2849426269531,500.0,0.6867695613340898,B_band6_grad,1.7189946430897596,0.9954541704871438,B_scarp_fine,1.6831673680071304,0.9849551645192233,B_rad_Th,1.6803938480594491,0.9838419773361899
1081,5,221.28990173339844,200.0,0.7465255618095398,B_scarp_p900,1.6979842844356394,0.9891432523727417,B_rad_Thnorm,1.6545744976423689,0.9765541672706604,B_scarp_p300,1.6106115374165333,0.9640783309936524
1083,71,467.1674394204583,200.0,0.7068964788611506,A_cond_surf,1.4685209427435226,0.9237805218763755,B_spring_dist,1.4664512932566107,0.9227980249364611,B_scarp_p900,1.4562719193842586,0.9195214493173949
1084,20,253.99518203735352,200.0,0.7041354745626449,A_eq_dist_negrank,1.6091359911892071,0.9635018646717072,B_st_ori_y,1.5160346233914201,0.9368772447109223,B_rad_UK,1.489099359720713,0.9295015394687652
1087,8,205.9016990661621,200.0,0.6920767277479172,B_scarp_p900,1.6926501756950083,0.9876068383455276,A_eq_dist_negrank,1.6772881761964769,0.9831193313002586,B_st_anisotropy,1.534113321321701,0.9420201331377029
1088,5,330.9557739257813,282.84271240234375,0.6565565466880798,A_eq_dist_negrank,1.7008951020588963,0.9899145364761353,B_st_ori_y,1.641459617166198,0.9730201482772827,B_rad_UK,1.4994917176756692,0.9325007200241089
1089,25,2481.61642578125,2012.461181640625,0.7130992460250855,A_grav_hg_abs,1.706232614942897,0.9917188024520874,A_grav_slope_abs,1.6849543255967265,0.9855164337158203,A_grav_gradmag,1.6737331716568753,0.9823223543167114
1091,25,251.43253112792968,200.0,0.7522508764266967,B_scarp_p900,1.7155467237793163,0.9942018628120423,B_scarp_p300,1.7111147658876213,0.9930344986915588,B_scarp_fine,1.6999436478614591,0.9897882723808289
1093,4,1008.719970703125,943.3981323242188,0.694854125380516,B_rad_ThK,1.698734629259081,0.989474281668663,B_rad_Th,1.6705448428359915,0.981007382273674,B_scarp_fine,1.6671703670413507,0.9803465604782104
1097,18,260.86056179470484,200.0,0.69304558634758,B_rad_ThK,1.6535296924568628,0.9764498074849447,B_scarp_p300,1.5694636164335225,0.9522231287426419,B_rad_Th,1.5474244602780003,0.9455726941426595
1098,4,781.0792083740234,640.3124389648438,0.6501790136098862,B_scarp_p900,1.593397377045251,0.9590184837579727,B_scarp_p300,1.5268758456845564,0.939953088760376,B_scarp_fine,1.4978975365465566,0.9315804541110992
1100,9,238.57928805881076,200.0,0.7053711811701456,B_scarp_p900,1.655724870406457,0.9769710302352905,B_rad_TC_grad,1.5492044491947572,0.9465427531136407,B_band6_grad,1.542367395110872,0.9445472425884671
1103,6,2122.55419921875,1984.943359375,0.6765127380688986,A_grav_hg_abs,1.7141508073642346,0.9940008521080017,A_grav_slope_abs,1.6822273852674985,0.9847306410471598,A_grav_gradmag,1.669826299322639,0.9811964432398478
1104,5,602.7084594726563,500.0,0.664224648475647,B_rad_Th,1.7146867396842642,0.9937116503715515,B_rad_ThK,1.700180936643461,0.989890992641449,B_rad_TC,1.6580180101663577,0.9778595566749573
1107,4,200.0,200.0,0.6901054233312607,B_scarp_p900,1.6826776215560533,0.9847343862056732,B_rad_UK,1.6560067575807638,0.9776701480150223,B_st_anisotropy,1.532700442069365,0.941613033413887
1109,5,232.68826904296876,200.0,0.6822076320648194,B_scarp_p900,1.6962825347333126,0.9886530876159668,B_rad_Thnorm,1.6642765523472907,0.9793492436408997,B_scarp_p300,1.6270907906639405,0.9688261985778809
1111,4,3620.453369140625,3517.10107421875,0.6858798712491989,B_scarp_p900,1.702789881485558,0.9905274361371994,A_cond_surf,1.6869169624134328,0.9868333339691162,A_eq_dist_negrank,1.667657070604189,0.9803470373153687
1115,4,226.61237716674805,200.0,0.6708028763532639,A_grav_hg_abs,1.7108498405144317,0.9930495023727417,A_grav_slope_abs,1.6061934416692,0.9628207683563232,A_grav_residual,1.5900149167458657,0.9582401365041733
1116,26,465.8558807373047,200.0,0.698924014201531,B_rad_Thnorm,1.5768987256796134,0.9541764626136193,B_scarp_p900,1.4812597102651577,0.9267188264773443,B_rad_Unorm,1.3509092909066513,0.8891661086907754
1118,4,205.9016990661621,200.0,0.7155203819274902,B_rad_UK,1.715883189009536,0.9949501752853394,B_scarp_p900,1.7157112059709225,0.994249239563942,B_st_anisotropy,1.7058933218602872,0.9915159344673157
1120,10,202.36067962646484,200.0,0.7364165246486664,B_scarp_p900,1.613260404601892,0.9647397458553314,B_scarp_p300,1.6125704037580315,0.9646427035331726,B_rad_UK,1.6074564656993022,0.9636587858200073
1121,5,200.0,200.0,0.7131062269210815,B_scarp_p300,1.670430548137399,0.981312894821167,B_scarp_fine,1.6420938654522876,0.9731222271919251,B_rad_ThK,1.641794989270582,0.9730687975883484
1122,11,1000.205000443892,728.010986328125,0.6623204946517944,A_depth_base,1.713925547163375,0.9938266223127191,A_grav_hg_abs,1.5569927591422499,0.9487073746594515,B_vent_dist,1.5137004859174124,0.9362993836402893
1123,4,1726.8389282226562,1655.2945556640625,0.728060781955719,B_band6_grad,1.711914130618792,0.9934134483337402,B_rad_TC_grad,1.7118811602858783,0.9934478551149368,B_rad_ThK,1.702389936500484,0.9905274510383606
1132,4,226.61237716674805,200.0,0.7030205577611923,B_rad_UK,1.6415202035431733,0.9734894037246704,B_scarp_p900,1.6101946953532034,0.9638567119836807,B_rad_ThK,1.5245103678254757,0.9392766803503036
1135,10,394.64988403320314,223.60679626464844,0.6809808135032653,B_scarp_p900,1.6194015697322504,0.9665086209774018,B_lidar_cross_max,1.5522199674883939,0.9347932577133179,B_lidar_ex_mean,1.5273776539843333,0.9324435651302337
1137,9,262.5013122558594,200.0,0.7211384839481778,B_scarp_p900,1.7188664053593234,0.9951580497953627,B_rad_UK,1.6784521572887883,0.9841477738486396,A_grav_vg_abs,1.620470645649013,0.9670117563671536
1139,26,236.89165672889123,200.0,0.7271001774531144,B_scarp_p900,1.7095205300780436,0.9924661035721118,A_eq_dist_negrank,1.6572940824370346,0.9773640724328848,A_cond_surf,1.6472654690598167,0.9753856062889099
1140,15,368.20386759440106,200.0,0.755715807278951,B_scarp_p300,1.7089882272405594,0.992421817779541,B_scarp_p900,1.7074969154507913,0.9918832302093505,B_scarp_fine,1.6852626980515433,0.985558811823527
1146,6,1464.6569213867188,1341.6407470703125,0.6684454182783762,A_grav_vg_abs,1.3862779377234666,0.8995139499505361,A_tmi_up150_regional,1.2623352724384396,0.8640644252300262,B_lidar_downface_max,1.1418486603445057,0.8198653260866801
1150,4,344.19571685791016,300.0,0.6767656207084656,A_grav_residual,1.6210585834304074,0.9671881049871445,B_rad_TC_grad,1.5980383507163674,0.9606231898069382,B_band6_grad,1.592378287923419,0.9589612185955048
1154,12,230.5468432108561,200.0,0.7187008311351141,B_scarp_p300,1.6903082956706579,0.9870399087667465,B_scarp_fine,1.6755409801069392,0.9827580650647482,B_scarp_p900,1.633013560082502,0.9704293608665466
1161,8,407.5995273590088,223.60679626464844,0.7145561724901199,B_scarp_p300,1.7107444181724825,0.992927797138691,B_scarp_fine,1.7014251398233189,0.990215077996254,B_scarp_p900,1.7011760998019163,0.9900626093149185
1162,13,256.5827906681941,200.0,0.7588759752420279,B_rad_Thnorm,1.6942462200966923,0.987983240531041,B_scarp_p900,1.6742444281537487,0.9823053249946008,B_scarp_p300,1.5008325343625184,0.9324497030331538
1163,7,3152.354248046875,3041.38134765625,0.6565813933100019,B_scarp_p900,1.7256886674228131,0.9971231051853725,B_rad_Thnorm,1.6725185840033685,0.9817237002508981,B_scarp_p300,1.6659465723865887,0.9800210084233966
1164,10,270.1992462158203,200.0,0.6671268939971924,B_rad_Unorm,1.2737246893981082,0.8669312238693238,B_lidar_downface_max,1.2526798917379238,0.8509870409965515,B_lidar_upface_max,1.2341722699409234,0.8462881565093994
1166,15,1004.1444213867187,800.0,0.6753598729769389,B_scarp_p900,1.7114896688320937,0.9930332859357198,B_scarp_p300,1.6980638604358387,0.9892743786176046,B_rad_UK,1.6919414079026343,0.9880407015482585
1167,24,387.15471204121906,200.0,0.704513780772686,B_rad_UK,1.6567703052316904,0.9778905039032301,B_scarp_p900,1.55625190166367,0.9483192587892214,B_rad_Unorm,1.55191553554646,0.9470708022514979
1168,20,290.56772689819337,200.0,0.6794246941804886,B_rad_ThK,1.2584950872440626,0.8626321941614151,B_scarp_p900,1.1926622857625035,0.8435924500226974,B_rad_Thnorm,0.9905933770269135,0.7852670639753342
1169,28,337.0066168648856,200.0,0.7724468239716121,B_scarp_p900,1.6869068827857345,0.9859525646482196,B_scarp_p300,1.6300499821260734,0.9696787766047886,B_st_anisotropy,1.6173027636628212,0.9659899090017591
1171,14,299.24118259974887,200.0,0.7033450262887138,B_scarp_fine,1.385264394705485,0.8991317749023438,B_line_resp,1.3493984407175728,0.8888798313481467,B_lidar_step_max,1.2726674511856322,0.8605627247265407
1173,4,217.70509719848633,200.0,0.6747889071702957,A_grav_slope_abs,1.4962051945392285,0.9311266541481018,A_eq_dist_negrank,1.4390028296596624,0.9145293831825256,A_grav_vg_abs,1.4364529086982385,0.9139751195907593
1176,67,1469.2773480771193,223.60679626464844,0.677562992964218,B_scarp_p900,1.7160290000400469,0.9943407756179127,B_scarp_p300,1.6727978238836054,0.9819949349360679,B_rad_Thnorm,1.6716997634534565,0.9814878052739955
1177,8,387.379674911499,223.60679626464844,0.7114730775356293,B_rad_UK,1.6986353784473534,0.9899725466966629,B_rad_Unorm,1.6808939037856967,0.9842261299490929,B_rad_UTh,1.6571223083812618,0.9777238517999649
1184,5,209.44271850585938,200.0,0.6597467422485351,B_scarp_p900,1.7292728801044173,0.9981554865837097,B_rad_UK,1.6841156963536241,0.985782241821289,B_scarp_p300,1.6687643345984993,0.980832839012146
1185,8,287.7490577697754,200.0,0.7071121409535408,B_scarp_p900,1.633351588213582,0.9705267250537872,B_rad_ThK,1.5522661779553755,0.9472737014293671,B_rad_Th,1.456859073323456,0.9195075035095215
1186,29,3558.3940598060344,3220.24853515625,0.689503145628962,B_scarp_p300,1.7197320836549759,0.9955172497650673,B_scarp_p900,1.7191512397291375,0.9952400922775269,B_scarp_fine,1.7154997678801358,0.994269862257201
1188,24,549.0752372741699,223.60679626464844,0.7230042765537897,B_scarp_p300,1.7254439754434867,0.9971629132827123,B_scarp_fine,1.7097244000934966,0.9926060264309248,B_scarp_p900,1.6961459611595684,0.9886137495438257
1189,4,250.0,200.0,0.6702757179737091,B_scarp_p900,1.6284644070861132,0.9691190421581268,B_rad_ThK,1.5855805872291484,0.9568722695112228,A_grav_vg_abs,1.4797188078603212,0.9264449924230576
1191,7,862.0095563616071,800.0,0.669188278062003,B_scarp_fine,1.6427421373532303,0.9733089889798846,B_scarp_p900,1.630210065414361,0.9696218541690281,B_scarp_p300,1.6268045925251629,0.9687437415122986
1194,14,899.6693289620536,670.8203735351562,0.6781543578420367,B_rad_UTh,1.4662475319189308,0.9226773040635246,B_rad_Unorm,1.4421731291459756,0.9154568570000785,B_rad_UK,1.311674197926539,0.8782975588526044
1197,74,294.6812715272646,200.0,0.7285984094078476,B_scarp_p900,1.6864702290101181,0.9858267927491987,B_scarp_p300,1.5548534808987957,0.9480137760574753,B_scarp_fine,1.5128700081252617,0.9358938996856278
1200,13,352.01364253117487,200.0,0.6809949508080115,B_rad_UTh,1.5426007296251445,0.9446968711339511,A_grav_vg_abs,1.375428912479377,0.8963871002197266,B_rad_UK,1.3491550673896724,0.8891143432030311
1206,15,267.27903544108074,200.0,0.7464992721875509,B_scarp_p900,1.7017764213458808,0.9902355233828227,B_scarp_p300,1.6831188035433702,0.9849685311317444,A_cond_surf,1.6809503307928473,0.9851107160250346
1213,5,335.8630401611328,223.60679626464844,0.6647712111473083,B_scarp_fine,1.6384791261127007,0.9720808506011963,B_rad_ThK,1.6169066897576676,0.9658979654312134,B_scarp_p300,1.60866665617998,0.9635179877281189
1214,8,291.78271675109863,200.0,0.6695215553045273,A_mag_regional,1.669664232303025,0.9810018092393875,A_rtp,1.5848593686325205,0.9566075652837753,A_grav_slope_abs,1.5839329526440262,0.9564062058925629
1215,28,1905.4756077357702,1746.4249267578125,0.7286664949996131,B_scarp_p300,1.6021115283539036,0.9616293779441288,B_scarp_fine,1.5976031464258842,0.9603048179830823,B_rad_UK,1.511580566690026,0.935989499092102
1216,26,342.3376247699444,200.0,0.6838100575483762,A_grav_gradmag,1.6745578482007848,0.982560015641726,A_mag_regional,1.6659220960619667,0.9799238856022174,A_grav_step300,1.6489295338996748,0.9751496727649982
1218,19,333.5346165707237,200.0,0.7085736739008051,B_scarp_p900,1.6857714777607635,0.9856255274069937,B_scarp_p300,1.6466535984029644,0.9744624746473212,B_scarp_fine,1.608451365289552,0.9634301003656889
1222,5,216.56854248046875,200.0,0.7126831412315369,B_scarp_p900,1.7107445101147316,0.9928186535835266,B_scarp_fine,1.704669858410597,0.9911498546600341,B_scarp_p300,1.7039489139665778,0.9909699320793152
1224,8,328.44496726989746,223.60679626464844,0.6605784818530083,A_mag_regional,1.6842212086159294,0.9851949512958527,A_mag_anom,1.647531489349931,0.9749463945627213,A_tmi,1.5604316772308535,0.9496236592531204
1226,63,356.39594305129276,200.0,0.6987544657692076,B_rad_ThK,1.6508856794069242,0.9756880128194415,B_rad_Th,1.530791149191042,0.9407855404747857,B_scarp_p900,1.4252158770535155,0.9105761987822396
1232,10,264.0458755493164,200.0,0.6654744327068329,A_mag_regional,1.6793436073628933,0.9837899565696716,A_mag_anom,1.6715042065647325,0.9818579733371735,A_tmi_up150_regional,1.5458846229592396,0.9458727240562439
1238,19,1531.8291015625,1104.5361328125,0.7105119918522081,B_scarp_p900,1.7129393159384276,0.9934508361314472,B_scarp_p300,1.6881392624046119,0.9864149846528706,B_scarp_fine,1.6579076387264762,0.9776780448461834
1239,7,745.902326311384,700.0,0.6683946762766156,B_scarp_p900,1.7323663082806595,0.9990465044975281,B_scarp_p300,1.715905759023464,0.9944148404257638,B_rad_UK,1.7105580929746218,0.9934133802141462
1240,16,264.8303213119507,200.0,0.7051206938922405,B_band6_TC,1.7207098113428592,0.996055368334055,B_rad_TC,1.7171079544368948,0.9948871731758118,B_rad_U,1.7141226076792693,0.9940479472279549
1243,7,585.7142857142857,500.0,0.7261184198515755,B_rad_UK,1.7060836220363191,0.9921220711299351,B_rad_U,1.6418582139463105,0.9732083422797067,B_st_coh_xgmag9,1.6003373838022403,0.9611676505633763
1245,8,604.7566299438477,412.3105773925781,0.6658815741539001,A_rtp,1.6994927824023014,0.9896298497915268,A_mag_residual,1.6779112042070188,0.9835433512926102,A_mag_regional,1.6588564415883666,0.9778886213898659
1247,63,328.2772517128596,200.0,0.7596516751107716,B_scarp_p900,1.7320394431368689,0.9989523556497362,B_st_anisotropy,1.6944115707160645,0.9882076420481243,A_cond_surf,1.6936586721590987,0.9887797236442566
1249,11,261.1385997425426,200.0,0.6665710535916415,B_scarp_fine,1.6818247345239572,0.9845683628862555,B_scarp_p900,1.67870335247639,0.9835896546190436,B_scarp_p300,1.6742785320842473,0.9824215444651517
1257,5,315.3565734863281,200.0,0.6639047622680664,A_mag_anom,1.689408432442435,0.987019944190979,A_mag_regional,1.6693054564329182,0.9808984637260437,A_tmi_up150_regional,1.5582475655733492,0.9494396209716797
1262,5,242.57980346679688,200.0,0.6625669836997986,B_rad_TC,1.7082352789883442,0.9923303842544555,B_band6_TC,1.6983453584173864,0.9896086812019348,B_rad_Th,1.6830084597776322,0.9845944762229919
1264,6,770.5250142415365,721.1102294921875,0.6657940447330475,B_scarp_p900,1.726456110070842,0.9973441561063131,B_scarp_p300,1.7238400156200175,0.996700793504715,B_scarp_fine,1.720903116775793,0.995826522509257
1265,39,331.910149207482,200.0,0.7345742048361362,B_scarp_p900,1.7121680151736238,0.9932286739349365,B_scarp_p300,1.5296068612644134,0.9407399266194074,A_grav_residual,1.5166566745699768,0.9370954938423939
1269,7,229.49278695242745,200.0,0.6662601147379194,B_rad_ThK,1.4736911877169656,0.9246346269335065,B_st_ori_y,1.4524194703634252,0.9185456803866795,B_rad_Thnorm,1.383004104197213,0.8983171326773507
1270,10,240.64495086669922,200.0,0.6892042279243469,B_rad_TC_grad,1.7150134750407986,0.9943510055541992,B_band6_grad,1.714345329540488,0.9941141605377197,B_rad_ThK,1.7118001559045197,0.9932387292385101
1273,8,213.30618858337402,200.0,0.7470284923911095,B_rad_UTh,1.7063078458746652,0.9919085130095482,B_rad_Unorm,1.7032769582061158,0.9906741082668304,B_rad_UK,1.6512374224537942,0.9762937426567078
1278,4,726.7767028808594,600.0,0.6518915742635727,B_st_ori_y,1.6331424642509518,0.9706234484910965,B_rad_ThK,1.59071390528517,0.9583512842655182,B_rad_Th,1.4158149361055816,0.9076947867870331
1279,6,300.8786900838216,200.0,0.6693005363146464,A_mag_anom,1.6988979846764118,0.9897558788458506,A_mag_regional,1.6743246353601056,0.98234423995018,A_tmi_up150_regional,1.6136135199002317,0.9654135406017303
1280,41,289.3151658220989,200.0,0.7745052270772981,B_st_coh_xgmag9,1.677323847310959,0.9833543954825983,A_grav_residual,1.5214043919207596,0.9384639670209187,B_rad_UK,1.4426068496081494,0.9160840424095712
1281,11,220.91420953924006,200.0,0.8092258084904064,B_rad_UK,1.7121992980966978,0.993887023492293,B_rad_UTh,1.670480007142558,0.9815760905092413,B_rad_Unorm,1.6657932022381923,0.9798760089007291
1283,4,200.0,200.0,0.7260219305753708,B_scarp_p900,1.6935062653052186,0.9878534227609634,A_grav_slope_abs,1.6695267808480336,0.9810708463191986,B_st_ori_y,1.6376128619356234,0.9719116538763046
1284,14,317.6859468732561,200.0,0.7273742854595184,B_st_coh_xgmag9,1.698840641343837,0.9895553248269218,B_rad_UK,1.5724927588319533,0.9535684415272304,A_grav_vg_abs,1.5300017194258706,0.9409372721399579
1287,12,4230.663431803386,4022.43701171875,0.6906635612249374,B_scarp_p900,1.7109684481470855,0.992883155743281,B_fault_centroid_dist,1.6683447083266874,0.9808831016222636,A_grav_vg_abs,1.663538814987695,0.9794246405363083
1291,5,1106.713818359375,948.6832885742188,0.675135862827301,B_rad_ThK,1.6510162707115708,0.9757256388664246,B_rad_Th,1.580701322428113,0.9551499485969543,B_rad_TC_grad,1.4844951114397218,0.9278849005699158
1293,23,635.4642791748047,223.60679626464844,0.7428385693094005,A_grav_residual,1.71806352345212,0.9951486276543658,B_scarp_p900,1.6851760678580716,0.9854540280673815,B_rad_Thnorm,1.6844075291190066,0.9851488004560056
1294,5,204.7213592529297,200.0,0.7928441643714905,B_scarp_p900,1.7118535155387196,0.9931380867958068,A_grav_slope_abs,1.6972055674513806,0.9890467405319214,A_grav_step900,1.647411614978887,0.9747502565383911
1295,10,350.48798217773435,200.0,0.7819746196269989,B_st_coh_xgmag9,1.7226241931538775,0.9964095115661621,B_rad_UK,1.609497455497101,0.9642478048801422,B_rad_UTh,1.516255293583763,0.9370990872383118
1297,26,234.16576326810397,200.0,0.7320905167322892,B_scarp_p900,1.726354778303545,0.997314968934426,B_scarp_p300,1.6713729799796226,0.9815844205709604,B_st_anisotropy,1.6702779680061524,0.9812539105231946
1299,24,540.8032544453939,223.60679626464844,0.6823374057809511,B_scarp_p900,1.7068975733986056,0.9917105982700983,B_scarp_p300,1.6152556404516507,0.9654163519541422,B_scarp_fine,1.5638047179906158,0.950567769507567
1305,8,223.661527633667,200.0,0.6832288205623627,B_scarp_p900,1.7340341258355767,0.9995268955826759,B_rad_U,1.7171398113415028,0.9949180483818054,B_rad_UK,1.715883189009536,0.9949501752853394
1308,34,520.5882352941177,300.0,0.6996428791214439,B_rad_UTh,1.7152555677814727,0.9944889545440674,B_rad_Unorm,1.7041796583942113,0.9909341528135187,B_rad_UK,1.6939779786824318,0.9886284453027389
1311,19,1006.7197875976562,670.8203735351562,0.7004554271697998,A_grav_residual,1.724859760302188,0.997107562265898,B_rad_UK,1.6804357015221771,0.9847202144171062,B_rad_UTh,1.6428740603897434,0.9736147868005853
1315,6,234.4082514444987,200.0,0.8011289139588674,B_st_coh_xgmag9,1.7267569291700526,0.9976005256175995,B_rad_UK,1.710964374888612,0.9935306310653687,B_st_ori_x,1.6991001461574098,0.9896475176016489
1316,12,269.66382853190106,200.0,0.7816250572601954,B_st_coh_xgmag9,1.7204276328996448,0.995776484409968,A_grav_residual,1.7097813119549286,0.9927613784869512,B_rad_UK,1.6875269636172932,0.9867667158444723
1317,6,216.66666666666666,200.0,0.7110965351263682,B_rad_ThK,1.5943953993185973,0.9594119985898336,B_rad_Th,1.560435247471283,0.9493172665437063,A_grav_gradmag,1.4280229339485622,0.9115117788314819
1318,5,748.2687133789062,700.0,0.678043007850647,A_grav_residual,1.727310269173788,0.9978138923645019,B_scarp_fine,1.6957466572976405,0.9885791540145874,B_scarp_p300,1.6884710025084662,0.9865105628967286
1319,8,2039.0718231201172,1746.4249267578125,0.6788536608219147,B_scarp_p900,1.6895137671436053,0.9867034405469894,B_spring_dist,1.6723930884046934,0.9821979627013206,B_rad_Thnorm,1.6656166013778841,0.9797352999448776
1320,9,241.86476304796008,200.0,0.6619198852115207,B_rad_ThK,1.684356000205448,0.9853315022256639,B_rad_Th,1.6706782674247085,0.9810457825660706,A_grav_hg_abs,1.5499816334774612,0.9466867446899414
1321,10,233.00563049316406,200.0,0.7438518047332764,B_scarp_p900,1.7254186972184784,0.9970453441143036,B_scarp_p300,1.7208409140020977,0.995836716890335,B_rad_UK,1.715883189009536,0.9949501752853394
1324,8,259.46899032592773,200.0,0.7287228852510452,B_st_coh_xgmag9,1.7294063701621105,0.9983640685677528,B_st_anisotropy,1.7274056755174285,0.9977143928408623,B_st_ori_x,1.7244547773251553,0.9969543218612671
1333,28,1046.005859375,728.010986328125,0.6745972782373428,B_scarp_p300,1.725236294763275,0.997103078024728,B_scarp_fine,1.7198463826023538,0.9955220861094338,B_scarp_p900,1.7155974878622837,0.9942164846829006
1339,35,268.0903560093471,200.0,0.7126097100121634,B_scarp_p900,1.7241027243933353,0.9966662968908038,B_scarp_p300,1.6160350509594674,0.9656409093311855,B_scarp_fine,1.5740502377927748,0.9535194192613874
1344,12,800.0,700.0,0.689719890554746,B_scarp_p900,1.7192386352279803,0.995265265305837,B_paleo_geotherm_dist,1.715909972178968,0.9941177616516749,B_rad_UTh,1.684997350087143,0.9857627600431442
1346,36,598.0493257310656,223.60679626464844,0.7347545822461446,B_scarp_p900,1.7206243459298025,0.9956643995311525,B_rad_UK,1.715883189009536,0.9949501752853394,B_paleo_geotherm_dist,1.6877634870175633,0.9860134936041303
1348,19,269.09994828073604,200.0,0.7026064050825018,B_paleo_geotherm_dist,1.7307693070654757,0.998396236645548,B_rad_UTh,1.7086063986202058,0.9925713946944789,B_rad_Unorm,1.6971279281314993,0.9889027319456402
1349,11,689.283164284446,500.0,0.6844406561418013,B_paleo_geotherm_dist,1.722106040678007,0.995901806788011,B_scarp_p900,1.7184537751127367,0.9950391975316134,B_scarp_p300,1.7069440585295212,0.9918328686193987
1350,8,239.91856575012207,200.0,0.7193339765071869,B_scarp_p900,1.7277553334880293,0.9977183789014816,B_scarp_p300,1.7079505521072404,0.9921228513121605,B_rad_TC_grad,1.6977634334834246,0.9893772453069687
1351,12,248.28842798868814,223.60679626464844,0.7576091090838114,B_scarp_p900,1.7311159904741107,0.9986863682667414,B_paleo_geotherm_dist,1.7188656034300178,0.9949687818686167,B_scarp_p300,1.7185545872558257,0.9951779991388321
1354,19,267.3633495130037,200.0,0.6989490389823914,B_scarp_p900,1.722454671959247,0.9961915988671152,B_scarp_p300,1.5714818953955003,0.9528046187601591,A_grav_residual,1.552414776630585,0.9474023423696819
1356,4,253.2247543334961,223.60679626464844,0.6931843012571335,B_scarp_p900,1.7268021396840576,0.997443825006485,B_paleo_geotherm_dist,1.7262168936810784,0.997085452079773,B_rad_UK,1.715883189009536,0.9949501752853394
1363,8,248.26482582092285,200.0,0.6905294954776764,B_rad_TC_grad,1.5630759507315781,0.9505423679947853,B_band6_grad,1.5602662107828904,0.9497059807181358,B_scarp_p900,1.3907689643416694,0.9006542563438416
1364,5,242.57980346679688,200.0,0.7687411069869995,B_scarp_p900,1.7308575874370233,0.9986119389533996,B_paleo_geotherm_dist,1.7286785689860098,0.997794246673584,B_rad_UK,1.715883189009536,0.9949501752853394
1367,19,225.4589161119963,200.0,0.7085347175598145,B_st_ori_y,1.4467841981270113,0.9169218006886934,B_scarp_p300,1.4078559279896565,0.9056620440985027,B_line_resp,1.3123213533745544,0.8781947524924028
1372,30,322.05020395914715,200.0,0.7678834398587545,B_scarp_p900,1.728559748009086,0.9979500790437063,B_scarp_p300,1.717008340126285,0.9947325070699056,B_scarp_fine,1.7025751879212783,0.9905463973681132
1375,4,1091.1288604736328,1019.8038940429688,0.6563166081905365,A_mag_anom,1.3669457753505296,0.8940506726503372,A_tmi,1.246118389441445,0.8590574860572815,A_tmi_up150,1.2388492129213053,0.8569271415472031
1380,25,3627.3276171875,3252.691162109375,0.7086279416084289,B_scarp_p900,1.7163445653587115,0.9944316697120666,B_scarp_p300,1.6937411527661457,0.9880289554595947,B_scarp_fine,1.6777614287557558,0.9833977580070495
1382,55,421.7972675670277,200.0,0.7570481744679538,B_scarp_p900,1.715609820106313,0.9942200368100946,B_rad_UTh,1.6931362404213566,0.9881099419160323,B_rad_UK,1.6785332921950138,0.9841711889613759
1383,43,1234.8158015761264,921.9544677734375,0.6847398572189863,A_mag_residual,1.4450922720738815,0.9164513612902442,A_rtp,1.3832349997370215,0.898525920025138,A_tmi,1.327132221719431,0.8824007968569911
1388,11,331.6616044477983,200.0,0.6805947748097506,B_scarp_p300,1.6393124596369266,0.9723474058237943,B_scarp_fine,1.6112227974467146,0.9642285271124407,B_scarp_p900,1.605971384845136,0.9626402475617148
1395,12,526.2399495442709,282.84271240234375,0.7040866116682688,A_grav_step300,1.720136066795422,0.9956686745087305,B_scarp_p900,1.7156835629194929,0.9942412773768107,A_grav_step900,1.7112953810872706,0.9931609431902567
1398,4,342.9840393066406,282.84271240234375,0.6676599830389023,B_scarp_fine,1.7324481145894433,0.9991525411605835,B_scarp_p300,1.7251398959550428,0.9970753043889999,B_scarp_p900,1.7169835968316383,0.9946157336235046
1399,9,255.91954379611545,200.0,0.7328555385271708,B_scarp_p900,1.7344156304107172,0.9996367825402154,B_scarp_p300,1.733592936797334,0.9995107253392538,B_scarp_fine,1.7312705621454425,0.9988132980134752
1401,12,3006.7257080078125,2641.968994140625,0.6721619019905726,B_scarp_p300,1.72494537679935,0.9970192611217499,B_scarp_p900,1.7193582953239688,0.9952997316916784,B_scarp_fine,1.7135870975091398,0.9937188376983007
1404,51,691.374465044807,282.84271240234375,0.7000010153826546,B_scarp_p900,1.7207872709702288,0.9957113277678397,B_rad_UK,1.6283748844416248,0.9696957328740288,B_st_anisotropy,1.4693468733214612,0.9233586636244082
1405,75,297.58198913574216,200.0,0.731753207842509,B_scarp_p900,1.7315698821358627,0.9988171052932739,B_scarp_p300,1.7123378446879887,0.9933868821461995,B_scarp_fine,1.6913089710051097,0.9873006931940714
1409,7,1328.675537109375,1264.9110107421875,0.657375054700034,A_grav_vg_abs,1.713203434734584,0.9937387193952288,B_scarp_p900,1.5755423628175045,0.9538756012916565,A_grav_slope_abs,1.5552453352441755,0.9481396079063416
1419,152,1743.3909550717003,1334.1663818359375,0.7219825418371904,B_scarp_p900,1.705034777803619,0.991174046538378,B_scarp_p300,1.6838645270892565,0.9851833828970006,B_scarp_fine,1.6549122246639143,0.9768150907598043
1421,16,344.8315420150757,200.0,0.722231563180685,B_scarp_p900,1.730519828321291,0.9985146522521973,B_scarp_p300,1.7215661172048042,0.9960456565022469,B_scarp_fine,1.7107570199555577,0.9929035156965256
1422,8,1166.2794494628906,1004.987548828125,0.671293817460537,B_scarp_p900,1.7300925077882756,0.9983915686607361,B_scarp_p300,1.6738259392194905,0.9822911471128464,B_scarp_fine,1.63817785645547,0.9719940572977066
1427,42,845.307975042434,223.60679626464844,0.6969288715294429,B_scarp_p900,1.7030021597226697,0.9905885798590524,B_scarp_p300,1.6923269814366377,0.9876215159893036,B_scarp_fine,1.6585346578791758,0.9778586838926587
1428,117,521.9489676972739,200.0,0.733141669860253,B_scarp_p900,1.724446121486587,0.9967652075311058,B_rad_UK,1.6390019766541528,0.9727626565175179,B_scarp_p300,1.584551497439149,0.9565701255431542
1429,4,1476.0292053222656,1431.7821044921875,0.6896627098321915,A_mag_gradmag,1.7303872323736986,0.9988245815038681,A_tmi_hg_abs,1.7284516536550711,0.998280867934227,A_mag_step300,1.7278981503710882,0.998086079955101
1431,59,347.54262322894596,200.0,0.7259599283590155,B_scarp_p900,1.731148475451061,0.9986957251015356,B_scarp_p300,1.7234066312996446,0.9965759303610203,B_scarp_fine,1.7154316390772741,0.9942502349109973
1436,18,1362.192376030816,1170.469970703125,0.7369997269577451,A_grav_step900,1.7337540043203385,0.9996333022912344,A_grav_step300,1.7303323051461006,0.9986068407694498,B_scarp_p900,1.7076149534072265,0.9919172293610043
1437,14,425.8456028529576,200.0,0.6988627527441297,B_rad_UK,1.6977601536742142,0.9897199613707406,B_rad_Unorm,1.4725506432998632,0.924207832132067,B_scarp_p900,1.4219827412254593,0.9096449400697436
1443,4,211.80339813232422,200.0,0.6708587855100632,B_scarp_p300,1.710482843955541,0.9928524345159531,B_scarp_fine,1.7055028783748234,0.9913898408412933,B_st_anisotropy,1.6556504151036342,0.9770392030477524
1444,4,919.4373474121094,806.2257690429688,0.6770080178976059,B_rad_TC_grad,1.714074112402143,0.9940801560878754,B_band6_grad,1.7140200770648077,0.9940204173326492,A_grav_anom,1.6584483296547825,0.9779592901468277
1448,5,226.01126098632812,200.0,0.8617196917533875,B_scarp_p900,1.7329302058363336,0.999208927154541,B_scarp_p300,1.7318792787209467,0.9990170001983643,B_scarp_fine,1.7311631746222718,0.9987823605537415
1455,19,1799.4512296977796,1456.02197265625,0.7267020909409774,B_rad_TC_grad,1.686194399098017,0.9860415082228812,B_band6_grad,1.6836423274098338,0.9852650416524786,B_scarp_p300,1.680883384038149,0.984324480357923
1460,11,459.19173084605825,316.2277526855469,0.6827852671796625,B_scarp_fine,1.4816756881083097,0.9269070733677257,B_scarp_p300,1.4095142969066112,0.906139839779247,A_strain_dilate,1.3701920681802817,0.894986320625652
1464,8,259.9879550933838,200.0,0.7305984646081924,B_scarp_p900,1.729410114145329,0.9981950148940086,A_grav_vg_abs,1.7267296244572332,0.9976371675729752,A_grav_slope_abs,1.723261649966766,0.9965550377964973
1468,4,1211.5443725585938,1140.1754150390625,0.6603592038154602,A_grav_vg_abs,1.6460083082895294,0.9743720889091492,B_rad_TC_grad,1.5830394740168452,0.9562985152006149,B_band6_grad,1.5770516633159612,0.9545438289642334
1470,14,244.9376264299665,200.0,0.70076841541699,B_scarp_p900,1.6880109542908737,0.9862705767154694,B_line_resp,1.39412224180674,0.901768582207816,B_st_anisotropy,1.3043925049902132,0.87582956467356
1471,116,1832.600826394969,894.4271850585938,0.7122150161143007,B_scarp_p900,1.7244256745148974,0.9967593180722204,B_scarp_p300,1.7075505750026005,0.9920076131820679,B_scarp_fine,1.6882600438725108,0.9864223224335703
1474,4,275.0,200.0,0.6575455218553543,A_mag_step900,1.7272476182434675,0.9979011714458466,A_mag_step300,1.7224815966961284,0.9965248256921768,A_mag_gradmag,1.707198845934082,0.9921405762434006
1478,38,358.32962598298724,200.0,0.7262457405266008,A_grav_residual,1.6856113030936555,0.9857946602921737,A_grav_anom,1.6159854757517136,0.9657202237530759,A_grav_vg_abs,1.524517843929899,0.939356738015225
1479,14,379.9718257359096,200.0,0.6696368711335319,A_grav_residual,1.6922911346769984,0.9877200424671173,B_scarp_p900,1.665938407606983,0.9799128941127232,A_grav_anom,1.610455764465266,0.9641263953277043
1480,39,334.25065182416864,200.0,0.7444752760422535,B_scarp_p900,1.7139068147096113,0.993729510368445,B_rad_UK,1.659708558098006,0.9787384684269245,B_scarp_p300,1.5651736343903542,0.9509871342243292
1482,100,3217.52974609375,2596.15087890625,0.7348438930511475,A_grav_anom,1.6643397523007761,0.9796573746204377,A_grav_residual,1.6370222806307282,0.9717894512414932,B_scarp_p300,1.5446366972592371,0.9450701999664307
1485,65,1332.0344088040865,824.6211547851562,0.6808062580915598,A_mag_step900,1.681758292642477,0.9847894054192763,A_mag_step300,1.6441639774091803,0.973950745509221,A_tmi_hg_abs,1.6088338661943606,0.9638002533179063
1489,25,311.30364379882815,200.0,0.7381791543960571,B_scarp_p900,1.7140203472514781,0.9937622117996215,B_rad_UK,1.7062365221187215,0.9921661972999573,A_grav_hg_abs,1.6686605598163737,0.9808904099464416
1493,45,314.4497111002604,200.0,0.7147562199168735,A_tmi,1.6902461313241177,0.9870283722877502,A_grav_residual,1.6856153900298843,0.9857958383030362,A_tmi_up150,1.68554595806115,0.985585520002577
1496,10,309.90704650878905,282.84271240234375,0.6629636585712433,A_grav_residual,1.6506164565782804,0.9757078111171722,A_grav_anom,1.4161918053125262,0.9081337034702301,A_mag_residual,1.345598694296927,0.8877800583839417
1503,32,334.54515314102173,200.0,0.7112794537097216,A_mag_step900,1.700081240219612,0.9900707807391882,A_grav_residual,1.6377184638893874,0.971990117803216,A_tmi_hg_abs,1.6174109946375352,0.9662726670503616
1507,8,1005.0527114868164,921.9544677734375,0.6807433590292931,B_scarp_p900,1.470648208859855,0.9236623346805573,B_scarp_p300,1.3605439172652454,0.8920308947563171,B_scarp_fine,1.3192388264136092,0.88011035323143
1508,13,1538.4615384615386,1400.0,0.6713692224942721,B_scarp_fine,1.6857739209601537,0.985706090927124,B_scarp_p300,1.6594671488644606,0.9781542099439181,B_scarp_p900,1.6216840821832008,0.9671660661697388
1509,10,234.2955322265625,200.0,0.7246978342533111,B_scarp_p900,1.7192045254614627,0.9952554404735565,B_rad_UK,1.6129278409261685,0.9652377963066101,B_scarp_p300,1.58708296375568,0.9572994709014893
1510,14,223.57545035226005,200.0,0.6910077886922019,B_scarp_p900,1.692650759546999,0.9876070065157754,B_rad_UK,1.5899356186434397,0.9586023603166852,B_line_resp,1.4180953939435355,0.9086772969790867
1511,12,225.53745905558267,200.0,0.7047039270401001,B_scarp_p900,1.5730561609124836,0.9531594862540563,B_scarp_p300,1.4800372604516747,0.9264583388964335,B_scarp_fine,1.468419099372333,0.923087959488233
1512,6,703.8385009765625,583.09521484375,0.6665969093640646,A_grav_residual,1.7317937707553819,0.999106208483378,B_scarp_p300,1.7197106858166349,0.9955110847949982,B_scarp_p900,1.7145830142343825,0.9939242800076803
1513,19,263.82354736328125,200.0,0.7779543274327329,B_scarp_p900,1.7204847390053144,0.9956241877455461,B_rad_UK,1.715883189009536,0.9949501752853394,A_grav_hg_abs,1.7070786318288436,0.9919626273606953
1518,13,640.4289362980769,400.0,0.6911824895785406,A_grav_residual,1.7294925101626997,0.998442897429833,A_grav_anom,1.6959275365454225,0.9887619201953595,B_scarp_p300,1.667289800386005,0.9804080082820013
1520,9,366.6666666666667,300.0,0.6640385521782769,A_grav_residual,1.6511163060752245,0.9758518868022494,B_st_ori_y,1.566999004795526,0.951563318570455,A_mag_step900,1.5667482844765503,0.9516391158103943
1523,7,1087.6502772739955,1004.987548828125,0.6862045952251979,B_scarp_fine,1.5431766838269654,0.9446250029972622,B_scarp_p900,1.5187264692021338,0.9375105925968715,B_scarp_p300,1.4676139339244243,0.9228790317262922
1524,5,345.3057586669922,223.60679626464844,0.6636816620826721,A_tmi_up150_gradmag,1.6568671340115328,0.9752912998199463,B_rad_Knorm,1.650047804954771,0.9753963947296143,A_tmi_hg_abs,1.63172222380311,0.9703979730606079
1526,28,251.05415834699357,200.0,0.7498311102390289,B_scarp_p900,1.7025438433004212,0.9904565683432988,B_scarp_p300,1.6531635968578482,0.9763380821262088,B_st_anisotropy,1.6513137313282316,0.9757896534034184
1528,13,1153.9910700871394,1000.0,0.6978991398444543,B_scarp_p300,1.6879738151589623,0.9863673173464261,B_scarp_fine,1.6801537230470704,0.9840869582616366,A_mag_step300,1.6339917645133044,0.9710187315940857
1529,17,514.2199527516085,200.0,0.7005020905943478,B_scarp_p900,1.6840268309056943,0.985123006736531,B_scarp_fine,1.6104523139930864,0.9640065571841072,B_scarp_p300,1.5984223988694444,0.960566496147829
1534,6,993.307373046875,854.400390625,0.6611026326815287,B_rad_Knorm,1.5878614608945667,0.9574905633926392,A_tmi_up150_gradmag,1.5662627635142645,0.9493261575698853,A_tmi_hg_abs,1.5384646619629234,0.9435158669948578
1536,4,749.1737823486328,707.1068115234375,0.6490684598684311,B_spring_dist,1.665838334610673,0.9803073704242706,B_st_coh_xgmag9,1.643882199841544,0.9737168401479721,B_st_coherence,1.623651182702609,0.9679103642702103
1537,10,1926.13115234375,1835.7559814453125,0.6899276435375213,B_scarp_p300,1.6613064463780038,0.9786841332912445,B_scarp_fine,1.6379560550366365,0.9719301581382751,A_mag_step300,1.6276829947356484,0.9692003071308136
1538,26,222.86258404071515,200.0,0.7576819520730239,B_scarp_p900,1.7272785515385038,0.9975810486536759,B_paleo_geotherm_dist,1.7250465728952622,0.9967484795130216,B_lidar_cross_max,1.7189506204950689,0.9815488595228928
1540,26,299.223276578463,200.0,0.7016859834010785,A_depth_base,1.4714715213152219,0.9239800343146691,B_rad_Thnorm,1.4462364114310284,0.9165338025643275,A_tmi_vg_abs,1.2786182870160172,0.8685886424321395
1541,73,1132.5647821295752,424.2640686035156,0.6823126298107512,A_mag_residual,1.5513681345207546,0.9470771314346627,A_rtp,1.5289369867062084,0.9404980842381307,A_tmi_up150_gradmag,1.4779872600142385,0.9240284153859909
1542,11,355.9704021107067,200.0,0.6550580804998224,B_spring_dist,1.651022012260024,0.9760338880799033,B_st_coh_xgmag9,1.6428030816424815,0.9734058488499034,B_st_coherence,1.616529503354276,0.9658579338680614
1546,18,250.32831319173178,200.0,0.6978935996691386,B_scarp_p900,1.650566363158469,0.9754851957162222,B_st_ori_y,1.5276123104572463,0.9402135113875071,B_rad_UTh,1.4888539349955217,0.9291967848936716
1548,18,396.11659071180554,200.0,0.714706818262736,B_scarp_p300,1.6570431868976763,0.9774558378590478,B_scarp_fine,1.6419952065848833,0.973093804385927,B_scarp_p900,1.6355197024627588,0.9711512194739448
1549,6,290.03736877441406,223.60679626464844,0.6708486179510752,B_scarp_p900,1.604326625636612,0.9621664981047312,B_scarp_fine,1.5286817376353472,0.9404491285483042,B_rad_Unorm,1.5089781082139697,0.9347016414006551
1552,24,247.0469487508138,200.0,0.7175206740697225,B_st_anisotropy,1.681968428611579,0.9846223394076029,B_scarp_p300,1.6741839799733176,0.9823943028847376,B_scarp_fine,1.659587195046682,0.9781619111696879
1556,39,746.2828071789863,400.0,0.6757237559709793,A_grav_hg_abs,1.7273091331414705,0.9977931258005973,A_grav_slope_abs,1.7220317425029381,0.9962006287697034,A_grav_gradmag,1.7051522889668245,0.9913769456056448
1557,5,333.1370849609375,282.84271240234375,0.6602865338325501,B_st_coherence,1.6655937145702424,0.979997980594635,B_st_coh_xgmag9,1.6104700449667304,0.9640877842903137,B_spring_dist,1.605937063877305,0.9630300045013428
1563,24,1709.5083262125652,1431.7821044921875,0.6924766326944033,B_scarp_p900,1.6284604149673323,0.9691178922851881,A_mag_residual,1.6198445247892173,0.9668101370334625,A_rtp,1.597827646609063,0.9603433186809222
1564,12,237.80525843302408,200.0,0.7536038309335709,B_scarp_p900,1.7192274434997346,0.9952620416879654,B_scarp_p300,1.687183403964322,0.9861395905415217,B_rad_ThK,1.685320078705409,0.9856092731157938
1569,46,591.6409878938094,200.0,0.7169291960156482,A_grav_step900,1.72542659549913,0.9972334232019342,B_scarp_p900,1.5593305757576494,0.9492060269998468,B_rad_ThK,1.5374987790642916,0.9430189093817836
1575,5,380.0,300.0,0.6620545506477356,B_st_coh_xgmag9,1.6926769500162953,0.9877790093421936,B_spring_dist,1.565116279475288,0.9512560367584229,B_st_coherence,1.535908963933401,0.942623519897461
1580,4,266.7511558532715,200.0,0.70711450278759,B_st_coh_xgmag9,1.7035541228355897,0.9909137040376663,B_st_coherence,1.587384649473522,0.9574585407972336,B_spring_dist,1.5543461187788619,0.9481495916843414
1581,20,1730.8599853515625,1476.4822998046875,0.7013672322034836,B_scarp_p900,1.6967716770625694,0.9887939780950546,A_mag_step300,1.6302686968049287,0.9699456036090851,B_scarp_p300,1.622681655321526,0.9675558745861054
1582,6,211.80339813232422,200.0,0.6880606412887573,B_scarp_p900,1.7235846126585908,0.9965170621871948,B_rad_ThK,1.7176220641903688,0.9949161410331726,B_rad_Th,1.7153839094793515,0.9939122994740804
1583,4,247.32305526733398,200.0,0.6912767589092255,B_rad_TC_grad,1.4824540168517588,0.9272963851690292,B_band6_grad,1.4666759354077725,0.9227316975593567,A_strain_dilate,1.4038525545369451,0.9046977758407593
1587,16,1205.740795135498,800.0,0.6899121254682541,B_scarp_p900,1.6053231248759567,0.9624535255134106,A_mag_gradmag,1.4777978064846904,0.9260161928832531,A_tmi_up150_gradmag,1.475638111574707,0.9233552031219006
1589,10,228.37194061279297,200.0,0.7897847294807434,B_scarp_p900,1.7192415254185103,0.9952660977840424,A_grav_slope_abs,1.7110507214226354,0.9930363476276398,A_grav_vg_abs,1.711028443771015,0.9931118547916412
1591,13,289.62403752253607,200.0,0.6959445797480069,A_strain_dilate,1.4087276631677168,0.9061043033233056,A_cond_surf,1.1526962847110849,0.8325992226600647,A_tmi_up150_gradmag,1.0053992428746563,0.7885954884382395
1594,6,485.51744079589844,282.84271240234375,0.6611841320991516,B_st_coh_xgmag9,1.7150056044728503,0.9942139089107513,B_st_coherence,1.6939869684192084,0.9881807665030161,B_spring_dist,1.5453065612531984,0.9455423057079315
1596,13,269.6553825965294,200.0,0.7231608399978051,A_grav_step900,1.727645941701494,0.9978730174211355,A_grav_step300,1.7152285182490374,0.9942545065513024,B_scarp_p900,1.6787267491420217,0.9835963936952444
1597,24,300.58103624979657,200.0,0.6859040458997091,A_strain_dilate,1.392992660569182,0.9015645657976469,B_az_deriv_135,1.2375385914240808,0.8566108817855517,B_rad_Unorm,1.2109960530636452,0.8488607282439867
1602,4,2264.4716796875,2126.029052734375,0.6610361337661743,B_scarp_p900,1.6729717547473275,0.9819387495517731,B_rad_Knorm,1.617620538051389,0.9660593420267105,B_scarp_p300,1.4772308953712883,0.9256497919559479
1611,6,331.8781153361003,200.0,0.7222077449162801,A_grav_step300,1.7310928374402808,0.9988259971141815,A_grav_step900,1.7291635488594954,0.9983103772004446,B_rad_UK,1.6729761602896125,0.9825674295425415
1612,6,331.5155741373698,200.0,0.6629573802153269,A_mag_step300,1.7254946130529163,0.9973932902018229,A_mag_gradmag,1.7238541622659957,0.9969414373238882,A_tmi_hg_abs,1.7106874454975443,0.993160218000412
1614,6,360.2670084635417,300.0,0.6502971847852071,B_st_coh_xgmag9,1.7186042727227548,0.9952510098616282,B_st_coherence,1.6983516787760293,0.9894386529922485,B_rad_Knorm,1.5604811288733318,0.949606716632843
1618,18,283.7488538953993,200.0,0.7098279198010763,A_strain_dilate,1.4190386063596119,0.9090791344642639,A_cond_surf,1.3201941029122355,0.880957285563151,B_scarp_p900,1.1709314271651403,0.8373331858052148
1620,15,277.17767333984375,200.0,0.6550508578618367,B_st_coh_xgmag9,1.6375012217064735,0.971877904733022,B_st_coherence,1.4916600671736424,0.9298712213834127,B_rad_Knorm,1.476712536029201,0.9254865288734436
1622,4,223.60679626464844,223.60679626464844,0.7094116061925888,B_rad_ThK,1.7176220641903688,0.9949161410331726,B_scarp_p900,1.714292977751542,0.9938407391309738,B_rad_UK,1.663873586610091,0.9799404740333557
1623,14,259.1076354980469,200.0,0.7106535349573407,A_strain_dilate,1.4190386063596119,0.9090791344642639,B_az_deriv_135,1.2909319213275714,0.8719963261059352,A_cond_surf,1.1907458090929817,0.8435844480991364
1625,14,246.2295423235212,200.0,0.7379735878535679,A_grav_hg_abs,1.7095347068637896,0.992670476436615,A_grav_slope_abs,1.7089011716709048,0.992416935307639,B_scarp_p900,1.7059372945384081,0.9914340036255973
1626,29,2574.764202249461,1984.943359375,0.6834789144581762,B_scarp_p900,1.710594589359974,0.9927754710460531,B_scarp_p300,1.6876967410428685,0.9862874890195912,B_scarp_fine,1.6576734384787282,0.9776105736864025
1631,379,358.01096933812767,200.0,0.6835870662591074,B_st_coh_xgmag9,1.6865905453863945,0.9860249671269218,B_rad_Knorm,1.559863230150192,0.9494287999135523,B_st_ori_y,1.555003957216059,0.9481067838329124
1632,4,232.51407623291016,200.0,0.661567747592926,B_st_coh_xgmag9,1.7147156372577868,0.9941303431987762,B_st_ori_y,1.699114364546341,0.9896341413259506,B_st_coherence,1.6812528260760025,0.9845108538866043
1636,363,572.4008807978354,200.0,0.7766624426381975,B_scarp_p900,1.7107298251489427,0.9928144237883492,A_grav_residual,1.6693584851345047,0.9811099784104949,B_scarp_p300,1.6023495077703787,0.9616979426260494
1639,12,342.73778406778973,223.60679626464844,0.668636699517568,B_paleo_geotherm_dist,1.7112651081276675,0.9927803575992584,B_st_ori_y,1.6320130661514916,0.9702979971965154,B_rad_Knorm,1.5680965633889918,0.9517994920412699
1640,23,384.8273388406505,200.0,0.664324410583662,B_st_coh_xgmag9,1.716981973926795,0.9947834792344467,B_st_coherence,1.6897342050315702,0.9869551425394805,B_st_ori_y,1.6210859207426214,0.9671491928722548
1641,6,323.3057581583659,200.0,0.6626540919144949,B_st_ori_y,1.71989277643208,0.9956217209498087,B_st_coh_xgmag9,1.7197897532854332,0.9955926537513733,B_st_coherence,1.692890508283687,0.9878647724787394
1642,8,238.30618858337402,200.0,0.6978724822402,A_tmi_vg_abs,1.7202828990887518,0.9959024041891098,B_scarp_p900,1.6761532751031842,0.9828551411628723,B_rad_Unorm,1.625241675892327,0.9681941643357277
1645,12,1097.9561513264973,1004.987548828125,0.6678923567136129,B_scarp_p300,1.6816184459014327,0.9845362603664398,B_scarp_fine,1.6646813725738172,0.9796295017004013,A_mag_step300,1.652611238855038,0.9763855636119843
1648,6,727.1478373209635,640.3124389648438,0.6558984518051147,B_st_ori_y,1.7244629069912591,0.9969386657079061,B_st_coh_xgmag9,1.7195267076579783,0.9955168465773264,B_st_coherence,1.6910854458341693,0.9873445630073547
1650,25,385.8036224365234,200.0,0.6857456231117248,B_st_ori_x,1.4565019187642245,0.9197345399856567,B_scarp_p300,1.2529880913975406,0.8610427904129029,B_scarp_fine,1.2444210461550775,0.8585559678077698
1658,7,474.4361092703683,316.2277526855469,0.667895325592586,A_grav_vg_abs,1.636377544627324,0.971596360206604,B_scarp_p300,1.6332297315788786,0.9705948999949864,B_scarp_p900,1.6256751170195713,0.9683156268937247
1659,4,1408.3743896484375,1264.9110107421875,0.7096753567457199,B_rad_Thnorm,1.6739538003331904,0.9821371734142303,A_tmi_vg_abs,1.6542409790489354,0.9768652319908142,B_scarp_p900,1.5949709098941849,0.9594717174768448
1661,5,566.0876708984375,412.3105773925781,0.6623218536376954,A_mag_step900,1.6909022810395604,0.9874250531196594,B_scarp_p900,1.6847190962554994,0.9853224039077759,B_scarp_p300,1.665857087811877,0.9799952268600464
1663,51,385.64365611356845,200.0,0.7387729018342262,B_scarp_p900,1.6933977310023414,0.9878221610013176,A_mag_step900,1.670798779255835,0.9816304538764206,B_st_anisotropy,1.62215425259324,0.9673877919421476
1664,8,252.83465766906738,200.0,0.7062391266226768,B_rad_Unorm,1.6825094879816147,0.9846915379166603,A_mag_step900,1.6783320095146224,0.983801819384098,B_rad_UK,1.6642138772179171,0.9800386801362038
1667,52,444.03142342200647,200.0,0.7045180820501767,B_rad_UK,1.698897418479933,0.9900481700897217,A_grav_vg_abs,1.6714837372511724,0.9817144847833194,A_grav_slope_abs,1.6161911390194117,0.9657016958181674
1670,6,233.33333333333334,200.0,0.6930312613646189,B_rad_UTh,1.477232074647976,0.9258451461791992,A_mag_step900,1.4502423411656529,0.9180576403935751,B_rad_K_residual,1.403122570791312,0.9043707350889841
1674,6,2012.966532389323,1920.937255859375,0.662829319636027,B_scarp_p300,1.6720796802636022,0.9817880292733511,B_scarp_fine,1.6700236512791475,0.9811685681343079,B_scarp_p900,1.6552756837541576,0.9768416484196981
1675,13,258.5042395958534,200.0,0.6530767266566937,B_st_coherence,1.7178819200338156,0.9950671654481155,A_mag_regional,1.4302744888105268,0.9120455109156095,B_st_coh_xgmag9,1.3411695884794526,0.8864780297646155
1683,34,261.084218193503,200.0,0.6837241719750797,B_st_coherence,1.7031767700650509,0.9908292188363916,B_st_coh_xgmag9,1.6557274986623076,0.9771305392770206,A_mag_regional,1.5390823412048389,0.9433876503916347
1684,205,277.9129896210461,200.0,0.7010002127507838,B_st_coh_xgmag9,1.6801249249586467,0.9841616386320533,B_st_coherence,1.6179119423183117,0.9662563454814074,B_st_ori_y,1.5030305652685905,0.9331299499767582
1688,6,200.0,200.0,0.6621954341729482,B_scarp_p900,1.6478503428215072,0.9747028847535452,B_scarp_p300,1.6405187877822338,0.9726949632167816,B_scarp_fine,1.6307524588792632,0.969854861497879
1695,4,266.7511558532715,200.0,0.6711299270391464,B_st_anisotropy,1.7289442503416095,0.9981577098369598,B_st_coh_xgmag9,1.6824393596619522,0.9848286360502243,B_fault_centroid_dist,1.5825832652047132,0.9561600089073181
1697,9,241.81559583875867,200.0,0.7573210861947801,B_scarp_p900,1.7187391404063916,0.9951213929388258,B_rad_UK,1.7068236891464268,0.9923356506559584,B_rad_UTh,1.6313743316349993,0.9702983697255453
1699,76,274.5404135051526,200.0,0.6879970533283133,B_st_coh_xgmag9,1.7170140612232418,0.9947927264790786,B_st_coherence,1.705965642688064,0.9916329572075292,A_mag_regional,1.6245388045331945,0.9680034141791495
1700,256,339.6092045903206,200.0,0.70403703302145,B_st_coh_xgmag9,1.6647946835108143,0.9797436131630093,B_st_coherence,1.5419019959786846,0.9443506801035255,B_st_ori_y,1.536276977755992,0.9427103521302342
1708,103,388.2801144794353,200.0,0.6834348845250399,B_st_coh_xgmag9,1.7208724808184495,0.9959046852241442,B_st_coherence,1.7092800342951469,0.9925881473763475,A_mag_regional,1.6699603637197036,0.9810871099962771
1709,6,207.86893208821616,200.0,0.6991296311219534,B_scarp_p900,1.711650781434025,0.9930796921253204,A_grav_vg_abs,1.6408455607709964,0.9728841086228689,B_scarp_p300,1.6007654373743148,0.9612415532271067
1713,44,385.11218157681554,200.0,0.6959656165404753,B_scarp_p900,1.6682479722251693,0.9805781312964179,A_cond_surf,1.5221391541265994,0.939260561357845,B_scarp_p300,1.3688553407395792,0.8944255140694705
1714,6,812.8733215332031,700.0,0.6971252262592316,A_mag_step300,1.6535202531981452,0.9766475756963094,A_mag_gradmag,1.6474696251909782,0.9749237497647604,A_tmi_up150_gradmag,1.6375635895015854,0.9697593450546265
1717,45,287.84338717990454,200.0,0.6883151067627801,B_st_coh_xgmag9,1.719695891968806,0.9955656038390266,B_st_coherence,1.7161560670981293,0.9945697837405735,A_mag_regional,1.6673147287515397,0.9803250339296129
1722,14,214.74639347621374,200.0,0.7092549630573818,B_st_coh_xgmag9,1.6968833626421584,0.9889912562710899,B_st_coherence,1.651424999089035,0.9759146315710885,B_st_ori_y,1.6303646714898534,0.9698229900428227
1723,6,257.23297119140625,200.0,0.6802030503749847,B_st_coh_xgmag9,1.7268136678809414,0.9976168771584829,B_st_coherence,1.7083072362270924,0.9923077921072642,A_mag_regional,1.702938106838276,0.9905863602956136
1729,4,217.70509719848633,200.0,0.6636858582496643,B_st_coh_xgmag9,1.7242144420268462,0.9968678057193756,B_st_coherence,1.7186074432007752,0.9952762573957443,A_mag_regional,1.6992709236551897,0.9895300269126892
1731,9,222.22222222222223,200.0,0.6671785182423062,B_st_coh_xgmag9,1.7014658153996831,0.9903118742836846,B_st_ori_y,1.6779726556416414,0.9835418727662828,B_st_coherence,1.674288063082959,0.9825036459498935
1732,5,1138.6125732421874,1000.0,0.6517445325851441,B_st_ori_y,1.6881263700781253,0.9864678025245667,A_mag_step300,1.610918343912838,0.9643681049346924,B_paleo_geotherm_dist,1.5867779627308414,0.9569365501403808
1737,11,257.8995888449929,200.0,0.6678745529868386,B_st_coh_xgmag9,1.611539983001563,0.964396129954945,B_st_coherence,1.4948608499637182,0.9307936700907621,B_st_ori_y,1.2472998804029085,0.8594377040863037
1741,9,855.9039306640625,707.1068115234375,0.6572683254877726,A_tmi_hg_abs,1.6679019373814623,0.9808270136515299,B_paleo_geotherm_dist,1.5789480133927112,0.9546820587582059,A_mag_gradmag,1.5061101219227646,0.9341771602630615
1742,9,2288.9236924913193,2140.093505859375,0.6962228218714396,B_paleo_geotherm_dist,1.6948705346973574,0.9880598386128744,A_mag_step300,1.6231186088347904,0.9678846796353658,A_tmi_vg_abs,1.5501923507834434,0.9468722873263888
1746,31,903.3714166456654,600.0,0.6849334182277802,A_tmi_up150_gradmag,1.6996330637257009,0.9875470380629262,A_tmi_hg_abs,1.6833873739697316,0.9852907926805557,A_mag_step300,1.6589672794909065,0.9782176133125059
1747,5,935.6491577148438,781.0249633789062,0.6513463854789734,B_scarp_p900,1.6857453691133375,0.9856180071830749,B_scarp_p300,1.6583351701537996,0.977828073501587,B_scarp_fine,1.629038646974123,0.9693611264228821
1748,9,873.4428168402778,640.3124389648438,0.6773328979810079,B_scarp_p900,1.6852940717252336,0.9854880174001058,B_scarp_fine,1.6600755124177475,0.9783025913768344,B_scarp_p300,1.653983830257414,0.9765744010607401
1752,6,238.34271748860678,200.0,0.6788580814997355,A_mag_step900,1.6697680736553613,0.9813333650430044,B_scarp_p900,1.6619986187162357,0.9787780940532684,B_scarp_p300,1.639334915547772,0.9723538756370544
1755,49,463.025889805385,200.0,0.6838429241764302,A_cond_surf,1.4686507287361288,0.9238179922103882,B_rad_UTh,1.2623514367211428,0.8638755265547304,A_strain_dilate,1.1831039516553656,0.8410091485295977
1757,14,384.9082685198103,200.0,0.6814994471413749,B_scarp_p900,1.7152890662005091,0.9941276482173375,A_mag_step900,1.684133535984885,0.9854740415300641,B_scarp_p300,1.6801946664619967,0.9841260526861463
1758,74,602.9445056399784,200.0,0.7620680259691702,A_rtp,1.649365419836761,0.975189731733219,A_mag_regional,1.6442165172530805,0.9736715861268945,B_scarp_p900,1.6148129212559839,0.9651869261586988
1760,5,683.2633422851562,632.4555053710938,0.6785049796104431,A_grav_residual,1.5909755888001484,0.9585170388221741,B_spring_dist,1.4574349243601805,0.9201974272727966,B_rad_Thnorm,1.3242431789085112,0.8813886284828186
1761,12,384.7389958699544,282.84271240234375,0.679538756608963,A_cond_surf,1.4686507287361288,0.9238179922103882,B_scarp_p300,1.1721379350594785,0.8377489050229391,A_strain_dilate,1.162390398397887,0.8350330392519633
1762,48,301.8068675994873,200.0,0.7004629895091057,B_rad_Knorm,1.5505668186153017,0.9467520068089167,A_depth_base,1.3691554273380309,0.894504631559054,A_mag_regional,0.9878610013835601,0.7846081530054411
1767,13,372.4962475116436,223.60679626464844,0.699084575359638,B_scarp_p900,1.7235766695427042,0.99651477428583,A_mag_residual,1.7122840964950092,0.9934486700938299,A_tmi_up150_gradmag,1.7109067309089152,0.9907778134712806
1770,4,200.0,200.0,0.6653606593608856,B_rad_UTh,1.5198614884350652,0.9381390810012817,B_rad_Knorm,1.3113695609523353,0.877877950668335,A_depth_base,1.26565001661311,0.8646866083145142
1772,31,316.85462557884955,200.0,0.7474484462891856,B_scarp_p900,1.7066599893457937,0.9916421655685671,B_scarp_p300,1.6363501740886714,0.9714939363541142,B_scarp_fine,1.6229841684449131,0.9676168810936713
1774,23,237.21105824346128,200.0,0.7024244458779044,A_depth_base,1.340201050836993,0.8861634031586025,B_st_ori_y,1.2401333316569738,0.857372566409733,B_rad_UTh,1.2032529114776882,0.8468320499295774
1776,4,259.9586372375488,200.0,0.6943677365779877,A_mag_anom,1.6895042451230196,0.9870475679636002,A_mag_regional,1.6644921569370328,0.9795119911432266,B_rad_Unorm,1.6486810439830575,0.9749464392662048
1778,5,214.16407775878906,200.0,0.6977941036224365,B_scarp_fine,1.724934776438566,0.9969880104064941,B_scarp_p300,1.7196645308327103,0.9954977869987488,B_scarp_p900,1.6443334362032405,0.9736898899078369
1782,5,320.0,200.0,0.6854520678520203,A_rtp,1.6604860808655493,0.9783932447433472,A_mag_anom,1.6473785343132916,0.9749022960662842,A_mag_regional,1.6368719191278163,0.9715559720993042
1783,10,380.5444900512695,200.0,0.6721316397190094,A_mag_anom,1.651915707674934,0.9762104094028473,A_rtp,1.6354307567023358,0.971175593137741,A_mag_regional,1.6306852313536593,0.9697738945484161
1784,7,297.22298758370533,223.60679626464844,0.6877497519765582,B_lidar_upface_max,1.720765294450634,0.9831120456968035,B_lidar_cross_max,1.713784898616028,0.9801002570561,B_scarp_p900,1.7017703650516436,0.9902337789535522
1790,10,504.7708435058594,200.0,0.6689546585083008,A_mag_anom,1.6725215224318624,0.9821512758731842,A_mag_regional,1.6317219019028126,0.9700725078582764,B_rad_Unorm,1.6044660224827396,0.9622092366218566
1795,19,594.1961332622327,360.55511474609375,0.7159368207580165,B_scarp_p900,1.7224892300846772,0.9962015528427927,B_scarp_p300,1.6871711934926847,0.9861360725603605,B_scarp_fine,1.676554498964098,0.9830500514883744
1796,55,472.2487815163352,200.0,0.7192386410453103,B_scarp_p900,1.6816553199667386,0.9844399267976934,B_scarp_p300,1.6427627934117721,0.9733414877544749,B_scarp_fine,1.6200225050187682,0.9667636502872814
1800,7,1130.471888950893,948.6832885742188,0.6790906361171177,B_scarp_p900,1.7236317346876207,0.9965306350163051,B_scarp_p300,1.722598394241297,0.9963430677141462,B_scarp_fine,1.6963244254101824,0.9887456042425973
1801,8,229.5632266998291,200.0,0.7663279473781586,B_scarp_p900,1.7190929875596248,0.9952233135700226,B_scarp_p300,1.4963202533012794,0.9311496615409851,B_st_anisotropy,1.4472699895686028,0.9169975444674492
1805,11,837.6299327503551,640.3124389648438,0.6684453162279996,B_scarp_p900,1.6874028761377184,0.9860954284667969,B_scarp_p300,1.6606110823601798,0.9784837907010858,B_scarp_fine,1.5791876799038949,0.9549994739619169
1807,24,1470.5566584269206,943.3981323242188,0.6989930892984072,B_scarp_p900,1.705223314995461,0.9912283519903818,A_grav_residual,1.6596252898288355,0.9783045003811518,B_scarp_p300,1.5766587075449274,0.9542961195111275
1809,37,547.3402503761085,200.0,0.7384380827078948,B_scarp_p900,1.7098207080551628,0.9925525655617585,B_scarp_p300,1.441652952217177,0.9153993661339218,A_grav_hg_abs,1.398536992374943,0.9030398903666316
1813,10,1244.9950805664062,1118.033935546875,0.6823082864284515,A_tmi_vg_abs,1.6823703997046575,0.9849737882614136,B_st_ori_y,1.622896829865572,0.9676710307598114,B_rad_Knorm,1.515514487987616,0.9366590976715088
1815,27,316.67842780219183,200.0,0.6814152156865155,B_scarp_p900,1.7008842009051306,0.9899785319964091,B_scarp_p300,1.6778099375623352,0.9834389841115033,B_scarp_fine,1.6556548785362402,0.9770290432152925
1818,19,924.4987728721217,632.4555053710938,0.6759329438209534,A_mag_step900,1.6354274848632495,0.9714350919974478,A_tmi_hg_abs,1.611612585757856,0.9646012375229284,A_grav_vg_abs,1.5920176862751516,0.9588111921360618
1822,15,298.7774373372396,200.0,0.6924960255622864,A_tmi_up150,1.709661647782255,0.9925313631693522,A_tmi,1.7048945878407036,0.9912491758664449,A_mag_anom,1.695288761278219,0.9887153029441833
1828,4,275.09741592407227,200.0,0.6618983447551727,B_scarp_fine,1.6928647181496173,0.9877488911151886,B_scarp_p900,1.6875577668975064,0.9861400425434113,B_scarp_p300,1.6755725774558388,0.9827943742275238
1829,6,494.21629333496094,360.55511474609375,0.6538393596808115,B_rad_Knorm,1.563564466960535,0.9504945278167725,A_grav_step300,1.5543855496637775,0.9479057093461355,A_grav_gradmag,1.5443976081117938,0.9450494845708212
1830,5,200.0,200.0,0.7413214445114136,B_lidar_cross_max,1.7618288715090151,0.9935730338096619,B_st_ori_y,1.7188500249301957,0.9953212380409241,B_scarp_p900,1.6994982200383224,0.9895793199539185
1831,41,343.11000582066976,200.0,0.720699791501208,A_cond_surf,1.729394097010649,0.999096848615786,B_st_coh_xgmag9,1.7047425069210436,0.9912561846942436,B_st_coherence,1.6432864294288176,0.9735691387478899
1842,4,205.9016990661621,200.0,0.6941877454519272,B_scarp_p900,1.7123767607366647,0.9932888001203537,B_lidar_cross_max,1.6338434296575644,0.9576825946569443,A_grav_hg_abs,1.6311912915155105,0.9700916409492493
1844,5,472.14580078125,400.0,0.717029356956482,A_cond_surf,1.7312953945616214,0.9996457695960999,B_st_coh_xgmag9,1.710851937870253,0.9930168628692627,B_st_coherence,1.6778983488425678,0.983544111251831
1847,4,255.66931533813477,200.0,0.6684533208608627,B_scarp_p900,1.7081781554317663,0.9920794516801834,A_mag_step900,1.679974253906677,0.9842751771211624,B_rad_Unorm,1.6694815935176885,0.9809385389089584
1850,18,353.02015007866754,200.0,0.7020753787623512,B_scarp_p300,1.6254396540979754,0.9683504866229163,B_scarp_fine,1.6200776600000033,0.9667795399824778,B_scarp_p900,1.6036470859705914,0.9619707663853964
1852,14,284.72531236921037,200.0,0.6651828203882489,A_mag_residual,1.6531921505618814,0.9764200023242405,A_grav_gradmag,1.6347799604649669,0.9710965326854161,B_rad_Knorm,1.6237553872213708,0.9678258001804352
1853,53,265.48109896677846,200.0,0.7391818626871649,A_mag_step900,1.6334423429540583,0.9708628980618603,B_scarp_p300,1.5779251986760998,0.9546610105712459,A_mag_step300,1.5756563660854803,0.9542042781721871
1854,34,723.7775968663833,200.0,0.7010695320718429,B_scarp_p900,1.6482266153592144,0.9748112646972432,A_grav_residual,1.6047898595438128,0.962498838410658,B_scarp_fine,1.5865218493824964,0.9571123876992393
1855,9,247.68075222439236,200.0,0.7093825075361464,B_scarp_p900,1.716699751150709,0.9945339759190878,A_rtp,1.685477697038647,0.9855925440788269,A_mag_residual,1.6659868295039126,0.9801070756382413
1858,45,431.9443803575304,200.0,0.7275163253148397,A_cond_surf,1.7312953945616214,0.9996457695960999,B_st_coh_xgmag9,1.6284122317527314,0.9692585468292236,A_depth_base,1.5388689165778717,0.94339599609375
1859,16,318.65955543518066,200.0,0.7044832110404968,A_rtp,1.7187674366941441,0.9951822720468044,A_mag_residual,1.714883856552919,0.9941978491842747,B_scarp_p900,1.6988330149240796,0.9893877170979977
1861,5,375.08612060546875,282.84271240234375,0.6611061453819275,B_scarp_p300,1.6811007280741297,0.9843870997428894,A_mag_step900,1.6743837730726334,0.9826637864112854,B_scarp_p900,1.6633182217704658,0.9791581869125366
1867,8,277.95084953308105,200.0,0.6840787455439568,A_grav_slope_abs,1.6786165382779064,0.9836901426315308,A_grav_hg_abs,1.6601974183244645,0.9784513041377068,A_grav_gradmag,1.654509865330146,0.9767824411392212
1868,4,230.9016990661621,200.0,0.6948888450860977,A_cond_surf,1.6913194093294952,0.9881043583154678,A_grav_slope_abs,1.6476788467772656,0.9747751653194427,A_grav_hg_abs,1.6113729264334753,0.9643799215555191
1870,90,400.0930959065755,200.0,0.7064947068691254,B_rad_UTh,1.4923102087313238,0.9301935427718693,B_rad_Unorm,1.4482177934237939,0.917198168238004,A_grav_residual,1.2305283050769962,0.8546223872237735
1871,44,1346.0251159667969,1118.033935546875,0.7137824865904722,B_scarp_p900,1.6965718221745847,0.9887364127419211,A_rtp,1.6855906329897092,0.9856250773776661,B_scarp_p300,1.6812514027221523,0.9844305108894001
1875,10,282.4620666503906,223.60679626464844,0.6834243357181549,B_scarp_p900,1.6295364332465423,0.9694278240203857,B_rad_Unorm,1.5962690573681486,0.9598479032516479,B_rad_UTh,1.589894444729592,0.9583359479904174
1880,23,316.20490563434106,200.0,0.6790510130965192,B_rad_Knorm,1.3811387557558366,0.8979671752971151,A_mag_step900,1.3528226220080533,0.8899775458418805,B_st_ori_y,1.3168498929855736,0.8794794782348301
1881,8,233.37557792663574,200.0,0.6956345438957214,B_scarp_p900,1.6836499827035458,0.9850144609808922,B_lidar_cross_max,1.6659635396136965,0.96668990701437,A_grav_hg_abs,1.646071752675116,0.9743802398443222
1888,8,231.70788764953613,200.0,0.687189370393753,A_grav_hg_abs,1.721915038770494,0.9962385296821594,A_grav_slope_abs,1.7118027525320525,0.9932530522346497,A_grav_gradmag,1.7104890154997652,0.9929149225354195
1899,25,275.540029296875,200.0,0.7379140472412109,B_scarp_p300,1.6337828206092684,0.9707542514801025,B_scarp_fine,1.6221440231621227,0.9673748421669006,A_mag_step900,1.5763112881414045,0.9543955397605896
1901,4,259.9586372375488,200.0,0.7032557725906372,A_grav_slope_abs,1.7228121988027878,0.996425524353981,A_grav_hg_abs,1.7220100183473233,0.9962659031152725,A_grav_gradmag,1.7096986556131761,0.9926871508359909
1902,10,284.96485595703126,200.0,0.7688666403293609,A_cond_surf,1.7312953945616214,0.9996457695960999,A_grav_slope_abs,1.6427637235195176,0.973358827829361,A_grav_hg_abs,1.6355657085462056,0.9713523626327515
1904,18,209.84832763671875,200.0,0.7730847828918033,A_grav_hg_abs,1.7254962163406395,0.9972706370883517,A_grav_slope_abs,1.7247677410031044,0.9969890316327413,A_grav_gradmag,1.7102607685936244,0.9928491446706984
1905,4,659.8907775878906,608.2762451171875,0.6544416844844818,B_scarp_fine,1.539126417930495,0.943458154797554,A_tmi_up150_gradmag,1.5377256484774415,0.9411480724811554,A_mag_residual,1.5323835496639895,0.9416062980890274
1908,20,390.0194831848145,200.0,0.6817088842391967,B_rad_UTh,1.4710256070835308,0.9240552574396134,B_rad_Knorm,1.4633024580077671,0.9216252535581588,A_mag_residual,1.4589753948636122,0.9204520940780639
1912,4,226.61237716674805,200.0,0.6744756549596786,A_cond_surf,1.7312953945616214,0.9996457695960999,A_grav_slope_abs,1.7194065778216836,0.9954441636800766,A_grav_hg_abs,1.7162166777898147,0.9945962429046631
1914,48,307.9466784795125,200.0,0.7029151630898317,A_grav_hg_abs,1.7270981084024664,0.9977323077619076,A_grav_slope_abs,1.6978122416295802,0.9892215592165788,A_grav_step900,1.6565621925969451,0.9773873649537563
1916,5,380.2808044433594,316.2277526855469,0.7298679232597352,A_cond_surf,1.7312953945616214,0.9996457695960999,A_grav_slope_abs,1.696757083293876,0.9889175057411194,A_grav_hg_abs,1.6848190458939694,0.9855473399162292
1917,5,281.28990173339844,200.0,0.6641232967376709,B_lidar_downface_max,1.624780568945632,0.9554739356040954,B_lidar_step_max,1.599008032906744,0.9528770685195923,A_grav_residual,1.598594957997592,0.9607132315635681
1918,5,811.9021728515625,728.010986328125,0.6512643575668335,B_scarp_p300,1.6743293719654846,0.982436192035675,B_scarp_fine,1.673583770428844,0.9821942090988159,B_paleo_geotherm_dist,1.43680932310174,0.9137558102607727
1919,46,411.2808890964674,200.0,0.6943584602812062,A_grav_hg_abs,1.4354683065869276,0.9136836191882258,A_mag_regional,1.4095396438898171,0.9060728316721709,A_grav_slope_abs,1.3674476282987502,0.8940239898536516
1923,5,293.2150177001953,223.60679626464844,0.6859532713890075,A_mag_step300,1.703978431385814,0.9911915183067321,A_mag_gradmag,1.7023900457611847,0.9907544493675232,A_tmi_up150_gradmag,1.6939995456093553,0.9859326004981994
1925,9,557.3687913682726,500.0,0.7085281544261508,B_scarp_p300,1.6375954893868294,0.9718527264065213,B_scarp_fine,1.5881864690399683,0.9575919508934021,B_st_anisotropy,1.5305640167099184,0.9409974548551772
1935,31,384.80995079778853,200.0,0.712119992702238,A_mag_regional,1.554234247841664,0.9477521623334577,A_grav_gradmag,1.5339231208908448,0.942030870145367,A_grav_step300,1.5018503489069803,0.9327670720315748
1937,11,1093.3794389204545,921.9544677734375,0.6727509281852029,A_grav_residual,1.587562349922085,0.957533213225278,A_mag_regional,1.5073882913967767,0.9342581683939154,B_rad_UK,1.2394980241246065,0.8574678897857666
1946,93,462.9786155454574,200.0,0.7086642922893647,A_mag_step900,1.6629986548355002,0.9793821592484752,A_mag_step300,1.578214608843478,0.9549416598453316,A_mag_gradmag,1.4749924069013693,0.9252075421553786
1947,24,433.5246213277181,200.0,0.6793364956974983,A_mag_regional,1.6326062450552594,0.9703272432088852,A_grav_hg_abs,1.5510128538530359,0.9469839458664259,A_grav_step300,1.5299276329496412,0.9408578723669052
1948,6,216.66666666666666,200.0,0.7323223253091177,A_grav_hg_abs,1.7263551400986326,0.9975181818008423,A_grav_gradmag,1.7066965583007778,0.9918219844500223,B_rad_UK,1.7037540658620933,0.991449773311615
1950,10,1160.0836669921875,1077.032958984375,0.678798520565033,A_grav_vg_abs,1.6564253289116722,0.9773744285106659,A_mag_regional,1.6099268239031326,0.9637944281101227,A_grav_gradmag,1.5618403586490006,0.9500762641429901
1955,8,1541.2010040283203,1414.213623046875,0.6850497722625732,B_rad_Knorm,1.7112834013535279,0.9930284693837166,A_mag_gradmag,1.6299171828407455,0.9698642939329147,A_mag_step300,1.6154928745860901,0.9656866565346718
1956,17,524.0258878820083,200.0,0.7095985763213214,B_scarp_p300,1.6950906034346458,0.9884177481426912,B_scarp_fine,1.68306971040907,0.9849270301706651,A_tmi_vg_abs,1.6619966350833637,0.9791008689824272
1960,7,200.0,200.0,0.7234787259783063,B_scarp_p900,1.6970053050671625,0.9888612713132586,A_grav_hg_abs,1.671738640865285,0.9817775232451302,A_grav_slope_abs,1.6366062902215417,0.971584507397243
1964,8,241.1408462524414,200.0,0.6769539192318916,B_scarp_p300,1.7052680134768905,0.9913499802350998,B_scarp_fine,1.700372692556468,0.9899118766188622,A_mag_step300,1.6839010720859806,0.9854044690728188
1966,11,238.70891224254262,200.0,0.7279121388088573,B_scarp_p900,1.701289711755648,0.9900953336195513,B_rad_UK,1.6617430004786446,0.9793255979364569,A_grav_hg_abs,1.6521811622514948,0.9761409922079607
1967,7,436.48120553152904,360.55511474609375,0.672496497631073,A_mag_residual,1.7260364225584761,0.997411710875375,A_rtp,1.725128198660079,0.9970146077019828,A_tmi_up150,1.7180470430827306,0.9949465394020081
1969,7,328.94996207101,223.60679626464844,0.6735600829124451,A_mag_residual,1.724407464891285,0.9969422902379718,A_rtp,1.7230498928590283,0.996415913105011,A_tmi_up150,1.7180470430827306,0.9949465394020081
1972,4,253.2247543334961,223.60679626464844,0.6673641502857208,A_mag_residual,1.6869418005102137,0.9861457198858261,A_rtp,1.6705762036540297,0.9812998920679092,A_tmi_vg_abs,1.6369179650115666,0.9718717187643051
1973,32,331.31422090530396,200.0,0.6809966266155243,A_tmi_hg_abs,1.6659615847040457,0.9802676942199469,A_tmi_up150,1.6559445794035084,0.9770596791058779,A_tmi,1.6543586600527835,0.9766877628862858
1976,13,328.8452383188101,200.0,0.7085590729346642,B_rad_UK,1.7129787805811278,0.9941119780907264,B_scarp_p900,1.7128401874272141,0.993422283576085,B_st_anisotropy,1.615817344575913,0.965561908025008
1980,78,1376.1132249098557,900.0,0.675497660270104,B_rad_Knorm,1.6181092461164557,0.9662000598051609,A_mag_step300,1.386342176869426,0.8996368165199573,A_mag_step900,1.3797326211711898,0.8977340383407397
1983,6,395.7332763671875,282.84271240234375,0.6607463161150614,A_mag_regional,1.6907364302592036,0.9870716631412506,B_rad_TC_grad,1.59863837675869,0.9607961972554525,B_band6_grad,1.595310609691924,0.9598063627878824
1985,4,392.4095916748047,360.55511474609375,0.6565797328948975,A_mag_residual,1.6928355105309736,0.9878441244363785,A_rtp,1.681646423901356,0.9844888746738434,A_tmi,1.674633010095083,0.9825296103954315
1987,7,203.37239946637834,200.0,0.7636808923312596,B_scarp_p900,1.7238314564116641,0.9965881620134626,A_grav_hg_abs,1.7180633248045312,0.9951284527778625,B_rad_UK,1.715883189009536,0.9949501752853394
1988,18,332.72344292534723,200.0,0.7173898782995012,B_scarp_p900,1.6236440544294113,0.9677306082513597,B_st_ori_y,1.6219206772630417,0.9673897392219968,A_cond_surf,1.55896114886886,0.9498913884162903
1989,6,1692.9340006510417,1565.24755859375,0.6760105788707733,B_scarp_p300,1.7194816693791426,0.9954451024532318,B_scarp_fine,1.711699649261706,0.993175079425176,A_tmi_up150_gradmag,1.6063086242724753,0.9608023862044016
1991,6,483.3333333333333,400.0,0.6736522912979126,B_scarp_p900,1.6981296906799648,0.9891851345698038,B_st_ori_y,1.6569865330089086,0.9774944384892782,B_st_anisotropy,1.6282624679246853,0.969147781531016
1996,6,211.80339813232422,200.0,0.720228244860967,B_scarp_p900,1.7269441315028164,0.9974847237269083,B_rad_UK,1.711799013268903,0.9937715033690134,A_grav_hg_abs,1.7117865035595263,0.9933194518089294
1997,24,289.44051297505695,200.0,0.7388673449556032,B_scarp_p900,1.6962714154322758,0.9886498848597208,B_rad_UK,1.625437012479484,0.9688478782773018,B_rad_ThK,1.562345231128633,0.9501776844263077
2002,14,214.34833526611328,200.0,0.7688319640500205,B_scarp_p900,1.7290301484430868,0.9980855711868831,B_rad_U,1.7171398113415028,0.9949180483818054,B_rad_UK,1.715883189009536,0.9949501752853394
2004,5,2661.33291015625,2600.0,0.6739673852920532,A_mag_regional,1.7314390597254679,0.9987960696220398,B_scarp_p900,1.7022312918096285,0.990366542339325,A_tmi_vg_abs,1.6127623504896202,0.9649086475372315
2005,5,200.0,200.0,0.6794950485229492,B_scarp_p900,1.7034867243566971,0.9907281517982482,B_rad_ThK,1.6557471879367358,0.9770887136459351,A_mag_step900,1.5900919201230952,0.958367645740509
2007,26,265.87308619572565,200.0,0.7898106873035431,A_mag_step900,1.7168528844408906,0.994905011012004,B_scarp_p900,1.7067318198839758,0.9916628553317144,A_mag_step300,1.7018106821150238,0.9905666915269998
2010,9,211.11111111111111,200.0,0.7179610662990146,B_scarp_p900,1.7282868629791164,0.997871478398641,B_rad_U,1.7171398113415028,0.9949180483818054,B_rad_UK,1.715883189009536,0.9949501752853394
2012,6,200.0,200.0,0.7358242770036062,B_rad_UK,1.715883189009536,0.9949501752853394,B_scarp_p900,1.7048615583311513,0.991124153137207,B_rad_U,1.6661403377485262,0.9802108208338419
2013,19,247.5736895109478,200.0,0.695614240671459,B_scarp_p900,1.6575611561000194,0.9774999461675945,A_tmi_up150_gradmag,1.609446977198356,0.9617017664407429,A_mag_regional,1.6033958574912064,0.9619131809786746
2016,10,234.2955322265625,200.0,0.6964097321033478,B_scarp_p900,1.7195515966469217,0.9953554093837738,B_rad_UK,1.693878641895349,0.9885997772216797,B_rad_ThK,1.6164045239726015,0.9657532811164856
2018,10,302.19869232177734,200.0,0.6631440043449401,A_mag_regional,1.5767309771102005,0.9542323529720307,A_depth_base,1.4372852754637138,0.9141315996646882,B_elev,1.3131909919278892,0.8780673265457153
2020,26,244.30015505277194,200.0,0.7304489795978253,A_mag_anom,1.6958724125905127,0.9888835755678324,B_scarp_p900,1.6741682601988042,0.9822833859003507,B_scarp_p300,1.6551885470032865,0.9769214941905096
2022,10,242.9126770019531,200.0,0.7266754090785981,B_scarp_p900,1.7185302902262714,0.9950612366199494,A_grav_hg_abs,1.5980192115603564,0.960531336069107,B_rad_ThK,1.5957132828132439,0.9597917079925538
2027,6,295.575688680013,223.60679626464844,0.6901977260907491,B_rad_TC_grad,1.6962328166798186,0.9889359176158905,B_band6_grad,1.6942926949502082,0.9883346557617188,B_paleo_geotherm_dist,1.6704700376720607,0.9810341596603394
2030,12,251.1073900858561,200.0,0.7899026771386465,B_scarp_p900,1.7178949035664137,0.994878222544988,B_rad_ThK,1.5632351165911078,0.9504340787728628,B_st_anisotropy,1.5215467636612459,0.9383992701768875
2034,30,388.3980189005534,200.0,0.7258002599080403,B_st_ori_y,1.594505297110824,0.959489627679189,A_rtp,1.5707964246845407,0.9525564730167388,A_mag_regional,1.56224125467588,0.9500585834185282
2038,7,733.0192347935268,600.0,0.6559761847768512,B_rad_UK,1.6808300588143064,0.9848340238843646,A_mag_regional,1.5993893437046764,0.9607591032981873,A_rtp,1.561994745967947,0.9500209859439305
2043,5,200.0,200.0,0.6928281188011169,A_mag_anom,1.6871915819215368,0.9863808035850525,B_scarp_p900,1.6794218529642417,0.9837966084480285,B_scarp_p300,1.6687835744618116,0.9808383822441101
2045,8,265.3833656311035,200.0,0.7056860402226448,A_rtp,1.5812078496894901,0.9555556774139404,A_mag_regional,1.5781970520001267,0.9546546563506126,A_tmi,1.5353011688876177,0.9423825591802597
2048,4,200.0,200.0,0.6813580542802811,A_grav_hg_abs,1.6284493960670439,0.9693014174699783,B_scarp_p900,1.622500492029631,0.9674012213945389,A_grav_gradmag,1.497104436656329,0.9314201921224594
2052,21,282.18487476167223,200.0,0.7312875929332915,B_scarp_fine,1.602298034502997,0.961657376516433,B_rad_UK,1.5993379420245972,0.9613158220336551,B_scarp_p300,1.5937159780555576,0.9592105206989107
2055,21,432.10687764485675,200.0,0.699543297290802,B_lidar_cross_max,1.643114222255587,0.9602823654810587,B_scarp_p900,1.6406395145300003,0.9726259083974929,B_lidar_lapneg_max,1.6269202065380117,0.9611235771860395
2058,4,318.9633331298828,282.84271240234375,0.6685122102499008,A_grav_hg_abs,1.5631664739391267,0.9504866600036621,B_lidar_downface_max,1.5333239755873573,0.9297926723957062,B_lidar_step_max,1.524553846178238,0.9318156689405441
2059,7,288.44996425083707,200.0,0.6928552218845913,A_mag_regional,1.566818260795151,0.9513769916125706,B_scarp_fine,1.5213525189820767,0.9383376411029271,B_rad_UK,1.5187220408795559,0.938050491469247
2060,8,1529.2467956542969,1476.4822998046875,0.6871066093444824,B_scarp_fine,1.6880184952502943,0.9863527342677116,B_scarp_p300,1.6747406861078615,0.9825546965003014,A_tmi,1.6613230076805658,0.9786944687366486
2070,4,250.0,200.0,0.7015610486268997,B_rad_UK,1.7048092481489507,0.9917542934417725,B_scarp_p900,1.6825411997345567,0.984695091843605,B_az_deriv_090,1.677516651770337,0.983552873134613
2071,5,224.7213592529297,200.0,0.7107378959655761,B_rad_U,1.4822049871090617,0.927167546749115,B_rad_K_regional,1.2845634992429111,0.8707456946372986,A_mag_anom,1.269282573469961,0.8658933758735656
2077,20,297.9686981201172,200.0,0.72736377120018,B_scarp_fine,1.631489945234846,0.9700673252344132,B_scarp_p300,1.6119720543530298,0.964470311999321,B_rad_TC,1.408533868230634,0.905967116355896
2081,22,1953.1014570756392,1529.705810546875,0.6986876807429574,B_scarp_p300,1.6996054706266697,0.9897185347296975,B_scarp_fine,1.693883909451162,0.9880425117232583,B_scarp_p900,1.6428682789148898,0.9732678722251545
2083,16,308.1624460220337,200.0,0.7078541927039623,A_strain_shear,1.6139124954947583,0.9647089801728725,B_scarp_p300,1.6106177127920156,0.9640801101922989,A_strain_2ndinv,1.6085788662355125,0.9633546359837055
2084,4,603.2761688232422,500.0,0.6799921840429306,B_lidar_downface_max,1.6113231480612646,0.951695054769516,B_lidar_step_max,1.5839273851540763,0.9486110955476761,B_rad_TC,1.5138176426409893,0.9363061487674713
2085,8,601.0485496520996,447.2135925292969,0.6719745993614197,B_scarp_p300,1.6021187359140654,0.9616314545273781,B_scarp_fine,1.5833653321180097,0.9562030211091042,B_rad_K,1.5736493449579059,0.9540405049920082
2086,10,752.8990539550781,583.09521484375,0.6651415646076202,A_strain_shear,1.614758917909505,0.9649526476860046,A_strain_2ndinv,1.6112964086123647,0.9641364216804504,A_eq_density,1.4739330164617483,0.9256033182144165
2088,8,352.8346576690674,200.0,0.6885951310396194,A_grav_step300,1.726174026482842,0.9974085837602615,A_grav_step900,1.7208989020859258,0.9959285855293274,B_scarp_p300,1.6979152566277798,0.989231564104557
2092,14,691.9666878836496,400.0,0.6908915170601436,B_st_ori_y,1.3703688833652585,0.8949016971247536,B_rad_ThK,1.2687590029638864,0.865589439868927,B_rad_K_regional,1.2639397693357397,0.8647942585604531
2094,6,1751.4726969401042,1603.1219482421875,0.6677188376585642,A_grav_step300,1.7281576468056277,0.9979801873366038,A_grav_step900,1.7239337663923275,0.9968032042185465,B_scarp_p300,1.6956755796540317,0.9885862867037455
2095,7,228.57142857142858,200.0,0.6907799584524972,B_scarp_p900,1.7206732457922502,0.9956784844398499,B_scarp_p300,1.710264282359288,0.9927894643374852,B_scarp_fine,1.7002184784502574,0.9898674488067627
2099,7,1111.3026820591517,860.2325439453125,0.6702718990189689,B_lidar_ex_max,1.5192927290355818,0.9295354059764317,B_rad_K_regional,1.4436890311723896,0.9166649069104876,B_st_ori_y,1.3454483166447,0.8877204997198922
2100,7,242.85714285714286,200.0,0.742905046258654,B_scarp_p900,1.707742357959087,0.9919539264270237,B_scarp_p300,1.6277155749318295,0.9690062063080924,B_scarp_fine,1.6102381293402608,0.9639448523521423
2102,71,460.8512953637351,200.0,0.7115821435417927,A_mag_residual,1.6596646662007766,0.9782852026778208,A_rtp,1.640495800555639,0.9726346731185913,A_mag_step900,1.6225977795473894,0.967737079506189
2104,39,246.08098856608072,200.0,0.7191854470815414,B_scarp_p900,1.6980777128822198,0.9891701631056957,B_scarp_p300,1.6367771595255403,0.9716169559038602,B_scarp_fine,1.6025758334011266,0.9617374080878037
2105,5,300.0,200.0,0.6629022717475891,B_scarp_p900,1.5164264471038844,0.9368481040000916,B_lidar_upface_max,1.4341443369329794,0.902517807483673,B_lidar_lapneg_max,1.421034205313449,0.9027893781661988
2107,291,602.9787908599958,200.0,0.7143677741391552,A_grav_slope_abs,1.5873945074248017,0.9574036843997916,A_grav_hg_abs,1.575340991976938,0.9539953970007881,A_grav_step900,1.5751904521968558,0.9539368123942634
2112,6,2256.611083984375,2193.171142578125,0.7027998069922129,A_mag_anom,1.7141903872718458,0.9941648344198862,B_scarp_p300,1.6983866418989428,0.9893673757712046,B_scarp_fine,1.6924616873545169,0.9876327812671661
2114,54,470.4491602579753,200.0,0.7294532347608496,B_scarp_p900,1.6563442188464708,0.9771494247295238,B_scarp_p300,1.4627610470119485,0.9214808576636844,B_rad_K_regional,1.428858282996632,0.912385164587586
2118,52,302.047915825477,200.0,0.7173723555528201,A_tmi,1.4185156396197118,0.9087319981593353,A_tmi_up150,1.4139123176300379,0.9073491234045762,A_mag_anom,1.328007689456262,0.8828244255139277
2124,4,200.0,200.0,0.6864854842424393,B_scarp_p300,1.6526029735442722,0.9761765599250793,B_scarp_p900,1.6510649037803202,0.9756287932395935,B_scarp_fine,1.6167280009936005,0.9658145308494568
2129,7,1305.0421142578125,1166.1904296875,0.6686356067657471,B_scarp_p300,1.5793865751159153,0.9550820503916059,B_scarp_fine,1.5714087013712188,0.9527584144047329,B_line_resp,1.4079324294562756,0.9057484780039106
2130,6,252.14983622233072,200.0,0.7029426594575247,B_rad_K_regional,1.4096643718980806,0.9068463345368704,B_rad_U,1.2765820713807448,0.867870012919108,B_st_ori_y,1.2705077168534082,0.86612535516421
2134,5,735.3463989257813,565.6854248046875,0.7087846159934997,B_rad_U,1.6351351595539518,0.9712695479393005,B_rad_TC,1.4939819205338727,0.9305902004241944,B_band6_TC,1.4920466775712242,0.9301418542861939
2135,7,674.0645490373884,500.0,0.6983830503055027,B_scarp_fine,1.4046055871952265,0.9047038129397801,B_scarp_p300,1.4015178808550013,0.9038359778267997,B_rad_K_regional,1.3998751383644077,0.9040214334215436
2139,63,825.2033253018818,200.0,0.7152467265961662,B_scarp_p900,1.674140294680166,0.9822753308311342,B_scarp_p300,1.5760808618609599,0.9541296353415837,B_scarp_fine,1.5386104727334016,0.9433095152415927
2141,4,1355.9309997558594,1300.0,0.6532629430294037,B_lidar_step_max,1.5627749936395199,0.942627564072609,B_lidar_ex_max,1.511163390648275,0.927240788936615,A_tmi_up150_regional,1.5072209622486825,0.934717670083046
2143,6,1088.0515747070312,1004.987548828125,0.6655133763949076,B_rad_U,1.6077781255749057,0.9633803268273672,B_st_ori_y,1.554548839512906,0.9479756355285645,B_lidar_ex_mean,1.4765058391604373,0.9180646340052286
2146,42,293.8055587041946,200.0,0.7468124273277464,B_st_ori_y,1.4167627343134195,0.9082707109905425,B_scarp_p300,1.2100556714832402,0.8486734529336294,B_scarp_fine,1.1767289874955216,0.8390544440065112
2147,5,264.5354522705078,200.0,0.702367627620697,B_st_ori_y,1.648860589353412,0.9751528382301331,B_rad_UK,1.6110436724065862,0.9646940350532531,B_rad_UTh,1.4545777090052667,0.9193118333816528
2149,20,245.56641006469727,200.0,0.7379748851060868,B_scarp_p900,1.6123906055556951,0.9644892126321792,B_scarp_p300,1.541054652608583,0.9440381705760956,A_grav_vg_abs,1.5356593081904482,0.9425678730010987
2154,21,426.6210428873698,200.0,0.698875041235061,B_st_ori_y,1.474765337214366,0.9249849432990664,B_lidar_ex_max,1.4206824726645313,0.9017013112703959,B_lidar_lapneg_max,1.4030040749183066,0.8976808559326899
2161,29,354.43524853936555,200.0,0.7081892490386963,B_scarp_p900,1.5553721486333612,0.9480658584627611,B_st_ori_y,1.5268044536082959,0.9399807165408957,B_lidar_lapneg_max,1.3691542533737344,0.8880901007816709
2166,140,593.3596713474818,200.0,0.7308362113577979,B_rad_K_regional,1.3942620727540302,0.902401658466884,B_lidar_ex_max,1.3002586859443634,0.86771004902465,B_lidar_lapneg_max,1.2584594213513505,0.8567266553640366
2171,57,267.23576194361635,200.0,0.7263970375061035,B_scarp_p900,1.646090505045399,0.9741959885547036,A_strain_dilate,1.5544077512158563,0.9481347611075953,B_scarp_p300,1.528904063367349,0.9405374422407987
2173,5,463.63563842773436,300.0,0.6907201766967773,B_rad_U,1.4661258284245773,0.9225306391716004,B_rad_K_regional,1.444899757413951,0.9170142889022828,B_band6_TC,1.4012925098000677,0.9039814233779907
2175,4,272.323055267334,223.60679626464844,0.6721218675374985,A_strain_dilate,1.5493056340058473,0.9466627389192581,B_spring_dist,1.4718411702486014,0.9243526309728622,B_lidar_ex_mean,1.435863812296855,0.9065771549940109
2177,86,313.59325213764987,200.0,0.7587356650552084,A_grav_step900,1.7306916292346552,0.998750755260157,A_grav_step300,1.6490340196800288,0.9751797815741494,A_strain_dilate,1.5771740253506394,0.954703105050464
2186,11,209.67722806063566,200.0,0.7134301283142783,B_scarp_p900,1.6450525612581934,0.973897023634477,A_strain_dilate,1.5173926872903765,0.9374554699117487,B_scarp_p300,1.4638515640108707,0.9217950484969399
2188,14,1581.6105695452009,1431.7821044921875,0.7084741166659764,B_rad_U,1.5473652301913008,0.945958456822804,A_grav_vg_abs,1.4922448674323958,0.9300551882811955,B_rad_K_regional,1.4258515360907624,0.9115175008773804
2193,5,654.4037231445312,608.2762451171875,0.6501564264297486,A_mag_step300,1.5167410941830577,0.937222683429718,A_mag_step900,1.4666625138485663,0.9227905631065368,B_rad_Knorm,1.4265127282969101,0.9110320806503296
2195,27,225.3229409677011,200.0,0.7114074097739326,B_scarp_p900,1.6511119239842489,0.9756423367394341,B_line_resp,1.4052061144033503,0.9049627935444867,B_scarp_p300,1.3566969560173332,0.8909225397639804
2201,5,226.01126098632812,200.0,0.6903744339942932,B_scarp_p900,1.651497977103078,0.9757535338401795,B_lidar_lappos_max,1.6349639026210623,0.9626649022102356,B_lidar_upface_max,1.6186182120856998,0.9543895602226258
2204,122,654.911551553695,200.0,0.7043516596809762,A_grav_residual,1.5097206270533619,0.9350962604655594,B_rad_K_regional,1.47053479877901,0.9244118503859786,B_st_ori_y,1.4091940544067036,0.9060896937964392
2205,78,338.67467303153796,200.0,0.7261963715920081,B_lidar_ex_mean,1.4493555252180146,0.9103905910100693,B_rad_K_regional,1.3939531204668616,0.9023125034112197,B_rad_U,1.3898978312057613,0.9005480103003674
2206,17,617.1662992589614,300.0,0.6699330315870398,B_rad_K_regional,1.3434817730168955,0.8877478732782251,B_lidar_ex_mean,1.2552510406002904,0.8555269101086784,A_mag_anom,1.218613480282064,0.8512849597369924
2209,45,1893.5035536024307,1649.2423095703125,0.6999013079537286,A_strain_dilate,1.4524464145340565,0.9187176889843411,A_tmi_up150_gradmag,1.363460376200647,0.8912076274553935,B_scarp_p300,1.3477298786668666,0.8883390188217163
2211,61,350.7470025234535,200.0,0.7077430730960408,B_lidar_ex_mean,1.542685966861375,0.9367704635760823,B_lidar_lapneg_max,1.5059498889534662,0.9268487525767968,B_lidar_upface_max,1.4882404041243544,0.917728946834314
2212,6,200.0,200.0,0.6947625478108724,B_scarp_p900,1.6867889693186975,0.9859186013539633,B_lidar_cross_max,1.6489468174760733,0.9619179765383402,B_scarp_p300,1.6322042015477038,0.9702994326750437
2215,7,242.85714285714286,200.0,0.6773934534617833,B_scarp_p900,1.6905406297658598,0.9869992136955261,A_strain_dilate,1.526911904376956,0.9402018785476685,B_rad_ThK,1.2741377547763983,0.8671391691480365
2216,39,394.15877552521533,200.0,0.6940354750706599,B_rad_K_regional,1.3301549704757076,0.8839021279261663,B_rad_U,1.2742660066263858,0.8672021061946185,B_lidar_ex_mean,1.2484711601062717,0.8536105751991272
2218,5,280.0,200.0,0.6573729991912842,A_mag_residual,1.5546007029210878,0.9480086684226989,A_rtp,1.5522369567242476,0.9472100734710693,A_tmi_up150_gradmag,1.4841873621641148,0.9258052229881286
2219,63,357.6824447389633,200.0,0.7059299141641647,A_rtp,1.532957831875597,0.9416563633888487,A_tmi,1.5018198420186497,0.9327352557863507,A_tmi_up150,1.499021672442563,0.9318624687573266
2220,5,335.1503845214844,200.0,0.6786372661590576,B_scarp_p300,1.6485968202421388,0.9750223398208618,B_scarp_fine,1.608031308152962,0.9633090853691101,A_rtp,1.371761552427066,0.8952207803726197
2225,10,291.91497497558595,200.0,0.7278588831424713,A_grav_residual,1.6143201482217162,0.9652458310127259,B_rad_K_regional,1.4179532850415928,0.9092382848262787,B_rad_U,1.3371189912959323,0.8853276491165161
2227,8,794.7467803955078,707.1068115234375,0.6827788427472115,B_rad_Knorm,1.3405654295089051,0.8862845599651337,A_strain_shear,1.259315827758459,0.8626279309391975,A_grav_gradmag,1.1475356864583786,0.8306789100170135
2241,4,200.0,200.0,0.7297772616147995,A_grav_step900,1.726762772021759,0.9976184964179993,B_scarp_p900,1.7227056050101084,0.9962638765573502,B_scarp_p300,1.6776798079691055,0.9834014922380447
2242,11,1334.8925892223012,1140.1754150390625,0.6679001342166554,A_tmi_up150_gradmag,1.5284156366412818,0.9384800358252092,A_tmi_hg_abs,1.4941108805303505,0.9307305975393816,A_mag_gradmag,1.4537072172805958,0.9190721295096658
2244,51,780.2084811341529,316.2277526855469,0.6760227703580669,A_rtp,1.5317594359987137,0.9413111431925905,A_tmi,1.4867774519323005,0.92840094426099,A_tmi_up150,1.4836452941043685,0.9274337373527826
2246,14,224.03612954275948,200.0,0.7211284126554217,B_scarp_p900,1.7227490835070942,0.9962763999189649,A_strain_dilate,1.5610072320138564,0.9500387907028198,B_scarp_p300,1.4805248279453027,0.926598812852587
2251,7,411.8239484514509,300.0,0.6549788287707737,B_scarp_p900,1.5190578015116483,0.9376060281481061,B_rad_K_regional,1.2994372886477505,0.8750378574643817,B_lidar_lapneg_max,1.2612275276293157,0.8575109498841422
2256,9,566.1876152886284,424.2640686035156,0.6885812878608704,B_rad_Knorm,1.471503450753454,0.9239866336186727,A_strain_shear,1.228159113007576,0.8536585569381714,A_tmi_vg_abs,1.1624373744468632,0.8350984586609734
2259,8,1191.4646301269531,1004.987548828125,0.6710995584726334,A_tmi_vg_abs,1.5938798314789977,0.9594655930995941,A_mag_gradmag,1.3762894630830942,0.8967566192150116,A_strain_shear,1.3387987862869635,0.8855094313621521
2264,5,237.40962829589844,200.0,0.6648470997810364,B_rad_Knorm,1.570919765309948,0.9526124000549316,B_scarp_p900,1.5208918535531977,0.9381343007087708,A_tmi_vg_abs,1.3930097474714442,0.9015630006790161
2266,22,850.4004218361595,223.60679626464844,0.7397630241784182,A_grav_step900,1.733285563957327,0.9994983022863214,A_grav_step300,1.7329684552260685,0.9993664784864946,B_scarp_p300,1.6965908116138995,0.9888499758460305
2267,4,255.66931533813477,200.0,0.6687540709972382,A_tmi_vg_abs,1.29722521275706,0.873952254652977,A_strain_shear,1.2234774623647489,0.8523108065128326,A_mag_step900,1.2162424144758317,0.8506098985671997
2269,18,234.76655748155383,200.0,0.735803034570482,B_scarp_p900,1.7228736878686757,0.996312290430069,B_scarp_p300,1.6146637560544825,0.9652458230654398,B_scarp_fine,1.5999486027978984,0.9609805246194204
2270,9,224.94260999891492,200.0,0.6845246222284105,B_scarp_p900,1.5382252665656793,0.9431269433763292,A_tmi_up150_gradmag,1.3859270734840012,0.8976460695266724,B_rad_Knorm,1.3855907792862523,0.8992490834660001
2271,4,1550.0,1500.0,0.6651376485824585,A_mag_gradmag,1.4580330796680265,0.9203190505504608,A_tmi_up150_gradmag,1.451287446565832,0.9163768589496613,A_tmi_hg_abs,1.4204640143005136,0.9095014035701752
2272,4,496.4325180053711,447.2135925292969,0.6701162755489349,B_scarp_p900,1.4464468121784615,0.916691467165947,B_rad_K_regional,1.2998456604514737,0.8751557022333145,B_az_deriv_135,1.1651097980292595,0.8357403129339218
2273,26,310.0608585064228,200.0,0.7233850428691277,B_scarp_p900,1.3202445295625462,0.8803406976736509,B_rad_Knorm,1.3021512423266517,0.8752236435046563,A_tmi_up150_gradmag,1.25182173652045,0.8592145442962646
2274,5,2104.867138671875,1920.937255859375,0.6573039650917053,A_mag_step300,1.4950476245621753,0.9309698104858398,A_mag_step900,1.4770799881296388,0.9257932782173157,A_grav_anom,1.411377669121918,0.9067461252212524
2275,6,1369.2333374023438,1300.0,0.6695978740851084,A_strain_dilate,1.5826760774911324,0.9562905132770538,B_scarp_p300,1.5600103727926495,0.9494995375474294,A_depth_base,1.527965521776607,0.9402549266815186
2276,4,376.4823532104492,360.55511474609375,0.6528047621250153,A_mag_step900,1.6047302362293034,0.9625869691371918,A_mag_step300,1.5457930409427667,0.9455965459346771,A_mag_gradmag,1.440875402404684,0.9153733849525452
2277,5,762.8278686523438,700.0,0.6770142436027526,A_tmi,1.5986472586081704,0.9606350898742676,A_tmi_up150,1.5972169816177595,0.9601448535919189,B_paleo_geotherm_dist,1.5534208091416597,0.947331964969635
2285,19,336.55549139725537,200.0,0.7082510119990298,B_scarp_p900,1.6407939304805523,0.9726703857120714,B_scarp_p300,1.6212319354318923,0.9671381931555899,B_scarp_fine,1.554473811987395,0.9478796124458313
2287,110,1120.8603926225142,400.0,0.7303994682702151,B_paleo_geotherm_dist,1.5881611255712411,0.9573348067023537,A_mag_step900,1.412168351808075,0.9070832583037289,B_scarp_p300,1.35755461048683,0.8911696401509371
2294,118,2290.5628775903733,1897.3665771484375,0.7455586695064933,A_grav_step900,1.729436457610101,0.9983890268762233,B_scarp_p900,1.7180093116667674,0.9949111761683125,A_depth_base,1.6647178521933872,0.9796507818213964
2298,70,622.6337916782924,200.0,0.7127475993973869,B_rad_Knorm,1.5381072519247136,0.9431644201278686,B_scarp_p900,1.5106103530247295,0.935172860963004,B_scarp_p300,1.3538550768222963,0.8901037607874189
2301,4,205.9016990661621,200.0,0.6608749330043793,B_rad_Knorm,1.4320965821561424,0.9126398861408234,A_depth_base,1.2758508969792455,0.8676252961158752,A_grav_vg_abs,1.2530936660588154,0.8611282706260681
2306,24,1272.278643290202,894.4271850585938,0.6856031070152918,A_mag_step900,1.6482514057075057,0.9751314371824265,A_tmi_up150_gradmag,1.6457897885981712,0.972116785744826,A_mag_residual,1.6337760232896128,0.9708248103658358
2310,9,2734.711480034722,2517.935546875,0.6725956400235494,B_scarp_p900,1.6211121601526264,0.9670013321770562,B_scarp_p300,1.550220902771048,0.9466790755589803,B_scarp_fine,1.5184110155186288,0.9374902182155185
2311,13,213.63614595853366,200.0,0.7137287442500775,B_scarp_p900,1.7195274155099614,0.9953484443517832,B_scarp_p300,1.6034627712579765,0.9620186869914715,B_scarp_fine,1.5578423116702154,0.9488500494223374
2315,34,374.179656533634,200.0,0.7592917470371022,B_scarp_p900,1.6829569471299344,0.9848148419576532,B_scarp_p300,1.5794970726393818,0.9551138860337874,B_scarp_fine,1.5599315896359311,0.9494519531726837
2316,4,281.5601348876953,200.0,0.6862348020076752,B_st_anisotropy,1.703276288855704,0.9907618761062622,A_grav_step900,1.6395176965182694,0.9724753051996231,A_grav_step300,1.634759723609243,0.9710664749145508
2320,4,333.11387634277344,300.0,0.6571654826402664,A_tmi_up150_gradmag,1.5433473595774359,0.9427591264247894,A_mag_step900,1.5360628473303866,0.9427943974733353,B_rad_Knorm,1.5196818590206507,0.9378590434789658
2321,6,793.5613911946615,670.8203735351562,0.6618060270945231,B_paleo_geotherm_dist,1.5964296402107196,0.9597155749797821,A_tmi_up150_regional,1.303426773372446,0.8759199480215708,A_cond_surf,1.2869796640800313,0.8713679909706116
2322,6,305.1838734944661,223.60679626464844,0.6753085056940714,A_mag_residual,1.6721555749590875,0.9818847378094991,A_tmi,1.6676746829594846,0.9805246392885844,A_tmi_up150,1.6676144224715734,0.9804208477338155
2338,5,240.0,200.0,0.7151890873908997,B_scarp_p900,1.7025631739746887,0.9904621362686157,B_lidar_upface_max,1.6824186149890452,0.9723294377326965,B_scarp_p300,1.6461154571395467,0.9743074297904968
2340,76,801.2102711326197,200.0,0.7265798010324177,B_scarp_p900,1.7078754696004093,0.9919922673388532,A_strain_shear,1.5169698685694273,0.9368012022030981,B_scarp_p300,1.5082338091323602,0.934582097749961
2347,62,339.94847648374497,200.0,0.7481623551537914,B_scarp_p900,1.7109755662620334,0.9928852060148793,B_scarp_p300,1.6392012909265086,0.972315376804721,B_scarp_fine,1.5780684025528042,0.954677019388445
2348,19,313.3098281057257,200.0,0.7250025554707176,B_scarp_p900,1.70436008976223,0.9909797122603968,B_scarp_p300,1.664471116438222,0.9795959121302554,B_scarp_fine,1.6429153330721247,0.9733588852380451
2350,10,210.0,200.0,0.7308485209941864,B_scarp_p900,1.7035203098881784,0.9907378256320953,B_scarp_p300,1.696648689185119,0.988866651058197,B_scarp_fine,1.6503491071597096,0.9755004942417145
2359,5,1160.0,1100.0,0.6676617860794067,A_strain_dilate,1.4938135958823984,0.9306526184082031,A_grav_hg_abs,1.3966121493421588,0.9024851441383361,B_rad_TC,1.3571745391085335,0.8911671876907349
2360,14,1947.6793212890625,1824.8287353515625,0.6758003575461251,B_scarp_p300,1.6961537932048971,0.9887240656784603,B_scarp_fine,1.6733009365635203,0.9821127269949231,B_scarp_p900,1.6697225814658527,0.9810028714793069
2363,4,650.8424224853516,538.5164794921875,0.6626204699277878,B_scarp_fine,1.7025500260825388,0.9905391484498978,B_scarp_p300,1.7021483110168423,0.9904511570930481,B_scarp_p900,1.6081741314236657,0.9632747173309326
2364,117,324.9471954606537,200.0,0.7027877115795755,A_grav_hg_abs,1.569008797282739,0.9521704372177776,A_grav_slope_abs,1.4682976696902776,0.9230848469285884,A_grav_step900,1.3973373632132746,0.902681263593527
2366,4,2652.8472290039062,2549.509765625,0.6718283593654633,A_mag_step900,1.6828002904449069,0.9850897490978241,A_mag_step300,1.6425090307344752,0.9734737277030945,A_tmi_up150_gradmag,1.6261959983894394,0.9665016531944275
2376,83,368.0690925322383,200.0,0.7501366052282862,B_scarp_p900,1.6161168108099522,0.9655624929680882,A_grav_residual,1.5369523214042708,0.9429454731653972,A_strain_shear,1.4843434434473648,0.927408728972975
2377,4,234.95863723754883,200.0,0.7082586586475372,B_scarp_p300,1.620491072755264,0.9669247418642044,B_scarp_fine,1.5869445838512672,0.9572341740131378,A_grav_residual,1.5054891552553902,0.9338765889406204
2378,5,230.7326202392578,200.0,0.6741753339767456,A_depth_base,1.6657665607131014,0.9799528956413269,B_st_coh_xgmag9,1.631090684978094,0.9700304508209229,A_eq_density,1.472120006011848,0.9250794649124146
2382,6,570.9145100911459,424.2640686035156,0.6587879161039988,A_depth_base,1.6618787582958334,0.978832890590032,B_rad_Knorm,1.628286414124476,0.9691304564476013,B_st_coh_xgmag9,1.5929940738944401,0.959051380554835
2393,14,363.0917238507952,200.0,0.6773897750037057,A_tmi_up150_regional,1.600792069219331,0.96171435713768,A_depth_base,1.5134032693024126,0.9360598070280892,A_strain_shear,1.4851402513667449,0.9276381134986877
2401,6,346.13047790527344,200.0,0.6803678274154663,A_tmi_vg_abs,1.6358011232726777,0.971549779176712,A_mag_anom,1.6282094377135918,0.9693756500879923,A_tmi_up150_regional,1.556932868649927,0.9490603109200796
2402,39,887.5437653370393,424.2640686035156,0.6864924415563926,A_grav_hg_abs,1.5832714879487955,0.9562809925812942,A_strain_shear,1.4732331188368704,0.9242102962273818,A_eq_density,1.4614141829866079,0.9219861122278067
2406,5,3258.908154296875,3138.470947265625,0.6650109887123108,B_scarp_fine,1.7226031150142227,0.9963162779808045,B_scarp_p300,1.717737275793514,0.9949425220489502,A_mag_residual,1.6294110351342022,0.9695669412612915
2408,6,293.4907964070638,200.0,0.6899750034014384,A_grav_hg_abs,1.723090917298512,0.9965774218241373,A_grav_slope_abs,1.6977950863141973,0.9892166157563528,B_scarp_fine,1.6698726181783143,0.9811250567436218
2409,24,2411.213078816732,1969.7716064453125,0.6885573615630468,B_scarp_p300,1.6911419196407345,0.987280085682869,B_scarp_fine,1.6630001724392507,0.9791451618075371,B_scarp_p900,1.6552222255760967,0.9768262505531311
2410,15,763.0661743164062,565.6854248046875,0.6781336824099223,A_mag_anom,1.6457610996648446,0.9744359731674195,A_tmi,1.5513873689289845,0.9470176339149475,A_tmi_up150,1.5489984649534612,0.9462568720181783
2414,25,310.74981872558595,200.0,0.706789071559906,A_grav_hg_abs,1.6993414883377451,0.9897327566146851,A_grav_slope_abs,1.6436893979646703,0.9736255693435669,A_grav_gradmag,1.601246499383805,0.9614326143264771
2418,4,945.3058624267578,894.4271850585938,0.6620657593011856,A_tmi_up150_regional,1.620099702603661,0.9672849029302597,A_strain_shear,1.4754342867542933,0.924843966960907,A_depth_base,1.427928130369044,0.9114359766244888
2422,215,1619.9980115313863,200.0,0.7069387713143992,A_strain_regional,1.5284983783500812,0.9407665690710378,A_eq_density,1.513279355352329,0.9369720941366151,A_strain_shear,1.4993304604775277,0.9317231813142466
2424,8,1358.3944854736328,1220.655517578125,0.674715057015419,A_tmi_up150,1.7157108933556438,0.9942736774682999,A_tmi,1.7116323262112754,0.993190586566925,A_mag_residual,1.7054338082303793,0.9914746060967445
2428,4,211.80339813232422,200.0,0.6626691818237305,B_scarp_p900,1.6988274923493945,0.9893861263990402,A_strain_shear,1.666568008304481,0.9798674136400223,A_strain_regional,1.6663000284685596,0.9804694056510925
2431,57,283.8230513187877,200.0,0.7934696203783939,B_scarp_p900,1.7049287214071531,0.991143498504371,B_scarp_p300,1.666160094063652,0.9800825265415928,B_scarp_fine,1.6300804450643647,0.9696612598603231
2434,7,624.6152605329241,538.5164794921875,0.6829615661076137,A_tmi_up150_gradmag,1.7149270019941625,0.991929931300027,A_tmi_hg_abs,1.7029514842798148,0.9909302762576512,A_mag_step300,1.673267003796757,0.9823393310819354
2437,10,552.8795837402344,447.2135925292969,0.700001859664917,B_scarp_p900,1.7277848941360396,0.9977268934249878,A_grav_step300,1.7257345752651454,0.9972819507122039,A_grav_step900,1.7182064277772822,0.9951526403427124
2441,8,885.8813552856445,670.8203735351562,0.6899873465299606,B_scarp_p900,1.6551563944165006,0.9768072888255119,B_scarp_fine,1.6509051106930683,0.9756606742739677,B_scarp_p300,1.6121601860809833,0.9645245149731636
2443,4,985.4744873046875,860.2325439453125,0.6500947028398514,B_scarp_fine,1.6622286363952166,0.978922888636589,B_scarp_p300,1.6512987487239827,0.9758007973432541,A_tmi_up150_regional,1.579067217832167,0.955446407198906
2444,4,304.154354095459,223.60679626464844,0.6666866540908813,B_scarp_p900,1.7282010194918946,0.9978467524051666,A_grav_step300,1.7266342552180447,0.9975412040948868,B_scarp_p300,1.7159186742619703,0.9944185614585876
2445,11,462.24776944247157,200.0,0.6685968095606024,A_mag_anom,1.564473451931665,0.950999915599823,A_strain_2ndinv,1.5424009623687593,0.9443165009671991,A_strain_regional,1.5381179450248357,0.9435381184924733
2448,22,261.34525992653585,200.0,0.7752016132528131,B_scarp_p900,1.7203362429294533,0.9955814155665311,B_scarp_p300,1.6722521494325777,0.9818377196788788,A_strain_regional,1.6593982796928857,0.9784809025851163
2453,22,781.3452883633701,282.84271240234375,0.6756456440145319,B_scarp_p300,1.629104452060923,0.9694063582203605,B_scarp_fine,1.5927274212214908,0.9589001617648385,A_strain_shear,1.5497487487305759,0.9462375640869141
2454,101,409.5826911548577,200.0,0.6960573149199533,A_strain_regional,1.558763260597842,0.9494863606915616,A_strain_2ndinv,1.5475407425672263,0.9457951188087463,A_strain_shear,1.456628846300648,0.9194302694632275
2456,121,324.6994847069102,200.0,0.7281757282816674,B_scarp_p900,1.7180237011486361,0.9949153208535565,B_scarp_p300,1.7115616941146516,0.9931632639948001,B_scarp_fine,1.705111068622678,0.9912769636831993
2459,12,716.6666666666666,500.0,0.6912421385447184,B_scarp_p900,1.6283389700579796,0.9690829118092855,B_scarp_p300,1.5837377963024428,0.9563356886307398,A_tmi_up150_regional,1.5793708205235049,0.9555340011914571
2465,5,214.16407775878906,200.0,0.6873092412948608,B_scarp_p900,1.7114497441953689,0.9930217862129211,B_rad_ThK,1.6914026550426886,0.9873617887496948,B_st_anisotropy,1.6586497839908134,0.977903425693512
2467,9,1761.9892985026042,1529.705810546875,0.6701020134819878,A_tmi_up150_regional,1.6157604480105787,0.9660329620043436,A_mag_gradmag,1.5315015464904211,0.9414961867862277,A_mag_step300,1.5129162697145853,0.9361202253235711
2468,5,221.28990173339844,200.0,0.7194485187530517,B_scarp_p900,1.7232073289802403,0.9964083909988404,B_scarp_fine,1.660231782252275,0.9783476114273071,B_scarp_p300,1.6522408089774485,0.9760722160339356
2469,39,338.05333142402844,200.0,0.6944474211105933,B_scarp_p900,1.6923246047785723,0.9875130622814863,A_strain_regional,1.640244762648842,0.9729624711550199,A_strain_2ndinv,1.6204305958590055,0.9667641551066668
2470,12,858.4048563639323,707.1068115234375,0.6758509576320648,B_st_ori_y,1.6486056275859446,0.9750793675581614,A_strain_regional,1.5658977861699888,0.951541930437088,B_scarp_p900,1.5452105547218298,0.9451389561096827
2472,4,211.80339813232422,200.0,0.6904464066028595,B_lidar_lappos_max,1.753533698070086,0.996187150478363,B_lidar_cross_max,1.742222075869212,0.988074779510498,B_lidar_lapneg_max,1.7274144830131004,0.9895968735218048
2474,9,487.9894849989149,360.55511474609375,0.6659143964449564,B_st_ori_y,1.6362364873636026,0.9715150329801772,A_strain_regional,1.5612320463696157,0.9501976569493612,A_strain_2ndinv,1.5570261061726693,0.9485238790512085
2479,58,1615.9515044113684,1077.032958984375,0.7245372030241736,A_tmi_up150_regional,1.6165901613993665,0.9662723469323126,B_scarp_p900,1.5553476803673898,0.9480588107273497,A_strain_shear,1.5394105008479329,0.9432613962683184
2485,12,221.6760508219401,200.0,0.7586319794257482,B_scarp_p900,1.7194139090737257,0.9953157504399618,A_strain_regional,1.6235342179076742,0.9681478987137476,A_strain_2ndinv,1.5928156856592903,0.9588198661804199
2491,5,204.7213592529297,200.0,0.7426610231399536,B_scarp_p900,1.7248044110188387,0.9968684077262878,B_st_anisotropy,1.6400816958956914,0.9725533127784729,B_st_ori_y,1.6217727821090506,0.9673471212387085
2494,43,1005.7968366755996,412.3105773925781,0.6977844959081605,A_strain_regional,1.6205933987638543,0.967300602169924,A_strain_2ndinv,1.5906160558473104,0.9581870741622392,A_mag_step300,1.5122375341959957,0.9359245882477871
2496,45,2246.509564887153,1941.6488037109375,0.7502776622772217,B_scarp_p300,1.6641321800471922,0.9794982605510287,B_scarp_fine,1.6262081165511213,0.9685456739531623,B_st_anisotropy,1.602911212505642,0.9618432018491957
2498,4,220.71067810058594,200.0,0.7018857896327972,B_scarp_p900,1.6724800257320356,0.9817971140146255,A_strain_regional,1.5994821549425655,0.9612181186676025,B_st_anisotropy,1.5400010767067653,0.9437166005373001
2499,24,3067.7103474934897,2594.224365234375,0.7136100182930628,A_mag_anom,1.6556371914766148,0.977283351123333,B_scarp_p300,1.6534638884674162,0.9764245996872584,B_scarp_p900,1.6530904945030527,0.9762122357885042
2503,6,2782.137451171875,2729.46875,0.7054275472958883,B_scarp_p300,1.7076769788357602,0.9920440316200256,B_scarp_fine,1.6925218937001916,0.9876501262187958,B_st_anisotropy,1.6347182711028556,0.9710079232851664
2510,146,621.7543377810962,200.0,0.7606866298473045,B_scarp_p900,1.5379893822171866,0.9430590002504113,A_strain_regional,1.5333651592739181,0.9421687656885958,A_strain_2ndinv,1.528190789610427,0.9402285022278355
2512,11,230.59143759987572,200.0,0.7101759910583496,A_grav_hg_abs,1.6460164908903492,0.974364313212308,B_scarp_p900,1.624495518313403,0.9679758602922613,A_grav_slope_abs,1.6226324577014952,0.967557820406827
2516,43,412.2844330543696,200.0,0.7453282891317855,B_scarp_p900,1.5833961479877086,0.9561377722163533,A_eq_density,1.5498882508353766,0.9475499100463335,B_spring_dist,1.445294455018627,0.9166957431061323
2518,13,1908.5025822566106,1700.0,0.6887154716711777,B_scarp_p300,1.691339693181909,0.987337066577031,B_scarp_fine,1.6645526244149695,0.9795924104177035,B_line_resp,1.6229695257811316,0.9677190505541288
2519,43,408.86396079839665,200.0,0.7213956062183824,A_mag_step900,1.5433017446209099,0.9448809249456539,A_strain_regional,1.4850814423564527,0.9282574625902398,A_strain_2ndinv,1.4748598726589321,0.9248862030894257
2522,26,339.405267568735,200.0,0.6981290464217846,B_scarp_p300,1.553319685128825,0.9475718713723696,A_strain_dilate,1.534867565052055,0.9424971823508923,B_spring_dist,1.5302745149452275,0.9412066019498385
2528,12,264.2995885213216,200.0,0.680386925737063,B_scarp_p900,1.6721996634549667,0.9817163596550623,B_spring_dist,1.5851483891769407,0.9570339123407999,B_scarp_p300,1.5505285854238577,0.9467677225669225
2531,5,224.7213592529297,200.0,0.6988040566444397,B_scarp_p900,1.7010618613998576,0.9900297045707702,B_scarp_p300,1.6536571525495884,0.9764802813529968,B_scarp_fine,1.600757016090719,0.9612134218215942
2532,12,662.4934056599935,447.2135925292969,0.6625932256380717,B_spring_dist,1.6617681434548537,0.9791334023078283,A_mag_step300,1.648148486789114,0.9750992308060328,A_mag_gradmag,1.6218233871033856,0.967531273762385
2535,165,338.79698745265154,200.0,0.7614527359153285,B_spring_dist,1.6952367648604838,0.9887867804729578,B_scarp_p900,1.6866648648257936,0.9858828548229102,B_scarp_p300,1.5951736641829342,0.9596304972966512
2540,8,202.95084953308105,200.0,0.7058200910687447,B_scarp_p900,1.7101255161465077,0.9926403611898422,B_scarp_p300,1.6865276625297803,0.9859506636857986,B_scarp_fine,1.6714005352326344,0.9815652370452881
2541,44,637.4816554676403,223.60679626464844,0.7086380178278143,A_mag_anom,1.6290199896800743,0.9696093404834921,A_mag_step900,1.5609193829079517,0.9499590031125329,A_tmi_up150_regional,1.522975357193982,0.9392630525610663
2543,17,213.20491117589614,200.0,0.7333502033177544,B_scarp_p900,1.7169980335828747,0.9946198919240166,B_scarp_p300,1.680397018816761,0.9841843527906081,B_scarp_fine,1.6350521010799026,0.9710935529540566
2547,5,244.53545227050782,200.0,0.666637372970581,B_scarp_p900,1.6542944951094554,0.9765590310096741,B_scarp_p300,1.5405927924489613,0.9439051032066346,A_eq_density,1.5128117845405051,0.9368369936943054
2548,6,200.0,200.0,0.6934686998526255,B_spring_dist,1.717366857172712,0.9951697786649069,A_strain_dilate,1.587291061351726,0.9576219916343689,A_grav_vg_abs,1.5636020548379204,0.9506213863690695
2549,24,414.7893759409587,200.0,0.6626718317468961,B_spring_dist,1.7182490266885744,0.9954242234428724,A_grav_vg_abs,1.590133082928529,0.9582680215438207,A_strain_dilate,1.587291061351726,0.9576219916343689
2555,14,233.7865447998047,200.0,0.7648008763790131,B_scarp_p900,1.7182885134216141,0.9949915962559837,B_scarp_p300,1.610856932859014,0.964149032320295,B_spring_dist,1.57684319243598,0.9546384385653904
2557,6,263.27818298339844,200.0,0.6626933018366495,B_spring_dist,1.7217197992734707,0.9964253008365631,A_strain_dilate,1.5525783297142264,0.9476069509983063,A_grav_slope_abs,1.5453565305398635,0.9452900588512421
2567,6,2136.965861002604,1972.308349609375,0.7059459388256073,B_scarp_p900,1.6966125130974512,0.9887481331825256,B_scarp_p300,1.5949343106289167,0.9595615367094675,B_scarp_fine,1.5875597506363965,0.95741139849027
2568,96,1103.228819211324,282.84271240234375,0.7442400871465603,B_scarp_p300,1.6302054086108275,0.9697235568116108,B_scarp_p900,1.6129896678146747,0.9646617639809847,B_scarp_fine,1.5905701692123047,0.9582786752531925
2569,5,283.24555053710935,200.0,0.6701868176460266,B_spring_dist,1.663509516614103,0.9796356678009033,A_strain_dilate,1.6185664734301262,0.9666453242301941,B_scarp_fine,1.5752380909635437,0.9538616299629211
2573,7,206.7447989327567,200.0,0.7027696626526969,A_eq_density,1.446330544148724,0.9176278284617833,A_strain_dilate,1.4115101408465343,0.9069070816040039,B_rad_ThK,1.3679154818294912,0.8941584655216762
2574,4,733.7794494628906,700.0,0.6871259808540344,B_scarp_fine,1.5819851119881516,0.9558053910732269,B_scarp_p300,1.525329467530857,0.9395075589418411,B_rad_TC_grad,1.486184097495209,0.9283718913793564
2576,10,252.36067962646484,200.0,0.6807368338108063,B_rad_Th,1.4475054970802939,0.9168154954910278,A_eq_density,1.4238983384490453,0.9111462414264679,A_strain_dilate,1.4115101408465343,0.9069070816040039
2577,59,996.5487101926642,761.5773315429688,0.6917375629231081,A_strain_dilate,1.4783490388179112,0.9261909076723002,B_scarp_p900,1.4312848537767406,0.9123242810621099,A_eq_density,1.4133346825393176,0.9080939666699555
2579,59,263.21214294433594,200.0,0.7588542204792217,B_scarp_p900,1.535360950300482,0.9423019178843094,B_scarp_p300,1.482184799010392,0.9270770701311403,B_scarp_fine,1.4647754743239298,0.9220382611630327
2580,10,264.891780090332,200.0,0.7009110629558564,B_scarp_p300,1.4793443633241128,0.9262587070465088,B_scarp_fine,1.4438592171942273,0.9160124599933624,A_eq_density,1.4260692352804232,0.9117735028266907
2584,4,230.9016990661621,200.0,0.6777875870466232,B_st_ori_y,1.5794653210811558,0.9551556557416916,A_strain_dilate,1.4269812397395796,0.9113706797361374,A_eq_density,1.399584322817718,0.904120922088623
2585,12,444.94441477457684,316.2277526855469,0.6860052694876989,B_scarp_fine,1.6844752776700893,0.9853319625059763,B_scarp_p300,1.6768734749520964,0.9831691781679789,A_grav_hg_abs,1.5781076524003417,0.9547927578290304
2591,212,325.9050724821271,200.0,0.7503405893748661,B_scarp_p900,1.7084373599185443,0.9921541118396903,B_scarp_p300,1.6047438701541055,0.9623877867212836,B_scarp_fine,1.565202687795413,0.9509705130784016
2593,7,243.77850123814173,200.0,0.7060599837984357,B_scarp_fine,1.7002498082128572,0.9898764746529716,B_scarp_p300,1.6510690747028365,0.9757346255438668,B_scarp_p900,1.6226101453459292,0.9674328054700579
2595,42,275.7167045956566,200.0,0.702135226556233,B_scarp_p900,1.7033996175812862,0.9907030619326092,B_scarp_p300,1.6689448829338356,0.9808848571209681,B_scarp_fine,1.634523680530908,0.9709413193521046
2596,18,504.64069027370874,223.60679626464844,0.6647663745615218,A_depth_base,1.6679404988121016,0.9805791676044464,B_st_coherence,1.5358870041671815,0.9426171912087334,B_vent_dist,1.4243617970481683,0.9105447133382162
2597,9,326.54132758246527,223.60679626464844,0.6598133974605136,A_depth_base,1.687694668346465,0.9862699839803908,B_st_coherence,1.6512962843677044,0.9758775366677178,B_st_coh_xgmag9,1.4432155627033312,0.9158866802851359
2598,6,203.93446604410806,200.0,0.707622895638148,A_strain_dilate,1.6121431992978765,0.9647921323776245,A_eq_density,1.429576723979637,0.9127869606018066,B_st_ori_y,1.2241309994132428,0.8527612785498301
2600,5,358.6021240234375,316.2277526855469,0.6706350088119507,A_strain_regional,1.599676950673957,0.961274242401123,A_strain_2ndinv,1.5885999915224225,0.957607090473175,A_strain_shear,1.5744929748245664,0.953360915184021
2601,31,465.9216850034652,200.0,0.695933868808131,A_grav_hg_abs,1.6807142669871995,0.9843643288458547,A_grav_slope_abs,1.645973168796411,0.9742836586890682,B_scarp_p900,1.644484427909317,0.9737333809175799
2604,7,2109.0999581473216,2012.461181640625,0.6622100642749241,B_scarp_p900,1.6983411584221189,0.9892460448401315,B_scarp_p300,1.671206946074708,0.9815365842410496,B_scarp_fine,1.6528218973420121,0.9762128846985954
2605,5,385.6434020996094,282.84271240234375,0.673302173614502,A_strain_regional,1.5742536251989068,0.9539493799209595,A_strain_2ndinv,1.548784793969173,0.9461530089378357,A_strain_shear,1.5405626799571506,0.9435930848121643
2613,15,247.55257873535157,200.0,0.7098578254381815,A_strain_regional,1.551675525566014,0.9474442720413208,A_strain_2ndinv,1.5417933206738679,0.9441416939099629,A_strain_shear,1.5350105816453272,0.9419947504997254
2616,9,2947.751519097222,2692.58251953125,0.6695035232437981,B_scarp_fine,1.6786242852285926,0.9836463398403592,B_scarp_p300,1.6761298553844086,0.9829549325837029,B_scarp_p900,1.6186128236307378,0.9662814339001974
2619,8,225.80618858337402,200.0,0.7431337460875511,B_scarp_p900,1.6963401867916652,0.9886696934700012,B_st_ori_y,1.6956753902534385,0.988643154501915,A_grav_slope_abs,1.6101505407539969,0.9639610424637794
2620,12,923.8582356770834,781.0249633789062,0.6762934972842535,B_scarp_p900,1.6992678497800273,0.9895129650831223,B_scarp_p300,1.5671954618186021,0.9515696465969086,B_scarp_fine,1.558710687013864,0.9491002211968104
2622,43,267.4000850943632,200.0,0.711159539777179,A_strain_shear,1.555438674114681,0.947875575963841,A_strain_regional,1.5372502908389991,0.9432881335879482,A_strain_2ndinv,1.5232267741781187,0.9388004485950914
2625,6,216.66666666666666,200.0,0.7440590858459473,B_scarp_p900,1.7341736775471757,0.9995670914649963,A_grav_residual,1.7084824837786892,0.9923870066801707,B_scarp_p300,1.707723837212537,0.9920575320720673
2626,4,211.80339813232422,200.0,0.6720621436834335,A_strain_regional,1.5386153158358713,0.9436814188957214,A_strain_shear,1.5282549068671354,0.9400499314069748,A_strain_2ndinv,1.5124065567248008,0.9356876760721207
2628,10,240.3275894165039,200.0,0.7221075534820557,B_scarp_p900,1.7276302516981112,0.9976823508739472,A_grav_residual,1.7180700624985592,0.9951505124568939,B_scarp_fine,1.6394522965187135,0.9723612129688263
2629,4,1467.5292663574219,1414.213623046875,0.6786126047372818,B_scarp_p900,1.7277549713519844,0.9977182745933533,A_grav_residual,1.714620377895382,0.9941561818122864,B_scarp_p300,1.7128801205802477,0.9935431182384491
2630,10,273.9958251953125,200.0,0.6957114994525909,B_scarp_p900,1.685691524656829,0.9856024980545044,B_scarp_p300,1.677963720081113,0.9834832906723022,B_scarp_fine,1.6495443903847906,0.9752686619758606
2632,53,357.2807585518315,200.0,0.7350366554170285,A_grav_residual,1.7047444972922876,0.9913095764394076,B_scarp_p900,1.6868461861630573,0.9859350818508076,A_tmi,1.5540054135822403,0.9477719968219973
2633,22,357.2320619062944,200.0,0.6986202922734347,A_grav_slope_abs,1.695003645289867,0.988412236625498,A_grav_hg_abs,1.6824402443901088,0.9848617613315582,A_grav_gradmag,1.6484624879336511,0.9750396636399355
2635,5,314.82228088378906,223.60679626464844,0.6877500176429748,B_scarp_p900,1.7220982407822987,0.9960889339447021,B_scarp_fine,1.704613955473823,0.9911337494850159,B_scarp_p300,1.68930224735566,0.9867500543594361
2638,130,357.13606978196367,200.0,0.7427492641485655,B_scarp_p900,1.7257393077996528,0.9971376914244432,B_scarp_p300,1.603360841358471,0.9619893197829906,A_strain_shear,1.5733732788048667,0.9530385778500483
2642,5,456.7576477050781,412.3105773925781,0.6766244292259216,A_depth_base,1.7192648329249958,0.9953647732734681,B_rad_K_regional,1.545197790374181,0.9459575176239013,B_vent_dist,1.533513216078152,0.942011022567749
2644,5,900.346533203125,824.6211547851562,0.6718048334121705,A_grav_residual,1.7290902312403333,0.9983269453048706,B_rad_TC_grad,1.6487139583093169,0.9752346515655518,B_band6_grad,1.6475929537982559,0.974875009059906
2645,4,313.9271011352539,200.0,0.7307857722043991,B_rad_Thnorm,1.710499487068885,0.9926656633615494,A_grav_residual,1.7093787270900163,0.992645338177681,B_scarp_p900,1.701561050417675,0.9901734888553619
2646,11,235.4699013449929,200.0,0.7211085883053866,B_rad_TC_grad,1.6691162801486843,0.9811173189770092,B_band6_grad,1.6659055015089779,0.9801529916850004,A_mag_anom,1.6008026200786156,0.961473985151811
2652,13,1420.5946608323318,1220.655517578125,0.7171750985659086,B_scarp_p900,1.6060624882890704,0.9626664886107812,B_scarp_fine,1.578140444248389,0.9546977740067703,A_mag_anom,1.5702747400967199,0.9526724861218379
2655,10,417.22383270263674,200.0,0.6815577566623687,B_rad_Knorm,1.725035725762543,0.9969882905483246,B_rad_Thnorm,1.7107087510885228,0.9927259504795074,A_grav_residual,1.7096191510057035,0.9927146375179291
2657,15,977.2293701171875,700.0,0.6830596288045248,B_rad_Thnorm,1.7201748557578893,0.9954530517260234,A_grav_residual,1.7135232488377905,0.9938399473826091,B_scarp_p300,1.5979987933020567,0.960444450378418
2661,4,1424.8087768554688,1236.931640625,0.660347655415535,A_grav_residual,1.713742039115972,0.9939030110836029,B_scarp_p300,1.7112045974300676,0.9930603802204132,B_scarp_fine,1.706316750238389,0.9916243106126785
2666,24,583.2326431274414,360.55511474609375,0.7350340262055397,A_grav_residual,1.7064927026556338,0.9918134758869807,B_vent_dist,1.5307372089947555,0.9412107517321905,B_scarp_p900,1.426198527052652,0.9108592371145884
2671,13,1062.8417499248799,921.9544677734375,0.6690894273611215,B_scarp_p300,1.6903775567915025,0.9870598637140714,B_scarp_fine,1.669617341999456,0.9810515137819144,B_scarp_p900,1.5937357115991382,0.9591159362059373
2673,81,386.7039783619068,200.0,0.7140978530601219,A_grav_slope_abs,1.7182926881272256,0.9951231862291877,A_grav_hg_abs,1.7151727852363805,0.994295389563949,A_grav_gradmag,1.6979365176686498,0.9892974517963551
2674,12,249.1401570638021,200.0,0.7102542668581009,A_grav_hg_abs,1.5073167420744809,0.9343905796607336,B_vent_dist,1.485712067386472,0.9282308469216028,A_depth_base,1.4710015199608146,0.9238446354866028
2677,54,577.8065338134766,200.0,0.7292716127854807,A_grav_residual,1.7347383702555759,0.9999549543416059,B_scarp_p900,1.70148121570631,0.9901504936041655,A_grav_anom,1.6972782953043586,0.989151249329249
2680,83,307.8075289439006,200.0,0.7492426763097924,B_scarp_p900,1.7180079668858315,0.9949107888233231,A_strain_shear,1.5784472220572399,0.9544992612068912,B_rad_UK,1.534083836220116,0.9424838258559445
2683,31,3730.986603767641,3546.82958984375,0.7017320836744001,B_scarp_p900,1.6984694332554235,0.9892829925783219,B_scarp_p300,1.5875207223660988,0.957425594329834,A_strain_regional,1.559870971235443,0.9498055096595518
2684,4,526.0504760742188,500.0,0.6524214148521423,A_depth_base,1.7002426831745592,0.9898848384618759,B_rad_K_regional,1.5021055705594364,0.9335222989320755,B_vent_dist,1.4721104669489744,0.9243097603321075
2689,5,460.87855834960936,360.55511474609375,0.6528367757797241,A_grav_hg_abs,1.7009926459780422,0.990208625793457,B_rad_U,1.655842514318035,0.9772411346435547,A_grav_slope_abs,1.6425635997198749,0.9733011603355408
2693,4,232.51407623291016,200.0,0.6756051629781723,A_depth_base,1.699754705235214,0.9897442609071732,B_rad_K_regional,1.5029710157447325,0.9337720423936844,A_grav_step300,1.4976178692723232,0.9315474331378937
2701,15,517.1828491210938,360.55511474609375,0.7022232254346211,B_scarp_fine,1.6624986166835667,0.9790006677309672,B_scarp_p300,1.6615023274953473,0.9787405689557394,B_spring_dist,1.6553239258378405,0.9772746920585632
2706,10,228.28427124023438,200.0,0.702678781747818,B_rad_Thnorm,1.7348192888856533,0.9996719837188721,B_rad_Knorm,1.7291796120888983,0.9981814742088317,B_rad_Unorm,1.7110384040719648,0.9929099798202514
2708,9,484.86912027994794,316.2277526855469,0.6795088118977017,B_spring_dist,1.6610980816351766,0.9789401359028287,A_strain_regional,1.5095610902409597,0.9353104366196526,A_strain_dilate,1.4908960856610631,0.9298108816146851
2709,19,360.5288648103413,200.0,0.6638717870963248,A_depth_base,1.6945936836551598,0.988257464609648,A_grav_slope_abs,1.5340911419055403,0.9420438346109892,B_rad_K_regional,1.4987461218354667,0.9325528552657679
2710,32,222.70858526229858,200.0,0.7640519011765718,B_rad_Knorm,1.6830954785017234,0.9849120862782001,A_cond_surf,1.6582241409611829,0.9785494692623615,B_vent_dist,1.460697990464391,0.9210197571665049
2716,29,399.96788603683996,200.0,0.6844784781850618,B_spring_dist,1.6836228251619403,0.9854369636239677,B_lidar_upface_max,1.5159300075701698,0.9255149179491503,A_strain_dilate,1.5123876349274055,0.9360114520993726
2718,10,700.9151245117188,538.5164794921875,0.7069981694221497,A_grav_hg_abs,1.527654969968252,0.9402521252632141,B_st_ori_y,1.511308360724172,0.935515308380127,A_strain_dilate,1.4599439507384728,0.9208808183670044
2721,8,2177.9022216796875,1992.48583984375,0.68106909096241,B_scarp_fine,1.7026864472481031,0.9905784502625465,B_scarp_p300,1.6869051672671913,0.9860594272613525,B_spring_dist,1.6471537822628457,0.9749181717634201
2724,6,234.4082514444987,200.0,0.6810470124085745,A_cond_surf,1.6669362730581951,0.9810647368431091,B_vent_dist,1.4535821697541176,0.918968399365743,B_rad_Thnorm,1.3994552475479172,0.9030565619468689
2728,30,1349.1521525065104,1063.0145263671875,0.7185419460137685,B_scarp_p300,1.6633107781025915,0.9792616049448649,B_scarp_p900,1.6517200320279986,0.9758174935976665,B_scarp_fine,1.623435622378708,0.9677469412485759
2733,32,265.91987705230713,200.0,0.7577646728605032,A_cond_surf,1.6669362730581951,0.9810647368431091,B_scarp_p900,1.630695365591039,0.9697616379708052,B_rad_Knorm,1.4743398212053056,0.9248033333569765
2739,5,1643.701806640625,1581.1387939453125,0.6647291541099548,B_scarp_p900,1.7306405127449493,0.9985494136810302,B_lidar_cross_max,1.7194452187099154,0.9816875576972961,B_scarp_p300,1.7120607713474674,0.9933070540428162
2741,13,273.24193279559796,200.0,0.7018537567212031,B_scarp_p900,1.6917630896270623,0.9873513258420504,B_rad_UK,1.6466922442547323,0.9749820278241084,B_rad_Unorm,1.6420566350925454,0.9730381186191852
2742,7,1229.3728201729912,1118.033935546875,0.6731370091438293,B_scarp_fine,1.7166846627630412,0.9946112207004002,B_scarp_p300,1.7032368557872275,0.9907647797039577,A_tmi_up150_gradmag,1.6312695122103478,0.9679556063243321
2746,30,286.3227294921875,200.0,0.7795296291510264,B_scarp_p900,1.7113935268855374,0.9930055936177572,A_cond_surf,1.6669362730581951,0.9810647368431091,B_st_ori_y,1.5496702575464099,0.9465698063373565
2747,25,252.75234619140625,200.0,0.7445680904388428,B_scarp_p900,1.7038757039946244,0.9908401918411255,B_st_anisotropy,1.5775435808346105,0.9545339035987854,A_strain_2ndinv,1.5477857074019392,0.9458655905723572
2749,17,287.19428477567783,200.0,0.7411385248689091,B_scarp_p900,1.7048717833488902,0.99112709830789,A_strain_2ndinv,1.540788372987015,0.943852589410894,A_strain_shear,1.5198798820575956,0.9376389349208158
2751,5,2307.4033203125,2236.06787109375,0.6601377964019776,B_spring_dist,1.7132391721192874,0.9939792275428772,B_scarp_fine,1.6754347741821523,0.9827274680137634,A_strain_dilate,1.5962208077265283,0.9601983308792115
2752,7,667.9942016601562,500.0,0.6998891830444336,B_spring_dist,1.6847036258557,0.9857486997331891,B_scarp_fine,1.657089986368593,0.9774424859455654,B_scarp_p300,1.6504565022806013,0.9755581361906869
2754,7,229.49278695242745,200.0,0.6975079689707074,B_scarp_p900,1.6488066234041476,0.9749783277511597,A_strain_2ndinv,1.5570261061726693,0.9485238790512085,B_fault_centroid_dist,1.4848310414251757,0.9279802441596985
2755,16,250.95283603668213,200.0,0.7391860298812389,B_scarp_p900,1.65482788529003,0.976712666451931,A_cond_surf,1.625890837536794,0.96921456605196,B_scarp_p300,1.5743815378357506,0.9536400400102139
2758,20,2081.151892089844,1920.937255859375,0.6953694760799408,B_scarp_p300,1.6562073447115784,0.9772150218486786,B_scarp_fine,1.6450849622222283,0.9739839375019074,B_scarp_p900,1.559116637478625,0.9491444051265716
2761,7,762.4849897112165,509.9019470214844,0.6918957233428955,B_scarp_fine,1.6947680751184844,0.9882972325597491,B_scarp_p300,1.6683369259114784,0.9807096975190299,B_spring_dist,1.657658048874196,0.9779479248183114
2762,7,210.11719839913505,200.0,0.6849543963159833,B_spring_dist,1.6904718602668856,0.9874124356678554,A_strain_dilate,1.607415518806088,0.9634281396865845,B_scarp_fine,1.597589121923664,0.9603007776396615
2764,7,206.7447989327567,200.0,0.711457371711731,B_scarp_p900,1.363371909217604,0.8927629249436515,B_vent_dist,1.3394044814632466,0.8860531108719962,A_grav_residual,1.2519032077772518,0.8607834492410932
2765,7,238.14351763044084,200.0,0.6890930788857597,B_scarp_p900,1.5490526284682096,0.9462456107139587,B_lidar_cross_max,1.439531071151683,0.903192366872515,B_lidar_lapneg_max,1.4356464773267459,0.906929509980338
2771,36,432.86375596788196,200.0,0.6839365710814794,B_rad_TC_grad,1.4679085318265463,0.9231024384498596,B_band6_grad,1.4544979160727565,0.9192217886447906,A_mag_step300,1.4050734446207631,0.9050358715984557
2774,14,950.6893484933036,781.0249633789062,0.6764112838676998,A_strain_dilate,1.61140054074633,0.9645778664520809,A_eq_density,1.3574820517699864,0.8919558439935956,B_vent_dist,1.3377076427749741,0.8855639440672738
2775,135,1358.5048446090134,316.2277526855469,0.7051569885677762,A_strain_dilate,1.4423327861653603,0.9157997855433712,B_st_ori_y,1.4387330087972945,0.9146017418967353,B_vent_dist,1.2279576434559456,0.8539250753543995
2779,31,289.4417183168473,200.0,0.7467399989404986,B_scarp_p900,1.7061966621431683,0.991508710768915,A_grav_hg_abs,1.5687077159134384,0.9520836645557035,B_scarp_p300,1.5287299865737427,0.9404872886596187
2780,27,511.0217482955367,200.0,0.6912905397238555,A_strain_dilate,1.4438070740296232,0.9162251353263855,A_tmi_vg_abs,1.4145354250922813,0.9077679691491304,B_vent_dist,1.2405626859708783,0.8575588729646471
2781,58,429.2653721776502,200.0,0.7286078549664596,A_strain_dilate,1.3587012061599455,0.8916710687094721,B_vent_dist,1.234346288377919,0.855766801998533,A_tmi_vg_abs,1.1163952775871355,0.8218264137876445
2783,6,211.80339813232422,200.0,0.725295235713323,B_st_ori_y,1.5432072501188223,0.9447074035803477,A_strain_dilate,1.4037228483928226,0.9046603540579478,A_mag_residual,1.3805718669001377,0.8978583614031473
2785,21,383.19524347214474,200.0,0.6709698041280111,A_strain_dilate,1.4133724021354659,0.9074443663869586,B_vent_dist,1.2331673885908474,0.8554269472757975,A_mag_residual,1.1251530440831954,0.8242537067050025
2788,27,250.48651914243345,200.0,0.7284955978393555,B_st_ori_y,1.4261585430359685,0.9109782399954619,A_strain_dilate,1.394904035719941,0.9021160205205282,A_mag_residual,1.3894740597095943,0.9004237276536448
2795,6,220.60113271077475,200.0,0.6600323418776194,B_st_ori_y,1.455656747956142,0.9194785455862681,A_strain_dilate,1.4150858572401663,0.9079387187957764,B_vent_dist,1.2023725487793704,0.846549371878306
2796,8,241.1408462524414,200.0,0.6963067501783371,A_mag_anom,1.6769193854583835,0.9834192246198654,A_strain_dilate,1.6509069151568074,0.9759759306907654,A_tmi,1.6437444461403696,0.9736293852329254
2801,45,404.42975429958767,200.0,0.6813843263520135,A_strain_dilate,1.4186956661150392,0.9089801920784845,B_st_ori_y,1.215871809695635,0.8503812816407945,B_vent_dist,1.1697406951363307,0.8371422198083666
2807,9,586.6339213053385,400.0,0.6867922213342454,B_scarp_p300,1.5189275294404914,0.9376630849308438,B_scarp_fine,1.5157761430755077,0.936731133196089,B_scarp_p900,1.4938605200314903,0.9303483102056715
2809,4,2974.4747924804688,2906.888427734375,0.660358801484108,B_scarp_p900,1.640800623190315,0.972672313451767,B_scarp_fine,1.6250662695275493,0.9682167172431946,B_spring_dist,1.5168477535562133,0.9373339116573334
2810,4,226.61237716674805,200.0,0.6741585582494736,B_st_ori_y,1.5763457643301646,0.9542567133903503,A_strain_dilate,1.4359273999500344,0.9139517545700073,B_scarp_fine,1.4167666409484314,0.9082073122262955
2813,20,2367.1984252929688,2193.171142578125,0.7021619528532028,B_scarp_p900,1.65926307407308,0.9779901593923569,B_spring_dist,1.6189520387266187,0.9667839229106903,B_scarp_fine,1.5753428727634302,0.9538918167352677
2815,15,2086.2114095052084,2000.0,0.6806182463963827,A_eq_density,1.523478568646379,0.9399190664291381,B_spring_dist,1.457288146672507,0.9201550920804341,B_scarp_p300,1.416190994643107,0.9080634752909342
2816,29,1431.6338037951239,1019.8038940429688,0.6911745872990839,B_scarp_p900,1.6905150982827315,0.9869918597155604,B_spring_dist,1.633282222246829,0.9709171878880468,A_mag_residual,1.6245325619466122,0.9681610999436214
2817,23,1688.3307203209918,1431.7821044921875,0.7884885487349137,B_scarp_p300,1.6529172606242146,0.9762671097465183,B_scarp_fine,1.6257345302796518,0.9684092376543127,B_scarp_p900,1.5683034297270118,0.9517905297486678
2818,10,1037.592041015625,781.0249633789062,0.7524281740188599,B_scarp_p900,1.57822968128622,0.9546496450901032,B_rad_ThK,1.5685742362836186,0.9519723892211914,B_st_ori_y,1.5112084554803686,0.9354865193367005
2820,11,273.3135916969993,200.0,0.6886883757331155,B_rad_TC_grad,1.672449512114419,0.9820784005251798,B_band6_grad,1.670440094715676,0.9814599373123862,A_tmi,1.581477426390057,0.955687777562575
2827,24,1918.4417470296223,1581.1387939453125,0.7380530014634132,B_scarp_p900,1.6815395745457191,0.9844065879782041,B_scarp_p300,1.6371804301372481,0.9717331429322561,B_scarp_fine,1.5553947432162147,0.9481449251373609
2830,9,232.7141316731771,200.0,0.7650509542889066,B_scarp_p300,1.6788318953517214,0.983733422226376,B_scarp_fine,1.677951233915625,0.9834524393081665,B_spring_dist,1.64478289805285,0.9742343359523349
2833,15,1164.0724812825522,921.9544677734375,0.683726704120636,B_scarp_p900,1.5921062861689579,0.9586466034253438,B_scarp_fine,1.4474360189499016,0.9170429070790609,A_strain_dilate,1.3928493416498857,0.90152321656545
2834,26,943.9494030292218,412.3105773925781,0.7260287610384134,B_scarp_p900,1.599910847478221,0.9608945961181934,A_grav_residual,1.4702958617713737,0.9237325397821573,A_strain_dilate,1.3965143058083402,0.902580602810933
2835,6,1357.8948567708333,1252.9964599609375,0.6919568181037903,B_scarp_p900,1.516848801199712,0.9369697570800781,B_st_ori_y,1.3867872853257281,0.8996328810850779,A_strain_dilate,1.3770450112484252,0.8969634771347046
2837,12,914.9258880615234,670.8203735351562,0.6941321591536204,B_spring_dist,1.649458136163406,0.9755828181902567,A_strain_dilate,1.591144249729008,0.9587336828311285,A_mag_regional,1.5150692028334354,0.9364706575870514
2838,5,380.0,300.0,0.6709966421127319,B_lidar_ex_mean,1.423629202664575,0.9031190395355224,B_lidar_upface_max,1.3171967865747816,0.8696336150169373,B_lidar_lappos_max,1.2389323528421472,0.8506982088088989
2839,8,263.0738048553467,200.0,0.685087114572525,B_scarp_p300,1.6535888355188109,0.9764605984091759,B_scarp_fine,1.6450531728579227,0.9739747792482376,B_scarp_p900,1.6359203485145601,0.971266619861126
2840,11,296.3295981667259,200.0,0.673477443781766,B_st_ori_y,1.6238579002591924,0.9679479761557146,B_scarp_p900,1.3248080001374705,0.881655140356584,B_rad_Thnorm,1.1923847482621643,0.8434013778513129
2841,63,1893.0010811941963,1442.220458984375,0.7095106698217846,B_spring_dist,1.6565546445532615,0.9776296691289024,A_strain_dilate,1.6031817733201084,0.9622066531862531,A_mag_regional,1.5685660920766362,0.9518804550170898
2842,5,487.31142578125,412.3105773925781,0.6915514469146729,B_scarp_p900,1.6113343581800808,0.9641849756240845,A_strain_dilate,1.455237260123365,0.9195228815078735,A_mag_step900,1.4154556106310754,0.9080307722091675
2843,16,256.5949983596802,200.0,0.725391574203968,A_tmi_vg_abs,1.389324774549049,0.9005007743835449,B_lidar_upface_max,1.3192970320119264,0.8702241778373718,A_mag_gradmag,1.317405784732328,0.8797835186123848
2845,5,261.10399475097654,200.0,0.6887154817581177,A_mag_regional,1.567767156970091,0.9516503214836121,A_strain_dilate,1.5510967873653903,0.9471795082092285,B_elev,1.5278870470083818,0.939866816997528
2846,9,508.7682868109809,412.3105773925781,0.6880791518423293,B_scarp_p900,1.6017645993416127,0.9614285429318746,A_mag_residual,1.5547541344286913,0.9480528831481934,B_scarp_p300,1.550613009806152,0.9467920462290446
2847,5,209.44271850585938,200.0,0.6874255657196044,B_st_ori_y,1.611190893148953,0.9642978072166443,B_rad_TC_grad,1.5722238629136998,0.9531800150871277,B_band6_grad,1.561739990705955,0.9501307487487793
2851,11,820.0125954367898,600.0,0.7007072297009554,B_spring_dist,1.6886286253071827,0.9868807901035656,B_scarp_p900,1.6838392128962174,0.9850689660419117,B_scarp_fine,1.6717299491464568,0.9816601384769786
2856,10,229.34976501464843,200.0,0.7065378367900849,A_mag_regional,1.5798922646238613,0.9551429629325867,B_rad_ThK,1.5490092581905284,0.9463353157043457,A_eq_density,1.5476867593231278,0.9469138085842133
2859,13,238.71353032038763,200.0,0.7020941835183364,B_scarp_p900,1.644310390024522,0.973683251784398,B_spring_dist,1.63733632879746,0.9720865167104281,A_eq_density,1.5973940765901486,0.9612762973858759
2860,6,267.80652872721356,200.0,0.6971320311228434,B_spring_dist,1.7045451290499787,0.9914715985457102,B_scarp_fine,1.6778438900702153,0.9834215144316355,A_strain_dilate,1.672375468454535,0.9821698665618896
2861,57,435.8835023578845,200.0,0.7105145904055813,A_eq_density,1.601619842498016,0.9624972949948227,A_strain_dilate,1.494545055680472,0.9308636533586603,B_elev,1.3461248587451842,0.8875472221458167
2867,25,356.003232421875,200.0,0.6956229019165039,B_spring_dist,1.7186953839878791,0.995552966594696,A_tmi_up150_regional,1.6840580968626633,0.9857378721237182,A_mag_anom,1.683501368261191,0.9853168773651123
2871,57,304.73094096936677,200.0,0.712514130692733,A_eq_density,1.5940531211971822,0.9603109579337271,B_spring_dist,1.5199700967200191,0.9382344913064388,A_strain_dilate,1.5129117740627622,0.9361626725447806
2875,7,232.8651864188058,200.0,0.6928765433175224,A_mag_step900,1.6798859917314322,0.9842497365815299,A_mag_step300,1.6759497789969169,0.9831126076834542,A_tmi_vg_abs,1.6631446081403678,0.9794317824499947
2876,4,1348.209716796875,1300.0,0.6866456717252731,A_rtp,1.7227501818370012,0.9963295757770538,A_mag_residual,1.722496418820363,0.9963915795087814,A_tmi_vg_abs,1.7106146320012996,0.9931154400110245
2878,12,216.73972447713217,200.0,0.7707840700944265,A_eq_density,1.5930750754655933,0.9600283602873484,A_tmi_vg_abs,1.5719901297149095,0.9531556914250056,A_strain_dilate,1.521331286335625,0.9385918031136194
2880,7,982.957763671875,854.400390625,0.6915217212268284,A_rtp,1.7220741878315524,0.996134843145098,A_mag_residual,1.7217896502288603,0.9961879083088466,A_tmi_up150,1.7180470430827306,0.9949465394020081
2885,8,205.9016990661621,200.0,0.7405164018273354,A_tmi_up150_gradmag,1.7243888833171122,0.9946414902806282,A_mag_step300,1.7203321181165432,0.995905265212059,A_mag_gradmag,1.7194710790787648,0.9956780225038528
2886,14,743.6142185756138,583.09521484375,0.6832982003688812,A_mag_step900,1.7021269520924664,0.9906604332583291,A_mag_step300,1.6527728304636544,0.9764321403844016,A_rtp,1.6167231402492765,0.9657865166664124
2888,4,200.0,200.0,0.7427116632461548,A_eq_density,1.5925061030246195,0.9598639607429504,A_tmi_vg_abs,1.5705365726413043,0.9527366906404495,A_strain_dilate,1.5121935797275723,0.9359554648399353
2890,15,358.0215545654297,200.0,0.6728372176488241,B_spring_dist,1.7060615448066003,0.9919089794158935,A_strain_dilate,1.6626251886852832,0.9793567935625712,A_cond_surf,1.6156899886240068,0.9662694931030273
2893,6,753.8583475748698,700.0,0.6718301077683767,B_spring_dist,1.7180383712933631,0.9953634639581045,A_tmi_up150_regional,1.6755016416396695,0.9832692046960195,A_strain_dilate,1.6556678915979897,0.9773495296637217
2894,46,519.2983896006708,200.0,0.7008815718733746,B_spring_dist,1.7123486424262553,0.9937223714330922,A_strain_dilate,1.65596349214147,0.9774348139762878,A_tmi_up150_regional,1.6429420990264982,0.97387528160344
2895,8,762.9710998535156,608.2762451171875,0.6708920896053314,B_spring_dist,1.711479338090742,0.9934716373682022,A_strain_dilate,1.6561830233196988,0.9774981513619423,B_line_resp,1.6351725128704409,0.9712357744574547
2896,7,823.3377685546875,670.8203735351562,0.7183260747364589,B_spring_dist,1.713767095905978,0.9941314969744001,B_scarp_p300,1.709139829088251,0.9924654960632324,B_scarp_fine,1.697053019728899,0.9889555062566485
2900,8,319.25659561157227,200.0,0.7053069844841957,B_spring_dist,1.7112105361235357,0.9933941066265106,A_tmi_up150_regional,1.6858553714260414,0.9862564131617546,B_scarp_p300,1.6471674276981876,0.9746105149388313
2901,11,1292.7930908203125,1140.1754150390625,0.6740597053007646,A_rtp,1.7330157005153015,0.9992867491462014,A_mag_residual,1.7324110401310748,0.9992486997084185,A_tmi_hg_abs,1.7220519396363196,0.9964361082423817
2903,11,374.40661066228694,200.0,0.6937335946343162,A_tmi_up150_regional,1.7193192892464473,0.995911262252114,A_mag_anom,1.7187808175699466,0.9954883022741838,B_spring_dist,1.68559300838191,0.9860052249648354
2906,6,354.48044840494794,200.0,0.683771421511968,B_rad_ThK,1.7145828102820704,0.9940404693285624,B_scarp_p900,1.6608876198195426,0.9784580866495768,A_eq_density,1.6325825771731246,0.9714437027772268
2909,11,258.10359608043325,200.0,0.6891029693863608,B_lidar_upface_max,1.5477460129324105,0.9344611818140204,B_lidar_lapneg_max,1.4914619992848557,0.922743862325495,B_lidar_downface_max,1.4513994315244232,0.9067880348725752
2911,7,225.32427106584822,200.0,0.6794032965387616,B_spring_dist,1.7008695315949554,0.9904114433697292,A_strain_dilate,1.6582043208491106,0.9780813200133187,A_tmi_up150_regional,1.6289233739401823,0.9698306662695748
2912,19,627.7415723298725,200.0,0.7127081877306888,A_mag_step900,1.693290366330722,0.9881133907719662,A_mag_step300,1.6529368841170338,0.976479426810616,B_scarp_p900,1.6512079720235138,0.9756700020087393
2914,7,358.465809413365,200.0,0.6742539916719709,B_scarp_fine,1.6078466930933877,0.9632558992930821,A_tmi_up150_gradmag,1.5660072352432544,0.9492529290063041,B_scarp_p300,1.5436248412245162,0.9447786722864423
2916,7,269.19666835239957,223.60679626464844,0.669659001486642,A_tmi_up150_gradmag,1.6892733006512677,0.9845781666891915,A_tmi_hg_abs,1.6694251504606363,0.9812660898481097,A_mag_step300,1.6470050292153038,0.9747696433748517
2917,7,242.06102643694197,200.0,0.6894971302577427,A_rtp,1.52335858267009,0.9388911213193621,A_tmi,1.4881163620537958,0.9287867375782558,A_mag_residual,1.4863793093065067,0.9283491458211627
2918,5,291.92511596679685,200.0,0.666566276550293,B_scarp_fine,1.6766633560443003,0.9830814123153686,A_strain_dilate,1.6765924090533069,0.983386504650116,B_scarp_p300,1.6522249619502472,0.9760676503181458
2921,4,226.61237716674805,200.0,0.6756896376609802,B_scarp_p300,1.6929784990660617,0.9878092259168625,A_strain_dilate,1.681027181600625,0.9846659898757935,B_scarp_fine,1.6666229237744947,0.9801888465881348
2923,100,304.8388609313965,200.0,0.7337653470039368,B_spring_dist,1.5330589909637615,0.9420097303390503,A_rtp,1.4505147151357125,0.9179070919752121,A_tmi,1.4324930412902237,0.9127594441175461
2931,7,322.84483337402344,200.0,0.6702849609511239,B_scarp_p300,1.6137445378435513,0.9649809854371207,B_scarp_fine,1.5562860023027356,0.948401689529419,B_rad_Knorm,1.5125986464421661,0.9358195151601519
2935,5,320.60468139648435,282.84271240234375,0.6667902112007141,A_tmi_up150_gradmag,1.6447428820913,0.9718167662620545,A_mag_step300,1.643900024299672,0.9738746643066406,A_mag_gradmag,1.631642379850573,0.9703615784645081
2937,9,236.56964111328125,200.0,0.7275645600424873,B_spring_dist,1.551366651576976,0.9472902218500773,B_rad_Knorm,1.547929386347815,0.9459925889968872,A_tmi,1.5325014604558804,0.9415758517053392
2938,4,205.9016990661621,200.0,0.6766000837087631,B_lidar_step_max,1.6330256727497037,0.9624998867511749,B_spring_dist,1.5260033975743452,0.9399746805429459,B_lidar_downface_max,1.5209916874752167,0.9263297319412231
2941,204,395.1527910419539,200.0,0.728634623335857,A_eq_density,1.5550591927328479,0.949044007881015,A_strain_dilate,1.5161746432654466,0.937104049558733,A_tmi_up150_regional,1.4845525955838421,0.9281775016410678
2942,17,1626.300479664522,1456.02197265625,0.7004542771507712,A_strain_dilate,1.6606113668666056,0.9787757817436668,A_eq_density,1.6468582535263063,0.9755685329437256,B_scarp_fine,1.6438060818345013,0.9736155026099261
2948,16,1229.132553100586,1063.0145263671875,0.669064074754715,A_eq_density,1.5121215551986036,0.9366375580430031,A_strain_dilate,1.5009608580679354,0.9327146895229816,B_rad_Knorm,1.4695829325421412,0.923433642834425
2950,8,281.2309169769287,200.0,0.662470243871212,A_tmi,1.597754832906593,0.9603779464960098,A_tmi_up150,1.5966691517906053,0.9599870666861534,B_spring_dist,1.5587728526939253,0.9494263976812363
2952,15,1432.851611328125,1118.033935546875,0.6809264938036601,A_strain_dilate,1.681027181600625,0.9846659898757935,A_eq_density,1.6649767509737587,0.9808037122090657,B_scarp_p900,1.6189389805973737,0.9663753787676493
2956,8,1120.3207092285156,1000.0,0.7114860042929649,A_tmi_up150_regional,1.714449760942173,0.9945063292980194,A_eq_density,1.6516364926121136,0.9769491627812386,B_scarp_p300,1.6489636654746338,0.9751280322670937
2961,31,1863.2193564138104,1552.41748046875,0.7013533038477744,B_scarp_p300,1.6782438519570566,0.9835639999758813,A_strain_dilate,1.6711231466751055,0.9818085566643746,A_eq_density,1.6646025491077103,0.9806955898961713
2962,42,566.3883957635788,400.0,0.6927156448364258,A_tmi,1.4806332060999932,0.9266305423918224,A_tmi_up150,1.4776875474405968,0.925717776729947,A_mag_residual,1.4617388757907563,0.9212484530040196
2964,51,277.43799755620023,200.0,0.7149953246116638,A_tmi_up150_regional,1.7182121172549116,0.9955918262986576,B_scarp_p900,1.7089808446839565,0.9923106548832912,A_eq_density,1.6631688709894932,0.980281341309641
2968,23,238.52459849481997,200.0,0.7130563751510952,A_tmi_up150_gradmag,1.4569645322440505,0.9180037819820902,A_tmi_hg_abs,1.4239436512594714,0.9105044318282086,A_mag_gradmag,1.3520355442333267,0.889765476403029
2969,22,236.94995533336294,200.0,0.7001876045357097,A_tmi_up150_gradmag,1.6500078217020737,0.9733255776492032,A_tmi_hg_abs,1.6262833590801387,0.9688301845030352,A_mag_gradmag,1.57483928765934,0.9539882025935433
2973,22,2175.541248668324,1843.908935546875,0.6763311407782815,A_eq_density,1.609425305996573,0.9647526144981384,A_tmi_up150_regional,1.5846449072198399,0.9570556553927335,A_strain_dilate,1.5753259583174983,0.9541699154810472
2976,6,249.84507751464844,200.0,0.6962480445702871,B_scarp_fine,1.6613821786229097,0.9786790311336517,B_scarp_p300,1.6502391253200697,0.9754955073197683,B_spring_dist,1.6471133302274195,0.9749065041542053
2977,9,234.04994540744357,200.0,0.6966803736156888,A_tmi,1.6163505889950285,0.9657361242506239,A_tmi_up150,1.6150309540845162,0.9652756651242574,A_mag_residual,1.5824986656759379,0.9560480912526449
2978,7,1820.8250034877233,1612.4515380859375,0.6769050359725952,B_scarp_fine,1.6940662884362565,0.988095053604671,B_scarp_p300,1.6796098603248337,0.9839575631277901,B_scarp_p900,1.6709480054987007,0.9813558374132428
2980,5,1701.30361328125,1612.4515380859375,0.6663530826568603,A_eq_density,1.6068390926329286,0.9640053510665894,A_tmi_up150_regional,1.5759347714556127,0.9545426487922668,A_strain_dilate,1.575921613680663,0.9543417692184448
2987,8,1466.2424621582031,1303.8404541015625,0.6981728672981262,A_mag_step900,1.6692598971591623,0.9811868891119957,B_scarp_p900,1.6549838365910923,0.9767575860023499,A_tmi_vg_abs,1.6436328951952774,0.9738073572516441
2991,44,1218.3418301669035,900.0,0.7137152308767493,A_eq_density,1.675438844212988,0.9838266413320195,A_tmi_up150_regional,1.6713380316543702,0.9820679399100217,B_scarp_p900,1.6712538424900394,0.981443929401311
2994,57,2851.1506047834428,2549.509765625,0.7194584158428928,B_scarp_p900,1.6794002540450872,0.9837903871870878,A_tmi_up150_regional,1.6649080809949404,0.9802128013811613,A_eq_density,1.626240953165021,0.9696113467216492
2996,22,2599.485018643466,2308.67919921875,0.689039796590805,A_tmi_up150_regional,1.6568381229983768,0.9778844958001917,A_eq_density,1.626240953165021,0.9696113467216492,A_tmi_up150_gradmag,1.5817369005791007,0.9537606916644357
3001,5,242.57980346679688,200.0,0.7059786200523377,A_tmi_up150_regional,1.5818583138983853,0.9562516808509827,A_eq_density,1.5810204854397913,0.9565452933311462,B_st_ori_y,1.576896091228017,0.9544152975082397
3004,4,342.9840393066406,282.84271240234375,0.7053299993276596,A_strain_dilate,1.7283802710850902,0.9983279258012772,A_grav_residual,1.7260900658457918,0.9974621832370758,B_rad_UK,1.7061121679877924,0.992130309343338
3005,10,259.8429183959961,200.0,0.7500736474990845,B_scarp_p900,1.7115795544473598,0.9930591762065888,A_mag_anom,1.6874177738598857,0.9864460170269013,A_tmi_up150_regional,1.6837042684558898,0.9856357872486115
3006,6,257.93387603759766,200.0,0.7127374410629272,A_grav_residual,1.7340669742426704,0.9997614324092865,B_st_anisotropy,1.728502630762713,0.9980304638544718,A_strain_dilate,1.728475252343004,0.9983553290367126
3007,11,385.03088933771306,282.84271240234375,0.6592579592357982,B_st_ori_y,1.6039900699199627,0.9622227928855203,A_tmi_up150_regional,1.5993812874475506,0.961307325146415,A_eq_density,1.5810204854397913,0.9565452933311462
3008,4,443.6921691894531,360.55511474609375,0.6600834876298904,A_strain_dilate,1.728475252343004,0.9983553290367126,A_grav_residual,1.718013433169603,0.9951341897249222,B_rad_U,1.7171398113415028,0.9949180483818054
3012,33,302.533403338808,200.0,0.7638164975426414,A_strain_dilate,1.7286010551263202,0.9983916246529781,B_scarp_p900,1.7200458004152894,0.9954977577382867,B_rad_U,1.7171398113415028,0.9949180483818054
3013,9,1324.0475667317708,1118.033935546875,0.6723216043578254,A_eq_density,1.682853430263145,0.9859690202607049,A_tmi_up150_regional,1.646903237945623,0.975018130408393,A_strain_dilate,1.645122923252918,0.9743071794509888
3014,5,226.01126098632812,200.0,0.7023622393608093,A_grav_residual,1.7328664986414675,0.9994154095649719,A_strain_dilate,1.728475252343004,0.9983553290367126,B_st_anisotropy,1.7250368634699258,0.997031855583191
3017,12,343.2370351155599,223.60679626464844,0.687815194328626,B_scarp_p900,1.7176591012674447,0.9948103030522665,A_mag_anom,1.7152059010735987,0.9944576174020767,A_tmi_up150_regional,1.693113627738605,0.988350530465444
3018,54,2885.8884186921296,2594.224365234375,0.753045771960859,A_tmi_up150_regional,1.6896102116408644,0.9873397416538663,B_scarp_p300,1.684970760301107,0.9855021017569082,B_scarp_p900,1.6798573175345344,0.9839220378133986
3025,32,247.35141801834106,200.0,0.7070539109408855,A_tmi_up150_regional,1.6323684255183537,0.9708246160298586,A_tmi_up150_gradmag,1.5920722507502618,0.956722566857934,A_eq_density,1.5798645205759334,0.9562112875282764
3026,12,1161.8856353759766,989.9495239257812,0.6919222871462504,B_elev,1.6064834460861417,0.9624905089537302,A_eq_density,1.5584488271454147,0.9500234127044678,A_tmi_up150_regional,1.5548987220100055,0.9484734286864599
3027,18,311.0474785698785,200.0,0.6923333273993598,A_tmi_up150_regional,1.6445458969011375,0.974338001675076,A_eq_density,1.5810204854397913,0.9565452933311462,B_elev,1.5161551198675451,0.9364898237917159
3028,9,228.90140109592014,200.0,0.741149365901947,B_elev,1.623947687424005,0.967517528269026,A_tmi_up150_regional,1.6058434372529349,0.9631717536184523,B_az_deriv_135,1.5899458185120783,0.9581580559412638
3029,53,358.9778358891325,200.0,0.762778398000969,A_strain_dilate,1.7305250591178234,0.9989467229483262,B_st_anisotropy,1.7236169375803838,0.9966227254777584,B_rad_UK,1.715883189009536,0.9949501752853394
3030,18,254.02620866563586,200.0,0.684646361403995,B_scarp_p300,1.3876193126050071,0.8998316360844506,B_scarp_fine,1.3516250703152646,0.8894405629899766,B_lidar_step_max,1.300595023154824,0.8684628009796143
3031,35,2047.1533168247768,1552.41748046875,0.7024086662701198,B_scarp_p900,1.700204299595767,0.9897826961108617,A_eq_density,1.6897861831879073,0.9879721777779715,B_scarp_p300,1.6658402891355226,0.9799903869628906
3033,92,623.4574389250382,282.84271240234375,0.7207732271888981,B_scarp_p900,1.7292246228897448,0.9981415867805481,A_mag_anom,1.723458576994822,0.9968369480060495,A_tmi,1.7204162803325977,0.9957215934991837
3037,5,418.31138916015624,360.55511474609375,0.677880334854126,A_eq_density,1.6722822347192323,0.9829145669937134,A_tmi_up150_regional,1.6618232032836018,0.9793227672576904,B_scarp_fine,1.6580096094813026,0.9777074217796325
3039,6,850.5025227864584,781.0249633789062,0.6831135253111521,B_scarp_p300,1.6655953636067538,0.979919821023941,B_scarp_fine,1.6329003012958623,0.9704736371835073,B_elev,1.616485803521948,0.9653696517149607
3043,10,217.72698974609375,200.0,0.6905022442340851,A_tmi_up150_gradmag,1.6456627303842755,0.9720803737640381,A_tmi_up150_regional,1.628149324681634,0.9696073412895203,A_tmi_hg_abs,1.621550832979184,0.967466002702713
3047,4,318.9633331298828,282.84271240234375,0.6583470404148102,B_rad_TC_grad,1.6165672534404805,0.9659656882286072,B_band6_grad,1.6065857875764058,0.9630560576915741,B_scarp_p900,1.3615782641681373,0.8922462910413742
3048,20,299.74482650756835,200.0,0.7024253010749817,A_mag_anom,1.4113606535992023,0.9068559348583222,B_lidar_ex_mean,1.377990536783628,0.890219259262085,B_lidar_lapneg_max,1.3021975829050798,0.8691190987825393
3049,32,343.2874479293823,200.0,0.706840768456459,A_mag_step900,1.6766312824767455,0.9833116047084332,A_tmi_up150_regional,1.6618989627859193,0.9793446250259876,A_mag_step300,1.637774948657446,0.9721091873943806
3052,4,232.51407623291016,200.0,0.6644906401634216,A_tmi_vg_abs,1.70819878003068,0.9924190491437912,A_mag_step900,1.6776412551524975,0.9836027175188065,A_mag_step300,1.6507212817163475,0.9758408069610596
3054,27,281.517667417173,200.0,0.7016570104493035,B_lidar_ex_mean,1.2596986813219573,0.8567840368659408,B_lidar_lapneg_max,1.2264730844824452,0.8476638860172696,B_lidar_ex_max,1.2113584059172988,0.8426167280585678
3056,4,226.61237716674805,200.0,0.7402270138263702,A_tmi_up150_regional,1.6792361182943334,0.9843466579914093,A_rtp,1.6489712496108828,0.9750761836767197,A_mag_residual,1.6315813215340451,0.9701923578977585
3057,7,368.1118382045201,300.0,0.6963114227567401,A_tmi_up150_regional,1.6851520434317826,0.9860534923417228,A_rtp,1.6772565493641667,0.9832242897578648,A_mag_residual,1.669638273112021,0.9811593208994184
3058,7,304.99826267787387,200.0,0.7005488191332135,B_scarp_p900,1.71271370245961,0.9933858513832092,A_tmi_up150,1.7074698209658015,0.9919000693729946,A_tmi,1.7025881050861824,0.9905845863478524
3059,8,322.9040470123291,200.0,0.6724597662687302,B_lidar_lappos_max,1.46147203757691,0.913614995777607,B_lidar_upface_max,1.4298448909642012,0.9013088569045067,B_lidar_ex_max,1.4248470638508974,0.9028768241405487
3061,67,380.24993919258685,200.0,0.7420771157563623,A_eq_density,1.6655981346467108,0.9809832555144581,A_tmi_up150_regional,1.6583805578986763,0.9783295117207428,B_scarp_p900,1.6464325984797132,0.974294523694622
3066,16,287.4261779785156,200.0,0.7013170532882214,A_tmi,1.6901029298018624,0.9869871102273464,A_tmi_up150,1.6897817525706478,0.9868055209517479,A_tmi_up150_regional,1.6842800117507617,0.9858018979430199
3068,5,230.7326202392578,200.0,0.7099941968917847,A_strain_dilate,1.7304024783627425,0.9989113569259643,B_rad_UK,1.6678994302601877,0.9811023116111756,A_eq_density,1.6456985110416285,0.9752334356307983
3072,16,238.51093196868896,200.0,0.7337548844516277,A_tmi_up150,1.700999293752997,0.99003641679883,A_tmi,1.6979181449277645,0.9892389848828316,A_mag_anom,1.6908250806564393,0.9874283783137798
3076,13,834.5015211838943,500.0,0.6954049513890193,A_eq_density,1.705071785085433,0.9923888169802152,A_strain_dilate,1.6591768439317724,0.9783619046211243,A_strain_regional,1.593416271755746,0.959470441708198
3078,7,231.94382803780692,200.0,0.6826075996671405,B_elev,1.501584321011908,0.9322956715311322,A_mag_anom,1.4829410442431572,0.927493291241782,A_grav_hg_abs,1.4386571491273397,0.9146026543208531
3086,9,447.83208550347223,300.0,0.6687000128957961,B_spring_dist,1.6764204194608234,0.9833595686488681,A_tmi_vg_abs,1.6090298791257942,0.9638327293925815,A_mag_step300,1.2106957741913593,0.8490089244312711
3090,7,952.5519409179688,806.2257690429688,0.6606077040944781,B_spring_dist,1.6690913985871023,0.9812456539699009,A_mag_step300,1.4248046621726578,0.9107231497764587,A_tmi_up150_gradmag,1.416719359219143,0.9064704350062779
3091,51,373.1490203259038,200.0,0.7284068698976555,A_strain_dilate,1.731889234558706,0.9993403039726556,B_paleo_geotherm_dist,1.6964236871016987,0.9885070405754388,A_eq_density,1.644893908901595,0.9750009529730853
3092,39,1313.2578923152043,921.9544677734375,0.702996932543241,A_eq_density,1.7088881745367526,0.9934915288900718,A_strain_dilate,1.6470150686752076,0.9748530861658927,A_strain_regional,1.619398775091326,0.9669564121808761
3094,8,648.2760467529297,412.3105773925781,0.6603003814816475,B_scarp_p900,1.613267238626397,0.9647417142987251,A_eq_density,1.5809101221830673,0.9565134048461914,A_strain_dilate,1.3595851938475103,0.891926109790802
3095,63,515.1410447378007,200.0,0.7167605842862811,A_grav_slope_abs,1.6030025747596912,0.961901291022225,A_grav_gradmag,1.586136076215713,0.9570779819337148,A_grav_step300,1.5455154111238838,0.9453496743762304
3096,8,202.95084953308105,200.0,0.7843344807624817,A_strain_dilate,1.7317915650564446,0.999312125146389,B_st_anisotropy,1.7290414245771564,0.9981857091188431,A_grav_step300,1.6974062141782995,0.9891187995672226
3097,5,276.64647521972654,200.0,0.6729233145713807,A_eq_density,1.6707856264434693,0.9824821352958679,B_rad_Thnorm,1.652694731784618,0.9760126233100891,A_tmi_up150_regional,1.621748970209415,0.9677607417106628
3098,30,257.3066106160482,200.0,0.7124374429384868,A_mag_anom,1.7209349425584846,0.9961093584696452,A_tmi_up150,1.6963526597831282,0.9886980851491293,B_scarp_p900,1.6938193750274932,0.9879436095555624
3104,6,1723.4725545247395,1612.4515380859375,0.660467525323232,A_eq_density,1.7101139339784004,0.9938457012176514,A_strain_dilate,1.6402767270860381,0.9729089935620626,A_strain_regional,1.632617392945334,0.9707649052143097
3107,9,222.3196326361762,200.0,0.7296305563714769,A_strain_dilate,1.7311214596854116,0.999118791686164,B_paleo_geotherm_dist,1.728196825455968,0.997655537393358,A_eq_density,1.6572828939999193,0.9785806404219733
3112,20,236.52229843139648,200.0,0.6970898151397705,A_grav_vg_abs,1.6845363366304213,0.9854764372110367,A_grav_slope_abs,1.6187817871517525,0.9664482146501541,A_grav_residual,1.61423429952383,0.9652210861444473
3114,19,217.394481458162,200.0,0.751306486757178,A_eq_density,1.5793294793173343,0.9560566920983163,B_scarp_p900,1.553354314573024,0.9474846501099435,B_scarp_p300,1.4675882341086228,0.9228716273056833
3115,56,304.3608774457659,200.0,0.7400820968406541,A_strain_dilate,1.7314272341278423,0.9992070112909589,B_paleo_geotherm_dist,1.7188387611858114,0.9949610531330109,A_eq_density,1.6557684141129654,0.9781430448804583
3122,19,353.7343268143503,200.0,0.701500886364987,A_eq_density,1.7171683120909111,0.9958840012550354,A_strain_regional,1.6490534025526151,0.9755003797380548,A_strain_dilate,1.643567275896548,0.9738583564758301
3128,21,350.93345932733445,200.0,0.6760429512886774,A_eq_density,1.7123944111602665,0.9945046248890105,A_strain_regional,1.653727834572702,0.9768471575918651,A_strain_2ndinv,1.6453181446896796,0.9739238335972741
3132,19,663.9317715293482,223.60679626464844,0.7071879631594608,A_strain_dilate,1.7325579703787193,0.9995332423009371,B_st_anisotropy,1.7266012410055351,0.997482607239171,B_paleo_geotherm_dist,1.6826757483326304,0.9845485718626725
3134,18,314.1074261135525,200.0,0.6863571604092916,A_eq_density,1.7181594612350213,0.9961703850163354,A_strain_regional,1.6595998681068855,0.9785389833980136,A_strain_2ndinv,1.6475956754030943,0.9745790362358093
3136,10,260.6449508666992,200.0,0.6921064913272857,A_strain_dilate,1.7322292587324593,0.9994384050369263,B_paleo_geotherm_dist,1.6853238041820389,0.9853110313415527,A_eq_density,1.6463866001614953,0.9754322528839111
3140,46,294.6821182914402,200.0,0.7144957120003907,A_depth_base,1.599098533458113,0.9607470514981643,A_grav_slope_abs,1.5049336229516805,0.9336418302162833,A_grav_step300,1.5017894301923382,0.9327495175859203
3142,20,232.8469497680664,200.0,0.6972102999687195,A_depth_base,1.6467344279499136,0.9744700849056244,B_rad_K_residual,1.4970867825945156,0.9314513266086578,A_grav_hg_abs,1.354335255801135,0.8903008013963699
3153,10,257.54108276367185,200.0,0.6618911564350128,A_depth_base,1.5589138751238374,0.949170583486557,A_grav_step300,1.4080246759905926,0.9057300984859467,A_grav_gradmag,1.3950011285981727,0.901995313167572
3154,9,235.95631069607205,200.0,0.6853980355792575,A_depth_base,1.6543569231397208,0.9766659869088067,A_cond_surf,1.3334348029601646,0.8847799897193909,A_eq_density,1.246029609079729,0.8597526484065585
3156,20,302.72636260986326,200.0,0.6936408817768097,A_mag_residual,1.639808491473586,0.9725632011890412,A_eq_density,1.6278419733331035,0.9700739473104477,A_rtp,1.614878319073996,0.965255081653595
3159,5,214.16407775878906,200.0,0.704082977771759,A_depth_base,1.6105395410454493,0.9640429973602295,A_cond_surf,1.3334348029601646,0.8847799897193909,A_eq_density,1.2314840023079672,0.8555498242378234
3162,26,380.31715040940503,200.0,0.6905405681866866,A_eq_density,1.6166748311013472,0.96684730052948,A_mag_residual,1.283866212797078,0.8699904611477485,A_mag_anom,1.214972493273508,0.8502352260626279
3163,13,276.1773916391226,200.0,0.671941550878378,A_eq_density,1.6157219304644617,0.9665719683353717,A_mag_residual,1.253359278522528,0.8611992047383235,A_grav_residual,1.168188496642881,0.8366536773168124
3164,10,278.36220397949216,200.0,0.7337086498737335,A_eq_density,1.691585304665072,0.9884920179843902,B_scarp_p300,1.645799530308748,0.9742164075374603,B_scarp_fine,1.6371788138723897,0.9717062413692474
3167,16,424.2840414047241,223.60679626464844,0.6810900382697582,B_rad_TC_grad,1.7003690790016275,0.9901285395026207,B_band6_grad,1.698931536649133,0.9896716475486755,A_tmi,1.6521362968537576,0.9760474115610123
3169,35,350.5263501848493,200.0,0.7182164021900722,A_depth_base,1.5460085012808131,0.9454527803829738,A_grav_vg_abs,1.3579612172931121,0.8913526518004281,A_cond_surf,1.3334788599456102,0.884792709350586
3174,5,1709.8618896484375,1612.4515380859375,0.6949583411216735,A_eq_density,1.6883705158256073,0.9875631332397461,B_rad_Unorm,1.6424794518225334,0.973159921169281,A_mag_step900,1.5911397223467636,0.9586696624755859
3175,13,913.047865647536,721.1102294921875,0.6660836980893061,A_eq_density,1.6205740736585055,0.967973952109997,B_scarp_p300,1.4945182785763433,0.9306304913300735,B_scarp_fine,1.4814882516752599,0.9268530744772691
3179,32,312.6857109069824,200.0,0.7442642524838448,A_eq_density,1.691982765814834,0.9886068608611822,B_scarp_p900,1.6118605664268788,0.9643365424126387,B_lidar_ex_mean,1.5775957078455871,0.9466377105563879
3183,5,276.64647521972654,200.0,0.6683237791061402,A_grav_slope_abs,1.4346550980364674,0.9133904337882995,A_grav_vg_abs,1.4331509975817558,0.9130234599113465,A_grav_step900,1.3707203040210982,0.895010483264923
3185,52,286.0786866408128,200.0,0.7771409302949905,A_depth_base,1.4447684383710069,0.916287362575531,A_grav_vg_abs,1.4327316595819648,0.91290260049013,A_cond_surf,1.3582911087459568,0.8919562193063589
3191,37,370.76121685955974,200.0,0.7172936539392214,A_strain_dilate,1.734016586487084,0.9999540705938597,A_grav_step900,1.7099323410785197,0.9927681281759932,A_strain_2ndinv,1.696499696255364,0.9886478008450689
3193,11,1399.7379261363637,1208.3045654296875,0.7064318873665549,B_scarp_p900,1.698862008147235,0.9893960681828585,A_eq_density,1.6952013356741575,0.9895368380980059,B_rad_Unorm,1.635777249246757,0.9712291901761835
3195,55,387.8865023526278,200.0,0.7095503330230712,A_eq_density,1.6951918277436289,0.9895340908657421,A_strain_dilate,1.4050961859490816,0.9050565784627741,B_lidar_upface_max,1.3721388164062023,0.885082628510215
3198,21,279.07153683617,200.0,0.740266604082925,A_eq_density,1.693167933412825,0.9889493045352754,A_strain_dilate,1.405905737524764,0.9052901438304356,B_rad_UTh,1.276418322765143,0.8679322884196327
3201,75,325.3630696614583,200.0,0.7097141138712565,A_depth_base,1.4470142555411603,0.9169343415896097,A_cond_surf,1.3888119424705052,0.9007678469022115,A_eq_density,1.2548466069022348,0.8623002417882284
3202,5,1483.12373046875,1431.7821044921875,0.6850804209709167,B_scarp_p900,1.7088330112151824,0.9922680735588074,A_eq_density,1.6962895642687432,0.9898512721061706,A_mag_residual,1.5483202288452362,0.9461988091468811
3204,27,273.0815746166088,200.0,0.7062949339548746,A_eq_density,1.6513947449352546,0.9768793119324578,B_scarp_p900,1.588561801262216,0.9576256650465506,A_cond_surf,1.5571980054086623,0.9493823537120113
3207,45,1438.1189046223958,1077.032958984375,0.7240606162283155,A_eq_density,1.7009084694109995,0.9911858638127645,B_scarp_p900,1.6941963735955605,0.9880521986219618,B_scarp_p300,1.6118636824323855,0.9644390887684292
3211,4,748.8917083740234,632.4555053710938,0.6547476947307587,A_eq_density,1.6620534689706763,0.9799590557813644,A_cond_surf,1.531137325131817,0.9418584108352661,A_tmi_up150_regional,1.3782740903424524,0.8975145369768143
3212,25,349.6283435058594,200.0,0.7069734334945679,A_eq_density,1.65760402884389,0.9786734294891357,A_cond_surf,1.5701246191715836,0.9531143784523011,B_scarp_p900,1.5422341571889988,0.9442816472053528
3219,45,297.67755805121527,200.0,0.7515751163164774,A_grav_slope_abs,1.5091936991368142,0.9348694099320306,A_grav_step300,1.4956580165174034,0.9309826784663731,A_grav_gradmag,1.4841690542116686,0.927692378891839
3223,9,332.0502404106988,223.60679626464844,0.6676689121458266,A_eq_density,1.7009337051214153,0.991193155447642,A_strain_dilate,1.4038525545369451,0.9046977758407593,B_lidar_lapneg_max,1.3982469193518443,0.8963329990704855
3226,22,270.54038030450994,200.0,0.7146886803887107,A_eq_density,1.5884250723267612,0.9586847830902446,A_cond_surf,1.4641938393302771,0.9225312498482791,B_lidar_ex_mean,1.3774398621644586,0.890063610943881
3227,16,297.83961296081543,200.0,0.666588768362999,A_eq_density,1.5380971721744963,0.9441429823637009,A_cond_surf,1.3887552230587525,0.9007514715194702,B_lidar_step_max,1.2764680864604927,0.8616378381848335
3228,6,547.4259948730469,412.3105773925781,0.6635442773501078,A_grav_vg_abs,1.472151609391966,0.9242640137672424,A_cond_surf,1.3887552230587525,0.9007514715194702,A_eq_density,1.3653764578218617,0.8942368626594543
3229,9,223.65544637044272,200.0,0.7707559532589383,A_eq_density,1.7009640979933605,0.9912019371986389,B_st_ori_y,1.5860887664018197,0.9570642908414205,A_strain_dilate,1.3967379412621437,0.902645124329461
3234,17,301.9121919519761,200.0,0.660040557384491,A_cond_surf,1.3887552230587525,0.9007514715194702,A_eq_density,1.3835962726624744,0.89950131668764,B_rad_Unorm,1.3286089070841902,0.8827419456313638
3238,4,272.6528549194336,223.60679626464844,0.6926783621311188,A_eq_density,1.7003551919316124,0.9910259991884232,B_st_ori_y,1.5390927950298263,0.9435217678546906,A_strain_dilate,1.3907394596297917,0.9009144902229309
3244,5,276.64647521972654,200.0,0.6703240156173706,A_cond_surf,1.3887552230587525,0.9007514715194702,A_eq_density,1.3653764578218617,0.8942368626594543,B_rad_Thnorm,1.3514676323518566,0.8892317533493042
3253,17,297.0121208639706,200.0,0.6945981067769668,A_eq_density,1.697400086803787,0.9901721477508545,A_grav_hg_abs,1.621652615699611,0.9673425625352299,B_st_ori_y,1.60398504706025,0.9622213454807506
3255,25,516.6055798339844,200.0,0.6640972208976745,A_cond_surf,1.3887552230587525,0.9007514715194702,A_eq_density,1.3646183715799916,0.8940178203582764,A_grav_hg_abs,1.2997702406835647,0.8745749807357788
3258,12,253.07462310791016,200.0,0.7271578212579092,A_eq_density,1.697400086803787,0.9901721477508545,A_grav_hg_abs,1.677526055201433,0.9834454754988352,B_rad_UK,1.6462534296397089,0.9748553882042567
3260,6,671.2611897786459,565.6854248046875,0.6635583738485972,B_scarp_fine,1.6987923880504487,0.9894566039244334,B_scarp_p300,1.6795677454166615,0.9839454293251038,A_eq_density,1.6628887744235548,0.9802004098892212
3263,50,553.1713916015625,200.0,0.6908470702171325,B_rad_Thnorm,1.386634187578032,0.8993629276752472,A_cond_surf,1.3294642693409209,0.8836336624622345,A_eq_density,1.3249160089307566,0.8825461745262146
3266,23,209.76015173870584,200.0,0.7340924713922583,B_st_coh_xgmag9,1.4787387916378618,0.9261241270148236,B_spring_dist,1.429570832788887,0.9121605676153431,B_st_ori_y,1.379859417093018,0.8976365224174832
3271,27,251.67414290816694,200.0,0.690421669571488,B_st_coherence,1.4667019824345304,0.9226784330827219,B_st_ori_y,1.4424242367445066,0.9156654190134119,B_spring_dist,1.4362486123319882,0.9140866442962929
3272,5,221.28990173339844,200.0,0.6703472852706909,B_st_coh_xgmag9,1.5131093953472343,0.9360293984413147,A_grav_hg_abs,1.4767330529234637,0.9255762577056885,B_spring_dist,1.4604680727390909,0.9210722804069519
3273,5,241.28990173339844,200.0,0.6671661376953125,A_grav_hg_abs,1.723911667688567,0.99681396484375,B_rad_UK,1.715883189009536,0.9949501752853394,A_grav_slope_abs,1.7065356182332376,0.9917352795600891
3274,32,339.064208984375,200.0,0.7222574111074209,B_spring_dist,1.4264416196983778,0.9112580064684153,A_grav_hg_abs,1.388506244807124,0.9001489952206612,B_st_coherence,1.354701270510736,0.8904004190117121
3279,8,225.80618858337402,200.0,0.7133944854140282,B_scarp_p900,1.7281652197571675,0.9978364408016205,A_grav_gradmag,1.7259202034775145,0.997361995279789,A_grav_hg_abs,1.7200586973242828,0.9957035258412361
3282,5,224.7213592529297,200.0,0.6717601656913758,B_spring_dist,1.5254162489375394,0.9398053288459778,B_st_coh_xgmag9,1.5022353765935812,0.9328956127166748,B_st_coherence,1.3762690009859966,0.8966161251068115
3284,8,552.8849716186523,400.0,0.6773408949375153,B_rad_Thnorm,1.6275017189756278,0.9687547385692596,B_spring_dist,1.4881681387080001,0.9290618300437927,A_mag_residual,1.4798465992808263,0.9264665991067886
3289,20,555.0412651062012,200.0,0.6751596838235855,B_rad_Thnorm,1.6183422052155838,0.9661159634590148,A_tmi,1.6044817387008194,0.9623162358999252,A_tmi_up150,1.6034215014310829,0.9619318902492523
3292,4,220.71067810058594,200.0,0.7122863531112671,B_scarp_p900,1.7298212678906244,0.9983134418725967,A_grav_gradmag,1.7224238350007743,0.9963543862104416,B_rad_U,1.7171398113415028,0.9949180483818054
3295,14,330.9649102347238,200.0,0.6729685493877956,B_rad_Thnorm,1.6608372439558652,0.9783584092344556,B_st_ori_y,1.573195203267709,0.9533488367285047,B_spring_dist,1.4277888593869916,0.91164659176554
3297,5,420.0,300.0,0.6820337772369385,B_rad_Thnorm,1.6707932091589406,0.981226634979248,B_scarp_p900,1.5956963718596175,0.9596806764602661,A_tmi,1.5564899881658698,0.9484879016876221
3306,10,4031.8659912109374,3757.658935546875,0.7069035112857819,B_scarp_p900,1.7145724743510178,0.9939212441444397,B_scarp_p300,1.692766788161538,0.9877482295036316,B_scarp_fine,1.667977132073391,0.9805789828300476
3313,13,1055.67038668119,781.0249633789062,0.6898231506347656,A_cond_surf,1.7195026154349278,0.9962410926818848,B_scarp_p900,1.7158921426693265,0.9943013558020959,A_eq_density,1.659715898232542,0.9792836354329035
3314,4,2159.3861694335938,2012.461181640625,0.6713848561048508,A_eq_density,1.673396130037916,0.9832364171743393,B_rad_UTh,1.6389720280657927,0.9724894762039185,A_grav_vg_abs,1.6087673494410017,0.9636386930942535
3315,5,680.2280883789062,608.2762451171875,0.6898951768875122,B_scarp_p900,1.71769648750294,0.9948210716247559,A_cond_surf,1.708624173595682,0.993100392818451,B_st_anisotropy,1.6653567197330152,0.9798359274864197
3316,5,280.0,200.0,0.6710251808166504,B_scarp_p300,1.6809077501763041,0.9843315005302429,A_mag_step300,1.6407370886446437,0.9729629874229431,B_scarp_fine,1.6343707361175135,0.9708972573280334
3318,20,526.1438842773438,200.0,0.6785915464162826,A_mag_step900,1.5281476703392187,0.94051294028759,A_mag_step300,1.4956502519590322,0.9311435103416443,A_mag_gradmag,1.4904389008960675,0.9296599626541138
3320,13,361.9838151198167,200.0,0.7068804364938003,B_scarp_p900,1.6845507563201352,0.9852739159877484,A_eq_density,1.6450053091911625,0.9750331410994897,B_scarp_p300,1.560878779167948,0.9497497356854953
3326,7,853.2322300502232,781.0249633789062,0.6831322738102504,A_eq_density,1.6498467254892255,0.9764320254325867,A_grav_hg_abs,1.628609359726379,0.9693475195339748,A_grav_slope_abs,1.6273854070093265,0.9689274259975978
3331,11,301.62717229669744,200.0,0.6920251575383273,A_tmi_hg_abs,1.7273702838222071,0.997969155961817,A_mag_step300,1.725075781854884,0.9972725673155352,A_tmi_up150_gradmag,1.723331634758164,0.9943385070020502
3335,81,1121.1896889769,781.0249633789062,0.6827235965081203,B_st_ori_y,1.3966433246279017,0.902473031738658,A_eq_density,1.344624544084306,0.8882407810952928,A_tmi_vg_abs,1.151343016855763,0.8319004111819797
3339,5,237.8584442138672,200.0,0.6588091731071473,A_eq_density,1.6467069630356868,0.9755248188972473,A_grav_hg_abs,1.6223163419485123,0.9675338506698609,A_grav_slope_abs,1.6045521989811944,0.9623478293418884
3343,7,649.0222778320312,538.5164794921875,0.6711117880684989,B_scarp_fine,1.5942931126726811,0.959351224558694,B_scarp_p900,1.5616495234005074,0.9498739668301174,B_scarp_p300,1.5583667436811144,0.9490259885787964
3350,22,325.6745556918058,200.0,0.6737958599220623,A_grav_gradmag,1.547740271147797,0.9460127976807681,A_grav_step900,1.5090323713059473,0.9348706901073456,A_grav_step300,1.4998117265316375,0.9321796189654957
3353,18,600.3873714870876,360.55511474609375,0.6858691341347165,B_lidar_lapneg_max,1.5818897093826794,0.9483649730682373,A_grav_gradmag,1.5484388626827905,0.9462141229046716,A_grav_residual,1.5431663964456876,0.9447366065449185
3354,43,440.74772608557413,200.0,0.6935974082281423,A_grav_slope_abs,1.6474429193254208,0.9747071806774583,A_grav_hg_abs,1.6468137539406205,0.9745940871016924,A_grav_gradmag,1.6286207226905998,0.9693215184433516
3356,40,631.2598155975342,200.0,0.679202738404274,B_lidar_ex_mean,1.5300114431083796,0.9331880062818527,B_lidar_ex_max,1.4948200406185808,0.922627654671669,B_lidar_lapneg_max,1.4256325819134807,0.9040922477841378
3358,4,247.32305526733398,200.0,0.6765786558389664,A_grav_hg_abs,1.6174432433617376,0.966129407286644,A_grav_slope_abs,1.604887620948637,0.9624444842338562,A_grav_step900,1.553903737346924,0.9478021860122681
3360,9,270.554204305013,200.0,0.6751691963937547,B_lidar_lapneg_max,1.6105195622980701,0.9564767413669162,B_lidar_upface_max,1.5936684776981433,0.9473740061124166,B_lidar_ex_max,1.5546502523541283,0.9395155509312948
3362,17,228.50565293255974,200.0,0.7171268743627212,B_spring_dist,1.7338974027061955,0.9999376956154319,A_strain_2ndinv,1.728119212805912,0.9977441395030302,A_strain_dilate,1.7226095710279006,0.9966630094191608
3363,93,351.20202210128946,200.0,0.7141863146135884,B_spring_dist,1.7336116822076413,0.9998552850497666,A_strain_2ndinv,1.7283113034545163,0.9977994003603535,A_strain_dilate,1.718927930695114,0.9956008118967856
3364,6,263.87206268310547,200.0,0.7329292396704356,B_spring_dist,1.7336404234346408,0.9998635749022166,A_grav_step300,1.7335168811493271,0.9995245138804117,A_grav_step900,1.7330303276518326,0.9994247456391653
3365,181,368.32927682781747,200.0,0.7265237480895954,B_spring_dist,1.7329893590614698,0.9996757879441615,A_strain_2ndinv,1.7279732602383666,0.9977021517015953,A_strain_dilate,1.708583806991401,0.9926164077790403
3366,226,436.8368346627835,200.0,0.7586242746462865,B_spring_dist,1.732574081769536,0.999556009220866,A_strain_2ndinv,1.725710416171347,0.9970511741342798,B_rad_Th,1.7141177205897862,0.9935478837089201
3367,7,269.95455496651783,200.0,0.6964465294565473,B_spring_dist,1.7322496537714884,0.99946243422372,A_grav_step300,1.7319807760199577,0.9990818670817784,A_grav_step900,1.7313490614592377,0.9989402209009443
3368,271,316.3121305796493,200.0,0.74146486362408,B_spring_dist,1.731536401217857,0.9992567102847504,A_strain_2ndinv,1.7255201660785904,0.9969964427701662,A_strain_shear,1.7074405788572726,0.9916337816477702
3369,9,256.31546359592016,200.0,0.698443955845303,B_spring_dist,1.7318663545604234,0.9993518789609274,A_grav_step900,1.7269165110872797,0.9976628025372823,A_strain_2ndinv,1.7235082124110634,0.9964176416397095
3370,11,866.3544200550426,707.1068115234375,0.689160016450015,B_spring_dist,1.734100883729684,0.999996385791085,A_grav_step300,1.7319086222547306,0.9990610751238737,A_strain_2ndinv,1.7318326718294619,0.998812431638891
3375,21,668.1433773949033,200.0,0.6949759523073832,A_strain_shear,1.729325776159878,0.9979340774672372,A_strain_2ndinv,1.7184522643203746,0.9949631407147362,B_spring_dist,1.7003010529391052,0.9902474766685849
3378,59,523.8761146674722,200.0,0.6828724337836444,A_strain_shear,1.7256939950858983,0.9968885627843566,A_strain_2ndinv,1.7219297760775187,0.9959635552713426,B_spring_dist,1.7187902950389937,0.9955803418563585
3382,5,492.91399536132815,400.0,0.681242048740387,B_spring_dist,1.7340720013615132,0.999988055229187,A_strain_2ndinv,1.7290209571419066,0.9980035543441772,A_grav_step900,1.7285247871717078,0.9981262922286988
3387,5,209.44271850585938,200.0,0.6798409700393677,B_spring_dist,1.7312032236031802,0.9991606116294861,B_band6_TC,1.7303189639892786,0.9988252639770507,A_strain_2ndinv,1.7230776716720646,0.9962937831878662
3388,10,290.1992462158203,200.0,0.6854248940944672,B_spring_dist,1.733981074691845,0.9999618291854858,A_strain_2ndinv,1.728173923143266,0.9977598786354065,A_strain_dilate,1.7234548291813647,0.9969068765640259
3390,75,397.48509216308594,200.0,0.6823273046811422,B_spring_dist,1.725518416576336,0.9975209387143453,A_strain_2ndinv,1.7224583449656499,0.9961156145731608,A_strain_shear,1.7219281881159125,0.9958044648170471
3391,4,205.9016990661621,200.0,0.6874000579118729,B_spring_dist,1.731141507126143,0.9991428107023239,B_band6_TC,1.7278849013429813,0.9981236308813095,A_strain_2ndinv,1.7235082124110634,0.9964176416397095
3393,20,411.94261169433594,200.0,0.6860855698585511,A_strain_shear,1.7274207189116517,0.9973856508731842,A_strain_2ndinv,1.720584886375052,0.9955766558647156,B_spring_dist,1.7119932390955845,0.9936198621988297
3396,4,200.0,200.0,0.7267738878726959,B_band6_TC,1.7318405930325633,0.9992638826370239,B_spring_dist,1.7310752753133505,0.9991237074136734,A_strain_2ndinv,1.723882190290704,0.996525228023529
3397,399,435.4552313630145,200.0,0.7297703743279728,A_strain_2ndinv,1.7270611790801345,0.9974397631516134,A_strain_regional,1.7243990329498151,0.9972086484569654,B_spring_dist,1.7242706593065418,0.9971610472017064
3398,31,499.09652070076237,200.0,0.6965082979971363,B_spring_dist,1.7340056422247188,0.9999689152163844,A_strain_2ndinv,1.7317204872757,0.9987801582582535,A_strain_dilate,1.7294424487465396,0.9986343768335157
3400,7,420.88699776785717,316.2277526855469,0.6691822579928807,A_strain_shear,1.7279887532542912,0.9975491762161255,A_strain_2ndinv,1.7199655896618509,0.995398495878492,B_spring_dist,1.7050230500567358,0.991609445640019
3404,4,458.0286178588867,400.0,0.6691817343235016,B_spring_dist,1.7332991556670625,0.9997651427984238,A_strain_2ndinv,1.728355162561668,0.9978120177984238,A_strain_dilate,1.7172688584137759,0.9951221495866776
3405,53,253.97233523962632,200.0,0.7348567089944515,B_spring_dist,1.7322255240034778,0.9994554744576508,A_strain_2ndinv,1.7284288097970102,0.9978332047192555,A_strain_regional,1.7199090824913261,0.9959150226611011
3406,4,662.9061737060547,583.09521484375,0.657309964299202,B_spring_dist,1.733409714231318,0.9997970312833786,A_strain_2ndinv,1.7284371061912513,0.9978355914354324,A_strain_dilate,1.7164329820254793,0.9948809891939163
3407,42,289.054939633324,200.0,0.7272370954354604,B_spring_dist,1.7286949572973678,0.998437150603249,A_strain_2ndinv,1.7242740703695956,0.9966379645324889,A_strain_shear,1.7147254000569334,0.9937309310549781
3409,9,254.72979058159723,200.0,0.6855176687240601,B_spring_dist,1.7336928325567411,0.9998786913024055,A_strain_2ndinv,1.7298434138069494,0.99824015961753,A_strain_dilate,1.719009217373582,0.9956242640813192
3413,4,2804.4146728515625,2701.851318359375,0.6862359642982483,A_strain_shear,1.7288825765665476,0.9978064894676208,A_strain_2ndinv,1.7147752591490635,0.9939053356647491,A_strain_regional,1.6925038401966064,0.9880191385746002
3414,4,733.6332244873047,670.8203735351562,0.6579710990190506,B_spring_dist,1.7333454456079844,0.9997784942388535,A_strain_2ndinv,1.7296283966696244,0.9981783032417297,A_strain_regional,1.7128030097555282,0.9938676506280899
3420,4,226.61237716674805,200.0,0.6829722076654434,B_spring_dist,1.7305222758405507,0.9989642053842545,A_strain_2ndinv,1.7274074238824737,0.9975393712520599,A_strain_regional,1.7207414633470317,0.9961548447608948
3424,5,253.4009246826172,200.0,0.6705076098442078,A_strain_2ndinv,1.7222639123811636,0.9960596799850464,A_strain_shear,1.72136315595952,0.9956418037414551,B_spring_dist,1.7170990505770032,0.9950925350189209
3425,7,558.6598685128348,500.0,0.6652997817311969,B_spring_dist,1.7327083906286225,0.9995947480201721,A_strain_2ndinv,1.7296283966696244,0.9981783032417297,A_strain_regional,1.7216782631852483,0.9964247516223362
3426,21,256.34188261486236,200.0,0.7286588209015983,B_spring_dist,1.7308942362794164,0.9990714901969546,A_strain_2ndinv,1.7277920720451068,0.9976500272750854,A_strain_regional,1.7242907500161349,0.9971774504298255
3429,56,637.3221871512277,200.0,0.6895441977041108,B_spring_dist,1.733748146690812,0.9998946455972535,A_strain_2ndinv,1.7331255597214967,0.9991843711052623,A_strain_dilate,1.729543214140116,0.9986634488616671
3430,4,464.0467834472656,360.55511474609375,0.6655011922121048,B_spring_dist,1.7337848900694601,0.9999052435159683,A_strain_2ndinv,1.7299308422152229,0.9982653111219406,A_strain_dilate,1.7192320110039359,0.9956885427236557
3433,115,366.4308523426885,200.0,0.6968992093335027,A_strain_2ndinv,1.7281748149609244,0.9977601351945297,B_spring_dist,1.7278055275637514,0.998180611755537,A_strain_regional,1.7272936258370564,0.9980426264845806
3434,19,345.9729541979338,200.0,0.6868947462031716,A_strain_2ndinv,1.7254484591581347,0.9969758140413385,A_strain_regional,1.7237942655867213,0.9970344054071527,B_spring_dist,1.7231678989373005,0.9968429772477401
3436,6,300.0,200.0,0.70378378033638,B_spring_dist,1.72516361244523,0.9974186023076376,A_strain_2ndinv,1.7232370007520887,0.9963396191596985,A_strain_regional,1.719635496928149,0.9958361983299255
3437,370,421.1738275476404,200.0,0.7001305642965677,B_spring_dist,1.7323674094736732,0.9994963985842628,A_strain_2ndinv,1.731940722310453,0.9988435157247492,A_strain_shear,1.7227045775416092,0.9960279712805877
3439,6,263.87206268310547,200.0,0.6799896657466888,B_spring_dist,1.7252755142443785,0.9974508782227834,A_strain_2ndinv,1.7237684775337643,0.9964925150076548,A_strain_regional,1.7205604801280294,0.9961027006308237
3441,70,280.11143580845425,200.0,0.7025704060282026,B_spring_dist,1.731100895673828,0.9991310971123831,A_strain_2ndinv,1.7290925560727222,0.9980241520064218,A_strain_regional,1.727919395829419,0.9982229207243238
3446,9,251.986813015408,223.60679626464844,0.6631608274247911,B_spring_dist,1.7323805494696525,0.9995001885626051,A_strain_2ndinv,1.7295943944949101,0.9981685214572482,A_strain_regional,1.724817912959566,0.9973293344179789
3447,4,481.0660171508789,424.2640686035156,0.6693721413612366,B_spring_dist,1.7312571803155672,0.9991761744022369,A_strain_2ndinv,1.7285110730073354,0.9978568702936172,A_strain_regional,1.7261520306377625,0.997713714838028
3450,6,203.93446604410806,200.0,0.7299927969773611,B_scarp_p900,1.7339977139184877,0.9995164076487223,B_scarp_p300,1.7135403789002626,0.9937333464622498,B_scarp_fine,1.6928435804119892,0.9877428015073141
3453,8,216.25703811645508,200.0,0.7086479812860489,B_scarp_p900,1.6468061838919639,0.974402129650116,A_tmi_vg_abs,1.5154686242509272,0.9368628636002541,B_lidar_ex_max,1.4896773542029127,0.9211760610342026
3458,14,244.33340890066964,200.0,0.6755392679146358,B_spring_dist,1.7317977511754024,0.9993320916380201,A_strain_2ndinv,1.7296547541925227,0.9981858858040401,A_strain_regional,1.727539172956096,0.9981133724961962
3461,4,232.51407623291016,200.0,0.7193138748407364,B_scarp_p900,1.7336860354958195,0.9994266331195831,B_rad_UK,1.7104392105198694,0.993379071354866,B_rad_Unorm,1.5338928894025199,0.9418789446353912
3467,13,256.95836580716644,200.0,0.7182137232560378,A_strain_2ndinv,1.7302559431861744,0.998358836540809,B_spring_dist,1.730079465343708,0.9988364852391757,A_strain_regional,1.7297230761836326,0.9987425895837637
3469,9,428.55045742458765,223.60679626464844,0.6613250109884474,B_spring_dist,1.7316434923746153,0.9992875986629062,A_strain_2ndinv,1.731281634431921,0.9986539085706075,A_strain_regional,1.7281282956717785,0.9982831080754598
3472,4,232.51407623291016,200.0,0.6809085309505463,B_scarp_p900,1.7354157007138382,0.9999248385429382,B_scarp_p300,1.7282417032734079,0.9979689717292786,B_st_anisotropy,1.7109270920662216,0.9929663389921188
3475,13,242.96881807767429,200.0,0.6763706619922931,A_strain_2ndinv,1.7309980179381006,0.9985723174535311,B_spring_dist,1.7306250571542583,0.9989938506713281,A_strain_shear,1.7302819616720893,0.9982093435067397
3477,4,337.6261520385742,282.84271240234375,0.6845173537731171,A_strain_2ndinv,1.7348147757738694,0.9996703267097473,A_grav_step300,1.7341346391134067,0.9997025281190872,A_grav_step900,1.7340199108565324,0.9997099339962006
3481,14,345.36721474783764,223.60679626464844,0.6801577167851585,B_spring_dist,1.7315379902122823,0.9992571685995374,A_strain_2ndinv,1.7314371650293263,0.9986986517906189,A_strain_shear,1.7291709934935742,0.997889518737793
3482,7,697.0946132114956,640.3124389648438,0.6756189295223781,A_strain_regional,1.7258427637468854,0.9976246101515633,A_strain_2ndinv,1.7203506966022548,0.995509283883231,A_strain_shear,1.7149926291407926,0.9938078607831683
3490,4,205.9016990661621,200.0,0.6713394522666931,A_strain_regional,1.7303849485009792,0.9989332854747772,A_strain_2ndinv,1.7291363723096929,0.9980367571115494,A_strain_shear,1.7181244491982335,0.9947094470262527
3494,4,291.7511558532715,223.60679626464844,0.6602310240268707,A_strain_regional,1.7315530298501405,0.9992698282003403,A_strain_2ndinv,1.7293107744593812,0.9980869293212891,A_strain_shear,1.718317572592838,0.994765043258667
3496,8,243.28550720214844,200.0,0.709000363945961,B_lidar_cross_max,1.7447528336428764,0.9887844696640968,B_lidar_lapneg_max,1.7177605275624612,0.9868615940213203,B_scarp_p900,1.7176231808207023,0.9947999566793442
3501,24,288.6735070546468,200.0,0.6945614218711853,A_strain_2ndinv,1.7318519161667125,0.9988179678718249,B_spring_dist,1.7307366595736375,0.9990260402361552,A_strain_shear,1.7296310699089343,0.9980219652255377
3502,13,497.3832479623648,223.60679626464844,0.6578163963097793,A_strain_regional,1.7241753889808424,0.9971442130895761,A_strain_2ndinv,1.7192777121608271,0.9952006064928495,A_strain_shear,1.7167299973934347,0.99430801318242
3503,7,308.01400974818637,200.0,0.6734979493277413,A_strain_regional,1.7212328562080963,0.9962964228221348,A_strain_shear,1.7210202796697571,0.9955430967467171,A_strain_2ndinv,1.7160649130614307,0.9942763447761536
3504,6,242.27718353271484,200.0,0.682913064956665,A_strain_regional,1.7311168806352866,0.9991441667079926,A_strain_2ndinv,1.7310120802926343,0.9985763629277548,A_strain_shear,1.730612802065603,0.9983045856157938
3506,12,331.8825912475586,200.0,0.692096933722496,A_strain_regional,1.7226292193463404,0.9966987371444702,A_strain_shear,1.7200543200827054,0.9952650169531504,A_strain_2ndinv,1.716662379845691,0.9944482247034708
3507,8,592.159912109375,447.2135925292969,0.6649323180317879,A_strain_regional,1.721946032692289,0.9965019002556801,A_strain_shear,1.7206586567234108,0.9954389929771423,A_strain_2ndinv,1.7167956720539472,0.9944865703582764
3510,10,278.05609130859375,200.0,0.666325968503952,B_lidar_cross_max,1.763231512780088,0.9939663708209991,B_lidar_ex_mean,1.7594042977988398,0.9980259537696838,B_lidar_lappos_max,1.746119401696745,0.9940909683704376
3511,179,378.2775954773972,200.0,0.7324196106894723,A_strain_2ndinv,1.7338189548445173,0.9993838478067067,A_strain_shear,1.7323025820066675,0.998791038324047,B_spring_dist,1.7261668066841458,0.9977079543321492
3512,17,279.18434412339155,200.0,0.690119603100945,A_strain_2ndinv,1.7331706868702437,0.9991973533349878,A_strain_regional,1.7317656298130537,0.9993310816147748,A_strain_shear,1.7317055450826924,0.9986191637375775
3513,4,300.0,200.0,0.6572432368993759,A_strain_2ndinv,1.732755566548785,0.9990779310464859,B_spring_dist,1.7314233281392335,0.9992240965366364,A_strain_shear,1.7303036458979517,0.9982155859470367
3520,5,638.6923706054688,538.5164794921875,0.6818125128746033,A_strain_2ndinv,1.7337098731497436,0.9993524670600891,A_strain_shear,1.7324704168836116,0.9988393545150757,B_spring_dist,1.7315661450060689,0.9992652893066406
3521,59,327.68574420476364,200.0,0.6907793273360042,A_strain_regional,1.7231530047954728,0.9968496480230558,A_strain_2ndinv,1.7161788675399916,0.99430912733078,A_strain_shear,1.7151022504234672,0.9938394184839927
3528,8,227.95084953308105,200.0,0.6852050349116325,A_strain_regional,1.7202645592903296,0.9960174411535263,A_strain_shear,1.718317572592838,0.994765043258667,A_strain_2ndinv,1.7135840204681807,0.993562638759613
3529,4,268.0337333679199,223.60679626464844,0.6734898239374161,A_tmi_up150_regional,1.5894720702832357,0.9584483653306961,B_lidar_ex_max,1.4347527803710067,0.9056728482246399,A_tmi,1.3879094357870663,0.8999131321907043
3530,8,434.6417655944824,282.84271240234375,0.6912688240408897,A_strain_shear,1.7235603991355855,0.9962743446230888,A_strain_regional,1.7172598465118685,0.9951517358422279,A_strain_2ndinv,1.7109810929878904,0.9928138256072998
3533,4,266.7511558532715,200.0,0.6610792428255081,A_tmi_up150_regional,1.5868508953150329,0.9576921164989471,B_lidar_ex_max,1.3650415867553496,0.8859959095716476,A_mag_anom,1.3499886674854045,0.8891617655754089
3543,12,330.50350189208984,223.60679626464844,0.677011251449585,A_tmi_up150_regional,1.5831016818356576,0.9566104114055634,B_lidar_ex_max,1.4899738848080857,0.9212597608566284,B_lidar_ex_mean,1.392298088626083,0.8942632923523585
3544,4,481.2829055786133,360.55511474609375,0.6737294644117355,A_tmi_up150_regional,1.588375278660908,0.9581319242715836,B_lidar_ex_max,1.372740824163155,0.8881691247224808,B_rad_K_regional,1.3325571647663281,0.8845953345298767
3545,19,399.4388861405222,223.60679626464844,0.6997886425570438,A_strain_2ndinv,1.7342080908537996,0.9994957948985853,A_strain_shear,1.7327933191775957,0.9989323114093981,B_spring_dist,1.7280925352226673,0.9982633935777765
3548,27,402.30504014756946,200.0,0.7191441324022081,A_strain_shear,1.7239945802567376,0.9963993363910251,A_strain_regional,1.7161145130534936,0.9948217471440634,A_strain_2ndinv,1.7095570840595042,0.992404165091338
3551,5,237.8584442138672,200.0,0.6942004561424255,A_strain_2ndinv,1.7350822580135459,0.9997472763061523,A_strain_shear,1.7336157198796915,0.9991690635681152,A_strain_regional,1.7233594964616892,0.9969091415405273
3555,5,220.0,200.0,0.6716728448867798,B_scarp_p900,1.7111246081074885,0.9929281353950501,B_scarp_p300,1.6518348271735326,0.9759552478790283,A_tmi_up150_regional,1.6061820077665843,0.9632694363594055
3557,4,220.71067810058594,200.0,0.7209716886281967,B_fault_centroid_dist,1.6777328286344015,0.9835894852876663,A_strain_shear,1.659441387534573,0.9778158068656921,B_scarp_p300,1.6575514457001845,0.9776022732257843
3561,6,221.6760508219401,200.0,0.7037286659081777,A_grav_vg_abs,1.676029623929595,0.9830246766408285,A_strain_shear,1.648436338974426,0.9746476809183756,B_scarp_p900,1.6230052579425405,0.9675466120243073
3570,6,223.30575815836588,200.0,0.6782059967517853,B_spring_dist,1.6962639826099561,0.989083061615626,A_strain_shear,1.6808802755865409,0.9839876194794973,A_strain_regional,1.6761017748103944,0.9832934439182281
3575,7,1048.6963065011162,728.010986328125,0.6606672065598624,A_strain_shear,1.6955744589178787,0.9882177710533142,A_strain_regional,1.6919922472380775,0.9878717405455453,B_scarp_p300,1.687779059000345,0.9863112057958331
3577,10,327.4823516845703,200.0,0.7193200469017029,A_strain_shear,1.6893681945752297,0.9864311158657074,A_strain_regional,1.684211884899479,0.9856300950050354,A_strain_2ndinv,1.6742732475940298,0.9822536706924438
3583,5,1061.12275390625,1000.0,0.6660007476806641,B_lidar_upface_max,1.6917185814872135,0.9749444723129272,B_lidar_lapneg_max,1.6523274978387057,0.9683222889900207,B_rad_K_regional,1.6402007859615766,0.9733727455139161
3587,7,1330.1190185546875,1077.032958984375,0.6872308339391436,B_scarp_p900,1.7155450150884268,0.9942013706479754,A_tmi_up150_regional,1.7005158915053968,0.9904861961092267,B_scarp_p300,1.6579101908320077,0.9777056319372994
3588,4,1946.8278198242188,1878.8294677734375,0.6682820320129395,A_strain_regional,1.7176485949493698,0.9952637404203415,A_strain_2ndinv,1.7081113048378065,0.9919882416725159,A_strain_shear,1.7035116182126082,0.9905027151107788
3591,4,1291.9737243652344,1204.159423828125,0.6629762500524521,A_strain_regional,1.7163080295931485,0.994877502322197,A_strain_2ndinv,1.7081113048378065,0.9919882416725159,A_tmi_vg_abs,1.7046683091489783,0.9914013594388962
3592,5,1906.727978515625,1878.8294677734375,0.684535276889801,A_strain_regional,1.7180538780606518,0.9953805088996888,A_strain_2ndinv,1.7109393234917487,0.9928018093109131,A_strain_shear,1.7035116182126082,0.9905027151107788
3596,140,1352.5878389630998,509.9019470214844,0.7064064068453653,A_tmi_up150_regional,1.722972420336881,0.996965246115412,A_mag_anom,1.641813804174884,0.9732979276350566,A_tmi_up150,1.6284781275985334,0.9691487435783659
3600,24,280.778715133667,200.0,0.7023967951536179,A_strain_regional,1.7138765395268063,0.9941769515474638,A_strain_2ndinv,1.706701126798531,0.9915825600425402,A_strain_shear,1.6998319040948124,0.9894434014956156
3602,28,312.5744073050363,200.0,0.6874820313283375,A_strain_regional,1.7116605590347882,0.9935384924922671,A_strain_2ndinv,1.7015083975686356,0.9900887097631182,A_strain_shear,1.688463411064808,0.9861706473997661
3609,9,1248.5504692925347,1100.0,0.6865359412299262,B_rad_K_regional,1.6942065575856335,0.9889573123719957,B_rad_K,1.5820591233523675,0.9564672377374437,A_grav_vg_abs,1.5362097760699842,0.9427265259954665
3611,16,288.08571910858154,200.0,0.679384358227253,A_tmi_up150_regional,1.7189169814442267,0.9957951903343201,A_tmi_up150,1.7180470430827306,0.9949465394020081,A_tmi,1.7102006083501822,0.9927780516445637
3616,31,263.24200882450225,200.0,0.6984405613714649,A_tmi_up150_regional,1.7266679225837758,0.9980314547015775,A_mag_anom,1.7025872080844382,0.9908195195659515,A_tmi_up150,1.671049953301602,0.9814103553372044
3619,4,261.5710144042969,223.60679626464844,0.6593728214502335,B_spring_dist,1.694921901521463,0.988695964217186,B_rad_K_residual,1.6413492937311522,0.9730279445648193,B_rad_K,1.6211501947671805,0.9677473902702332
3624,5,200.0,200.0,0.733647882938385,B_scarp_p900,1.7260792540579157,0.9972356081008911,B_scarp_p300,1.7226797277341321,0.9963665008544922,A_strain_regional,1.70996915182484,0.9930511713027954
3629,8,314.85355377197266,223.60679626464844,0.6619803830981255,B_rad_K_residual,1.7062382202692818,0.9917290061712265,B_spring_dist,1.7004536527873964,0.990291491150856,B_rad_K,1.679514773180495,0.984589122235775
3630,4,2696.7472534179688,2601.92236328125,0.663142591714859,A_tmi_up150_regional,1.7325631433996296,0.9997323155403137,A_tmi_up150,1.6665594516421722,0.980116993188858,A_mag_anom,1.6463320994126944,0.9746005982160568
3631,45,405.44149814181856,200.0,0.7056479983859592,B_spring_dist,1.6706228844879687,0.9816873815324572,A_tmi_up150,1.6339416979598034,0.9707223706775241,A_tmi_up150_regional,1.6173487425779536,0.9664912091361152
3634,24,363.67630132039386,200.0,0.6847625623146693,B_spring_dist,1.6836953164968393,0.9854578723510107,A_tmi_up150,1.6177778981464797,0.9660668447613716,A_tmi_up150_regional,1.5579339569912145,0.9493491401274999
3638,4,2689.2555541992188,2617.25048828125,0.6680784523487091,A_tmi_up150_regional,1.7317209751855744,0.9994893372058868,B_scarp_p900,1.6608115367609608,0.9784361720085144,B_scarp_fine,1.6078686165381124,0.963262215256691
3642,34,2878.3330149931066,2731.300048828125,0.7097925491192761,A_tmi_up150_regional,1.727815354090107,0.9983625061371747,B_scarp_p300,1.6973525834177705,0.989069451304043,B_scarp_fine,1.6953051623514377,0.9884519629618701
3645,6,421.6635386149089,360.55511474609375,0.6826637188593546,A_tmi_up150_regional,1.7201505363089693,0.9961510896682739,A_mag_anom,1.4612887389632911,0.92125071088473,A_tmi_up150,1.4571729030620781,0.9198091129461924
3651,5,204.7213592529297,200.0,0.6814331412315369,B_scarp_p900,1.7254178073984825,0.9970450878143311,A_strain_2ndinv,1.7062534738953348,0.9914537787437439,B_scarp_p300,1.6988741827936815,0.9895078420639039
3652,15,2319.0177083333333,2121.3203125,0.6708465377489726,A_tmi_up150_regional,1.7154733711457122,0.9948016564051311,B_scarp_p900,1.6973475458012142,0.9889598488807678,B_scarp_fine,1.6970111422795575,0.9889434417088826
3656,15,422.5234334309896,200.0,0.7134549260139466,B_scarp_p300,1.7113628953018722,0.9931059877077738,A_strain_2ndinv,1.707482331366807,0.9918072978655498,B_scarp_fine,1.6990123653480416,0.9895199775695801
3659,41,1577.077598013529,1118.033935546875,0.6860495166080754,B_scarp_p900,1.705699881824593,0.9913656202758231,B_scarp_p300,1.6931476627763982,0.987857963980698,B_scarp_fine,1.6799387195151867,0.9840250175173689
3660,12,227.04029083251953,200.0,0.706523135304451,A_strain_2ndinv,1.71195025856222,0.9930926362673441,A_strain_shear,1.7050971693916637,0.990959162513415,B_scarp_p900,1.6683530716303123,0.9806084036827087
3667,92,501.33458062876826,200.0,0.6830293678719065,B_rad_K_regional,1.6378043739011698,0.97268120750137,B_st_ori_y,1.5674192321453269,0.9516844127489172,A_strain_shear,1.5487638200932479,0.9459540234959644
3670,8,210.35533905029297,200.0,0.6708935424685478,B_rad_K_regional,1.6527240669630407,0.9769866168498993,B_lidar_lapneg_max,1.5926559433003478,0.9514153972268105,B_lidar_ex_max,1.5908286315244786,0.9497273936867714
3671,10,350.0,200.0,0.6829115808010101,B_rad_K_regional,1.6467587949644857,0.9752652049064636,A_strain_shear,1.5669224963466093,0.9511815309524536,A_strain_2ndinv,1.40791749973566,0.9056281447410583
3672,13,392.17833533653845,200.0,0.678728461265564,B_rad_K_regional,1.6445044747024964,0.9746146706434397,A_strain_shear,1.5638700135259105,0.9503027842595027,B_lidar_ex_max,1.5181909641644,0.929224417759822
3677,11,318.09731500799006,200.0,0.6650845896114003,B_rad_K_regional,1.6661590754082676,0.9808635874228044,A_strain_shear,1.5797737733765918,0.9548811479048296,B_lidar_ex_mean,1.506745757723612,0.9266119545156305
3679,4,350.0,300.0,0.6636766493320465,B_rad_K_regional,1.6549745859075968,0.9776360541582108,B_lidar_ex_mean,1.612329570963692,0.9564552456140518,B_lidar_lapneg_max,1.59684532918088,0.9526023864746094
3680,46,261.695904939071,200.0,0.7406259671501492,B_st_ori_y,1.6587888728297933,0.9780138070168702,B_scarp_p900,1.6250497835819329,0.9681355085061945,B_rad_K_regional,1.622657740582424,0.9683103094930234
3681,22,318.1818181818182,200.0,0.6934252137487585,B_rad_K_regional,1.6492181126527867,0.9759748957373879,A_strain_shear,1.5618625137692241,0.949724866585298,A_strain_regional,1.4489911494152958,0.9178592779419639
3684,59,464.40677966101697,200.0,0.7109693490852744,B_rad_K_regional,1.6374987380319805,0.9725930094718933,A_strain_shear,1.5534305730934481,0.9472974851980047,A_strain_regional,1.4317954587680104,0.9129049272860511
3693,4,993.7296295166016,921.9544677734375,0.6524694412946701,B_rad_K_regional,1.6240312026303156,0.9687066525220871,B_lidar_ex_max,1.5675682418825403,0.9431618303060532,A_strain_shear,1.5409858846942948,0.9437149167060852
3694,10,310.1013870239258,223.60679626464844,0.6747888445854187,B_rad_K_regional,1.615193158664478,0.9661562383174896,B_scarp_p900,1.597942505158169,0.9603276431560517,A_strain_shear,1.5494433953321705,0.9461496591567993
3696,7,250.39050946916853,200.0,0.7261162996292114,B_rad_K,1.6798437431346342,0.9846840500831604,B_rad_K_regional,1.667996518838558,0.9813938226018634,A_strain_shear,1.597904851366931,0.9601007103919983
3699,5,200.0,200.0,0.7231582283973694,B_scarp_p300,1.665189361114813,0.9798028469085693,B_st_anisotropy,1.652185168417892,0.9760407447814942,B_scarp_fine,1.649075153298914,0.97513347864151
3702,4,220.71067810058594,200.0,0.6712375730276108,B_scarp_p900,1.693867366675733,0.9879574328660965,B_paleo_geotherm_dist,1.6481246456561252,0.9746002107858658,B_line_resp,1.5512530624668632,0.9470514059066772
3703,4,200.0,200.0,0.6825203150510788,B_rad_K_regional,1.6619073388722443,0.9796366542577744,B_rad_K,1.6147426522117254,0.9658984243869781,A_strain_shear,1.597904851366931,0.9601007103919983
3704,7,269.89888872419084,200.0,0.6748801299503872,B_scarp_p900,1.615649920124534,0.9654280117579869,B_rad_K_regional,1.6107485738857819,0.9648736545017788,A_strain_shear,1.5519709876952383,0.9468773007392883
3707,5,431.7191528320312,360.55511474609375,0.6728531002998352,A_strain_shear,1.6631912216805715,0.9788953065872192,A_strain_regional,1.6546885395835629,0.9771239519119262,A_strain_2ndinv,1.63857130946092,0.9719828963279724
3716,6,234.4082514444987,200.0,0.7075788378715515,B_scarp_p900,1.7199740128232146,0.9954770803451538,B_paleo_geotherm_dist,1.6957117181883585,0.9883020420869192,B_st_ori_y,1.6809379706011733,0.984396368265152
3717,263,615.4370346359427,200.0,0.7378862366476893,A_strain_shear,1.6670468412658122,0.980005259749554,A_strain_regional,1.6598594333058687,0.9786137682403449,A_strain_2ndinv,1.648265595387551,0.974771759582563
3726,4,200.0,200.0,0.7346195131540298,B_scarp_p900,1.7299965417363696,0.9983639270067215,B_paleo_geotherm_dist,1.7125809646209735,0.9931592345237732,B_st_ori_y,1.6429990576884907,0.9734637588262558
3730,32,329.34296131134033,200.0,0.6967628579586744,A_strain_shear,1.6650931519595633,0.9794428329914808,A_strain_2ndinv,1.6414222756979826,0.9728030655533075,B_rad_ThK,1.6370666799499354,0.9717064741998911
3732,28,257.7235445295061,200.0,0.7266539015940258,B_rad_K_regional,1.6463626243739953,0.9751508810690471,A_strain_shear,1.6067562651084,0.9626488494021552,B_paleo_geotherm_dist,1.5825204436982567,0.9557106750352042
3736,9,226.27842373318143,200.0,0.7854277491569519,B_scarp_p300,1.7260426811422533,0.9973354074690077,B_paleo_geotherm_dist,1.7258750978379687,0.9969870381885104,B_scarp_fine,1.724124282705011,0.9967545138465034
3738,18,918.952633327908,583.09521484375,0.7141065365738339,A_strain_regional,1.6755559748429596,0.9831361903084649,A_strain_shear,1.6686283765183423,0.9804605510499742,A_strain_2ndinv,1.6503164479289913,0.9753617511855232
3745,4,205.9016990661621,200.0,0.8291500359773636,B_paleo_geotherm_dist,1.7330159168331496,0.9990431070327759,B_scarp_p900,1.7323858118933648,0.9990521222352982,B_scarp_p300,1.67086517251202,0.9814381152391434
3747,33,1235.5989564837832,806.2257690429688,0.7841405001553622,B_scarp_p300,1.6816809958317678,0.9845542817404775,B_scarp_fine,1.6729153865757822,0.9820016532233267,B_scarp_p900,1.628427105505797,0.9691082979693557
3751,4,1005.75537109375,900.0,0.6968571245670319,A_strain_regional,1.6770444632651724,0.9835650473833084,A_strain_shear,1.6671515194348414,0.9800353944301605,A_strain_2ndinv,1.6592651319826264,0.9779361188411713
3756,4,325.09741592407227,223.60679626464844,0.667230099439621,A_grav_step300,1.7333277392050808,0.9994700103998184,A_grav_step900,1.7325068392396068,0.999273881316185,B_scarp_fine,1.6934182130852395,0.987908348441124
3758,5,1594.995361328125,1526.4337158203125,0.690591824054718,A_strain_shear,1.6758731603482433,0.9825461745262146,A_strain_regional,1.6716713097467677,0.9820169568061828,A_strain_2ndinv,1.6589031918397208,0.9778319954872131
3760,10,433.4937240600586,223.60679626464844,0.6803962647914886,B_scarp_p900,1.6862113864694395,0.9857522368431091,A_strain_shear,1.61548403905942,0.965161395072937,B_rad_K_regional,1.6073619124883658,0.9638963580131531
3761,33,242.72605895996094,200.0,0.7746540181564562,B_lidar_cross_max,1.7407841338431034,0.9876715432513844,B_lidar_lapneg_max,1.730464812086282,0.9904611309369405,B_lidar_lappos_max,1.7216810452237503,0.987181715893023
3768,4,205.9016990661621,200.0,0.6853247880935669,B_scarp_p900,1.7199595273814174,0.9954729080200195,B_lidar_ex_max,1.700071652048662,0.9805627316236496,B_lidar_step_max,1.669822799670943,0.9729089587926865
3775,13,1572.8331580528845,1140.1754150390625,0.7197770797289335,A_strain_shear,1.6794567800851725,0.9835778245559106,A_strain_regional,1.671242408400996,0.98189338353964,A_strain_2ndinv,1.6621323461958866,0.9787609623028681
3776,31,242.49810544906123,200.0,0.8382036743625518,B_scarp_p900,1.7295774735662215,0.998243220390812,B_scarp_p300,1.6577505746150114,0.9776596446191111,A_strain_shear,1.630988549749569,0.9696248231395599
3780,6,677.3191731770834,500.0,0.7117097079753876,A_strain_shear,1.6797434132198399,0.9836603403091431,A_strain_2ndinv,1.6613746365707485,0.9785429835319519,A_strain_regional,1.6533233351326,0.976730614900589
3781,7,218.5794721330915,200.0,0.7261646730559213,A_grav_step900,1.7224241098311976,0.9963681357247489,B_scarp_fine,1.7076785678272675,0.9920166390282767,B_scarp_p300,1.6920467621371045,0.9875407814979553
3783,27,211.38245194046587,200.0,0.8497797228671886,B_scarp_p900,1.724471819143773,0.9967726093751413,A_strain_shear,1.6323676719603426,0.9700218439102173,A_strain_regional,1.5927418143984038,0.9592761198679606
3790,32,261.5137882232666,200.0,0.7826382201164961,B_lidar_cross_max,1.729827292934106,0.9845989607274532,B_lidar_ex_mean,1.7109487982824283,0.9843299947679043,B_lidar_lappos_max,1.7091061218805312,0.9836265128105879
3796,6,313.0642776489258,223.60679626464844,0.7740858296553293,A_strain_shear,1.6883785290551339,0.9861462116241455,A_strain_regional,1.6691942083923217,0.9813032646973928,A_strain_2ndinv,1.6681292364899516,0.9804861545562744
3798,27,499.2330621790003,200.0,0.7004786553206267,A_strain_shear,1.6863656456121205,0.9855667440979569,A_strain_2ndinv,1.6645984970168104,0.9794704273894981,A_strain_regional,1.622628537515714,0.9678869578573439
3804,4,238.41577529907227,223.60679626464844,0.8238951414823532,A_strain_shear,1.6883785290551339,0.9861462116241455,A_strain_2ndinv,1.6681292364899516,0.9804861545562744,A_strain_regional,1.663502580954954,0.9796634167432785
3805,17,215.3007417566636,200.0,0.7665693654733545,A_strain_regional,1.682818882214645,0.9852287488825181,A_strain_shear,1.678011669373717,0.9831618070602417,A_strain_2ndinv,1.6681292364899516,0.9804861545562744
3806,19,317.4320373535156,200.0,0.7380758649424503,A_strain_regional,1.6852754850106857,0.9859365350321719,A_strain_shear,1.6777147635062686,0.9830763339996338,A_strain_2ndinv,1.6681292364899516,0.9804861545562744
3808,5,204.7213592529297,200.0,0.7537223935127259,B_scarp_p900,1.7210606278928822,0.9957900643348694,A_strain_shear,1.6323676719603426,0.9700218439102173,B_scarp_p300,1.6198598293904056,0.9667428731918335
3811,6,216.66666666666666,200.0,0.7156449258327484,A_strain_shear,1.6812467838638736,0.9840931296348572,A_strain_2ndinv,1.65568167801181,0.9769052267074585,B_st_ori_y,1.6294264063151689,0.9695526162783304
3813,41,417.9097524503382,200.0,0.761761477807673,A_strain_shear,1.685708259873782,0.9853774963355646,A_strain_2ndinv,1.663450821475749,0.9791402627782124,A_strain_regional,1.6001356855995128,0.9614064111942198
3814,6,230.47378540039062,200.0,0.6913433770338694,A_strain_shear,1.6883785290551339,0.9861462116241455,A_strain_2ndinv,1.6681292364899516,0.9804861545562744,A_strain_regional,1.651500573106966,0.9762054483095804
3815,4,337.6261520385742,282.84271240234375,0.6891456246376038,A_strain_regional,1.6872874790367636,0.9865162223577499,A_strain_shear,1.6747822486850632,0.9822321236133575,A_strain_2ndinv,1.666616180002115,0.9800508767366409
3818,10,224.7213592529297,200.0,0.7397716045379639,B_lidar_cross_max,1.768460719956701,0.9954327762126922,B_lidar_lapneg_max,1.725819794717395,0.9891450464725494,B_lidar_ex_mean,1.7216741375014184,0.9873615145683289
3819,14,259.2511738368443,200.0,0.739825359412602,A_strain_regional,1.6858165883260536,0.9860924354621342,A_strain_shear,1.6830266070572308,0.9846055039337703,A_strain_2ndinv,1.6732137817283557,0.9819488823413849
3821,5,204.7213592529297,200.0,0.7645606279373169,A_strain_shear,1.6812467838638736,0.9840931296348572,A_strain_2ndinv,1.65568167801181,0.9769052267074585,B_scarp_p300,1.605650466253355,0.9626489877700806
3824,7,203.37239946637834,200.0,0.7689469286373684,A_strain_shear,1.6883785290551339,0.9861462116241455,A_strain_2ndinv,1.6681292364899516,0.9804861545562744,A_strain_regional,1.6445641620727627,0.9742069584982735
3828,65,329.19437349759613,200.0,0.7374174163891719,B_scarp_p900,1.653939856474512,0.9764568824034471,B_lidar_ex_max,1.6479628020176893,0.9658542954004727,B_lidar_cross_max,1.6328423181435732,0.9574018570093008
3830,7,271.48423767089844,200.0,0.7192972898483276,A_strain_shear,1.687435842573618,0.9858748316764832,A_strain_regional,1.6853564782786918,0.9859598704746791,A_strain_2ndinv,1.6760548740688384,0.9827662110328674
3835,12,225.6105168660482,200.0,0.7561751157045364,A_strain_shear,1.687435842573618,0.9858748316764832,A_strain_regional,1.6826155846346391,0.9851701756318411,A_strain_2ndinv,1.6760548740688384,0.9827662110328674
3837,37,1083.9847791517102,900.0,0.7023387164682955,B_scarp_p900,1.7082441271113333,0.9920984538825782,B_scarp_p300,1.6721243561469237,0.9818009009232392,B_st_anisotropy,1.6546946110392053,0.9767638026057063
3838,10,434.24305725097656,282.84271240234375,0.6848591268062592,B_lidar_cross_max,1.747432451081373,0.989535903930664,A_grav_step900,1.732909990638888,0.9993900656700134,B_lidar_lappos_max,1.7290500398885067,0.989265090227127
3840,137,460.337437093693,200.0,0.7245996455206488,A_strain_shear,1.6787937823407384,0.9833869612129935,A_strain_2ndinv,1.6568410661512765,0.9772387608124392,A_grav_step900,1.59921798421554,0.9608613159099635
3842,4,325.0,200.0,0.7686934918165207,A_strain_shear,1.687435842573618,0.9858748316764832,A_strain_regional,1.6856402179798324,0.9860416203737259,A_strain_2ndinv,1.6760548740688384,0.9827662110328674
3843,5,276.64647521972654,200.0,0.6932663440704345,A_strain_shear,1.687435842573618,0.9858748316764832,A_strain_regional,1.6849091030111358,0.9858309745788574,A_strain_2ndinv,1.6760548740688384,0.9827662110328674
3844,6,211.80339813232422,200.0,0.7208621203899384,B_scarp_p900,1.712083930632906,0.9932044545809428,B_scarp_p300,1.7033552159192122,0.9907988806565603,B_scarp_fine,1.6958662424103552,0.9886136054992676
3845,6,717.7827453613281,608.2762451171875,0.7401628295580546,B_scarp_p900,1.665588731998213,0.9798121750354767,B_scarp_p300,1.6637595427423457,0.9793908993403116,A_strain_shear,1.6611364149879755,0.9783037702242533
3849,8,202.95084953308105,200.0,0.721683107316494,B_scarp_p300,1.7170265438643422,0.9947377517819405,B_scarp_fine,1.7098985881548798,0.9926562085747719,B_rad_K_regional,1.6784698477433904,0.9844161346554756
3850,143,923.9250898027753,200.0,0.7279396840742418,A_strain_regional,1.6830282237313348,0.9852890634870196,A_strain_shear,1.6801470107198706,0.9837765276848853,A_strain_2ndinv,1.6607920212981226,0.9783753761044749
3862,6,235.48316955566406,200.0,0.713094433148702,A_strain_shear,1.6865107551149288,0.9856085181236267,A_strain_2ndinv,1.6761949344824876,0.9828065037727356,A_strain_regional,1.4798115612993805,0.9267391264438629
3863,5,221.28990173339844,200.0,0.6991405487060547,B_rad_K,1.6578306157615288,0.9783319234848022,B_elev,1.6543867190341799,0.9762792944908142,B_rad_K_residual,1.5682797443481713,0.9519692182540893
3864,37,486.1354601061022,200.0,0.7252866400254739,A_strain_regional,1.6946434582110705,0.988635596391317,A_strain_shear,1.6834704665639537,0.9847332819088085,A_strain_2ndinv,1.6798240066429644,0.9838505193993852
3870,5,226.01126098632812,200.0,0.7341931223869324,B_scarp_p300,1.7344097138189976,0.99974604845047,B_scarp_fine,1.734268870343653,0.9996770858764649,B_scarp_p900,1.716937202030911,0.994602370262146
3872,29,629.1429069782125,223.60679626464844,0.7272495771276539,A_strain_regional,1.6959620629464407,0.9890155072869926,A_strain_2ndinv,1.6892436796382126,0.9865603816920313,A_strain_shear,1.6748436667758804,0.9822498046118637
3873,10,323.88672943115233,200.0,0.7008607804775238,B_spring_dist,1.7140602192812386,0.9942160427570343,B_rad_ThK,1.6703003553783766,0.9812817811965943,B_scarp_p900,1.6507285311283024,0.9755319058895111
3877,9,329.38396708170575,200.0,0.7030811044904921,A_grav_step900,1.7322604947930278,0.9992028872172037,B_st_anisotropy,1.7027778162292941,0.9906182487805685,A_strain_2ndinv,1.6862049030692323,0.985686182975769
3882,6,237.11287689208984,200.0,0.7352070311705271,A_grav_step900,1.733246389638981,0.9994870126247406,A_grav_step300,1.7272226757548839,0.9977107644081116,B_st_anisotropy,1.7237832072279151,0.9966706335544586
3883,37,396.42604229901286,200.0,0.6995369292594291,A_strain_regional,1.697528625922926,0.989466858876718,A_strain_2ndinv,1.684375925288738,0.9851600205576098,A_strain_shear,1.650122825259252,0.9751331854510952
3889,89,330.4479995898986,200.0,0.7182037843747086,B_spring_dist,1.711579463655547,0.9935005166557398,B_scarp_p900,1.6087852287335103,0.9634507352046753,B_rad_Thnorm,1.568188936552562,0.9516672492027283
3891,9,849.9262491861979,700.0,0.6891354984707303,B_band6_grad,1.7044042388606044,0.9912489718861051,B_spring_dist,1.7021082828222338,0.9907687372631497,B_rad_Th,1.6902324339240837,0.9866735736529032
3893,7,247.01811000279017,200.0,0.6872532623154777,B_band6_grad,1.7244079263315188,0.9970143692834037,B_rad_Th,1.6998249905015992,0.9894343614578247,B_rad_ThK,1.691019554072114,0.9872514094625201
3895,11,397.3643410422585,282.84271240234375,0.6835461746562611,B_rad_TC_grad,1.7015146513883355,0.9904588460922241,B_band6_grad,1.697061079932876,0.9891325506297025,B_scarp_p300,1.6905727215437818,0.9871160929853265
3896,36,285.841256459554,200.0,0.7588866932524575,A_grav_step900,1.7344511328490173,0.9998342080248727,A_grav_step300,1.732700391705932,0.9992892328235838,B_st_anisotropy,1.7322084335298455,0.9990982347064548
3900,22,236.52320168235084,200.0,0.7385279590433295,B_rad_K_regional,1.6991075631755481,0.9903716065666892,B_scarp_p300,1.6867291591921094,0.9860087172551588,B_scarp_p900,1.6725288012245285,0.9818111631003293
3904,13,283.2840388371394,200.0,0.6881261972280649,B_spring_dist,1.679076216508604,0.9841255820714511,B_rad_TC_grad,1.6494767093290814,0.9754545780328604,B_band6_grad,1.6309127065195155,0.9700674827282245
3905,5,226.01126098632812,200.0,0.6761874198913574,B_spring_dist,1.691238761777915,0.9876336336135865,B_rad_K_regional,1.4893253514820177,0.9298342823982239,B_lidar_ex_mean,1.3022252869815314,0.8688041925430298
3906,4,232.51407623291016,200.0,0.7329915314912796,A_grav_step900,1.7228537494570464,0.9964919537305832,B_st_anisotropy,1.716060415440558,0.9944454282522202,B_line_resp,1.70570418356795,0.9915619790554047
3910,13,228.19708604079025,200.0,0.760605724958273,A_grav_step900,1.721296878911451,0.9960432786207932,B_line_resp,1.7120238968785286,0.9933832287788391,B_scarp_p300,1.7003157180148072,0.9899231653947097
3911,92,311.3113721764606,200.0,0.8324025292759356,A_grav_step900,1.7341436499720184,0.9997455944185671,B_st_anisotropy,1.7270217353166923,0.9976037662962208,A_strain_2ndinv,1.6995016341067428,0.9895114017569501
3912,10,226.01126098632812,200.0,0.6872169494628906,B_spring_dist,1.6521343009264924,0.9763547062873841,B_rad_K_regional,1.5616029338394684,0.9506915867328644,A_grav_hg_abs,1.356330530083981,0.8908758461475372
3914,4,322.8171730041504,223.60679626464844,0.6547659337520599,B_spring_dist,1.6806696626797923,0.9845851808786392,B_rad_Thnorm,1.6030669972916316,0.9617153108119965,B_rad_K_regional,1.4672003485950034,0.9234496206045151
3916,50,396.42523071289065,200.0,0.6936440479755401,B_spring_dist,1.626629427947015,0.9689983177185059,B_rad_K_regional,1.5484968798135397,0.9469095432758331,A_grav_hg_abs,1.4926921284229886,0.9301757168769836
3920,17,370.2019644344554,200.0,0.6847564718302559,B_spring_dist,1.6735028997669736,0.9825180663782007,B_rad_Thnorm,1.6171512149559757,0.965772849671981,B_st_ori_y,1.5790360637403853,0.9550319594495437
3927,4,200.0,200.0,0.8148275464773178,B_rad_K_regional,1.731411520546099,0.9996936321258545,B_band6_TC,1.7172277806617418,0.9950516521930695,B_rad_TC,1.7171079544368948,0.9948871731758118
3930,29,468.5744986698545,223.60679626464844,0.6868236825383943,B_rad_K_regional,1.7315005864011077,0.9997193340597481,B_band6_TC,1.722392875928242,0.9965405217532454,B_rad_TC,1.7171079544368948,0.9948871731758118
3937,5,2144.952783203125,2061.552734375,0.6718957185745239,B_rad_K_regional,1.7318617172825836,0.9998235464096069,B_rad_K,1.715348021020046,0.9949291944503784,A_depth_base,1.6911397583444958,0.9872624516487122
3941,4,351.61237716674805,223.60679626464844,0.6529200524091721,B_st_ori_y,1.662767781950652,0.9791603833436966,B_rad_K_regional,1.5764588787855347,0.9549786001443863,B_spring_dist,1.5690258162937336,0.9523836672306061
3942,7,246.0967516217913,200.0,0.672561798776899,B_spring_dist,1.5973641018709395,0.9605572990008763,A_grav_hg_abs,1.5683168945723835,0.9519710285323006,B_rad_K_regional,1.5192762110612337,0.938477269240788
3946,4,3768.4407348632812,3712.142333984375,0.7134594917297363,A_strain_regional,1.7020201474874772,0.990760937333107,A_strain_2ndinv,1.6927400370222256,0.9875662177801132,A_strain_shear,1.6570103931020899,0.9771159738302231
3947,109,2420.4237754891774,1529.705810546875,0.7073739641303316,A_strain_regional,1.6979269359049332,0.9895816182871477,A_strain_2ndinv,1.6881441554845689,0.9862440693269082,A_strain_shear,1.6442138335088652,0.9734321088965879
3949,6,217.74158477783203,200.0,0.7052485843499502,B_scarp_p900,1.7325710013689117,0.9991054634253184,B_rad_K_regional,1.7131450847069614,0.9944224456946055,B_scarp_p300,1.7089049165636148,0.99239781498909
3954,34,355.80706158806294,200.0,0.7158111105946934,A_strain_2ndinv,1.7002171601329947,0.9897172451019287,A_strain_shear,1.6977517686125017,0.9888445734977722,A_strain_regional,1.632768103109224,0.9708083271980286
3956,22,301.6770671497692,200.0,0.7793532068079169,A_grav_vg_abs,1.7137212012225236,0.993887947364287,B_rad_K,1.7132654624200288,0.9943282495845448,B_rad_K_regional,1.7095348538595916,0.9933806332674894
3961,17,275.1991568172679,200.0,0.7261082600144779,A_strain_regional,1.6903559602433045,0.9874003003625309,A_strain_2ndinv,1.6831660479109565,0.9848119616508484,B_scarp_p900,1.6322693613806945,0.9702150050331565
3962,33,325.42289965080494,200.0,0.6751997145739469,B_rad_K_regional,1.7320231280985774,0.9998701250914371,B_rad_K,1.70783940052917,0.9927625005895441,B_rad_TC,1.66953586049254,0.981178590745637
3967,9,311.58780585394965,200.0,0.7875970403353373,A_grav_step900,1.7345085781747327,0.999850763214959,A_grav_step300,1.7312960850217922,0.9988845653004117,B_st_anisotropy,1.7222502205974581,0.9962289267116122
3976,16,373.6671199798584,200.0,0.6638634391129017,B_rad_K_regional,1.7307809616249206,0.9995116703212261,B_rad_K,1.7142182373454287,0.9946031831204891,B_band6_TC,1.6569822772762097,0.9776855260133743
3978,167,350.95743263838534,200.0,0.8034089878647627,A_grav_step900,1.71064603303171,0.9929738073291893,A_strain_shear,1.7051638372879556,0.9909783548223758,A_strain_2ndinv,1.6932390382249465,0.9877097710164008
3980,23,403.43969262164575,200.0,0.7524809500445491,A_grav_step900,1.734538917335872,0.9998595066692518,A_grav_step300,1.7334146790436813,0.9994950631390447,B_lidar_cross_max,1.7269751156538045,0.9837991362032683
3983,88,425.14259789206767,200.0,0.7396498613736846,A_strain_regional,1.6847830192472397,0.9857946478507735,A_strain_2ndinv,1.6726222543896443,0.9817787110805511,A_strain_shear,1.63390991574009,0.970465824007988
3984,15,251.7560241699219,200.0,0.702444072564443,B_rad_K_regional,1.5769669680903613,0.9551252206166585,B_rad_Th,1.5192854475057738,0.9374741395314534,A_depth_base,1.4372604403487454,0.9141244451204936
3985,69,295.5403811689736,200.0,0.7054273987161941,B_rad_Th,1.577234325614032,0.9541521288346553,B_rad_K_regional,1.5293607230211117,0.9413873795149983,B_rad_ThK,1.454712015011212,0.9191663360250169
3986,155,583.7594509986139,200.0,0.7168204315247074,B_rad_K_regional,1.7285089244009262,0.9988560234346697,B_rad_K,1.6041440532129723,0.9628400837221454,A_grav_hg_abs,1.5725036166397393,0.9531776558968329
3995,5,216.56854248046875,200.0,0.7552652955055237,B_rad_Th,1.7188697584547867,0.9949155449867249,B_rad_ThK,1.7126852246522537,0.9934937357902527,B_band6_TC,1.7001308760002483,0.9901233673095703
4001,15,342.8504364013672,200.0,0.6973295013109843,B_rad_K_regional,1.6954933146145421,0.9893286347389221,B_st_ori_y,1.5316795570435286,0.941385543346405,B_rad_K,1.4804885465026532,0.9271579464276631
4006,4,245.71067810058594,200.0,0.6810991764068604,B_rad_K_regional,1.7242755738580542,0.9976343959569931,A_grav_hg_abs,1.5777366615872719,0.9546858370304108,B_rad_K,1.576456963185923,0.9548506736755371
4011,16,351.66429233551025,200.0,0.6699512004852295,B_rad_K_regional,1.720272696235281,0.9964792765676975,A_grav_hg_abs,1.5240953298343571,0.9392262250185013,B_rad_K,1.4983600615266428,0.9323149658739567
4013,14,854.4280090332031,670.8203735351562,0.6868525062288556,A_strain_regional,1.6771824874132082,0.9836048143250602,A_strain_2ndinv,1.6647117268786293,0.9795030014855521,A_strain_shear,1.6159308649387985,0.9652900270053318
4016,26,443.82349454439606,200.0,0.6962779072614816,B_rad_K_regional,1.7159381645897942,0.9952284510319049,B_rad_K,1.5684198819956945,0.952531486749649,B_rad_TC,1.5277967523941614,0.9403344301077036
4018,5,979.3745971679688,921.9544677734375,0.7000007629394531,B_scarp_p900,1.7110817311997686,0.9929157853126526,A_strain_regional,1.6675347967378717,0.9808251619338989,A_strain_2ndinv,1.6613746365707485,0.9785429835319519
4022,8,990.3399963378906,854.400390625,0.6679708138108253,B_scarp_p900,1.700092278353167,0.9897504299879074,A_strain_regional,1.662549031438262,0.9793886840343475,A_strain_2ndinv,1.6537778353587451,0.976357527077198
4023,48,300.63947772979736,200.0,0.7785770955185095,A_grav_step900,1.734799037862319,0.9999344709018866,A_grav_step300,1.7335887897345736,0.9995452351868153,B_st_anisotropy,1.7300131540036416,0.9984656982123852
4025,5,242.57980346679688,200.0,0.676841652393341,B_rad_K_regional,1.7045556617304924,0.9919437766075134,B_rad_K,1.6811624528002596,0.9850645780563354,B_rad_TC,1.624921262351483,0.9683222532272339
4032,17,2878.7328814338234,2600.0,0.6699138599283555,A_strain_regional,1.6186401189565127,0.9667378313401166,A_strain_shear,1.5901074855559398,0.9578560099882238,B_scarp_p300,1.5839709493308296,0.9564028627732221
4033,9,1513.5901421440972,1389.244384765625,0.7084193560812209,A_strain_regional,1.6416243394188208,0.9733599490589566,A_strain_shear,1.6055728491360794,0.9623081684112549,A_strain_2ndinv,1.6055495806635611,0.9624831676483154
4035,8,1840.5309295654297,1702.9385986328125,0.687520444393158,A_strain_regional,1.6362669166257509,0.9718163907527924,A_strain_shear,1.6045625099403455,0.9620173126459122,A_strain_2ndinv,1.6034425623549713,0.9618770182132721
4036,34,2336.2223618451285,1984.943359375,0.7225597816355088,A_strain_regional,1.6263171860336045,0.9689497158807867,A_strain_shear,1.591853527846906,0.9583586594637703,A_strain_2ndinv,1.5818708820622471,0.9556712525732377
4042,5,489.61622924804686,360.55511474609375,0.685507845878601,A_grav_step900,1.7301658930960462,0.9985992431640625,A_strain_shear,1.6849769485137718,0.9851669669151306,A_strain_2ndinv,1.675507436753832,0.9826087236404419
4043,30,300.26332194010416,200.0,0.6997112413247426,B_rad_U,1.4669785123347416,0.9227765361467998,B_rad_K_regional,1.3898113278625992,0.9011172970136007,B_scarp_p900,1.3544498230586075,0.8901930451393127
4046,7,320.4854038783482,200.0,0.6825022867747715,B_rad_K_regional,1.4669585890053536,0.9233798554965428,A_grav_gradmag,1.4062890028711355,0.9052483354296003,B_scarp_p900,1.3288452674516213,0.8828180176871163
4050,9,1010.5061102973091,761.5773315429688,0.717983709441291,A_grav_step900,1.7327004091325282,0.999329666296641,B_st_anisotropy,1.6872811028368344,0.9861531058947245,A_strain_shear,1.6781386584011708,0.983198364575704
4051,76,472.6173627753007,200.0,0.6789051129629737,B_rad_Th,1.333750442818572,0.8840761976806741,B_band6_TC,1.2823567920688266,0.869697492373617,B_rad_TC,1.28204868906378,0.8695185945222252
4054,28,880.7998722621372,360.55511474609375,0.748827223266874,A_strain_shear,1.6536758589220586,0.9761560303824288,A_strain_2ndinv,1.6294832104068082,0.9693684216056552,A_strain_regional,1.5925199926014755,0.9592122094971793
4056,6,667.0607706705729,608.2762451171875,0.6771515210469564,A_tmi_up150,1.2034284992047892,0.8467252055803934,B_rad_K_regional,1.2017799287113742,0.8468566536903381,B_band6_grad,1.0447010631573448,0.8011114796002706
4066,29,743.2782108701508,200.0,0.7314888547206747,A_strain_shear,1.6456517499492094,0.973846055310348,A_strain_2ndinv,1.5978799155647923,0.9602767496273436,A_strain_regional,1.5616818714864578,0.9503272586855395
4068,4,272.6528549194336,223.60679626464844,0.7070058286190033,A_strain_shear,1.6472391050578532,0.9743030220270157,A_strain_2ndinv,1.610862086656577,0.96401147544384,A_strain_regional,1.5434223701195902,0.9450664073228836
4072,8,259.18176651000977,200.0,0.7353827729821205,A_strain_shear,1.6527019970286791,0.9758756756782532,A_strain_2ndinv,1.629011150279549,0.9692326188087463,A_strain_regional,1.4557970551967785,0.9198201671242714
4073,6,369.25546010335285,223.60679626464844,0.7476287682851156,A_strain_shear,1.6507082002818818,0.9753017028172811,A_strain_2ndinv,1.6224111140712665,0.9673339128494263,B_lidar_ex_max,1.5486021964634193,0.9378084043661753
4074,14,408.7555400303432,200.0,0.6834180397646767,A_strain_shear,1.642802650212464,0.9730258584022522,A_strain_2ndinv,1.574244287499704,0.9534772251333509,B_lidar_ex_max,1.4031074088567075,0.8967405089310237
4075,4,211.80339813232422,200.0,0.6853958517313004,A_strain_shear,1.6428517204290507,0.973039984703064,A_strain_2ndinv,1.573713600013118,0.953324556350708,A_strain_regional,1.483887252361559,0.9279133975505829
4076,7,628.5896432059152,500.0,0.6731334328651428,A_strain_shear,1.6495283755947514,0.974962055683136,A_strain_2ndinv,1.6169671090497761,0.9657677752631051,B_lidar_ex_max,1.4716454441685187,0.9160863075937543
4080,5,331.71892700195315,200.0,0.7051726102828979,A_strain_shear,1.6145132355508478,0.9648819208145142,A_strain_2ndinv,1.530767347768939,0.940969729423523,B_st_coh_xgmag9,1.4838067398148347,0.9275846600532531
4084,4,874.4282684326172,707.1068115234375,0.654114156961441,A_grav_step900,1.7175162462320868,0.9949537366628647,A_strain_shear,1.614758917909505,0.9649526476860046,A_strain_2ndinv,1.533613226197521,0.9417884349822998
4085,12,349.42786026000977,200.0,0.733907570441564,A_grav_step900,1.732116924567043,0.9991615116596222,B_st_anisotropy,1.7034755675789472,0.9908192952473959,B_line_resp,1.608329070996135,0.9634998838106791
4086,9,379.6434783935547,200.0,0.7255284057723151,A_grav_step900,1.7322441557084858,0.9991981784502665,B_st_anisotropy,1.7050302634082621,0.9912672572665744,B_line_resp,1.6782757391318281,0.9836574991544088
4087,27,451.5971849229601,200.0,0.7003434057588931,A_grav_step900,1.712008639961601,0.9933664975342927,A_strain_shear,1.5633628850155272,0.950156792446419,B_st_anisotropy,1.536032505290983,0.9425731168852912
4089,28,301.2430201939174,200.0,0.7575229321207319,A_strain_shear,1.5595035691177395,0.9490457751921245,A_grav_step900,1.4618554806611983,0.9212747641972133,A_strain_2ndinv,1.436488425587884,0.9138474613428116
4091,322,395.2611720399087,200.0,0.7718893952251221,B_st_coh_xgmag9,1.5276581602596426,0.940222210025195,A_strain_shear,1.5233192261932347,0.9386290509878479,A_strain_2ndinv,1.3277189880830826,0.8825565452531258
4095,4,238.41577529907227,223.60679626464844,0.6795380711555481,A_grav_step300,1.7345964191814247,0.9998355954885483,A_grav_step900,1.7345832473314804,0.9998722821474075,B_st_anisotropy,1.7167692339995815,0.994649663567543
4100,10,293.37369842529296,200.0,0.6873644769191742,A_grav_step900,1.7343969714265104,0.9998185992240906,A_grav_step300,1.73229083869356,0.9991712152957917,B_st_anisotropy,1.7130866149099806,0.9935885727405548
4101,162,353.34974868209275,200.0,0.7588800328013338,B_st_coh_xgmag9,1.6982570626898348,0.9893871431733355,A_grav_vg_abs,1.5954946970669481,0.959813318134826,A_strain_shear,1.5167964355236425,0.9367512744150044
4104,5,3179.31728515625,3036.4453125,0.6624436378479004,B_scarp_fine,1.6581349048865965,0.9777435183525085,B_scarp_p300,1.656844432443518,0.9773985743522644,B_scarp_p900,1.5865518366140188,0.9570467233657837
4105,6,253.7795435587565,200.0,0.6944696605205536,B_st_coh_xgmag9,1.7004256861316058,0.99001211921374,B_rad_K,1.6629753984166271,0.9798165063063303,B_rad_K_residual,1.6615724999702925,0.9788562953472137
4112,4,518.2611770629883,424.2640686035156,0.6961037814617157,B_st_coh_xgmag9,1.705516210194722,0.9914791584014893,A_grav_step900,1.6578861367250004,0.9777689129114151,A_grav_vg_abs,1.5659546663360757,0.9512994438409805
4113,5,302.0804901123047,223.60679626464844,0.6583709836006164,B_st_coh_xgmag9,1.7002365731816202,0.989957618713379,A_strain_shear,1.5233212278650672,0.9386296272277832,A_grav_vg_abs,1.5172830773741262,0.9372715711593628
4118,4,232.51407623291016,200.0,0.7210862338542938,A_grav_step300,1.7344132067759388,0.9997828006744385,A_grav_step900,1.7341867660015216,0.9997580200433731,B_st_anisotropy,1.7267370660952532,0.9975217431783676
4120,4,211.80339813232422,200.0,0.7179838865995407,A_grav_step900,1.7325442743573547,0.9992846697568893,A_grav_step300,1.72919405778546,0.9982788413763046,B_st_anisotropy,1.728276390800443,0.9979652762413025
4121,4,211.80339813232422,200.0,0.687035545706749,B_st_coh_xgmag9,1.725208438057941,0.9971542656421661,A_grav_vg_abs,1.5955892369180136,0.9598405659198761,A_strain_shear,1.5162841033024153,0.9366037845611572
4122,6,934.5322469075521,806.2257690429688,0.6618199547131857,A_strain_shear,1.510781820577557,0.9350197911262512,B_rad_Th,1.3441784097781582,0.8870774209499359,A_strain_regional,1.3294485376358747,0.883417159318924
4125,5,621.4962646484375,500.0,0.7183714509010315,A_grav_step900,1.7297701976967363,0.9984852075576782,B_st_anisotropy,1.7268024453760296,0.9975405812263489,B_st_coh_xgmag9,1.7155354254534694,0.9943665981292724
4126,53,313.88973106528226,200.0,0.7283316614492884,A_strain_shear,1.5137770648791251,0.9358820600329705,A_strain_2ndinv,1.3633593088128988,0.8928095934525976,A_strain_regional,1.3453793031952652,0.8880070650352622
4128,47,313.38600678139545,200.0,0.7547609920197345,A_grav_step900,1.7295514176627562,0.9984221572571612,B_st_anisotropy,1.7260746873425017,0.9973308887887509,A_grav_step300,1.717392665272926,0.9948781310243809
4133,12,238.88017654418945,200.0,0.7110789914925894,A_grav_step900,1.7094187648392887,0.9926201204458872,B_st_coh_xgmag9,1.612578701583881,0.9646954784790674,A_grav_vg_abs,1.5503929903019023,0.9468143383661906
4136,5,274.6908264160156,223.60679626464844,0.6910812973976135,A_grav_vg_abs,1.5961506540434356,0.9600023746490478,A_strain_shear,1.5291041011279771,0.9402943968772888,A_grav_slope_abs,1.5010393581533799,0.9325196623802186
4139,4,251.61237716674805,200.0,0.7266539633274078,A_grav_step300,1.7284606910525788,0.9980675131082535,A_grav_step900,1.7274627156529083,0.9978202134370804,B_st_anisotropy,1.7217421345539787,0.996082529425621
4142,8,666.0248908996582,509.9019470214844,0.7030790001153946,A_grav_step300,1.7303356577486848,0.9986078068614006,A_grav_step900,1.7275040028649549,0.9978321120142937,B_st_anisotropy,1.719436896901238,0.9954183101654053
4143,78,393.96817212227063,200.0,0.7334307355758471,A_grav_step900,1.7107889331045822,0.9930149897550925,A_grav_step300,1.5919674277509241,0.9587353704831539,A_strain_shear,1.5240253825531882,0.9388323388038537
4147,5,258.1222839355469,200.0,0.7130181312561035,B_scarp_p900,1.637498873667542,0.9717212915420532,B_lidar_cross_max,1.6026535411644829,0.9489361405372619,B_lidar_lapneg_max,1.5746620293426359,0.9463171362876892
4150,25,543.3387957763672,200.0,0.6920515656471252,A_grav_step900,1.711964558291169,0.9933537936210632,B_scarp_p900,1.6991625137166275,0.9894826245307923,A_grav_step300,1.6215413172535487,0.9672574353218079
4151,24,1631.7378641764324,1264.9110107421875,0.7070218076308569,B_scarp_p900,1.717501727289063,0.9947649737199148,A_grav_step900,1.7106237723242508,0.9929673920075098,B_lidar_lapneg_max,1.5859461852879917,0.9495143045981725
